2025-08-28 14:50:51,109 [INFO] Activator:176 - 


2025-08-28 14:50:51,119 [INFO] Activator:177 - !SESSION log4j initialized
2025-08-28 14:51:04,258 [INFO] LogOutputStream:77 - [STDOUT_REDIRECT] 
2025-08-28 14:51:08,582 [INFO] ApplicationProperties:184 - Using Application install path: C:\ST\STM32CubeIDE_1.18.1\STM32CubeIDE\plugins\com.st.stm32cube.common.mx_6.14.1.202504091515
2025-08-28 14:51:08,627 [INFO] DbMcusXml:78 - Set database path to: C:\ST\STM32CubeIDE_1.18.1\STM32CubeIDE\plugins\com.st.stm32cube.common.mx_6.14.1.202504091515\\db\/mcu/
2025-08-28 14:51:08,627 [INFO] ApiDb:274 - Set plugin database path to: C:\ST\STM32CubeIDE_1.18.1\STM32CubeIDE\plugins\com.st.stm32cube.common.mx_6.14.1.202504091515\\db\/plugins/boardmanager/
2025-08-28 14:51:08,628 [WARN] ApiDb:259 - Overriding images path with different value:  => C:\ST\STM32CubeIDE_1.18.1\STM32CubeIDE\plugins\com.st.stm32cube.common.mx_6.14.1.202504091515\\db\/plugins/mcufinder/images/
2025-08-28 14:51:08,652 [INFO] ApiDb:250 - Set database path to: C:\Users\arumu\.stmcufinder\plugins\mcufinder//mcu/
2025-08-28 14:51:08,655 [INFO] DbMcusAds:125 - Set database path to: C:\Users\arumu\.stmcufinder\plugins\mcufinder//mcu/
2025-08-28 14:51:08,659 [INFO] CrossReferenceDbSqlite:203 - Set database path to: C:\Users\arumu\.stmcufinder\plugins\mcufinder//mcu/cs/
2025-08-28 14:51:08,944 [INFO] RulesReader:64 - Compatibility file has been processed (302 Rules)
2025-08-28 14:51:09,139 [INFO] DbMcusXml:78 - Set database path to: C:\ST\STM32CubeIDE_1.18.1\STM32CubeIDE\plugins\com.st.stm32cube.common.mx_6.14.1.202504091515\\db\/mcu/
2025-08-28 14:51:09,139 [INFO] ApiDb:274 - Set plugin database path to: C:\ST\STM32CubeIDE_1.18.1\STM32CubeIDE\plugins\com.st.stm32cube.common.mx_6.14.1.202504091515\\db\/plugins/boardmanager/
2025-08-28 14:51:09,140 [INFO] ApiDb:261 - Set plugin images path to: C:\ST\STM32CubeIDE_1.18.1\STM32CubeIDE\plugins\com.st.stm32cube.common.mx_6.14.1.202504091515\\db\/plugins/mcufinder/images/
2025-08-28 14:51:09,140 [WARN] DbFile:41 - Overriding database path with different value: C:\Users\arumu\.stmcufinder\plugins\mcufinder/ => C:\Users\arumu\.stmcufinder\plugins\mcufinder
2025-08-28 14:51:09,140 [INFO] ApiDb:250 - Set database path to: C:\Users\arumu\.stmcufinder\plugins\mcufinder//mcu/
2025-08-28 14:51:09,140 [WARN] DbFile:41 - Overriding database path with different value: C:\Users\arumu\.stmcufinder\plugins\mcufinder/ => C:\Users\arumu\.stmcufinder\plugins\mcufinder
2025-08-28 14:51:09,140 [INFO] DbMcusAds:125 - Set database path to: C:\Users\arumu\.stmcufinder\plugins\mcufinder//mcu/
2025-08-28 14:51:09,141 [WARN] DbFile:41 - Overriding database path with different value: C:\Users\arumu\.stmcufinder\plugins\mcufinder/ => C:\Users\arumu\.stmcufinder\plugins\mcufinder
2025-08-28 14:51:09,141 [WARN] DbFile:41 - Overriding database path with different value: C:\Users\arumu\.stmcufinder\plugins\mcufinder/ => C:\Users\arumu\.stmcufinder\plugins\mcufinder
2025-08-28 14:51:09,141 [INFO] CrossReferenceDbSqlite:203 - Set database path to: C:\Users\arumu\.stmcufinder\plugins\mcufinder//mcu/cs/
2025-08-28 14:51:09,315 [INFO] MainPanel:272 - HeapMemory: 276824064
2025-08-28 14:51:09,549 [INFO] DbMcusXml:78 - Set database path to: C:\ST\STM32CubeIDE_1.18.1\STM32CubeIDE\plugins\com.st.stm32cube.common.mx_6.14.1.202504091515\\db\/mcu/
2025-08-28 14:51:09,549 [INFO] ApiDb:274 - Set plugin database path to: C:\ST\STM32CubeIDE_1.18.1\STM32CubeIDE\plugins\com.st.stm32cube.common.mx_6.14.1.202504091515\\db\/plugins/boardmanager/
2025-08-28 14:51:09,549 [INFO] ApiDb:261 - Set plugin images path to: C:\ST\STM32CubeIDE_1.18.1\STM32CubeIDE\plugins\com.st.stm32cube.common.mx_6.14.1.202504091515\\db\/plugins/mcufinder/images/
2025-08-28 14:51:09,550 [WARN] DbFile:41 - Overriding database path with different value: C:\Users\arumu\.stmcufinder\plugins\mcufinder/ => C:\Users\arumu\.stmcufinder\plugins\mcufinder
2025-08-28 14:51:09,550 [INFO] ApiDb:250 - Set database path to: C:\Users\arumu\.stmcufinder\plugins\mcufinder//mcu/
2025-08-28 14:51:09,550 [WARN] DbFile:41 - Overriding database path with different value: C:\Users\arumu\.stmcufinder\plugins\mcufinder/ => C:\Users\arumu\.stmcufinder\plugins\mcufinder
2025-08-28 14:51:09,550 [INFO] DbMcusAds:125 - Set database path to: C:\Users\arumu\.stmcufinder\plugins\mcufinder//mcu/
2025-08-28 14:51:09,550 [WARN] DbFile:41 - Overriding database path with different value: C:\Users\arumu\.stmcufinder\plugins\mcufinder/ => C:\Users\arumu\.stmcufinder\plugins\mcufinder
2025-08-28 14:51:09,551 [WARN] DbFile:41 - Overriding database path with different value: C:\Users\arumu\.stmcufinder\plugins\mcufinder/ => C:\Users\arumu\.stmcufinder\plugins\mcufinder
2025-08-28 14:51:09,551 [INFO] CrossReferenceDbSqlite:203 - Set database path to: C:\Users\arumu\.stmcufinder\plugins\mcufinder//mcu/cs/
2025-08-28 14:51:09,593 [INFO] ApplicationProperties:184 - Using Application install path: C:\ST\STM32CubeIDE_1.18.1\STM32CubeIDE\plugins\com.st.stm32cube.common.mx_6.14.1.202504091515
2025-08-28 14:51:09,596 [INFO] PluginManage:196 - Search for loadable plugins [exclusion list=, ]
2025-08-28 14:51:09,601 [INFO] PluginManage:310 - Check plugin analytics
2025-08-28 14:51:10,036 [INFO] AnalyticsPlugin:253 - Accepted Software Licenses: 
2025-08-28 14:51:10,038 [INFO] AnalyticsPlugin:255 - Accepted CMSIS Pack Licenses: 
2025-08-28 14:51:10,038 [INFO] AnalyticsPlugin:257 - Accepted Firmware Licenses: FW.L4.1.18.0,FW.F4.1.28.0
2025-08-28 14:51:10,043 [INFO] PluginManage:359 - Loaded plugin analytics (category:tool,tabindex:-1)
2025-08-28 14:51:10,043 [INFO] PluginManage:310 - Check plugin cadmodel
2025-08-28 14:51:10,059 [INFO] CADModel:105 - Init CAD model plugin
2025-08-28 14:51:10,059 [INFO] PluginManage:359 - Loaded plugin cadmodel (category:power,tabindex:5)
2025-08-28 14:51:10,060 [INFO] PluginManage:310 - Check plugin clock
2025-08-28 14:51:10,081 [INFO] PluginManage:359 - Loaded plugin clock (category:base,tabindex:2)
2025-08-28 14:51:10,081 [INFO] PluginManage:310 - Check plugin ddr
2025-08-28 14:51:10,086 [INFO] PluginManage:359 - Loaded plugin ddr (category:tool,tabindex:6)
2025-08-28 14:51:10,086 [INFO] PluginManage:310 - Check plugin filemanager
2025-08-28 14:51:10,418 [INFO] PluginManage:359 - Loaded plugin filemanager (category:base,tabindex:10)
2025-08-28 14:51:10,418 [INFO] PluginManage:310 - Check plugin ipmanager
2025-08-28 14:51:10,436 [INFO] PluginManage:359 - Loaded plugin ipmanager (category:base,tabindex:5)
2025-08-28 14:51:10,438 [INFO] PluginManage:310 - Check plugin lpbam
2025-08-28 14:51:10,457 [INFO] PluginManage:359 - Loaded plugin lpbam (category:base,tabindex:0)
2025-08-28 14:51:10,457 [INFO] PluginManage:310 - Check plugin memorymap
2025-08-28 14:51:10,491 [INFO] PluginManage:359 - Loaded plugin memorymap (category:base,tabindex:4)
2025-08-28 14:51:10,491 [INFO] PluginManage:310 - Check plugin pinoutandconfiguration
2025-08-28 14:51:10,515 [INFO] PluginManage:359 - Loaded plugin pinoutandconfiguration (category:base,tabindex:1)
2025-08-28 14:51:10,515 [INFO] PluginManage:310 - Check plugin pinoutconfig
2025-08-28 14:51:10,720 [WARN] SupportedApi:132 - Cannot load RTOS API schema: s4s-elt-must-match.1: The content of 'definitions' must match (annotation?, (simpleType | complexType)?, (unique | key | keyref)*)). A problem was found starting at: attribute.
2025-08-28 14:51:11,067 [INFO] PluginManage:359 - Loaded plugin pinoutconfig (category:base,tabindex:0)
2025-08-28 14:51:11,067 [INFO] PluginManage:310 - Check plugin power
2025-08-28 14:51:11,086 [INFO] PluginManage:359 - Loaded plugin power (category:power,tabindex:4)
2025-08-28 14:51:11,086 [INFO] PluginManage:310 - Check plugin projectmanager
2025-08-28 14:51:11,119 [INFO] PluginManage:359 - Loaded plugin projectmanager (category:projectmanager,tabindex:4)
2025-08-28 14:51:11,120 [INFO] PluginManage:310 - Check plugin rif
2025-08-28 14:51:11,145 [INFO] PluginManage:359 - Loaded plugin rif (category:base,tabindex:3)
2025-08-28 14:51:11,145 [INFO] PluginManage:310 - Check plugin thirdparty
2025-08-28 14:51:11,498 [INFO] PluginManage:359 - Loaded plugin thirdparty (category:base,tabindex:-1)
2025-08-28 14:51:11,498 [WARN] IntegrityCheckThread:84 - waiting for thirdparty lock release [integrity check]
2025-08-28 14:51:11,499 [INFO] PluginManage:310 - Check plugin tools
2025-08-28 14:51:11,499 [INFO] IntegrityCheckThread:86 - entering critical section [integrity check]
2025-08-28 14:51:11,500 [INFO] ThirdPartyUpdaterWithRetryManager:70 - Updater plugin not ready yet. [1/15]
2025-08-28 14:51:11,504 [INFO] PluginManage:359 - Loaded plugin tools (category:base,tabindex:7)
2025-08-28 14:51:11,505 [INFO] PluginManage:310 - Check plugin tutovideos
2025-08-28 14:51:11,920 [INFO] PluginManage:359 - Loaded plugin tutovideos (category:base,tabindex:-1)
2025-08-28 14:51:11,921 [INFO] PluginManage:310 - Check plugin updater
2025-08-28 14:51:11,965 [INFO] PluginManage:359 - Loaded plugin updater (category:base,tabindex:12)
2025-08-28 14:51:11,966 [INFO] PluginManage:310 - Check plugin userauth
2025-08-28 14:51:11,974 [INFO] UserAuth:118 - Init User Auth plugin
2025-08-28 14:51:11,975 [INFO] PluginManage:359 - Loaded plugin userauth (category:base,tabindex:14)
2025-08-28 14:51:11,975 [INFO] PluginManage:283 - PluginManage : Loaded plugins [18]
2025-08-28 14:51:12,444 [INFO] PinOutPanel:1589 - setPackage(No Configuration,No Configuration)
2025-08-28 14:51:12,631 [INFO] CADModel:165 - CPN selected for project level
2025-08-28 14:51:12,633 [INFO] CADModel:114 - Register for checkConnection events
2025-08-28 14:51:12,665 [INFO] IPUIPlugin:80 - create IPUIPlugin
2025-08-28 14:51:12,665 [INFO] PluginManager:220 - loadIPPluginJar : add adc
2025-08-28 14:51:12,671 [INFO] IPUIPlugin:80 - create IPUIPlugin
2025-08-28 14:51:12,673 [INFO] PluginManager:220 - loadIPPluginJar : add aes
2025-08-28 14:51:12,678 [INFO] IPUIPlugin:80 - create IPUIPlugin
2025-08-28 14:51:12,679 [INFO] PluginManager:220 - loadIPPluginJar : add can
2025-08-28 14:51:12,682 [INFO] IPUIPlugin:80 - create IPUIPlugin
2025-08-28 14:51:12,683 [INFO] PluginManager:220 - loadIPPluginJar : add comp
2025-08-28 14:51:12,688 [INFO] IPUIPlugin:80 - create IPUIPlugin
2025-08-28 14:51:12,688 [INFO] PluginManager:220 - loadIPPluginJar : add cryp
2025-08-28 14:51:12,695 [INFO] IPUIPlugin:80 - create IPUIPlugin
2025-08-28 14:51:12,695 [INFO] PluginManager:220 - loadIPPluginJar : add ddr_ctrl_phy
2025-08-28 14:51:12,702 [INFO] IPUIPlugin:80 - create IPUIPlugin
2025-08-28 14:51:12,703 [INFO] PluginManager:220 - loadIPPluginJar : add dfsdm
2025-08-28 14:51:12,713 [INFO] IPUIPlugin:80 - create IPUIPlugin
2025-08-28 14:51:12,714 [INFO] PluginManager:220 - loadIPPluginJar : add dma
2025-08-28 14:51:12,721 [INFO] IPUIPlugin:80 - create IPUIPlugin
2025-08-28 14:51:12,722 [INFO] PluginManager:220 - loadIPPluginJar : add dma3
2025-08-28 14:51:12,755 [INFO] IPUIPlugin:80 - create IPUIPlugin
2025-08-28 14:51:12,756 [INFO] PluginManager:220 - loadIPPluginJar : add extmemmanager
2025-08-28 14:51:12,760 [INFO] IPUIPlugin:80 - create IPUIPlugin
2025-08-28 14:51:12,760 [INFO] PluginManager:220 - loadIPPluginJar : add fatfs
2025-08-28 14:51:12,768 [INFO] IPUIPlugin:80 - create IPUIPlugin
2025-08-28 14:51:12,769 [INFO] PluginManager:220 - loadIPPluginJar : add fmc
2025-08-28 14:51:12,781 [INFO] IPUIPlugin:80 - create IPUIPlugin
2025-08-28 14:51:12,781 [INFO] PluginManager:220 - loadIPPluginJar : add freertos
2025-08-28 14:51:12,786 [INFO] IPUIPlugin:80 - create IPUIPlugin
2025-08-28 14:51:12,786 [INFO] PluginManager:220 - loadIPPluginJar : add genericplugin
2025-08-28 14:51:12,790 [INFO] IPUIPlugin:80 - create IPUIPlugin
2025-08-28 14:51:12,790 [INFO] PluginManager:220 - loadIPPluginJar : add gfxmmu
2025-08-28 14:51:12,800 [INFO] IPUIPlugin:80 - create IPUIPlugin
2025-08-28 14:51:12,800 [INFO] PluginManager:220 - loadIPPluginJar : add gic
2025-08-28 14:51:12,810 [INFO] IPUIPlugin:80 - create IPUIPlugin
2025-08-28 14:51:12,811 [INFO] PluginManager:220 - loadIPPluginJar : add gpio
2025-08-28 14:51:12,816 [INFO] IPUIPlugin:80 - create IPUIPlugin
2025-08-28 14:51:12,816 [INFO] PluginManager:220 - loadIPPluginJar : add gtzc
2025-08-28 14:51:12,822 [INFO] IPUIPlugin:80 - create IPUIPlugin
2025-08-28 14:51:12,822 [INFO] PluginManager:220 - loadIPPluginJar : add hash
2025-08-28 14:51:12,830 [INFO] IPUIPlugin:80 - create IPUIPlugin
2025-08-28 14:51:12,830 [INFO] PluginManager:220 - loadIPPluginJar : add i2c
2025-08-28 14:51:12,835 [INFO] IPUIPlugin:80 - create IPUIPlugin
2025-08-28 14:51:12,835 [INFO] PluginManager:220 - loadIPPluginJar : add i2s
2025-08-28 14:51:12,842 [INFO] IPUIPlugin:80 - create IPUIPlugin
2025-08-28 14:51:12,843 [INFO] PluginManager:220 - loadIPPluginJar : add i3c
2025-08-28 14:51:12,847 [INFO] IPUIPlugin:80 - create IPUIPlugin
2025-08-28 14:51:12,848 [INFO] PluginManager:220 - loadIPPluginJar : add ipddr
2025-08-28 14:51:12,861 [INFO] IPUIPlugin:80 - create IPUIPlugin
2025-08-28 14:51:12,862 [INFO] PluginManager:220 - loadIPPluginJar : add linkedlist
2025-08-28 14:51:12,868 [INFO] IPUIPlugin:80 - create IPUIPlugin
2025-08-28 14:51:12,868 [INFO] PluginManager:220 - loadIPPluginJar : add lorawan
2025-08-28 14:51:12,871 [INFO] IPUIPlugin:80 - create IPUIPlugin
2025-08-28 14:51:12,871 [INFO] PluginManager:220 - loadIPPluginJar : add ltdc
2025-08-28 14:51:12,881 [INFO] IPUIPlugin:80 - create IPUIPlugin
2025-08-28 14:51:12,882 [INFO] PluginManager:220 - loadIPPluginJar : add mdma
2025-08-28 14:51:12,890 [INFO] IPUIPlugin:80 - create IPUIPlugin
2025-08-28 14:51:12,890 [INFO] PluginManager:220 - loadIPPluginJar : add nvic
2025-08-28 14:51:12,896 [INFO] IPUIPlugin:80 - create IPUIPlugin
2025-08-28 14:51:12,897 [INFO] PluginManager:220 - loadIPPluginJar : add opamp
2025-08-28 14:51:12,904 [INFO] IPUIPlugin:80 - create IPUIPlugin
2025-08-28 14:51:12,904 [INFO] PluginManager:220 - loadIPPluginJar : add openamp
2025-08-28 14:51:12,912 [INFO] IPUIPlugin:80 - create IPUIPlugin
2025-08-28 14:51:12,912 [INFO] PluginManager:220 - loadIPPluginJar : add pdm2pcm
2025-08-28 14:51:12,924 [INFO] IPUIPlugin:80 - create IPUIPlugin
2025-08-28 14:51:12,931 [INFO] PluginManager:220 - loadIPPluginJar : add plateformsettings
2025-08-28 14:51:12,935 [INFO] IPUIPlugin:80 - create IPUIPlugin
2025-08-28 14:51:12,936 [INFO] PluginManager:220 - loadIPPluginJar : add quadspi
2025-08-28 14:51:12,940 [INFO] IPUIPlugin:80 - create IPUIPlugin
2025-08-28 14:51:12,941 [INFO] PluginManager:220 - loadIPPluginJar : add radio
2025-08-28 14:51:12,949 [INFO] IPUIPlugin:80 - create IPUIPlugin
2025-08-28 14:51:12,950 [INFO] PluginManager:220 - loadIPPluginJar : add resmgrutility
2025-08-28 14:51:12,955 [INFO] IPUIPlugin:80 - create IPUIPlugin
2025-08-28 14:51:12,955 [INFO] PluginManager:220 - loadIPPluginJar : add sai
2025-08-28 14:51:12,961 [INFO] IPUIPlugin:80 - create IPUIPlugin
2025-08-28 14:51:12,961 [INFO] PluginManager:220 - loadIPPluginJar : add spi
2025-08-28 14:51:12,983 [INFO] IPUIPlugin:80 - create IPUIPlugin
2025-08-28 14:51:12,983 [INFO] PluginManager:220 - loadIPPluginJar : add stm32_wpan
2025-08-28 14:51:12,988 [INFO] IPUIPlugin:80 - create IPUIPlugin
2025-08-28 14:51:12,988 [INFO] PluginManager:220 - loadIPPluginJar : add tim
2025-08-28 14:51:12,994 [INFO] IPUIPlugin:80 - create IPUIPlugin
2025-08-28 14:51:12,994 [INFO] PluginManager:220 - loadIPPluginJar : add touchsensing
2025-08-28 14:51:12,998 [INFO] IPUIPlugin:80 - create IPUIPlugin
2025-08-28 14:51:12,999 [INFO] PluginManager:220 - loadIPPluginJar : add tracer_emb
2025-08-28 14:51:13,003 [INFO] IPUIPlugin:80 - create IPUIPlugin
2025-08-28 14:51:13,004 [INFO] PluginManager:220 - loadIPPluginJar : add ts
2025-08-28 14:51:13,008 [INFO] IPUIPlugin:80 - create IPUIPlugin
2025-08-28 14:51:13,008 [INFO] PluginManager:220 - loadIPPluginJar : add tsc
2025-08-28 14:51:13,013 [INFO] IPUIPlugin:80 - create IPUIPlugin
2025-08-28 14:51:13,013 [INFO] PluginManager:220 - loadIPPluginJar : add ucpd
2025-08-28 14:51:13,020 [INFO] IPUIPlugin:80 - create IPUIPlugin
2025-08-28 14:51:13,020 [INFO] PluginManager:220 - loadIPPluginJar : add usart
2025-08-28 14:51:13,026 [INFO] IPUIPlugin:80 - create IPUIPlugin
2025-08-28 14:51:13,026 [INFO] PluginManager:220 - loadIPPluginJar : add usbx
2025-08-28 14:51:13,228 [FATAL] Updater:351 - Updater called before beeing initialized
2025-08-28 14:51:13,283 [INFO] RulesReader:64 - Compatibility file has been processed (302 Rules)
2025-08-28 14:51:13,320 [INFO] RulesReader:64 - Compatibility file has been processed (302 Rules)
2025-08-28 14:51:13,332 [INFO] CADModel:165 - CPN selected for project level
2025-08-28 14:51:13,332 [INFO] CADModel:114 - Register for checkConnection events
2025-08-28 14:51:13,332 [FATAL] Updater:351 - Updater called before beeing initialized
2025-08-28 14:51:13,333 [ERROR] CADModel:125 - Updater not yet initialized, retry later 
2025-08-28 14:51:13,706 [FATAL] Updater:351 - Updater called before beeing initialized
2025-08-28 14:51:13,710 [INFO] CADModel:165 - CPN selected for project level
2025-08-28 14:51:13,710 [INFO] CADModel:114 - Register for checkConnection events
2025-08-28 14:51:13,711 [FATAL] Updater:351 - Updater called before beeing initialized
2025-08-28 14:51:13,711 [ERROR] CADModel:125 - Updater not yet initialized, retry later 
2025-08-28 14:51:13,719 [FATAL] Updater:351 - Updater called before beeing initialized
2025-08-28 14:51:13,965 [FATAL] Updater:351 - Updater called before beeing initialized
2025-08-28 14:51:13,973 [INFO] DbMcusAds:53 - JSON generation date=Thu Jun 19 14:02:34 IST 2025 (1750321954384)
2025-08-28 14:51:13,973 [FATAL] Updater:351 - Updater called before beeing initialized
2025-08-28 14:51:14,039 [WARN] DetailPanel:346 - Failed to get advertising image, set to default
2025-08-28 14:51:14,501 [INFO] ThirdPartyUpdaterWithRetryManager:70 - Updater plugin not ready yet. [2/15]
2025-08-28 14:51:14,576 [FATAL] Updater:351 - Updater called before beeing initialized
2025-08-28 14:51:14,582 [FATAL] Updater:351 - Updater called before beeing initialized
2025-08-28 14:51:14,582 [FATAL] Updater:351 - Updater called before beeing initialized
2025-08-28 14:51:14,582 [WARN] DetailPanel:346 - Failed to get advertising image, set to default
2025-08-28 14:51:14,583 [FATAL] Updater:351 - Updater called before beeing initialized
2025-08-28 14:51:14,678 [ERROR] Updater:1198 - MainUpdater not yet initialized. External WinMGr cannot be set.
2025-08-28 14:51:14,683 [INFO] Updater:1134 - Updater Version found : 6.14.1
2025-08-28 14:51:14,714 [INFO] ApplicationProperties:184 - Using Application install path: C:\ST\STM32CubeIDE_1.18.1\STM32CubeIDE\plugins\com.st.stm32cube.common.mx_6.14.1.202504091515
2025-08-28 14:51:16,319 [ERROR] LogOutputStream:75 - [STDERR_REDIRECT] Aug 28, 2025 2:51:16 PM java.util.prefs.WindowsPreferences <init>
2025-08-28 14:51:16,322 [ERROR] LogOutputStream:75 - [STDERR_REDIRECT] WARNING: Could not open/create prefs root node Software\JavaSoft\Prefs at root 0xffffffff80000002. Windows RegCreateKeyEx(...) returned error code 5.
2025-08-28 14:51:16,322 [ERROR] LogOutputStream:75 - [STDERR_REDIRECT] 
2025-08-28 14:51:17,049 [INFO] MainUpdater:2872 - connection check result : 10
2025-08-28 14:51:17,049 [INFO] MainUpdater:3566 - Updater definition file requires update
2025-08-28 14:51:17,051 [INFO] MainUpdater:289 - Updater Check For Update Now.
2025-08-28 14:51:17,051 [INFO] MicroXplorer:498 - Change Database Version : DB.6.0.141
2025-08-28 14:51:17,064 [INFO] McuFinderGlobals:63 - Set McuFinder mode to 2 (CubeIDE integrated)
2025-08-28 14:51:17,065 [INFO] UserAuth:484 - Internet connection configuration mode: 1
2025-08-28 14:51:17,104 [INFO] JxBrowserEngine:152 - Initiate JxBrowser Engine with user profile folder
2025-08-28 14:51:17,197 [INFO] ServerAccessManage:473 - Download File updaters.zip
2025-08-28 14:51:17,502 [WARN] MainUpdater:1193 - Updater busy. Cannot search thirdparties
2025-08-28 14:51:17,503 [INFO] ThirdPartyUpdaterWithRetryManager:96 - Updater plugin is busy. [1/15]
2025-08-28 14:51:19,710 [INFO] FileExtend:242 - Unzip File : updaters.zip
2025-08-28 14:51:19,711 [INFO] FileExtend:257 - Standard Zip Deflate
2025-08-28 14:51:20,173 [INFO] WebApp:169 - Instantiating new browser for Auth
2025-08-28 14:51:20,504 [WARN] MainUpdater:1193 - Updater busy. Cannot search thirdparties
2025-08-28 14:51:20,504 [INFO] ThirdPartyUpdaterWithRetryManager:96 - Updater plugin is busy. [2/15]
2025-08-28 14:51:20,589 [INFO] ServerAccessManage:473 - Download File PacksControlFlags.xml
2025-08-28 14:51:20,935 [INFO] ServerAccessManage:473 - Download File cubemx.pidx
2025-08-28 14:51:21,552 [INFO] ServerAccessManage:473 - Download File STMicroelectronics.FP-SNS-STBOX1.pdsc
2025-08-28 14:51:21,838 [INFO] WebApp:463 - Apply proxy settings
2025-08-28 14:51:21,838 [INFO] WebApp:548 - Chromium requires no authentication
2025-08-28 14:51:21,853 [INFO] WebApp:491 - Direct internet connection detected
2025-08-28 14:51:21,931 [INFO] WebApp:894 - Register for checkConnection events
2025-08-28 14:51:21,931 [INFO] WebApp:463 - Apply proxy settings
2025-08-28 14:51:21,932 [INFO] WebApp:548 - Chromium requires no authentication
2025-08-28 14:51:21,932 [INFO] WebApp:491 - Direct internet connection detected
2025-08-28 14:51:22,156 [INFO] ServerAccessManage:473 - Download File STMicroelectronics.FP-SNS-STAIOTCFT.pdsc
2025-08-28 14:51:22,270 [INFO] WebApp:191 - Connection restablished
2025-08-28 14:51:22,435 [INFO] WebApp:225 - Starting web application
2025-08-28 14:51:22,435 [INFO] WebApp:593 - Web application path used C:\ST\STM32CubeIDE_1.18.1\STM32CubeIDE\plugins\com.st.stm32cube.common.mx_6.14.1.202504091515\db\plugins\mcufinder\reactClient1\index.html
2025-08-28 14:51:22,707 [INFO] UserAuth:484 - Internet connection configuration mode: 1
2025-08-28 14:51:23,293 [INFO] ServerAccessManage:473 - Download File STMicroelectronics.X-CUBE-AI.pdsc
2025-08-28 14:51:23,505 [WARN] MainUpdater:1193 - Updater busy. Cannot search thirdparties
2025-08-28 14:51:23,505 [INFO] ThirdPartyUpdaterWithRetryManager:96 - Updater plugin is busy. [3/15]
2025-08-28 14:51:26,507 [WARN] MainUpdater:1193 - Updater busy. Cannot search thirdparties
2025-08-28 14:51:26,507 [INFO] ThirdPartyUpdaterWithRetryManager:96 - Updater plugin is busy. [4/15]
2025-08-28 14:51:29,508 [WARN] MainUpdater:1193 - Updater busy. Cannot search thirdparties
2025-08-28 14:51:29,508 [INFO] ThirdPartyUpdaterWithRetryManager:96 - Updater plugin is busy. [5/15]
2025-08-28 14:51:32,509 [WARN] MainUpdater:1193 - Updater busy. Cannot search thirdparties
2025-08-28 14:51:32,509 [INFO] ThirdPartyUpdaterWithRetryManager:96 - Updater plugin is busy. [6/15]
2025-08-28 14:51:35,510 [WARN] MainUpdater:1193 - Updater busy. Cannot search thirdparties
2025-08-28 14:51:35,510 [INFO] ThirdPartyUpdaterWithRetryManager:96 - Updater plugin is busy. [7/15]
2025-08-28 14:51:38,511 [WARN] MainUpdater:1193 - Updater busy. Cannot search thirdparties
2025-08-28 14:51:38,511 [INFO] ThirdPartyUpdaterWithRetryManager:96 - Updater plugin is busy. [8/15]
2025-08-28 14:51:41,512 [WARN] MainUpdater:1193 - Updater busy. Cannot search thirdparties
2025-08-28 14:51:41,512 [INFO] ThirdPartyUpdaterWithRetryManager:96 - Updater plugin is busy. [9/15]
2025-08-28 14:51:44,514 [WARN] MainUpdater:1193 - Updater busy. Cannot search thirdparties
2025-08-28 14:51:44,514 [INFO] ThirdPartyUpdaterWithRetryManager:96 - Updater plugin is busy. [10/15]
2025-08-28 14:51:47,515 [WARN] MainUpdater:1193 - Updater busy. Cannot search thirdparties
2025-08-28 14:51:47,515 [INFO] ThirdPartyUpdaterWithRetryManager:96 - Updater plugin is busy. [11/15]
2025-08-28 14:51:48,796 [INFO] ServerAccessManage:473 - Download File STMicroelectronics.X-CUBE-BLEMGR.pdsc
2025-08-28 14:51:49,850 [ERROR] ServerAccessManage:1089 - Problem, file not found on Server
2025-08-28 14:51:50,516 [WARN] MainUpdater:1193 - Updater busy. Cannot search thirdparties
2025-08-28 14:51:50,516 [INFO] ThirdPartyUpdaterWithRetryManager:96 - Updater plugin is busy. [12/15]
2025-08-28 14:51:53,402 [INFO] ServerAccessManage:473 - Download File STMicroelectronics.X-CUBE-EEPRMA1.pdsc
2025-08-28 14:51:53,517 [WARN] MainUpdater:1193 - Updater busy. Cannot search thirdparties
2025-08-28 14:51:53,517 [INFO] ThirdPartyUpdaterWithRetryManager:96 - Updater plugin is busy. [13/15]
2025-08-28 14:51:54,182 [ERROR] ServerAccessManage:1089 - Problem, file not found on Server
2025-08-28 14:51:54,863 [ERROR] ServerAccessManage:1089 - Problem, file not found on Server
2025-08-28 14:51:55,524 [INFO] ServerAccessManage:473 - Download File STMicroelectronics.X-CUBE-NFC12.pdsc
2025-08-28 14:51:56,058 [INFO] ServerAccessManage:473 - Download File STMicroelectronics.X-CUBE-AZRTOS-H7.pdsc
2025-08-28 14:51:56,519 [WARN] MainUpdater:1193 - Updater busy. Cannot search thirdparties
2025-08-28 14:51:56,519 [INFO] ThirdPartyUpdaterWithRetryManager:96 - Updater plugin is busy. [14/15]
2025-08-28 14:51:59,522 [WARN] MainUpdater:1193 - Updater busy. Cannot search thirdparties
2025-08-28 14:51:59,523 [INFO] ThirdPartyUpdaterWithRetryManager:96 - Updater plugin is busy. [15/15]
2025-08-28 14:51:59,523 [ERROR] IntegrityCheckThread:130 - Cannot retrieve database content from updater: error -1
2025-08-28 14:51:59,523 [INFO] ThirdParty:978 - Integrity check success = false
2025-08-28 14:51:59,523 [INFO] IntegrityCheckThread:100 - exiting critical section [integrity check]
2025-08-28 14:51:59,523 [INFO] IntegrityCheckThread:103 - End integrity checks thread
2025-08-28 14:51:59,888 [WARN] PopulateThirdPartyThread:106 - Error when creating pack: C:/Users/arumu/.stm32cubemx/thirdparties/pdsc/STMicroelectronics.FP-SNS-STBOX1.pdsc
2025-08-28 14:51:59,940 [WARN] PackLoader:240 - Cannot read IP mode file for STMicroelectronics.FP-SNS-STAIOTCFT.1.0.0
2025-08-28 14:51:59,952 [WARN] PackLoader:240 - Cannot read IP mode file for STMicroelectronics.X-CUBE-AI.10.2.0
2025-08-28 14:51:59,975 [WARN] PackLoader:240 - Cannot read IP mode file for STMicroelectronics.X-CUBE-BLEMGR.4.1.0
2025-08-28 14:52:00,000 [WARN] PackLoader:240 - Cannot read IP mode file for STMicroelectronics.X-CUBE-EEPRMA1.5.2.0
2025-08-28 14:52:00,022 [WARN] PackLoader:240 - Cannot read IP mode file for STMicroelectronics.X-CUBE-NFC12.1.0.0
2025-08-28 14:52:00,070 [WARN] PackLoader:240 - Cannot read IP mode file for STMicroelectronics.X-CUBE-AZRTOS-H7.3.4.0
2025-08-28 14:52:00,073 [INFO] CheckServerUpdateThread:120 - End of CheckServer Thread
2025-08-28 14:52:00,079 [INFO] PopulateThirdPartyThread:66 - Ending populate Thread
2025-08-28 14:52:00,081 [INFO] ThirdParty:1030 - CMSIS Pack Vendor :STMicroelectronics X-CUBE-BLEMGR 4.1.0
2025-08-28 14:52:00,082 [INFO] ThirdParty:1030 - CMSIS Pack Vendor :STMicroelectronics X-CUBE-EEPRMA1 5.2.0
2025-08-28 14:52:00,082 [INFO] ThirdParty:1030 - CMSIS Pack Vendor :STMicroelectronics X-CUBE-AZRTOS-H7 3.4.0
2025-08-28 14:52:00,082 [INFO] ThirdParty:1030 - CMSIS Pack Vendor :STMicroelectronics FP-SNS-STAIOTCFT 1.0.0
2025-08-28 14:52:00,082 [INFO] ThirdParty:1030 - CMSIS Pack Vendor :STMicroelectronics X-CUBE-AI 10.2.0
2025-08-28 14:52:00,082 [INFO] ThirdParty:1030 - CMSIS Pack Vendor :STMicroelectronics X-CUBE-NFC12 1.0.0
2025-08-28 14:52:00,082 [INFO] LoadServerUpdatesThread:375 - End of LoadServerUpdate Thread
2025-08-28 14:54:17,423 [INFO] WebApp:194 - Connection lost
2025-08-28 18:17:08,307 [INFO] Activator:176 - 


2025-08-28 18:17:08,309 [INFO] Activator:177 - !SESSION log4j initialized
2025-08-28 18:17:15,655 [INFO] LogOutputStream:77 - [STDOUT_REDIRECT] 
2025-08-28 18:17:18,252 [INFO] ApplicationProperties:184 - Using Application install path: C:\ST\STM32CubeIDE_1.18.1\STM32CubeIDE\plugins\com.st.stm32cube.common.mx_6.14.1.202504091515
2025-08-28 18:17:18,271 [INFO] DbMcusXml:78 - Set database path to: C:\ST\STM32CubeIDE_1.18.1\STM32CubeIDE\plugins\com.st.stm32cube.common.mx_6.14.1.202504091515\\db\/mcu/
2025-08-28 18:17:18,271 [INFO] ApiDb:274 - Set plugin database path to: C:\ST\STM32CubeIDE_1.18.1\STM32CubeIDE\plugins\com.st.stm32cube.common.mx_6.14.1.202504091515\\db\/plugins/boardmanager/
2025-08-28 18:17:18,271 [WARN] ApiDb:259 - Overriding images path with different value:  => C:\ST\STM32CubeIDE_1.18.1\STM32CubeIDE\plugins\com.st.stm32cube.common.mx_6.14.1.202504091515\\db\/plugins/mcufinder/images/
2025-08-28 18:17:18,281 [INFO] ApiDb:250 - Set database path to: C:\Users\arumu\.stmcufinder\plugins\mcufinder//mcu/
2025-08-28 18:17:18,282 [INFO] DbMcusAds:125 - Set database path to: C:\Users\arumu\.stmcufinder\plugins\mcufinder//mcu/
2025-08-28 18:17:18,284 [INFO] CrossReferenceDbSqlite:203 - Set database path to: C:\Users\arumu\.stmcufinder\plugins\mcufinder//mcu/cs/
2025-08-28 18:17:18,400 [INFO] RulesReader:64 - Compatibility file has been processed (302 Rules)
2025-08-28 18:17:18,499 [INFO] DbMcusXml:78 - Set database path to: C:\ST\STM32CubeIDE_1.18.1\STM32CubeIDE\plugins\com.st.stm32cube.common.mx_6.14.1.202504091515\\db\/mcu/
2025-08-28 18:17:18,500 [INFO] ApiDb:274 - Set plugin database path to: C:\ST\STM32CubeIDE_1.18.1\STM32CubeIDE\plugins\com.st.stm32cube.common.mx_6.14.1.202504091515\\db\/plugins/boardmanager/
2025-08-28 18:17:18,500 [INFO] ApiDb:261 - Set plugin images path to: C:\ST\STM32CubeIDE_1.18.1\STM32CubeIDE\plugins\com.st.stm32cube.common.mx_6.14.1.202504091515\\db\/plugins/mcufinder/images/
2025-08-28 18:17:18,500 [WARN] DbFile:41 - Overriding database path with different value: C:\Users\arumu\.stmcufinder\plugins\mcufinder/ => C:\Users\arumu\.stmcufinder\plugins\mcufinder
2025-08-28 18:17:18,500 [INFO] ApiDb:250 - Set database path to: C:\Users\arumu\.stmcufinder\plugins\mcufinder//mcu/
2025-08-28 18:17:18,500 [WARN] DbFile:41 - Overriding database path with different value: C:\Users\arumu\.stmcufinder\plugins\mcufinder/ => C:\Users\arumu\.stmcufinder\plugins\mcufinder
2025-08-28 18:17:18,500 [INFO] DbMcusAds:125 - Set database path to: C:\Users\arumu\.stmcufinder\plugins\mcufinder//mcu/
2025-08-28 18:17:18,500 [WARN] DbFile:41 - Overriding database path with different value: C:\Users\arumu\.stmcufinder\plugins\mcufinder/ => C:\Users\arumu\.stmcufinder\plugins\mcufinder
2025-08-28 18:17:18,500 [WARN] DbFile:41 - Overriding database path with different value: C:\Users\arumu\.stmcufinder\plugins\mcufinder/ => C:\Users\arumu\.stmcufinder\plugins\mcufinder
2025-08-28 18:17:18,500 [INFO] CrossReferenceDbSqlite:203 - Set database path to: C:\Users\arumu\.stmcufinder\plugins\mcufinder//mcu/cs/
2025-08-28 18:17:18,587 [INFO] MainPanel:272 - HeapMemory: 270532608
2025-08-28 18:17:18,717 [INFO] DbMcusXml:78 - Set database path to: C:\ST\STM32CubeIDE_1.18.1\STM32CubeIDE\plugins\com.st.stm32cube.common.mx_6.14.1.202504091515\\db\/mcu/
2025-08-28 18:17:18,717 [INFO] ApiDb:274 - Set plugin database path to: C:\ST\STM32CubeIDE_1.18.1\STM32CubeIDE\plugins\com.st.stm32cube.common.mx_6.14.1.202504091515\\db\/plugins/boardmanager/
2025-08-28 18:17:18,718 [INFO] ApiDb:261 - Set plugin images path to: C:\ST\STM32CubeIDE_1.18.1\STM32CubeIDE\plugins\com.st.stm32cube.common.mx_6.14.1.202504091515\\db\/plugins/mcufinder/images/
2025-08-28 18:17:18,718 [WARN] DbFile:41 - Overriding database path with different value: C:\Users\arumu\.stmcufinder\plugins\mcufinder/ => C:\Users\arumu\.stmcufinder\plugins\mcufinder
2025-08-28 18:17:18,718 [INFO] ApiDb:250 - Set database path to: C:\Users\arumu\.stmcufinder\plugins\mcufinder//mcu/
2025-08-28 18:17:18,718 [WARN] DbFile:41 - Overriding database path with different value: C:\Users\arumu\.stmcufinder\plugins\mcufinder/ => C:\Users\arumu\.stmcufinder\plugins\mcufinder
2025-08-28 18:17:18,718 [INFO] DbMcusAds:125 - Set database path to: C:\Users\arumu\.stmcufinder\plugins\mcufinder//mcu/
2025-08-28 18:17:18,718 [WARN] DbFile:41 - Overriding database path with different value: C:\Users\arumu\.stmcufinder\plugins\mcufinder/ => C:\Users\arumu\.stmcufinder\plugins\mcufinder
2025-08-28 18:17:18,718 [WARN] DbFile:41 - Overriding database path with different value: C:\Users\arumu\.stmcufinder\plugins\mcufinder/ => C:\Users\arumu\.stmcufinder\plugins\mcufinder
2025-08-28 18:17:18,718 [INFO] CrossReferenceDbSqlite:203 - Set database path to: C:\Users\arumu\.stmcufinder\plugins\mcufinder//mcu/cs/
2025-08-28 18:17:18,740 [INFO] ApplicationProperties:184 - Using Application install path: C:\ST\STM32CubeIDE_1.18.1\STM32CubeIDE\plugins\com.st.stm32cube.common.mx_6.14.1.202504091515
2025-08-28 18:17:18,742 [INFO] PluginManage:196 - Search for loadable plugins [exclusion list=, ]
2025-08-28 18:17:18,744 [INFO] PluginManage:310 - Check plugin analytics
2025-08-28 18:17:18,929 [INFO] AnalyticsPlugin:253 - Accepted Software Licenses: 
2025-08-28 18:17:18,929 [INFO] AnalyticsPlugin:255 - Accepted CMSIS Pack Licenses: 
2025-08-28 18:17:18,930 [INFO] AnalyticsPlugin:257 - Accepted Firmware Licenses: FW.L4.1.18.0,FW.F4.1.28.0
2025-08-28 18:17:18,934 [INFO] PluginManage:359 - Loaded plugin analytics (category:tool,tabindex:-1)
2025-08-28 18:17:18,936 [INFO] PluginManage:310 - Check plugin cadmodel
2025-08-28 18:17:18,941 [INFO] CADModel:105 - Init CAD model plugin
2025-08-28 18:17:18,942 [INFO] PluginManage:359 - Loaded plugin cadmodel (category:power,tabindex:5)
2025-08-28 18:17:18,942 [INFO] PluginManage:310 - Check plugin clock
2025-08-28 18:17:18,952 [INFO] PluginManage:359 - Loaded plugin clock (category:base,tabindex:2)
2025-08-28 18:17:18,952 [INFO] PluginManage:310 - Check plugin ddr
2025-08-28 18:17:18,956 [INFO] PluginManage:359 - Loaded plugin ddr (category:tool,tabindex:6)
2025-08-28 18:17:18,957 [INFO] PluginManage:310 - Check plugin filemanager
2025-08-28 18:17:19,101 [INFO] PluginManage:359 - Loaded plugin filemanager (category:base,tabindex:10)
2025-08-28 18:17:19,101 [INFO] PluginManage:310 - Check plugin ipmanager
2025-08-28 18:17:19,109 [INFO] PluginManage:359 - Loaded plugin ipmanager (category:base,tabindex:5)
2025-08-28 18:17:19,109 [INFO] PluginManage:310 - Check plugin lpbam
2025-08-28 18:17:19,117 [INFO] PluginManage:359 - Loaded plugin lpbam (category:base,tabindex:0)
2025-08-28 18:17:19,117 [INFO] PluginManage:310 - Check plugin memorymap
2025-08-28 18:17:19,132 [INFO] PluginManage:359 - Loaded plugin memorymap (category:base,tabindex:4)
2025-08-28 18:17:19,134 [INFO] PluginManage:310 - Check plugin pinoutandconfiguration
2025-08-28 18:17:19,143 [INFO] PluginManage:359 - Loaded plugin pinoutandconfiguration (category:base,tabindex:1)
2025-08-28 18:17:19,143 [INFO] PluginManage:310 - Check plugin pinoutconfig
2025-08-28 18:17:19,236 [WARN] SupportedApi:132 - Cannot load RTOS API schema: s4s-elt-must-match.1: The content of 'definitions' must match (annotation?, (simpleType | complexType)?, (unique | key | keyref)*)). A problem was found starting at: attribute.
2025-08-28 18:17:19,390 [INFO] PluginManage:359 - Loaded plugin pinoutconfig (category:base,tabindex:0)
2025-08-28 18:17:19,390 [INFO] PluginManage:310 - Check plugin power
2025-08-28 18:17:19,402 [INFO] PluginManage:359 - Loaded plugin power (category:power,tabindex:4)
2025-08-28 18:17:19,403 [INFO] PluginManage:310 - Check plugin projectmanager
2025-08-28 18:17:19,419 [INFO] PluginManage:359 - Loaded plugin projectmanager (category:projectmanager,tabindex:4)
2025-08-28 18:17:19,419 [INFO] PluginManage:310 - Check plugin rif
2025-08-28 18:17:19,428 [INFO] PluginManage:359 - Loaded plugin rif (category:base,tabindex:3)
2025-08-28 18:17:19,428 [INFO] PluginManage:310 - Check plugin thirdparty
2025-08-28 18:17:19,574 [WARN] IntegrityCheckThread:84 - waiting for thirdparty lock release [integrity check]
2025-08-28 18:17:19,574 [INFO] IntegrityCheckThread:86 - entering critical section [integrity check]
2025-08-28 18:17:19,574 [INFO] PluginManage:359 - Loaded plugin thirdparty (category:base,tabindex:-1)
2025-08-28 18:17:19,574 [INFO] PluginManage:310 - Check plugin tools
2025-08-28 18:17:19,574 [INFO] ThirdPartyUpdaterWithRetryManager:70 - Updater plugin not ready yet. [1/15]
2025-08-28 18:17:19,578 [INFO] PluginManage:359 - Loaded plugin tools (category:base,tabindex:7)
2025-08-28 18:17:19,578 [INFO] PluginManage:310 - Check plugin tutovideos
2025-08-28 18:17:19,773 [INFO] PluginManage:359 - Loaded plugin tutovideos (category:base,tabindex:-1)
2025-08-28 18:17:19,773 [INFO] PluginManage:310 - Check plugin updater
2025-08-28 18:17:19,796 [INFO] PluginManage:359 - Loaded plugin updater (category:base,tabindex:12)
2025-08-28 18:17:19,796 [INFO] PluginManage:310 - Check plugin userauth
2025-08-28 18:17:19,801 [INFO] UserAuth:118 - Init User Auth plugin
2025-08-28 18:17:19,801 [INFO] PluginManage:359 - Loaded plugin userauth (category:base,tabindex:14)
2025-08-28 18:17:19,801 [INFO] PluginManage:283 - PluginManage : Loaded plugins [18]
2025-08-28 18:17:20,016 [INFO] PinOutPanel:1589 - setPackage(No Configuration,No Configuration)
2025-08-28 18:17:20,098 [INFO] CADModel:165 - CPN selected for project level
2025-08-28 18:17:20,098 [INFO] CADModel:114 - Register for checkConnection events
2025-08-28 18:17:20,115 [INFO] IPUIPlugin:80 - create IPUIPlugin
2025-08-28 18:17:20,115 [INFO] PluginManager:220 - loadIPPluginJar : add adc
2025-08-28 18:17:20,119 [INFO] IPUIPlugin:80 - create IPUIPlugin
2025-08-28 18:17:20,119 [INFO] PluginManager:220 - loadIPPluginJar : add aes
2025-08-28 18:17:20,121 [INFO] IPUIPlugin:80 - create IPUIPlugin
2025-08-28 18:17:20,121 [INFO] PluginManager:220 - loadIPPluginJar : add can
2025-08-28 18:17:20,124 [INFO] IPUIPlugin:80 - create IPUIPlugin
2025-08-28 18:17:20,124 [INFO] PluginManager:220 - loadIPPluginJar : add comp
2025-08-28 18:17:20,126 [INFO] IPUIPlugin:80 - create IPUIPlugin
2025-08-28 18:17:20,126 [INFO] PluginManager:220 - loadIPPluginJar : add cryp
2025-08-28 18:17:20,130 [INFO] IPUIPlugin:80 - create IPUIPlugin
2025-08-28 18:17:20,130 [INFO] PluginManager:220 - loadIPPluginJar : add ddr_ctrl_phy
2025-08-28 18:17:20,132 [INFO] IPUIPlugin:80 - create IPUIPlugin
2025-08-28 18:17:20,132 [INFO] PluginManager:220 - loadIPPluginJar : add dfsdm
2025-08-28 18:17:20,138 [INFO] IPUIPlugin:80 - create IPUIPlugin
2025-08-28 18:17:20,138 [INFO] PluginManager:220 - loadIPPluginJar : add dma
2025-08-28 18:17:20,140 [INFO] IPUIPlugin:80 - create IPUIPlugin
2025-08-28 18:17:20,141 [INFO] PluginManager:220 - loadIPPluginJar : add dma3
2025-08-28 18:17:20,143 [INFO] IPUIPlugin:80 - create IPUIPlugin
2025-08-28 18:17:20,143 [INFO] PluginManager:220 - loadIPPluginJar : add extmemmanager
2025-08-28 18:17:20,145 [INFO] IPUIPlugin:80 - create IPUIPlugin
2025-08-28 18:17:20,145 [INFO] PluginManager:220 - loadIPPluginJar : add fatfs
2025-08-28 18:17:20,150 [INFO] IPUIPlugin:80 - create IPUIPlugin
2025-08-28 18:17:20,150 [INFO] PluginManager:220 - loadIPPluginJar : add fmc
2025-08-28 18:17:20,158 [INFO] IPUIPlugin:80 - create IPUIPlugin
2025-08-28 18:17:20,158 [INFO] PluginManager:220 - loadIPPluginJar : add freertos
2025-08-28 18:17:20,160 [INFO] IPUIPlugin:80 - create IPUIPlugin
2025-08-28 18:17:20,160 [INFO] PluginManager:220 - loadIPPluginJar : add genericplugin
2025-08-28 18:17:20,162 [INFO] IPUIPlugin:80 - create IPUIPlugin
2025-08-28 18:17:20,162 [INFO] PluginManager:220 - loadIPPluginJar : add gfxmmu
2025-08-28 18:17:20,167 [INFO] IPUIPlugin:80 - create IPUIPlugin
2025-08-28 18:17:20,167 [INFO] PluginManager:220 - loadIPPluginJar : add gic
2025-08-28 18:17:20,170 [INFO] IPUIPlugin:80 - create IPUIPlugin
2025-08-28 18:17:20,170 [INFO] PluginManager:220 - loadIPPluginJar : add gpio
2025-08-28 18:17:20,173 [INFO] IPUIPlugin:80 - create IPUIPlugin
2025-08-28 18:17:20,173 [INFO] PluginManager:220 - loadIPPluginJar : add gtzc
2025-08-28 18:17:20,175 [INFO] IPUIPlugin:80 - create IPUIPlugin
2025-08-28 18:17:20,175 [INFO] PluginManager:220 - loadIPPluginJar : add hash
2025-08-28 18:17:20,178 [INFO] IPUIPlugin:80 - create IPUIPlugin
2025-08-28 18:17:20,178 [INFO] PluginManager:220 - loadIPPluginJar : add i2c
2025-08-28 18:17:20,181 [INFO] IPUIPlugin:80 - create IPUIPlugin
2025-08-28 18:17:20,181 [INFO] PluginManager:220 - loadIPPluginJar : add i2s
2025-08-28 18:17:20,184 [INFO] IPUIPlugin:80 - create IPUIPlugin
2025-08-28 18:17:20,184 [INFO] PluginManager:220 - loadIPPluginJar : add i3c
2025-08-28 18:17:20,187 [INFO] IPUIPlugin:80 - create IPUIPlugin
2025-08-28 18:17:20,188 [INFO] PluginManager:220 - loadIPPluginJar : add ipddr
2025-08-28 18:17:20,194 [INFO] IPUIPlugin:80 - create IPUIPlugin
2025-08-28 18:17:20,194 [INFO] PluginManager:220 - loadIPPluginJar : add linkedlist
2025-08-28 18:17:20,198 [INFO] IPUIPlugin:80 - create IPUIPlugin
2025-08-28 18:17:20,198 [INFO] PluginManager:220 - loadIPPluginJar : add lorawan
2025-08-28 18:17:20,199 [INFO] IPUIPlugin:80 - create IPUIPlugin
2025-08-28 18:17:20,199 [INFO] PluginManager:220 - loadIPPluginJar : add ltdc
2025-08-28 18:17:20,205 [INFO] IPUIPlugin:80 - create IPUIPlugin
2025-08-28 18:17:20,205 [INFO] PluginManager:220 - loadIPPluginJar : add mdma
2025-08-28 18:17:20,208 [INFO] IPUIPlugin:80 - create IPUIPlugin
2025-08-28 18:17:20,208 [INFO] PluginManager:220 - loadIPPluginJar : add nvic
2025-08-28 18:17:20,212 [INFO] IPUIPlugin:80 - create IPUIPlugin
2025-08-28 18:17:20,212 [INFO] PluginManager:220 - loadIPPluginJar : add opamp
2025-08-28 18:17:20,214 [INFO] IPUIPlugin:80 - create IPUIPlugin
2025-08-28 18:17:20,214 [INFO] PluginManager:220 - loadIPPluginJar : add openamp
2025-08-28 18:17:20,218 [INFO] IPUIPlugin:80 - create IPUIPlugin
2025-08-28 18:17:20,218 [INFO] PluginManager:220 - loadIPPluginJar : add pdm2pcm
2025-08-28 18:17:20,224 [INFO] IPUIPlugin:80 - create IPUIPlugin
2025-08-28 18:17:20,226 [INFO] PluginManager:220 - loadIPPluginJar : add plateformsettings
2025-08-28 18:17:20,228 [INFO] IPUIPlugin:80 - create IPUIPlugin
2025-08-28 18:17:20,228 [INFO] PluginManager:220 - loadIPPluginJar : add quadspi
2025-08-28 18:17:20,231 [INFO] IPUIPlugin:80 - create IPUIPlugin
2025-08-28 18:17:20,232 [INFO] PluginManager:220 - loadIPPluginJar : add radio
2025-08-28 18:17:20,235 [INFO] IPUIPlugin:80 - create IPUIPlugin
2025-08-28 18:17:20,235 [INFO] PluginManager:220 - loadIPPluginJar : add resmgrutility
2025-08-28 18:17:20,238 [INFO] IPUIPlugin:80 - create IPUIPlugin
2025-08-28 18:17:20,238 [INFO] PluginManager:220 - loadIPPluginJar : add sai
2025-08-28 18:17:20,241 [INFO] IPUIPlugin:80 - create IPUIPlugin
2025-08-28 18:17:20,241 [INFO] PluginManager:220 - loadIPPluginJar : add spi
2025-08-28 18:17:20,247 [INFO] IPUIPlugin:80 - create IPUIPlugin
2025-08-28 18:17:20,248 [INFO] PluginManager:220 - loadIPPluginJar : add stm32_wpan
2025-08-28 18:17:20,250 [INFO] IPUIPlugin:80 - create IPUIPlugin
2025-08-28 18:17:20,250 [INFO] PluginManager:220 - loadIPPluginJar : add tim
2025-08-28 18:17:20,253 [INFO] IPUIPlugin:80 - create IPUIPlugin
2025-08-28 18:17:20,253 [INFO] PluginManager:220 - loadIPPluginJar : add touchsensing
2025-08-28 18:17:20,254 [INFO] IPUIPlugin:80 - create IPUIPlugin
2025-08-28 18:17:20,255 [INFO] PluginManager:220 - loadIPPluginJar : add tracer_emb
2025-08-28 18:17:20,257 [INFO] IPUIPlugin:80 - create IPUIPlugin
2025-08-28 18:17:20,258 [INFO] PluginManager:220 - loadIPPluginJar : add ts
2025-08-28 18:17:20,259 [INFO] IPUIPlugin:80 - create IPUIPlugin
2025-08-28 18:17:20,259 [INFO] PluginManager:220 - loadIPPluginJar : add tsc
2025-08-28 18:17:20,261 [INFO] IPUIPlugin:80 - create IPUIPlugin
2025-08-28 18:17:20,261 [INFO] PluginManager:220 - loadIPPluginJar : add ucpd
2025-08-28 18:17:20,263 [INFO] IPUIPlugin:80 - create IPUIPlugin
2025-08-28 18:17:20,263 [INFO] PluginManager:220 - loadIPPluginJar : add usart
2025-08-28 18:17:20,267 [INFO] IPUIPlugin:80 - create IPUIPlugin
2025-08-28 18:17:20,267 [INFO] PluginManager:220 - loadIPPluginJar : add usbx
2025-08-28 18:17:20,398 [FATAL] Updater:351 - Updater called before beeing initialized
2025-08-28 18:17:20,427 [INFO] RulesReader:64 - Compatibility file has been processed (302 Rules)
2025-08-28 18:17:20,441 [INFO] RulesReader:64 - Compatibility file has been processed (302 Rules)
2025-08-28 18:17:20,448 [INFO] CADModel:165 - CPN selected for project level
2025-08-28 18:17:20,448 [INFO] CADModel:114 - Register for checkConnection events
2025-08-28 18:17:20,448 [FATAL] Updater:351 - Updater called before beeing initialized
2025-08-28 18:17:20,450 [ERROR] CADModel:125 - Updater not yet initialized, retry later 
2025-08-28 18:17:20,637 [FATAL] Updater:351 - Updater called before beeing initialized
2025-08-28 18:17:20,640 [INFO] CADModel:165 - CPN selected for project level
2025-08-28 18:17:20,640 [INFO] CADModel:114 - Register for checkConnection events
2025-08-28 18:17:20,640 [FATAL] Updater:351 - Updater called before beeing initialized
2025-08-28 18:17:20,640 [ERROR] CADModel:125 - Updater not yet initialized, retry later 
2025-08-28 18:17:20,646 [FATAL] Updater:351 - Updater called before beeing initialized
2025-08-28 18:17:20,778 [FATAL] Updater:351 - Updater called before beeing initialized
2025-08-28 18:17:20,782 [INFO] DbMcusAds:53 - JSON generation date=Thu Jun 19 14:02:34 IST 2025 (1750321954384)
2025-08-28 18:17:20,782 [FATAL] Updater:351 - Updater called before beeing initialized
2025-08-28 18:17:20,820 [WARN] DetailPanel:346 - Failed to get advertising image, set to default
2025-08-28 18:17:21,071 [FATAL] Updater:351 - Updater called before beeing initialized
2025-08-28 18:17:21,078 [FATAL] Updater:351 - Updater called before beeing initialized
2025-08-28 18:17:21,078 [FATAL] Updater:351 - Updater called before beeing initialized
2025-08-28 18:17:21,078 [WARN] DetailPanel:346 - Failed to get advertising image, set to default
2025-08-28 18:17:21,078 [FATAL] Updater:351 - Updater called before beeing initialized
2025-08-28 18:17:21,129 [ERROR] Updater:1198 - MainUpdater not yet initialized. External WinMGr cannot be set.
2025-08-28 18:17:21,132 [INFO] Updater:1134 - Updater Version found : 6.14.1
2025-08-28 18:17:21,150 [INFO] ApplicationProperties:184 - Using Application install path: C:\ST\STM32CubeIDE_1.18.1\STM32CubeIDE\plugins\com.st.stm32cube.common.mx_6.14.1.202504091515
2025-08-28 18:17:22,577 [INFO] ThirdPartyUpdaterWithRetryManager:70 - Updater plugin not ready yet. [2/15]
2025-08-28 18:17:22,735 [ERROR] LogOutputStream:75 - [STDERR_REDIRECT] Aug 28, 2025 6:17:22 PM java.util.prefs.WindowsPreferences <init>
2025-08-28 18:17:22,738 [ERROR] LogOutputStream:75 - [STDERR_REDIRECT] WARNING: Could not open/create prefs root node Software\JavaSoft\Prefs at root 0xffffffff80000002. Windows RegCreateKeyEx(...) returned error code 5.
2025-08-28 18:17:22,738 [ERROR] LogOutputStream:75 - [STDERR_REDIRECT] 
2025-08-28 18:17:23,251 [INFO] MainUpdater:2872 - connection check result : 10
2025-08-28 18:17:23,253 [INFO] MainUpdater:289 - Updater Check For Update Now.
2025-08-28 18:17:23,253 [INFO] MicroXplorer:498 - Change Database Version : DB.6.0.141
2025-08-28 18:17:23,272 [INFO] McuFinderGlobals:63 - Set McuFinder mode to 2 (CubeIDE integrated)
2025-08-28 18:17:23,273 [INFO] UserAuth:484 - Internet connection configuration mode: 1
2025-08-28 18:17:23,316 [INFO] JxBrowserEngine:152 - Initiate JxBrowser Engine with user profile folder
2025-08-28 18:17:23,508 [INFO] CheckServerUpdateThread:120 - End of CheckServer Thread
2025-08-28 18:17:25,812 [INFO] WebApp:169 - Instantiating new browser for Auth
2025-08-28 18:17:26,047 [WARN] PackLoader:240 - Cannot read IP mode file for STMicroelectronics.FP-SNS-MOTENVWB1.1.4.0
2025-08-28 18:17:26,060 [WARN] PackLoader:240 - Cannot read IP mode file for STMicroelectronics.FP-ATR-ASTRA1.2.0.2
2025-08-28 18:17:26,073 [WARN] PackLoader:240 - Cannot read IP mode file for STMicroelectronics.X-CUBE-SMBUS.2.1.0
2025-08-28 18:17:26,081 [WARN] PackLoader:240 - Cannot read IP mode file for STMicroelectronics.X-CUBE-ST60.1.0.0
2025-08-28 18:17:26,128 [WARN] PackLoader:240 - Cannot read IP mode file for STMicroelectronics.X-CUBE-AZRTOS-F7.1.1.0
2025-08-28 18:17:26,173 [WARN] PackLoader:240 - Cannot read IP mode file for Infineon.AIROC-Wi-Fi-Bluetooth-STM32.1.7.0
2025-08-28 18:17:26,217 [WARN] PackLoader:240 - Cannot read IP mode file for STMicroelectronics.X-CUBE-AZRTOS-H7.3.4.0
2025-08-28 18:17:26,235 [WARN] PackLoader:240 - Cannot read IP mode file for STMicroelectronics.X-CUBE-DISPLAY.3.0.0
2025-08-28 18:17:26,254 [WARN] PackLoader:240 - Cannot read IP mode file for STMicroelectronics.X-CUBE-NFC10.1.0.0
2025-08-28 18:17:26,269 [WARN] PackLoader:240 - Cannot read IP mode file for STMicroelectronics.X-CUBE-BLEMGR.4.0.0
2025-08-28 18:17:26,281 [WARN] PackLoader:240 - Cannot read IP mode file for emotas.I-CUBE-CANOPEN.1.3.0
2025-08-28 18:17:26,287 [WARN] ConditionMgr:438 - getConditionDescription Invalid condition id : Cortex-A Device cause : null
2025-08-28 18:17:26,303 [WARN] ConditionMgr:1044 - genDependencies : Invalid condition id : Cortex-A Device cause : null
2025-08-28 18:17:26,303 [WARN] ConditionMgr:1044 - genDependencies : Invalid condition id : Cortex-A Device cause : null
2025-08-28 18:17:26,303 [WARN] ConditionMgr:1044 - genDependencies : Invalid condition id : Cortex-A Device cause : null
2025-08-28 18:17:26,309 [ERROR] Engine:466 - C:\Users\arumu\.stm32cubemx\thirdparties\pdsc\STMicroelectronics.FP-SNS-STBOX1.2.1.0.pdsc: PDSC version is not supported
2025-08-28 18:17:26,317 [WARN] PackLoader:240 - Cannot read IP mode file for STMicroelectronics.FP-SNS-SMARTAG2.1.2.0
2025-08-28 18:17:26,322 [WARN] PackLoader:240 - Cannot read IP mode file for STMicroelectronics.FP-SNS-FLIGHT1.5.1.0
2025-08-28 18:17:26,335 [INFO] LogOutputStream:77 - [STDOUT_REDIRECT] 1 : Invalid condition id : UX_CORESTACK_Condition cause : null
2025-08-28 18:17:26,335 [INFO] LogOutputStream:77 - [STDOUT_REDIRECT] 1 : Invalid condition id : UX_CORESTACK_Condition cause : null
2025-08-28 18:17:26,337 [INFO] LogOutputStream:77 - [STDOUT_REDIRECT] 1 : Invalid condition id : UX_CORESTACK_Condition cause : null
2025-08-28 18:17:26,338 [INFO] LogOutputStream:77 - [STDOUT_REDIRECT] 1 : Invalid condition id : UX_CORESTACK_Condition cause : null
2025-08-28 18:17:26,340 [INFO] LogOutputStream:77 - [STDOUT_REDIRECT] 1 : Invalid condition id : UX_CORESTACK_Condition cause : null
2025-08-28 18:17:26,344 [WARN] PackLoader:240 - Cannot read IP mode file for STMicroelectronics.X-CUBE-AZRTOS-WL.2.0.0
2025-08-28 18:17:26,351 [WARN] PackLoader:240 - Cannot read IP mode file for STMicroelectronics.FP-SNS-MOTENV1.5.0.0
2025-08-28 18:17:26,363 [WARN] PackLoader:240 - Cannot read IP mode file for WES.I-CUBE-Cesium.1.3.0
2025-08-28 18:17:26,373 [WARN] PackLoader:240 - Cannot read IP mode file for STMicroelectronics.X-CUBE-BLE2.3.3.0
2025-08-28 18:17:26,383 [WARN] PackLoader:240 - Cannot read IP mode file for STMicroelectronics.X-CUBE-NFC9.1.0.0
2025-08-28 18:17:26,403 [WARN] PackLoader:240 - Cannot read IP mode file for wolfSSL.I-CUBE-wolfSSL.5.8.0
2025-08-28 18:17:26,412 [WARN] PackLoader:240 - Cannot read IP mode file for STMicroelectronics.X-CUBE-BLE1.7.1.0
2025-08-28 18:17:26,419 [WARN] PackLoader:240 - Cannot read IP mode file for wolfSSL.I-CUBE-wolfMQTT.1.19.2
2025-08-28 18:17:26,429 [WARN] PackLoader:240 - Cannot read IP mode file for STMicroelectronics.X-CUBE-EEPRMA1.5.2.0
2025-08-28 18:17:26,438 [WARN] PackLoader:240 - Cannot read IP mode file for STMicroelectronics.X-CUBE-AI.10.1.0
2025-08-28 18:17:26,460 [WARN] PackLoader:240 - Cannot read IP mode file for STMicroelectronics.X-CUBE-AZRTOS-G0.1.1.0
2025-08-28 18:17:26,470 [WARN] PackLoader:240 - Cannot read IP mode file for STMicroelectronics.X-CUBE-SAFEA1.1.2.2
2025-08-28 18:17:26,481 [WARN] PackLoader:240 - Cannot read IP mode file for STMicroelectronics.X-CUBE-NFC4.3.0.0
2025-08-28 18:17:26,498 [WARN] PackLoader:240 - Cannot read IP mode file for EmbeddedOffice.I-CUBE-FS-RTOS.1.0.1
2025-08-28 18:17:26,507 [WARN] PackLoader:240 - Cannot read IP mode file for STMicroelectronics.X-CUBE-WB05N.2.0.0
2025-08-28 18:17:26,514 [WARN] PackLoader:240 - Cannot read IP mode file for wolfSSL.I-CUBE-wolfTPM.3.8.0
2025-08-28 18:17:26,523 [WARN] PackLoader:240 - Cannot read IP mode file for STMicroelectronics.X-CUBE-TCPP.4.2.0
2025-08-28 18:17:26,536 [WARN] PackLoader:240 - Cannot read IP mode file for RealThread.X-CUBE-RT-Thread_Nano.4.1.1
2025-08-28 18:17:26,543 [WARN] PackLoader:240 - Cannot read IP mode file for STMicroelectronics.FP-ATR-SIGFOX1.3.2.0
2025-08-28 18:17:26,556 [WARN] PackLoader:240 - Cannot read IP mode file for STMicroelectronics.X-CUBE-EEPRMA1.5.1.0
2025-08-28 18:17:26,570 [WARN] PackLoader:240 - Cannot read IP mode file for ITTIA_DB.I-CUBE-ITTIADB.8.9.0
2025-08-28 18:17:26,578 [WARN] PackLoader:240 - Cannot read IP mode file for STMicroelectronics.X-CUBE-ST67W61.1.0.0
2025-08-28 18:17:26,582 [WARN] PackLoader:240 - Cannot read IP mode file for STMicroelectronics.X-CUBE-AI.10.2.0
2025-08-28 18:17:26,617 [WARN] PackLoader:240 - Cannot read IP mode file for SEGGER.I-CUBE-embOS.1.3.1
2025-08-28 18:17:26,681 [WARN] PackLoader:240 - Cannot read IP mode file for STMicroelectronics.X-CUBE-ALGOBUILD.1.4.0
2025-08-28 18:17:26,747 [WARN] PackLoader:240 - Cannot read IP mode file for STMicroelectronics.X-CUBE-MEMS1.11.3.0
2025-08-28 18:17:27,063 [WARN] PackLoader:240 - Cannot read IP mode file for STMicroelectronics.X-CUBE-PM33A1.1.0.0
2025-08-28 18:17:27,110 [WARN] PackLoader:240 - Cannot read IP mode file for STMicroelectronics.X-CUBE-AZRTOS-F4.1.1.0
2025-08-28 18:17:27,124 [WARN] PackLoader:240 - Cannot read IP mode file for Avnet-IotConnect.X-CUBE-IoTC-DA16k-PMOD.1.0.0
2025-08-28 18:17:27,131 [WARN] PackLoader:240 - Cannot read IP mode file for STMicroelectronics.X-CUBE-ISPU.2.1.0
2025-08-28 18:17:27,142 [WARN] PackLoader:240 - Cannot read IP mode file for STMicroelectronics.X-CUBE-NFC12.1.0.0
2025-08-28 18:17:27,167 [WARN] PackLoader:240 - Cannot read IP mode file for STMicroelectronics.X-CUBE-AZRTOS-L5.2.0.0
2025-08-28 18:17:27,183 [WARN] PackLoader:240 - Cannot read IP mode file for STMicroelectronics.X-CUBE-NFC6.3.1.0
2025-08-28 18:17:27,195 [WARN] PackLoader:240 - Cannot read IP mode file for STMicroelectronics.X-CUBE-FREERTOS.1.3.1
2025-08-28 18:17:27,205 [WARN] PackLoader:240 - Cannot read IP mode file for STMicroelectronics.FP-SNS-STAIOTCFT.1.0.0
2025-08-28 18:17:27,214 [WARN] PackLoader:240 - Cannot read IP mode file for STMicroelectronics.X-CUBE-DPower.1.3.0
2025-08-28 18:17:27,242 [WARN] ConditionMgr:438 - getConditionDescription Invalid condition id : LAN8742 Phy interface Condition cause : null
2025-08-28 18:17:27,243 [WARN] PackLoader:240 - Cannot read IP mode file for STMicroelectronics.X-CUBE-AZRTOS-L4.2.0.0
2025-08-28 18:17:27,245 [WARN] ConditionMgr:1044 - genDependencies : Invalid condition id : LAN8742 Phy interface Condition cause : null
2025-08-28 18:17:27,245 [WARN] ConditionMgr:1044 - genDependencies : Invalid condition id : LAN8742 Phy interface Condition cause : null
2025-08-28 18:17:27,246 [WARN] ConditionMgr:1044 - genDependencies : Invalid condition id : LAN8742 Phy interface Condition cause : null
2025-08-28 18:17:27,259 [WARN] PackLoader:240 - Cannot read IP mode file for STMicroelectronics.X-CUBE-SFXS2LP1.4.0.0
2025-08-28 18:17:27,286 [WARN] PackLoader:240 - Cannot read IP mode file for STMicroelectronics.X-CUBE-AZRTOS-H7.3.3.0
2025-08-28 18:17:27,303 [WARN] PackLoader:240 - Cannot read IP mode file for STMicroelectronics.X-CUBE-BLEMGR.4.1.0
2025-08-28 18:17:27,331 [WARN] ConditionMgr:438 - getConditionDescription Invalid condition id : UX DEVICE CLASS RTOS Condition cause : null
2025-08-28 18:17:27,332 [WARN] ConditionMgr:438 - getConditionDescription Invalid condition id : UX DEVICE CLASS RTOS Condition cause : null
2025-08-28 18:17:27,334 [WARN] PackLoader:240 - Cannot read IP mode file for STMicroelectronics.X-CUBE-AZRTOS-WB.2.0.0
2025-08-28 18:17:27,335 [WARN] ConditionMgr:1044 - genDependencies : Invalid condition id : UX DEVICE CLASS RTOS Condition cause : null
2025-08-28 18:17:27,335 [WARN] ConditionMgr:1044 - genDependencies : Invalid condition id : UX DEVICE CLASS RTOS Condition cause : null
2025-08-28 18:17:27,336 [WARN] ConditionMgr:1044 - genDependencies : Invalid condition id : UX DEVICE CLASS RTOS Condition cause : null
2025-08-28 18:17:27,336 [WARN] ConditionMgr:1044 - genDependencies : Invalid condition id : UX DEVICE CLASS RTOS Condition cause : null
2025-08-28 18:17:27,336 [WARN] ConditionMgr:1044 - genDependencies : Invalid condition id : UX DEVICE CLASS RTOS Condition cause : null
2025-08-28 18:17:27,345 [WARN] PackLoader:240 - Cannot read IP mode file for STMicroelectronics.X-CUBE-GNSS1.7.0.1
2025-08-28 18:17:27,356 [WARN] PackLoader:240 - Cannot read IP mode file for STMicroelectronics.X-CUBE-TOUCHGFX.4.25.0
2025-08-28 18:17:27,366 [WARN] PackLoader:240 - Cannot read IP mode file for STMicroelectronics.FP-SNS-STBOX1.2.0.0
2025-08-28 18:17:27,384 [WARN] PackLoader:240 - Cannot read IP mode file for STMicroelectronics.X-CUBE-SUBG2.5.0.0
2025-08-28 18:17:27,414 [WARN] PackLoader:240 - Cannot read IP mode file for STMicroelectronics.X-CUBE-AZRTOS-H7RS.1.1.0
2025-08-28 18:17:27,414 [INFO] WebApp:463 - Apply proxy settings
2025-08-28 18:17:27,415 [INFO] WebApp:548 - Chromium requires no authentication
2025-08-28 18:17:27,425 [WARN] PackLoader:240 - Cannot read IP mode file for Cesanta.I-CUBE-Mongoose.7.13.0
2025-08-28 18:17:27,436 [INFO] WebApp:491 - Direct internet connection detected
2025-08-28 18:17:27,439 [WARN] PackLoader:240 - Cannot read IP mode file for STMicroelectronics.X-CUBE-AZRTOS-G4.2.0.0
2025-08-28 18:17:27,449 [WARN] PackLoader:240 - Cannot read IP mode file for wolfSSL.I-CUBE-wolfSSH.1.4.20
2025-08-28 18:17:27,456 [WARN] PackLoader:240 - Cannot read IP mode file for STMicroelectronics.X-CUBE-NFC7.2.0.0
2025-08-28 18:17:27,475 [WARN] PackLoader:240 - Cannot read IP mode file for STMicroelectronics.X-CUBE-IPS.3.1.0
2025-08-28 18:17:27,486 [INFO] WebApp:894 - Register for checkConnection events
2025-08-28 18:17:27,487 [INFO] WebApp:463 - Apply proxy settings
2025-08-28 18:17:27,487 [INFO] WebApp:548 - Chromium requires no authentication
2025-08-28 18:17:27,487 [WARN] PackLoader:240 - Cannot read IP mode file for STMicroelectronics.X-CUBE-ALS.1.0.2
2025-08-28 18:17:27,488 [INFO] WebApp:491 - Direct internet connection detected
2025-08-28 18:17:27,496 [WARN] PackLoader:240 - Cannot read IP mode file for portGmbH.I-Cube-SoM-uGOAL.1.1.0
2025-08-28 18:17:27,512 [WARN] PackLoader:240 - Cannot read IP mode file for STMicroelectronics.X-CUBE-TOF1.3.4.3
2025-08-28 18:17:27,526 [INFO] ThirdParty:978 - Integrity check success = true
2025-08-28 18:17:27,526 [INFO] IntegrityCheckThread:100 - exiting critical section [integrity check]
2025-08-28 18:17:27,526 [INFO] IntegrityCheckThread:103 - End integrity checks thread
2025-08-28 18:17:27,853 [INFO] WebApp:225 - Starting web application
2025-08-28 18:17:27,854 [INFO] WebApp:593 - Web application path used C:\ST\STM32CubeIDE_1.18.1\STM32CubeIDE\plugins\com.st.stm32cube.common.mx_6.14.1.202504091515\db\plugins\mcufinder\reactClient1\index.html
2025-08-28 18:17:28,102 [INFO] UserAuth:484 - Internet connection configuration mode: 1
2025-08-28 18:17:28,961 [INFO] WebApp:191 - Connection restablished
2025-08-28 18:42:01,376 [ERROR] LogOutputStream:75 - [STDERR_REDIRECT] 
2025-08-28 19:09:34,272 [INFO] Activator:176 - 


2025-08-28 19:09:34,275 [INFO] Activator:177 - !SESSION log4j initialized
2025-08-28 19:09:42,711 [INFO] LogOutputStream:77 - [STDOUT_REDIRECT] 
2025-08-28 19:09:45,238 [INFO] ApplicationProperties:184 - Using Application install path: C:\ST\STM32CubeIDE_1.18.1\STM32CubeIDE\plugins\com.st.stm32cube.common.mx_6.14.1.202504091515
2025-08-28 19:09:45,255 [INFO] DbMcusXml:78 - Set database path to: C:\ST\STM32CubeIDE_1.18.1\STM32CubeIDE\plugins\com.st.stm32cube.common.mx_6.14.1.202504091515\\db\/mcu/
2025-08-28 19:09:45,255 [INFO] ApiDb:274 - Set plugin database path to: C:\ST\STM32CubeIDE_1.18.1\STM32CubeIDE\plugins\com.st.stm32cube.common.mx_6.14.1.202504091515\\db\/plugins/boardmanager/
2025-08-28 19:09:45,255 [WARN] ApiDb:259 - Overriding images path with different value:  => C:\ST\STM32CubeIDE_1.18.1\STM32CubeIDE\plugins\com.st.stm32cube.common.mx_6.14.1.202504091515\\db\/plugins/mcufinder/images/
2025-08-28 19:09:45,261 [INFO] ApiDb:250 - Set database path to: C:\Users\arumu\.stmcufinder\plugins\mcufinder//mcu/
2025-08-28 19:09:45,262 [INFO] DbMcusAds:125 - Set database path to: C:\Users\arumu\.stmcufinder\plugins\mcufinder//mcu/
2025-08-28 19:09:45,264 [INFO] CrossReferenceDbSqlite:203 - Set database path to: C:\Users\arumu\.stmcufinder\plugins\mcufinder//mcu/cs/
2025-08-28 19:09:45,396 [INFO] RulesReader:64 - Compatibility file has been processed (302 Rules)
2025-08-28 19:09:45,489 [INFO] DbMcusXml:78 - Set database path to: C:\ST\STM32CubeIDE_1.18.1\STM32CubeIDE\plugins\com.st.stm32cube.common.mx_6.14.1.202504091515\\db\/mcu/
2025-08-28 19:09:45,490 [INFO] ApiDb:274 - Set plugin database path to: C:\ST\STM32CubeIDE_1.18.1\STM32CubeIDE\plugins\com.st.stm32cube.common.mx_6.14.1.202504091515\\db\/plugins/boardmanager/
2025-08-28 19:09:45,490 [INFO] ApiDb:261 - Set plugin images path to: C:\ST\STM32CubeIDE_1.18.1\STM32CubeIDE\plugins\com.st.stm32cube.common.mx_6.14.1.202504091515\\db\/plugins/mcufinder/images/
2025-08-28 19:09:45,490 [WARN] DbFile:41 - Overriding database path with different value: C:\Users\arumu\.stmcufinder\plugins\mcufinder/ => C:\Users\arumu\.stmcufinder\plugins\mcufinder
2025-08-28 19:09:45,490 [INFO] ApiDb:250 - Set database path to: C:\Users\arumu\.stmcufinder\plugins\mcufinder//mcu/
2025-08-28 19:09:45,490 [WARN] DbFile:41 - Overriding database path with different value: C:\Users\arumu\.stmcufinder\plugins\mcufinder/ => C:\Users\arumu\.stmcufinder\plugins\mcufinder
2025-08-28 19:09:45,490 [INFO] DbMcusAds:125 - Set database path to: C:\Users\arumu\.stmcufinder\plugins\mcufinder//mcu/
2025-08-28 19:09:45,490 [WARN] DbFile:41 - Overriding database path with different value: C:\Users\arumu\.stmcufinder\plugins\mcufinder/ => C:\Users\arumu\.stmcufinder\plugins\mcufinder
2025-08-28 19:09:45,490 [WARN] DbFile:41 - Overriding database path with different value: C:\Users\arumu\.stmcufinder\plugins\mcufinder/ => C:\Users\arumu\.stmcufinder\plugins\mcufinder
2025-08-28 19:09:45,491 [INFO] CrossReferenceDbSqlite:203 - Set database path to: C:\Users\arumu\.stmcufinder\plugins\mcufinder//mcu/cs/
2025-08-28 19:09:45,576 [INFO] MainPanel:272 - HeapMemory: 271581184
2025-08-28 19:09:45,697 [INFO] DbMcusXml:78 - Set database path to: C:\ST\STM32CubeIDE_1.18.1\STM32CubeIDE\plugins\com.st.stm32cube.common.mx_6.14.1.202504091515\\db\/mcu/
2025-08-28 19:09:45,697 [INFO] ApiDb:274 - Set plugin database path to: C:\ST\STM32CubeIDE_1.18.1\STM32CubeIDE\plugins\com.st.stm32cube.common.mx_6.14.1.202504091515\\db\/plugins/boardmanager/
2025-08-28 19:09:45,697 [INFO] ApiDb:261 - Set plugin images path to: C:\ST\STM32CubeIDE_1.18.1\STM32CubeIDE\plugins\com.st.stm32cube.common.mx_6.14.1.202504091515\\db\/plugins/mcufinder/images/
2025-08-28 19:09:45,698 [WARN] DbFile:41 - Overriding database path with different value: C:\Users\arumu\.stmcufinder\plugins\mcufinder/ => C:\Users\arumu\.stmcufinder\plugins\mcufinder
2025-08-28 19:09:45,698 [INFO] ApiDb:250 - Set database path to: C:\Users\arumu\.stmcufinder\plugins\mcufinder//mcu/
2025-08-28 19:09:45,698 [WARN] DbFile:41 - Overriding database path with different value: C:\Users\arumu\.stmcufinder\plugins\mcufinder/ => C:\Users\arumu\.stmcufinder\plugins\mcufinder
2025-08-28 19:09:45,698 [INFO] DbMcusAds:125 - Set database path to: C:\Users\arumu\.stmcufinder\plugins\mcufinder//mcu/
2025-08-28 19:09:45,698 [WARN] DbFile:41 - Overriding database path with different value: C:\Users\arumu\.stmcufinder\plugins\mcufinder/ => C:\Users\arumu\.stmcufinder\plugins\mcufinder
2025-08-28 19:09:45,698 [WARN] DbFile:41 - Overriding database path with different value: C:\Users\arumu\.stmcufinder\plugins\mcufinder/ => C:\Users\arumu\.stmcufinder\plugins\mcufinder
2025-08-28 19:09:45,698 [INFO] CrossReferenceDbSqlite:203 - Set database path to: C:\Users\arumu\.stmcufinder\plugins\mcufinder//mcu/cs/
2025-08-28 19:09:45,719 [INFO] ApplicationProperties:184 - Using Application install path: C:\ST\STM32CubeIDE_1.18.1\STM32CubeIDE\plugins\com.st.stm32cube.common.mx_6.14.1.202504091515
2025-08-28 19:09:45,720 [INFO] PluginManage:196 - Search for loadable plugins [exclusion list=, ]
2025-08-28 19:09:45,721 [INFO] PluginManage:310 - Check plugin analytics
2025-08-28 19:09:45,948 [INFO] AnalyticsPlugin:253 - Accepted Software Licenses: 
2025-08-28 19:09:45,949 [INFO] AnalyticsPlugin:255 - Accepted CMSIS Pack Licenses: 
2025-08-28 19:09:45,949 [INFO] AnalyticsPlugin:257 - Accepted Firmware Licenses: FW.L4.1.18.0,FW.F4.1.28.0
2025-08-28 19:09:45,952 [INFO] PluginManage:359 - Loaded plugin analytics (category:tool,tabindex:-1)
2025-08-28 19:09:45,958 [INFO] PluginManage:310 - Check plugin cadmodel
2025-08-28 19:09:45,974 [INFO] CADModel:105 - Init CAD model plugin
2025-08-28 19:09:45,974 [INFO] PluginManage:359 - Loaded plugin cadmodel (category:power,tabindex:5)
2025-08-28 19:09:45,974 [INFO] PluginManage:310 - Check plugin clock
2025-08-28 19:09:45,984 [INFO] PluginManage:359 - Loaded plugin clock (category:base,tabindex:2)
2025-08-28 19:09:45,984 [INFO] PluginManage:310 - Check plugin ddr
2025-08-28 19:09:45,987 [INFO] PluginManage:359 - Loaded plugin ddr (category:tool,tabindex:6)
2025-08-28 19:09:45,988 [INFO] PluginManage:310 - Check plugin filemanager
2025-08-28 19:09:46,148 [INFO] PluginManage:359 - Loaded plugin filemanager (category:base,tabindex:10)
2025-08-28 19:09:46,148 [INFO] PluginManage:310 - Check plugin ipmanager
2025-08-28 19:09:46,155 [INFO] PluginManage:359 - Loaded plugin ipmanager (category:base,tabindex:5)
2025-08-28 19:09:46,156 [INFO] PluginManage:310 - Check plugin lpbam
2025-08-28 19:09:46,164 [INFO] PluginManage:359 - Loaded plugin lpbam (category:base,tabindex:0)
2025-08-28 19:09:46,164 [INFO] PluginManage:310 - Check plugin memorymap
2025-08-28 19:09:46,180 [INFO] PluginManage:359 - Loaded plugin memorymap (category:base,tabindex:4)
2025-08-28 19:09:46,181 [INFO] PluginManage:310 - Check plugin pinoutandconfiguration
2025-08-28 19:09:46,187 [INFO] PluginManage:359 - Loaded plugin pinoutandconfiguration (category:base,tabindex:1)
2025-08-28 19:09:46,187 [INFO] PluginManage:310 - Check plugin pinoutconfig
2025-08-28 19:09:46,287 [WARN] SupportedApi:132 - Cannot load RTOS API schema: s4s-elt-must-match.1: The content of 'definitions' must match (annotation?, (simpleType | complexType)?, (unique | key | keyref)*)). A problem was found starting at: attribute.
2025-08-28 19:09:46,431 [INFO] PluginManage:359 - Loaded plugin pinoutconfig (category:base,tabindex:0)
2025-08-28 19:09:46,431 [INFO] PluginManage:310 - Check plugin power
2025-08-28 19:09:46,442 [INFO] PluginManage:359 - Loaded plugin power (category:power,tabindex:4)
2025-08-28 19:09:46,442 [INFO] PluginManage:310 - Check plugin projectmanager
2025-08-28 19:09:46,459 [INFO] PluginManage:359 - Loaded plugin projectmanager (category:projectmanager,tabindex:4)
2025-08-28 19:09:46,459 [INFO] PluginManage:310 - Check plugin rif
2025-08-28 19:09:46,464 [INFO] PluginManage:359 - Loaded plugin rif (category:base,tabindex:3)
2025-08-28 19:09:46,464 [INFO] PluginManage:310 - Check plugin thirdparty
2025-08-28 19:09:46,624 [WARN] IntegrityCheckThread:84 - waiting for thirdparty lock release [integrity check]
2025-08-28 19:09:46,624 [INFO] IntegrityCheckThread:86 - entering critical section [integrity check]
2025-08-28 19:09:46,625 [INFO] ThirdPartyUpdaterWithRetryManager:70 - Updater plugin not ready yet. [1/15]
2025-08-28 19:09:46,625 [INFO] PluginManage:359 - Loaded plugin thirdparty (category:base,tabindex:-1)
2025-08-28 19:09:46,625 [INFO] PluginManage:310 - Check plugin tools
2025-08-28 19:09:46,631 [INFO] PluginManage:359 - Loaded plugin tools (category:base,tabindex:7)
2025-08-28 19:09:46,631 [INFO] PluginManage:310 - Check plugin tutovideos
2025-08-28 19:09:46,820 [INFO] PluginManage:359 - Loaded plugin tutovideos (category:base,tabindex:-1)
2025-08-28 19:09:46,821 [INFO] PluginManage:310 - Check plugin updater
2025-08-28 19:09:46,843 [INFO] PluginManage:359 - Loaded plugin updater (category:base,tabindex:12)
2025-08-28 19:09:46,843 [INFO] PluginManage:310 - Check plugin userauth
2025-08-28 19:09:46,847 [INFO] UserAuth:118 - Init User Auth plugin
2025-08-28 19:09:46,847 [INFO] PluginManage:359 - Loaded plugin userauth (category:base,tabindex:14)
2025-08-28 19:09:46,848 [INFO] PluginManage:283 - PluginManage : Loaded plugins [18]
2025-08-28 19:09:47,073 [INFO] PinOutPanel:1589 - setPackage(No Configuration,No Configuration)
2025-08-28 19:09:47,168 [INFO] CADModel:165 - CPN selected for project level
2025-08-28 19:09:47,168 [INFO] CADModel:114 - Register for checkConnection events
2025-08-28 19:09:47,190 [INFO] IPUIPlugin:80 - create IPUIPlugin
2025-08-28 19:09:47,190 [INFO] PluginManager:220 - loadIPPluginJar : add adc
2025-08-28 19:09:47,192 [INFO] IPUIPlugin:80 - create IPUIPlugin
2025-08-28 19:09:47,193 [INFO] PluginManager:220 - loadIPPluginJar : add aes
2025-08-28 19:09:47,195 [INFO] IPUIPlugin:80 - create IPUIPlugin
2025-08-28 19:09:47,195 [INFO] PluginManager:220 - loadIPPluginJar : add can
2025-08-28 19:09:47,197 [INFO] IPUIPlugin:80 - create IPUIPlugin
2025-08-28 19:09:47,197 [INFO] PluginManager:220 - loadIPPluginJar : add comp
2025-08-28 19:09:47,199 [INFO] IPUIPlugin:80 - create IPUIPlugin
2025-08-28 19:09:47,199 [INFO] PluginManager:220 - loadIPPluginJar : add cryp
2025-08-28 19:09:47,201 [INFO] IPUIPlugin:80 - create IPUIPlugin
2025-08-28 19:09:47,201 [INFO] PluginManager:220 - loadIPPluginJar : add ddr_ctrl_phy
2025-08-28 19:09:47,204 [INFO] IPUIPlugin:80 - create IPUIPlugin
2025-08-28 19:09:47,204 [INFO] PluginManager:220 - loadIPPluginJar : add dfsdm
2025-08-28 19:09:47,209 [INFO] IPUIPlugin:80 - create IPUIPlugin
2025-08-28 19:09:47,209 [INFO] PluginManager:220 - loadIPPluginJar : add dma
2025-08-28 19:09:47,211 [INFO] IPUIPlugin:80 - create IPUIPlugin
2025-08-28 19:09:47,211 [INFO] PluginManager:220 - loadIPPluginJar : add dma3
2025-08-28 19:09:47,214 [INFO] IPUIPlugin:80 - create IPUIPlugin
2025-08-28 19:09:47,214 [INFO] PluginManager:220 - loadIPPluginJar : add extmemmanager
2025-08-28 19:09:47,215 [INFO] IPUIPlugin:80 - create IPUIPlugin
2025-08-28 19:09:47,216 [INFO] PluginManager:220 - loadIPPluginJar : add fatfs
2025-08-28 19:09:47,219 [INFO] IPUIPlugin:80 - create IPUIPlugin
2025-08-28 19:09:47,219 [INFO] PluginManager:220 - loadIPPluginJar : add fmc
2025-08-28 19:09:47,223 [INFO] IPUIPlugin:80 - create IPUIPlugin
2025-08-28 19:09:47,223 [INFO] PluginManager:220 - loadIPPluginJar : add freertos
2025-08-28 19:09:47,225 [INFO] IPUIPlugin:80 - create IPUIPlugin
2025-08-28 19:09:47,225 [INFO] PluginManager:220 - loadIPPluginJar : add genericplugin
2025-08-28 19:09:47,242 [INFO] IPUIPlugin:80 - create IPUIPlugin
2025-08-28 19:09:47,243 [INFO] PluginManager:220 - loadIPPluginJar : add gfxmmu
2025-08-28 19:09:47,248 [INFO] IPUIPlugin:80 - create IPUIPlugin
2025-08-28 19:09:47,248 [INFO] PluginManager:220 - loadIPPluginJar : add gic
2025-08-28 19:09:47,252 [INFO] IPUIPlugin:80 - create IPUIPlugin
2025-08-28 19:09:47,252 [INFO] PluginManager:220 - loadIPPluginJar : add gpio
2025-08-28 19:09:47,254 [INFO] IPUIPlugin:80 - create IPUIPlugin
2025-08-28 19:09:47,254 [INFO] PluginManager:220 - loadIPPluginJar : add gtzc
2025-08-28 19:09:47,256 [INFO] IPUIPlugin:80 - create IPUIPlugin
2025-08-28 19:09:47,257 [INFO] PluginManager:220 - loadIPPluginJar : add hash
2025-08-28 19:09:47,259 [INFO] IPUIPlugin:80 - create IPUIPlugin
2025-08-28 19:09:47,259 [INFO] PluginManager:220 - loadIPPluginJar : add i2c
2025-08-28 19:09:47,261 [INFO] IPUIPlugin:80 - create IPUIPlugin
2025-08-28 19:09:47,261 [INFO] PluginManager:220 - loadIPPluginJar : add i2s
2025-08-28 19:09:47,264 [INFO] IPUIPlugin:80 - create IPUIPlugin
2025-08-28 19:09:47,264 [INFO] PluginManager:220 - loadIPPluginJar : add i3c
2025-08-28 19:09:47,268 [INFO] IPUIPlugin:80 - create IPUIPlugin
2025-08-28 19:09:47,269 [INFO] PluginManager:220 - loadIPPluginJar : add ipddr
2025-08-28 19:09:47,275 [INFO] IPUIPlugin:80 - create IPUIPlugin
2025-08-28 19:09:47,275 [INFO] PluginManager:220 - loadIPPluginJar : add linkedlist
2025-08-28 19:09:47,278 [INFO] IPUIPlugin:80 - create IPUIPlugin
2025-08-28 19:09:47,278 [INFO] PluginManager:220 - loadIPPluginJar : add lorawan
2025-08-28 19:09:47,279 [INFO] IPUIPlugin:80 - create IPUIPlugin
2025-08-28 19:09:47,279 [INFO] PluginManager:220 - loadIPPluginJar : add ltdc
2025-08-28 19:09:47,289 [INFO] IPUIPlugin:80 - create IPUIPlugin
2025-08-28 19:09:47,289 [INFO] PluginManager:220 - loadIPPluginJar : add mdma
2025-08-28 19:09:47,292 [INFO] IPUIPlugin:80 - create IPUIPlugin
2025-08-28 19:09:47,292 [INFO] PluginManager:220 - loadIPPluginJar : add nvic
2025-08-28 19:09:47,294 [INFO] IPUIPlugin:80 - create IPUIPlugin
2025-08-28 19:09:47,294 [INFO] PluginManager:220 - loadIPPluginJar : add opamp
2025-08-28 19:09:47,296 [INFO] IPUIPlugin:80 - create IPUIPlugin
2025-08-28 19:09:47,296 [INFO] PluginManager:220 - loadIPPluginJar : add openamp
2025-08-28 19:09:47,300 [INFO] IPUIPlugin:80 - create IPUIPlugin
2025-08-28 19:09:47,300 [INFO] PluginManager:220 - loadIPPluginJar : add pdm2pcm
2025-08-28 19:09:47,305 [INFO] IPUIPlugin:80 - create IPUIPlugin
2025-08-28 19:09:47,307 [INFO] PluginManager:220 - loadIPPluginJar : add plateformsettings
2025-08-28 19:09:47,308 [INFO] IPUIPlugin:80 - create IPUIPlugin
2025-08-28 19:09:47,308 [INFO] PluginManager:220 - loadIPPluginJar : add quadspi
2025-08-28 19:09:47,309 [INFO] IPUIPlugin:80 - create IPUIPlugin
2025-08-28 19:09:47,310 [INFO] PluginManager:220 - loadIPPluginJar : add radio
2025-08-28 19:09:47,312 [INFO] IPUIPlugin:80 - create IPUIPlugin
2025-08-28 19:09:47,313 [INFO] PluginManager:220 - loadIPPluginJar : add resmgrutility
2025-08-28 19:09:47,316 [INFO] IPUIPlugin:80 - create IPUIPlugin
2025-08-28 19:09:47,316 [INFO] PluginManager:220 - loadIPPluginJar : add sai
2025-08-28 19:09:47,318 [INFO] IPUIPlugin:80 - create IPUIPlugin
2025-08-28 19:09:47,318 [INFO] PluginManager:220 - loadIPPluginJar : add spi
2025-08-28 19:09:47,323 [INFO] IPUIPlugin:80 - create IPUIPlugin
2025-08-28 19:09:47,323 [INFO] PluginManager:220 - loadIPPluginJar : add stm32_wpan
2025-08-28 19:09:47,324 [INFO] IPUIPlugin:80 - create IPUIPlugin
2025-08-28 19:09:47,324 [INFO] PluginManager:220 - loadIPPluginJar : add tim
2025-08-28 19:09:47,327 [INFO] IPUIPlugin:80 - create IPUIPlugin
2025-08-28 19:09:47,327 [INFO] PluginManager:220 - loadIPPluginJar : add touchsensing
2025-08-28 19:09:47,329 [INFO] IPUIPlugin:80 - create IPUIPlugin
2025-08-28 19:09:47,329 [INFO] PluginManager:220 - loadIPPluginJar : add tracer_emb
2025-08-28 19:09:47,331 [INFO] IPUIPlugin:80 - create IPUIPlugin
2025-08-28 19:09:47,331 [INFO] PluginManager:220 - loadIPPluginJar : add ts
2025-08-28 19:09:47,332 [INFO] IPUIPlugin:80 - create IPUIPlugin
2025-08-28 19:09:47,332 [INFO] PluginManager:220 - loadIPPluginJar : add tsc
2025-08-28 19:09:47,334 [INFO] IPUIPlugin:80 - create IPUIPlugin
2025-08-28 19:09:47,334 [INFO] PluginManager:220 - loadIPPluginJar : add ucpd
2025-08-28 19:09:47,336 [INFO] IPUIPlugin:80 - create IPUIPlugin
2025-08-28 19:09:47,336 [INFO] PluginManager:220 - loadIPPluginJar : add usart
2025-08-28 19:09:47,338 [INFO] IPUIPlugin:80 - create IPUIPlugin
2025-08-28 19:09:47,338 [INFO] PluginManager:220 - loadIPPluginJar : add usbx
2025-08-28 19:09:47,464 [FATAL] Updater:351 - Updater called before beeing initialized
2025-08-28 19:09:47,488 [INFO] RulesReader:64 - Compatibility file has been processed (302 Rules)
2025-08-28 19:09:47,499 [INFO] RulesReader:64 - Compatibility file has been processed (302 Rules)
2025-08-28 19:09:47,508 [INFO] CADModel:165 - CPN selected for project level
2025-08-28 19:09:47,508 [INFO] CADModel:114 - Register for checkConnection events
2025-08-28 19:09:47,508 [FATAL] Updater:351 - Updater called before beeing initialized
2025-08-28 19:09:47,508 [ERROR] CADModel:125 - Updater not yet initialized, retry later 
2025-08-28 19:09:47,703 [FATAL] Updater:351 - Updater called before beeing initialized
2025-08-28 19:09:47,705 [INFO] CADModel:165 - CPN selected for project level
2025-08-28 19:09:47,705 [INFO] CADModel:114 - Register for checkConnection events
2025-08-28 19:09:47,705 [FATAL] Updater:351 - Updater called before beeing initialized
2025-08-28 19:09:47,705 [ERROR] CADModel:125 - Updater not yet initialized, retry later 
2025-08-28 19:09:47,709 [FATAL] Updater:351 - Updater called before beeing initialized
2025-08-28 19:09:47,850 [FATAL] Updater:351 - Updater called before beeing initialized
2025-08-28 19:09:47,856 [INFO] DbMcusAds:53 - JSON generation date=Thu Jun 19 14:02:34 IST 2025 (1750321954384)
2025-08-28 19:09:47,856 [FATAL] Updater:351 - Updater called before beeing initialized
2025-08-28 19:09:47,891 [WARN] DetailPanel:346 - Failed to get advertising image, set to default
2025-08-28 19:09:48,154 [FATAL] Updater:351 - Updater called before beeing initialized
2025-08-28 19:09:48,155 [FATAL] Updater:351 - Updater called before beeing initialized
2025-08-28 19:09:48,155 [FATAL] Updater:351 - Updater called before beeing initialized
2025-08-28 19:09:48,156 [WARN] DetailPanel:346 - Failed to get advertising image, set to default
2025-08-28 19:09:48,156 [FATAL] Updater:351 - Updater called before beeing initialized
2025-08-28 19:09:48,207 [ERROR] Updater:1198 - MainUpdater not yet initialized. External WinMGr cannot be set.
2025-08-28 19:09:48,209 [INFO] Updater:1134 - Updater Version found : 6.14.1
2025-08-28 19:09:48,227 [INFO] ApplicationProperties:184 - Using Application install path: C:\ST\STM32CubeIDE_1.18.1\STM32CubeIDE\plugins\com.st.stm32cube.common.mx_6.14.1.202504091515
2025-08-28 19:09:49,626 [INFO] ThirdPartyUpdaterWithRetryManager:70 - Updater plugin not ready yet. [2/15]
2025-08-28 19:09:49,812 [ERROR] LogOutputStream:75 - [STDERR_REDIRECT] Aug 28, 2025 7:09:49 PM java.util.prefs.WindowsPreferences <init>
2025-08-28 19:09:49,815 [ERROR] LogOutputStream:75 - [STDERR_REDIRECT] WARNING: Could not open/create prefs root node Software\JavaSoft\Prefs at root 0xffffffff80000002. Windows RegCreateKeyEx(...) returned error code 5.
2025-08-28 19:09:49,816 [ERROR] LogOutputStream:75 - [STDERR_REDIRECT] 
2025-08-28 19:09:50,591 [INFO] MainUpdater:2872 - connection check result : 10
2025-08-28 19:09:50,592 [INFO] MainUpdater:289 - Updater Check For Update Now.
2025-08-28 19:09:50,594 [INFO] MicroXplorer:498 - Change Database Version : DB.6.0.141
2025-08-28 19:09:50,605 [INFO] McuFinderGlobals:63 - Set McuFinder mode to 2 (CubeIDE integrated)
2025-08-28 19:09:50,606 [INFO] UserAuth:484 - Internet connection configuration mode: 1
2025-08-28 19:09:50,647 [INFO] JxBrowserEngine:152 - Initiate JxBrowser Engine with user profile folder
2025-08-28 19:09:50,863 [INFO] CheckServerUpdateThread:120 - End of CheckServer Thread
2025-08-28 19:09:52,826 [INFO] WebApp:169 - Instantiating new browser for Auth
2025-08-28 19:09:53,077 [WARN] PackLoader:240 - Cannot read IP mode file for STMicroelectronics.FP-SNS-MOTENVWB1.1.4.0
2025-08-28 19:09:53,093 [WARN] PackLoader:240 - Cannot read IP mode file for STMicroelectronics.FP-ATR-ASTRA1.2.0.2
2025-08-28 19:09:53,116 [WARN] PackLoader:240 - Cannot read IP mode file for STMicroelectronics.X-CUBE-SMBUS.2.1.0
2025-08-28 19:09:53,124 [WARN] PackLoader:240 - Cannot read IP mode file for STMicroelectronics.X-CUBE-ST60.1.0.0
2025-08-28 19:09:53,179 [WARN] PackLoader:240 - Cannot read IP mode file for STMicroelectronics.X-CUBE-AZRTOS-F7.1.1.0
2025-08-28 19:09:53,235 [WARN] PackLoader:240 - Cannot read IP mode file for Infineon.AIROC-Wi-Fi-Bluetooth-STM32.1.7.0
2025-08-28 19:09:53,305 [WARN] PackLoader:240 - Cannot read IP mode file for STMicroelectronics.X-CUBE-AZRTOS-H7.3.4.0
2025-08-28 19:09:53,327 [WARN] PackLoader:240 - Cannot read IP mode file for STMicroelectronics.X-CUBE-DISPLAY.3.0.0
2025-08-28 19:09:53,351 [WARN] PackLoader:240 - Cannot read IP mode file for STMicroelectronics.X-CUBE-NFC10.1.0.0
2025-08-28 19:09:53,366 [WARN] PackLoader:240 - Cannot read IP mode file for STMicroelectronics.X-CUBE-BLEMGR.4.0.0
2025-08-28 19:09:53,376 [WARN] PackLoader:240 - Cannot read IP mode file for emotas.I-CUBE-CANOPEN.1.3.0
2025-08-28 19:09:53,383 [WARN] ConditionMgr:438 - getConditionDescription Invalid condition id : Cortex-A Device cause : null
2025-08-28 19:09:53,404 [WARN] ConditionMgr:1044 - genDependencies : Invalid condition id : Cortex-A Device cause : null
2025-08-28 19:09:53,405 [WARN] ConditionMgr:1044 - genDependencies : Invalid condition id : Cortex-A Device cause : null
2025-08-28 19:09:53,405 [WARN] ConditionMgr:1044 - genDependencies : Invalid condition id : Cortex-A Device cause : null
2025-08-28 19:09:53,412 [ERROR] Engine:466 - C:\Users\arumu\.stm32cubemx\thirdparties\pdsc\STMicroelectronics.FP-SNS-STBOX1.2.1.0.pdsc: PDSC version is not supported
2025-08-28 19:09:53,417 [WARN] PackLoader:240 - Cannot read IP mode file for STMicroelectronics.FP-SNS-SMARTAG2.1.2.0
2025-08-28 19:09:53,422 [WARN] PackLoader:240 - Cannot read IP mode file for STMicroelectronics.FP-SNS-FLIGHT1.5.1.0
2025-08-28 19:09:53,434 [INFO] LogOutputStream:77 - [STDOUT_REDIRECT] 1 : Invalid condition id : UX_CORESTACK_Condition cause : null
2025-08-28 19:09:53,435 [INFO] LogOutputStream:77 - [STDOUT_REDIRECT] 1 : Invalid condition id : UX_CORESTACK_Condition cause : null
2025-08-28 19:09:53,438 [INFO] LogOutputStream:77 - [STDOUT_REDIRECT] 1 : Invalid condition id : UX_CORESTACK_Condition cause : null
2025-08-28 19:09:53,440 [INFO] LogOutputStream:77 - [STDOUT_REDIRECT] 1 : Invalid condition id : UX_CORESTACK_Condition cause : null
2025-08-28 19:09:53,442 [INFO] LogOutputStream:77 - [STDOUT_REDIRECT] 1 : Invalid condition id : UX_CORESTACK_Condition cause : null
2025-08-28 19:09:53,447 [WARN] PackLoader:240 - Cannot read IP mode file for STMicroelectronics.X-CUBE-AZRTOS-WL.2.0.0
2025-08-28 19:09:53,456 [WARN] PackLoader:240 - Cannot read IP mode file for STMicroelectronics.FP-SNS-MOTENV1.5.0.0
2025-08-28 19:09:53,471 [WARN] PackLoader:240 - Cannot read IP mode file for WES.I-CUBE-Cesium.1.3.0
2025-08-28 19:09:53,479 [WARN] PackLoader:240 - Cannot read IP mode file for STMicroelectronics.X-CUBE-BLE2.3.3.0
2025-08-28 19:09:53,490 [WARN] PackLoader:240 - Cannot read IP mode file for STMicroelectronics.X-CUBE-NFC9.1.0.0
2025-08-28 19:09:53,501 [WARN] PackLoader:240 - Cannot read IP mode file for wolfSSL.I-CUBE-wolfSSL.5.8.0
2025-08-28 19:09:53,510 [WARN] PackLoader:240 - Cannot read IP mode file for STMicroelectronics.X-CUBE-BLE1.7.1.0
2025-08-28 19:09:53,516 [WARN] PackLoader:240 - Cannot read IP mode file for wolfSSL.I-CUBE-wolfMQTT.1.19.2
2025-08-28 19:09:53,529 [WARN] PackLoader:240 - Cannot read IP mode file for STMicroelectronics.X-CUBE-EEPRMA1.5.2.0
2025-08-28 19:09:53,538 [WARN] PackLoader:240 - Cannot read IP mode file for STMicroelectronics.X-CUBE-AI.10.1.0
2025-08-28 19:09:53,575 [WARN] PackLoader:240 - Cannot read IP mode file for STMicroelectronics.X-CUBE-AZRTOS-G0.1.1.0
2025-08-28 19:09:53,588 [WARN] PackLoader:240 - Cannot read IP mode file for STMicroelectronics.X-CUBE-SAFEA1.1.2.2
2025-08-28 19:09:53,597 [WARN] PackLoader:240 - Cannot read IP mode file for STMicroelectronics.X-CUBE-NFC4.3.0.0
2025-08-28 19:09:53,614 [WARN] PackLoader:240 - Cannot read IP mode file for EmbeddedOffice.I-CUBE-FS-RTOS.1.0.1
2025-08-28 19:09:53,622 [WARN] PackLoader:240 - Cannot read IP mode file for STMicroelectronics.X-CUBE-WB05N.2.0.0
2025-08-28 19:09:53,629 [WARN] PackLoader:240 - Cannot read IP mode file for wolfSSL.I-CUBE-wolfTPM.3.8.0
2025-08-28 19:09:53,637 [WARN] PackLoader:240 - Cannot read IP mode file for STMicroelectronics.X-CUBE-TCPP.4.2.0
2025-08-28 19:09:53,647 [WARN] PackLoader:240 - Cannot read IP mode file for RealThread.X-CUBE-RT-Thread_Nano.4.1.1
2025-08-28 19:09:53,654 [WARN] PackLoader:240 - Cannot read IP mode file for STMicroelectronics.FP-ATR-SIGFOX1.3.2.0
2025-08-28 19:09:53,663 [WARN] PackLoader:240 - Cannot read IP mode file for STMicroelectronics.X-CUBE-EEPRMA1.5.1.0
2025-08-28 19:09:53,674 [WARN] PackLoader:240 - Cannot read IP mode file for ITTIA_DB.I-CUBE-ITTIADB.8.9.0
2025-08-28 19:09:53,691 [WARN] PackLoader:240 - Cannot read IP mode file for STMicroelectronics.X-CUBE-ST67W61.1.0.0
2025-08-28 19:09:53,696 [WARN] PackLoader:240 - Cannot read IP mode file for STMicroelectronics.X-CUBE-AI.10.2.0
2025-08-28 19:09:53,727 [WARN] PackLoader:240 - Cannot read IP mode file for SEGGER.I-CUBE-embOS.1.3.1
2025-08-28 19:09:53,770 [WARN] PackLoader:240 - Cannot read IP mode file for STMicroelectronics.X-CUBE-ALGOBUILD.1.4.0
2025-08-28 19:09:53,842 [WARN] PackLoader:240 - Cannot read IP mode file for STMicroelectronics.X-CUBE-MEMS1.11.3.0
2025-08-28 19:09:54,104 [WARN] PackLoader:240 - Cannot read IP mode file for STMicroelectronics.X-CUBE-PM33A1.1.0.0
2025-08-28 19:09:54,126 [WARN] PackLoader:240 - Cannot read IP mode file for STMicroelectronics.X-CUBE-AZRTOS-F4.1.1.0
2025-08-28 19:09:54,135 [WARN] PackLoader:240 - Cannot read IP mode file for Avnet-IotConnect.X-CUBE-IoTC-DA16k-PMOD.1.0.0
2025-08-28 19:09:54,140 [WARN] PackLoader:240 - Cannot read IP mode file for STMicroelectronics.X-CUBE-ISPU.2.1.0
2025-08-28 19:09:54,151 [WARN] PackLoader:240 - Cannot read IP mode file for STMicroelectronics.X-CUBE-NFC12.1.0.0
2025-08-28 19:09:54,180 [WARN] PackLoader:240 - Cannot read IP mode file for STMicroelectronics.X-CUBE-AZRTOS-L5.2.0.0
2025-08-28 19:09:54,192 [WARN] PackLoader:240 - Cannot read IP mode file for STMicroelectronics.X-CUBE-NFC6.3.1.0
2025-08-28 19:09:54,202 [WARN] PackLoader:240 - Cannot read IP mode file for STMicroelectronics.X-CUBE-FREERTOS.1.3.1
2025-08-28 19:09:54,211 [WARN] PackLoader:240 - Cannot read IP mode file for STMicroelectronics.FP-SNS-STAIOTCFT.1.0.0
2025-08-28 19:09:54,221 [WARN] PackLoader:240 - Cannot read IP mode file for STMicroelectronics.X-CUBE-DPower.1.3.0
2025-08-28 19:09:54,241 [WARN] ConditionMgr:438 - getConditionDescription Invalid condition id : LAN8742 Phy interface Condition cause : null
2025-08-28 19:09:54,241 [WARN] PackLoader:240 - Cannot read IP mode file for STMicroelectronics.X-CUBE-AZRTOS-L4.2.0.0
2025-08-28 19:09:54,243 [WARN] ConditionMgr:1044 - genDependencies : Invalid condition id : LAN8742 Phy interface Condition cause : null
2025-08-28 19:09:54,244 [WARN] ConditionMgr:1044 - genDependencies : Invalid condition id : LAN8742 Phy interface Condition cause : null
2025-08-28 19:09:54,244 [WARN] ConditionMgr:1044 - genDependencies : Invalid condition id : LAN8742 Phy interface Condition cause : null
2025-08-28 19:09:54,252 [WARN] PackLoader:240 - Cannot read IP mode file for STMicroelectronics.X-CUBE-SFXS2LP1.4.0.0
2025-08-28 19:09:54,269 [WARN] PackLoader:240 - Cannot read IP mode file for STMicroelectronics.X-CUBE-AZRTOS-H7.3.3.0
2025-08-28 19:09:54,280 [WARN] PackLoader:240 - Cannot read IP mode file for STMicroelectronics.X-CUBE-BLEMGR.4.1.0
2025-08-28 19:09:54,295 [WARN] ConditionMgr:438 - getConditionDescription Invalid condition id : UX DEVICE CLASS RTOS Condition cause : null
2025-08-28 19:09:54,295 [WARN] ConditionMgr:438 - getConditionDescription Invalid condition id : UX DEVICE CLASS RTOS Condition cause : null
2025-08-28 19:09:54,297 [WARN] PackLoader:240 - Cannot read IP mode file for STMicroelectronics.X-CUBE-AZRTOS-WB.2.0.0
2025-08-28 19:09:54,298 [WARN] ConditionMgr:1044 - genDependencies : Invalid condition id : UX DEVICE CLASS RTOS Condition cause : null
2025-08-28 19:09:54,298 [WARN] ConditionMgr:1044 - genDependencies : Invalid condition id : UX DEVICE CLASS RTOS Condition cause : null
2025-08-28 19:09:54,298 [WARN] ConditionMgr:1044 - genDependencies : Invalid condition id : UX DEVICE CLASS RTOS Condition cause : null
2025-08-28 19:09:54,299 [WARN] ConditionMgr:1044 - genDependencies : Invalid condition id : UX DEVICE CLASS RTOS Condition cause : null
2025-08-28 19:09:54,299 [WARN] ConditionMgr:1044 - genDependencies : Invalid condition id : UX DEVICE CLASS RTOS Condition cause : null
2025-08-28 19:09:54,306 [WARN] PackLoader:240 - Cannot read IP mode file for STMicroelectronics.X-CUBE-GNSS1.7.0.1
2025-08-28 19:09:54,314 [WARN] PackLoader:240 - Cannot read IP mode file for STMicroelectronics.X-CUBE-TOUCHGFX.4.25.0
2025-08-28 19:09:54,321 [WARN] PackLoader:240 - Cannot read IP mode file for STMicroelectronics.FP-SNS-STBOX1.2.0.0
2025-08-28 19:09:54,335 [WARN] PackLoader:240 - Cannot read IP mode file for STMicroelectronics.X-CUBE-SUBG2.5.0.0
2025-08-28 19:09:54,357 [WARN] PackLoader:240 - Cannot read IP mode file for STMicroelectronics.X-CUBE-AZRTOS-H7RS.1.1.0
2025-08-28 19:09:54,365 [WARN] PackLoader:240 - Cannot read IP mode file for Cesanta.I-CUBE-Mongoose.7.13.0
2025-08-28 19:09:54,378 [WARN] PackLoader:240 - Cannot read IP mode file for STMicroelectronics.X-CUBE-AZRTOS-G4.2.0.0
2025-08-28 19:09:54,386 [WARN] PackLoader:240 - Cannot read IP mode file for wolfSSL.I-CUBE-wolfSSH.1.4.20
2025-08-28 19:09:54,392 [WARN] PackLoader:240 - Cannot read IP mode file for STMicroelectronics.X-CUBE-NFC7.2.0.0
2025-08-28 19:09:54,414 [WARN] PackLoader:240 - Cannot read IP mode file for STMicroelectronics.X-CUBE-IPS.3.1.0
2025-08-28 19:09:54,430 [WARN] PackLoader:240 - Cannot read IP mode file for STMicroelectronics.X-CUBE-ALS.1.0.2
2025-08-28 19:09:54,438 [WARN] PackLoader:240 - Cannot read IP mode file for portGmbH.I-Cube-SoM-uGOAL.1.1.0
2025-08-28 19:09:54,457 [WARN] PackLoader:240 - Cannot read IP mode file for STMicroelectronics.X-CUBE-TOF1.3.4.3
2025-08-28 19:09:54,472 [INFO] ThirdParty:978 - Integrity check success = true
2025-08-28 19:09:54,472 [INFO] IntegrityCheckThread:100 - exiting critical section [integrity check]
2025-08-28 19:09:54,472 [INFO] IntegrityCheckThread:103 - End integrity checks thread
2025-08-28 19:09:55,006 [INFO] WebApp:463 - Apply proxy settings
2025-08-28 19:09:55,007 [INFO] WebApp:548 - Chromium requires no authentication
2025-08-28 19:09:55,019 [INFO] WebApp:491 - Direct internet connection detected
2025-08-28 19:09:55,070 [INFO] WebApp:894 - Register for checkConnection events
2025-08-28 19:09:55,070 [INFO] WebApp:463 - Apply proxy settings
2025-08-28 19:09:55,071 [INFO] WebApp:548 - Chromium requires no authentication
2025-08-28 19:09:55,071 [INFO] WebApp:491 - Direct internet connection detected
2025-08-28 19:09:55,346 [INFO] WebApp:225 - Starting web application
2025-08-28 19:09:55,346 [INFO] WebApp:593 - Web application path used C:\ST\STM32CubeIDE_1.18.1\STM32CubeIDE\plugins\com.st.stm32cube.common.mx_6.14.1.202504091515\db\plugins\mcufinder\reactClient1\index.html
2025-08-28 19:09:55,566 [INFO] UserAuth:484 - Internet connection configuration mode: 1
2025-08-28 19:09:56,474 [INFO] WebApp:191 - Connection restablished
2025-08-28 19:34:16,069 [INFO] McuFinderGlobals:63 - Set McuFinder mode to 2 (CubeIDE integrated)
2025-08-28 19:34:16,083 [INFO] MainUpdater:2872 - connection check result : 10
2025-08-28 19:34:16,085 [INFO] MainUpdater:2872 - connection check result : 10
2025-08-28 19:34:16,169 [INFO] MicroXplorer:468 - Change Database Path : 
2025-08-28 19:34:16,169 [INFO] MicroXplorer:498 - Change Database Version : DB.6.0.141
2025-08-28 19:34:16,189 [WARN] ThirdParty:871 - waiting for thirdparty lock release [close project]
2025-08-28 19:34:16,189 [INFO] ThirdParty:873 - entering critical section [close project]
2025-08-28 19:34:16,190 [INFO] ThirdParty:883 - exiting critical section [close project]
2025-08-28 19:34:16,195 [INFO] PinOutPanel:1589 - setPackage(No Configuration,No Configuration)
2025-08-28 19:34:16,206 [INFO] UtilMem:75 - Begin LoadConfig() Used Memory: 720508472 Bytes (1073741824)
2025-08-28 19:34:16,209 [INFO] MicroXplorer:468 - Change Database Path : 
2025-08-28 19:34:16,210 [INFO] MicroXplorer:498 - Change Database Version : DB.6.0.141
2025-08-28 19:34:16,210 [INFO] OpenFileManager:354 - Change cursor
2025-08-28 19:34:16,330 [INFO] Mcu:2011 - Initializing MCU STM32L476R(C-E-G)Tx STM32L476RGTx STM32L476RGT3
2025-08-28 19:34:20,531 [INFO] Context:756 - Trying to add GPIOservice into a context  which must be forbidden
2025-08-28 19:34:21,680 [INFO] ImportTextPane:218 - (OptionalMessage_ERROR) Pin13 (VP_RIF_VS_RIF1) cannot be retrieved for this MCU
2025-08-28 19:34:21,904 [INFO] RtosManager:558 - Registered RTOS mode: class=CMSIS, group=RTOS, mode=CMSIS_V1, owner=FREERTOS
2025-08-28 19:34:21,905 [INFO] RtosManager:558 - Registered RTOS mode: class=CMSIS, group=RTOS2, mode=CMSIS_V2, owner=FREERTOS
2025-08-28 19:34:21,905 [INFO] RtosManager:558 - Registered RTOS mode: class=RTOS, group=Core, mode=CMSIS_V1, owner=FREERTOS
2025-08-28 19:34:21,905 [INFO] RtosManager:558 - Registered RTOS mode: class=RTOS, group=Core, mode=CMSIS_V2, owner=FREERTOS
2025-08-28 19:34:21,905 [WARN] ModelIntegratedComponent:184 - Missing modes for component STMicroelectronics:FreeRTOS:0.0.1:STMicroelectronics:RTOS:FreeRTOS:Core:::10.2.0:
2025-08-28 19:34:21,948 [WARN] ModelIntegratedComponent:63 - No mode defined for component null
2025-08-28 19:34:21,948 [WARN] ModelIntegratedComponent:63 - No mode defined for component null
2025-08-28 19:34:21,948 [WARN] ModelIntegratedComponent:63 - No mode defined for component null
2025-08-28 19:34:21,948 [WARN] ModelIntegratedComponent:63 - No mode defined for component null
2025-08-28 19:34:21,948 [WARN] ModelIntegratedComponent:63 - No mode defined for component null
2025-08-28 19:34:21,948 [WARN] ModelIntegratedComponent:63 - No mode defined for component null
2025-08-28 19:34:21,948 [WARN] ModelIntegratedComponent:63 - No mode defined for component null
2025-08-28 19:34:21,949 [WARN] ModelIntegratedComponent:63 - No mode defined for component null
2025-08-28 19:34:21,949 [WARN] ModelIntegratedComponent:63 - No mode defined for component null
2025-08-28 19:34:21,949 [WARN] ModelIntegratedComponent:63 - No mode defined for component null
2025-08-28 19:34:21,949 [WARN] ModelIntegratedComponent:63 - No mode defined for component null
2025-08-28 19:34:21,949 [WARN] ModelIntegratedComponent:63 - No mode defined for component null
2025-08-28 19:34:21,949 [WARN] ModelIntegratedComponent:63 - No mode defined for component null
2025-08-28 19:34:21,949 [WARN] ModelIntegratedComponent:63 - No mode defined for component null
2025-08-28 19:34:21,949 [WARN] ModelIntegratedComponent:63 - No mode defined for component null
2025-08-28 19:34:21,949 [WARN] ModelIntegratedComponent:63 - No mode defined for component null
2025-08-28 19:34:21,950 [WARN] ModelIntegratedComponent:63 - No mode defined for component null
2025-08-28 19:34:21,950 [WARN] ModelIntegratedComponent:63 - No mode defined for component null
2025-08-28 19:34:21,950 [WARN] ModelIntegratedComponent:63 - No mode defined for component null
2025-08-28 19:34:21,950 [WARN] ModelIntegratedComponent:63 - No mode defined for component null
2025-08-28 19:34:21,950 [WARN] ModelIntegratedComponent:63 - No mode defined for component null
2025-08-28 19:34:21,950 [WARN] ModelIntegratedComponent:63 - No mode defined for component null
2025-08-28 19:34:21,950 [WARN] ModelIntegratedComponent:63 - No mode defined for component null
2025-08-28 19:34:21,950 [WARN] ModelIntegratedComponent:63 - No mode defined for component null
2025-08-28 19:34:21,950 [WARN] ModelIntegratedComponent:63 - No mode defined for component null
2025-08-28 19:34:21,950 [WARN] ModelIntegratedComponent:63 - No mode defined for component null
2025-08-28 19:34:21,950 [WARN] ModelIntegratedComponent:63 - No mode defined for component null
2025-08-28 19:34:21,950 [WARN] ModelIntegratedComponent:63 - No mode defined for component null
2025-08-28 19:34:21,952 [WARN] ModelIntegratedComponent:63 - No mode defined for component null
2025-08-28 19:34:21,952 [WARN] ModelIntegratedComponent:63 - No mode defined for component null
2025-08-28 19:34:21,952 [WARN] ModelIntegratedComponent:63 - No mode defined for component null
2025-08-28 19:34:21,952 [WARN] ModelIntegratedComponent:63 - No mode defined for component null
2025-08-28 19:34:21,952 [WARN] ModelIntegratedComponent:63 - No mode defined for component null
2025-08-28 19:34:21,952 [WARN] ModelIntegratedComponent:63 - No mode defined for component null
2025-08-28 19:34:21,952 [WARN] ModelIntegratedComponent:63 - No mode defined for component null
2025-08-28 19:34:21,953 [WARN] ModelPack:524 - Component already loaded: STMicroelectronics:HAL Drivers:0.0.0:STMicroelectronics:Device:STMicro_Driver:XSPI:HAL::0.0.1:HAL_XSPI
2025-08-28 19:34:22,130 [INFO] ThirdPartyModel:298 - Start build external matchings
2025-08-28 19:34:23,002 [INFO] ThirdPartyModel:316 - End build external matchings
2025-08-28 19:34:23,033 [INFO] ImportTextPane:218 - (OptionalMessage_ERROR) IP (ADC1) : Parameter (CommonPathInternal) has invalid value (null|null|null|null)
2025-08-28 19:34:23,037 [INFO] ImportTextPane:218 - (OptionalMessage_ERROR) IP (RCC) : Invalid parameter (FamilyName)
2025-08-28 19:34:23,043 [INFO] ImportTextPane:218 - (OptionalMessage_ERROR) IP (RCC) : Parameter (RNGFreq_Value) has invalid value (64000000)
2025-08-28 19:34:23,043 [INFO] ImportTextPane:218 - (OptionalMessage_ERROR) IP (RCC) : Parameter (SDMMCFreq_Value) has invalid value (64000000)
2025-08-28 19:34:23,043 [INFO] ImportTextPane:218 - (OptionalMessage_ERROR) IP (RCC) : Parameter (USBFreq_Value) has invalid value (64000000)
2025-08-28 19:34:23,834 [INFO] ApiDb:581 - Connected to CubeFinder SQLite database (C:\Users\arumu\.stmcufinder\plugins\mcufinder\mcu\cube-finder-db.db)
2025-08-28 19:34:24,047 [INFO] ApiDb:668 - CubeFinder database Data Model version=2.1
2025-08-28 19:34:24,047 [INFO] ApiDb:669 - CubeFinder database Configuration version=3.0.39
2025-08-28 19:34:24,049 [INFO] ApiDb:670 - CubeFinder database generation date=2025-06-16 (1750072209)
2025-08-28 19:34:24,049 [INFO] ApiDb:671 - CubeFinder database FW Pack versions=[FP-ATR-ASTRA1_V2.0.0, FP-SNS-FLIGHT1_V5.1.0, FP-SNS-MOTENV1_V5.0.0, FP-SNS-MOTENVWB1_V1.4.0, FP-SNS-SMARTAG2_V1.2.0, FP-SNS-STBOX1_V2.0.0, STM32Cube_FW_C0_V1.4.0, STM32Cube_FW_F4_V1.28.2, STM32Cube_FW_F7_V1.17.3, STM32Cube_FW_G0_V1.6.2, STM32Cube_FW_G4_V1.6.1, STM32Cube_FW_H5_V1.5.0, STM32Cube_FW_H7RS_V1.2.0, STM32Cube_FW_H7_V1.12.1, STM32Cube_FW_L0_V1.12.2, STM32Cube_FW_L4_V1.18.1, STM32Cube_FW_L5_V1.5.1, STM32Cube_FW_N6_V1.1.1, STM32Cube_FW_U0_V1.2.0, STM32Cube_FW_U3_V1.1.0, STM32Cube_FW_U5_V1.7.0, STM32Cube_FW_WB0_V1.2.0, STM32Cube_FW_WBA_V1.6.0, STM32Cube_FW_WB_V1.22.0, STM32Cube_FW_WL3_V1.1.0, STM32Cube_FW_WL_V1.3.1, X-CUBE-ALGOBUILD_V1.4.0, X-CUBE-ALS_V1.0.2, X-CUBE-AZRTOS-F4_V1.1.0, X-CUBE-AZRTOS-F7_V1.1.0, X-CUBE-AZRTOS-G0_V1.1.0, X-CUBE-AZRTOS-G4_V2.0.0, X-CUBE-AZRTOS-H7RS_V1.1.0, X-CUBE-AZRTOS-H7_V3.3.0, X-CUBE-AZRTOS-L4_V2.0.0, X-CUBE-AZRTOS-L5_V2.0.0, X-CUBE-AZRTOS-WB_V2.0.0, X-CUBE-AZRTOS-WL_V2.0.0, X-CUBE-BLE1_V7.1.0, X-CUBE-BLE2_V3.3.0, X-CUBE-BLEMGR_V4.0.0, X-CUBE-EEPRMA1_V5.1.0, X-CUBE-FREERTOS_V1.3.1, X-CUBE-GNSS1_V6.0.0, X-CUBE-MEMS1_V11.3.0, X-CUBE-NFC4_V3.0.0, X-CUBE-NFC7_V2.0.0, X-CUBE-SFXS2LP1_V4.0.0, X-CUBE-SUBG2_V5.0.0, X-CUBE-TOF1_V3.4.3]
2025-08-28 19:34:24,283 [INFO] DbBoardsSqlite:226 - include board P-NUCLEO-WB55-NUCLEO as a kit item of type 'Nucleo-64'
2025-08-28 19:34:24,283 [INFO] DbBoardsSqlite:226 - include board P-NUCLEO-WB55-USBDONGLE as a kit item of type 'Nucleo USB Dongle'
2025-08-28 19:34:24,285 [INFO] DbBoardsSqlite:226 - include board STEVAL-IDP005V1 as a kit item of type 'Evaluation Board'
2025-08-28 19:34:24,285 [INFO] DbBoardsSqlite:226 - include board STEVAL-IDP005V2 as a kit item of type 'Evaluation Board'
2025-08-28 19:34:25,164 [INFO] ApiDb:240 - Found 895 in-development CPN: [B-G473E-ZEST1S, B-WB1M-WPAN1, B-WBA5M-WPAN, B-WL5M-SUBG1, NUCLEO-C031C6, NUCLEO-C051C8, NUCLEO-C071RB, NUCLEO-C092RC, NUCLEO-H503RB, NUCLEO-H533RE, NUCLEO-H563ZI, NUCLEO-H7S3L8, NUCLEO-N657X0-Q, NUCLEO-U031R8, NUCLEO-U083RC, NUCLEO-U385RG-Q, NUCLEO-U545RE-Q, NUCLEO-U5A5ZJ-Q, NUCLEO-WB05KZ, NUCLEO-WB07CC, NUCLEO-WB09KE, NUCLEO-WBA52CG, NUCLEO-WBA55CG, NUCLEO-WBA65RI, NUCLEO-WL33CC1, NUCLEO-WL33CC2, STEVAL-PROTEUS1, STEVAL-SMARTAG2, STEVAL-STWINBX1, STM320518-EVAL, STM32C0116-DK, STM32C011D6Y3TR, STM32C011D6Y6TR, STM32C011F4P3, STM32C011F4P6, STM32C011F4U3, STM32C011F4U6TR, STM32C011F6P3, STM32C011F6P6, STM32C011F6U3, STM32C011F6U6TR, STM32C011J4M3, STM32C011J4M6, STM32C011J6M3, STM32C011J6M6, STM32C0316-DK, STM32C031C4T3, STM32C031C4T6, STM32C031C4U3, STM32C031C4U6, STM32C031C6T3, STM32C031C6T6, STM32C031C6U3, STM32C031C6U6, STM32C031F4P3, STM32C031F4P6, STM32C031F6P3, STM32C031F6P6, STM32C031G4U3, STM32C031G4U6, STM32C031G6U3, STM32C031G6U6, STM32C031K4T3, STM32C031K4T6, STM32C031K4U3, STM32C031K4U6, STM32C031K6T3, STM32C031K6T6, STM32C031K6U3, STM32C031K6U6, STM32C051C6T6, STM32C051C6U6, STM32C051C8T6, STM32C051C8U6, STM32C051D8Y6TR, STM32C051F6P6, STM32C051F8P6, STM32C051G6U6, STM32C051G8U6, STM32C051K6T6, STM32C051K6U6, STM32C051K8T6, STM32C071C8T6, STM32C071C8T6N, STM32C071C8U6, STM32C071C8U6N, STM32C071CBT6, STM32C071CBT6N, STM32C071CBU6, STM32C071CBU6N, STM32C071F8P6, STM32C071F8P6N, STM32C071FBP6, STM32C071FBP6N, STM32C071FBY6TR, STM32C071G8U6, STM32C071G8U6N, STM32C071GBU6, STM32C071GBU6N, STM32C071K8T6, STM32C071K8T6N, STM32C071K8U6, STM32C071K8U6N, STM32C071KBT6, STM32C071KBT6N, STM32C071KBU6, STM32C071KBU6N, STM32C071R8T6, STM32C071R8T6N, STM32C071RBI6N, STM32C071RBT6, STM32C071RBT6N, STM32C091CBT6, STM32C091CBU6, STM32C091CCT6, STM32C091CCU6, STM32C091ECY6TR, STM32C091FBP6, STM32C091FCP6, STM32C091GBU6, STM32C091GCU6, STM32C091KBT6, STM32C091KBU6, STM32C091KCT6, STM32C091KCU6, STM32C091RBT6, STM32C091RCI6, STM32C091RCT6, STM32C092CBT6, STM32C092CBU6, STM32C092CCT6, STM32C092CCU6, STM32C092ECY6TR, STM32C092FBP6, STM32C092FCP6, STM32C092GBU6, STM32C092GCU6, STM32C092KBT6, STM32C092KBU6, STM32C092KCT6, STM32C092KCU6, STM32C092RBT6, STM32C092RCI6, STM32C092RCT6, STM32G071K8TXN, STM32G071K8UXN, STM32G081GBU6N, STM32G081KBT6N, STM32G081KBUXN, STM32G0B1CCT6N, STM32G0B1KCT6, STM32G0B1NEY6TR, STM32G0B1RCT6N, STM32G0C1CCT6, STM32G0C1CCT6N, STM32G0C1CCU6N, STM32G0C1CET6N, STM32G0C1CEU6N, STM32G0C1KCT6, STM32G0C1NEY6TR, STM32G0C1RCI6N, STM32G0C1RCT6N, STM32G0C1REI6N, STM32G0C1RET6N, STM32G0C1VCI6, STM32G0C1VEI6, STM32G411C6T3, STM32G411C6T6, STM32G411C6U3, STM32G411C6U6, STM32G411C8T3, STM32G411C8T6, STM32G411C8U3, STM32G411C8U6, STM32G411CBT3, STM32G411CBT6, STM32G411CBU3, STM32G411CBU6, STM32G411CCT3, STM32G411CCT6, STM32G411CCU3, STM32G411CCU6, STM32G411K6T3, STM32G411K6T6, STM32G411K6U3, STM32G411K6U6, STM32G411K8T3, STM32G411K8T6, STM32G411K8U3, STM32G411K8U6, STM32G411KBT3, STM32G411KBT6, STM32G411KBU3, STM32G411KBU6, STM32G411M6T3, STM32G411M6T6, STM32G411M8T3, STM32G411M8T6, STM32G411MBT3, STM32G411MBT6, STM32G411MCT3, STM32G411MCT6, STM32G411R6T3, STM32G411R6T6, STM32G411R8T3, STM32G411R8T6, STM32G411RBT3, STM32G411RBT6, STM32G411RCT3, STM32G411RCT6, STM32G414CBT3, STM32G414CBT6, STM32G414CBU3, STM32G414CBU6, STM32G414CCT3, STM32G414CCT6, STM32G414CCU3, STM32G414CCU6, STM32G414MBT3, STM32G414MBT6, STM32G414MCT3, STM32G414MCT6, STM32G414RBT3, STM32G414RBT6, STM32G414RCT3, STM32G414RCT6, STM32G414VBT3, STM32G414VBT6, STM32G414VCT3, STM32G414VCT6, STM32G431CBT3Z, STM32G431RBT3Z, STM32G471CCT6, STM32G471CCU6, STM32G471CET3, STM32G471CET6, STM32G471CEU3, STM32G471CEU6, STM32G471MCT6, STM32G471MET3, STM32G471MET6, STM32G471MEY6TR, STM32G471QCT6, STM32G471QET3, STM32G471RCT6, STM32G471RET3, STM32G471RET6, STM32G471VCH6, STM32G471VCI6, STM32G471VCT6, STM32G471VEH3, STM32G471VEH6, STM32G471VEI3, STM32G471VEI6, STM32G471VET3, STM32G471VET6, STM32G473QET3Z, STM32G473RET3Z, STM32G474CCT6, STM32G491RET3Z, STM32H503CBT6, STM32H503CBU6, STM32H503EBY6TR, STM32H503KBU6, STM32H503RBT6, STM32H523CCT6, STM32H523CCU6, STM32H523CET6, STM32H523CEU6, STM32H523HEY6TR, STM32H523RCT6, STM32H523RET6, STM32H523VCI6, STM32H523VCT6, STM32H523VEI6, STM32H523VET6, STM32H523ZCJ6, STM32H523ZCT6, STM32H523ZEJ6, STM32H523ZET6, STM32H533CET6, STM32H533CEU6, STM32H533HEY6TR, STM32H533RET6, STM32H533VEI6, STM32H533VET6, STM32H533ZEJ6, STM32H533ZET6, STM32H562AGI6, STM32H562AII6, STM32H562IGK6, STM32H562IGT6, STM32H562IIK6, STM32H562IIT6, STM32H562RGT6, STM32H562RGV6, STM32H562RIT6, STM32H562RIV6, STM32H562VGT6, STM32H562VIT6, STM32H562ZGT6, STM32H562ZIT6, STM32H563AGI6, STM32H563AII3Q, STM32H563AII6, STM32H563IGK6, STM32H563IGT6, STM32H563IIK3Q, STM32H563IIK6, STM32H563IIT3Q, STM32H563IIT6, STM32H563MIY3QTR, STM32H563RGT6, STM32H563RGV6, STM32H563RIT6, STM32H563RIV6, STM32H563VGT6, STM32H563VIT3Q, STM32H563VIT6, STM32H563ZGT6, STM32H563ZIT3Q, STM32H563ZIT6, STM32H573AII3Q, STM32H573AII6, STM32H573I-DK, STM32H573IIK3Q, STM32H573IIK6, STM32H573IIT3Q, STM32H573IIT6, STM32H573MIY3QTR, STM32H573RIT6, STM32H573RIV6, STM32H573VIT3Q, STM32H573VIT6, STM32H573ZIT3Q, STM32H573ZIT6, STM32H7R3A8I6, STM32H7R3I8K6, STM32H7R3I8T6, STM32H7R3L8H6, STM32H7R3L8H6H, STM32H7R3R8V6, STM32H7R3V8H6, STM32H7R3V8T6, STM32H7R3V8Y6TR, STM32H7R3Z8J6, STM32H7R3Z8T6, STM32H7R7A8I6, STM32H7R7I8K6, STM32H7R7I8T6, STM32H7R7L8H6, STM32H7R7L8H6H, STM32H7R7Z8J6, STM32H7S3A8I6, STM32H7S3I8K6, STM32H7S3I8T6, STM32H7S3L8H6, STM32H7S3L8H6H, STM32H7S3R8V6, STM32H7S3V8H6, STM32H7S3V8T6, STM32H7S3V8Y6TR, STM32H7S3Z8J6, STM32H7S3Z8T6, STM32H7S78-DK, STM32H7S7A8I6, STM32H7S7I8K6, STM32H7S7I8T6, STM32H7S7L8H6, STM32H7S7L8H6H, STM32H7S7Z8J6, STM32L4R5QGI6STR, STM32MP131AAE3, STM32MP131AAF3, STM32MP131AAG3, STM32MP131CAE3, STM32MP131CAF3, STM32MP131CAG3, STM32MP131DAE7, STM32MP131DAF7, STM32MP131DAG7, STM32MP131FAE7, STM32MP131FAF7, STM32MP131FAG7, STM32MP133AAE3, STM32MP133AAF3, STM32MP133AAG3, STM32MP133CAE3, STM32MP133CAF3, STM32MP133CAG3, STM32MP133DAE7, STM32MP133DAF7, STM32MP133DAG7, STM32MP133FAE7, STM32MP133FAF7, STM32MP133FAG7, STM32MP135AAE3, STM32MP135AAF3, STM32MP135AAG3, STM32MP135CAE3, STM32MP135CAF3, STM32MP135CAG3, STM32MP135DAE7, STM32MP135DAF7, STM32MP135DAG7, STM32MP135F-DK, STM32MP135FAE7, STM32MP135FAF7, STM32MP135FAF7T, STM32MP135FAF7U, STM32MP135FAG7, STM32MP231AAJ3, STM32MP231AAK3, STM32MP231AAL3, STM32MP231CAJ3, STM32MP231CAK3, STM32MP231CAL3, STM32MP231DAJ3, STM32MP231DAK3, STM32MP231DAL3, STM32MP231FAJ3, STM32MP231FAK3, STM32MP231FAL3, STM32MP233AAJ3, STM32MP233AAK3, STM32MP233AAL3, STM32MP233CAJ3, STM32MP233CAK3, STM32MP233CAL3, STM32MP233DAJ3, STM32MP233DAK3, STM32MP233DAL3, STM32MP233FAJ3, STM32MP233FAK3, STM32MP233FAL3, STM32MP235AAJ3, STM32MP235AAK3, STM32MP235AAL3, STM32MP235CAJ3, STM32MP235CAK3, STM32MP235CAL3, STM32MP235DAJ3, STM32MP235DAK3, STM32MP235DAL3, STM32MP235FAJ3, STM32MP235FAK3, STM32MP235FAL3, STM32MP251AAI3, STM32MP251AAJ3, STM32MP251AAK3, STM32MP251AAL3, STM32MP251CAI3, STM32MP251CAJ3, STM32MP251CAK3, STM32MP251CAL3, STM32MP251DAI3, STM32MP251DAJ3, STM32MP251DAK3, STM32MP251DAL3, STM32MP251FAI3, STM32MP251FAJ3, STM32MP251FAK3, STM32MP251FAL3, STM32MP253AAI3, STM32MP253AAJ3, STM32MP253AAK3, STM32MP253AAL3, STM32MP253CAI3, STM32MP253CAJ3, STM32MP253CAK3, STM32MP253CAL3, STM32MP253DAI3, STM32MP253DAJ3, STM32MP253DAK3, STM32MP253DAL3, STM32MP253FAI3, STM32MP253FAJ3, STM32MP253FAK3, STM32MP253FAL3, STM32MP255AAI3, STM32MP255AAJ3, STM32MP255AAK3, STM32MP255AAL3, STM32MP255CAI3, STM32MP255CAJ3, STM32MP255CAK3, STM32MP255CAL3, STM32MP255DAI3, STM32MP255DAJ3, STM32MP255DAK3, STM32MP255DAL3, STM32MP255FAI3, STM32MP255FAJ3, STM32MP255FAK3, STM32MP255FAL3, STM32MP257AAI3, STM32MP257AAJ3, STM32MP257AAK3, STM32MP257AAL3, STM32MP257CAI3, STM32MP257CAJ3, STM32MP257CAK3, STM32MP257CAL3, STM32MP257DAI3, STM32MP257DAJ3, STM32MP257DAK3, STM32MP257DAL3, STM32MP257F-DK, STM32MP257F-EV1, STM32MP257FAI3, STM32MP257FAJ3, STM32MP257FAK3, STM32MP257FAL3, STM32N645A0H3Q, STM32N645B0H3Q, STM32N645I0H3Q, STM32N645L0H3Q, STM32N645X0H3Q, STM32N645Z0H3Q, STM32N647A0H3Q, STM32N647B0H3Q, STM32N647I0H3Q, STM32N647L0H3Q, STM32N647X0H3Q, STM32N647Z0H3Q, STM32N655A0H3Q, STM32N655B0H3Q, STM32N655I0H3Q, STM32N655L0H3Q, STM32N655X0H3Q, STM32N655Z0H3Q, STM32N6570-DK, STM32N657A0H3Q, STM32N657B0H3Q, STM32N657I0H3Q, STM32N657L0H3Q, STM32N657X0H3Q, STM32N657Z0H3Q, STM32U031C6T6, STM32U031C6U6, STM32U031C8T6, STM32U031C8U6, STM32U031F4P6, STM32U031F6P6, STM32U031F8P6, STM32U031G6Y6TR, STM32U031G8Y6TR, STM32U031K4U6, STM32U031K6U6, STM32U031K8U6, STM32U031R6I6, STM32U031R6T6, STM32U031R8I6, STM32U031R8T6, STM32U073C8T6, STM32U073C8U6, STM32U073CBT6, STM32U073CBU6, STM32U073CCT6, STM32U073CCU6, STM32U073H8Y6TR, STM32U073HBY6TR, STM32U073HCY6TR, STM32U073K8U6, STM32U073KBU6, STM32U073KCU6, STM32U073M8I6, STM32U073M8T6, STM32U073MBI6, STM32U073MBT6, STM32U073MCI6, STM32U073MCT6, STM32U073R8I6, STM32U073R8T6, STM32U073RBI6, STM32U073RBT6, STM32U073RCI6, STM32U073RCT6, STM32U083C-DK, STM32U083CCT6, STM32U083CCU6, STM32U083HCY6TR, STM32U083KCU6, STM32U083MCI6, STM32U083MCT6, STM32U083RCI6, STM32U083RCT6, STM32U375CET6, STM32U375CET6Q, STM32U375CEU6, STM32U375CEU6Q, STM32U375CEY6QTR, STM32U375CGT6, STM32U375CGT6Q, STM32U375CGU6, STM32U375CGU6Q, STM32U375CGY6QTR, STM32U375KEU6, STM32U375KGU6, STM32U375REI6, STM32U375REI6Q, STM32U375RET6, STM32U375RET6Q, STM32U375REY6GTR, STM32U375REY6QTR, STM32U375RGI6, STM32U375RGI6Q, STM32U375RGT6, STM32U375RGT6Q, STM32U375RGY6GTR, STM32U375RGY6QTR, STM32U375VEI6, STM32U375VEI6Q, STM32U375VET6, STM32U375VET6Q, STM32U375VGI6, STM32U375VGI6Q, STM32U375VGT6, STM32U375VGT6Q, STM32U385CGT6, STM32U385CGT6Q, STM32U385CGU6, STM32U385CGU6Q, STM32U385CGY6QTR, STM32U385KGU6, STM32U385RGI6, STM32U385RGI6Q, STM32U385RGT6, STM32U385RGT6Q, STM32U385RGY6GTR, STM32U385RGY6QTR, STM32U385VGI6, STM32U385VGI6Q, STM32U385VGT6, STM32U385VGT6Q, STM32U535CBT6, STM32U535CBT6Q, STM32U535CBU6, STM32U535CBU6Q, STM32U535CCT6, STM32U535CCT6Q, STM32U535CCU6, STM32U535CCU6Q, STM32U535CET6, STM32U535CET6Q, STM32U535CEU6, STM32U535CEU6Q, STM32U535JEY6QTR, STM32U535NCY6QTR, STM32U535NEY6QTR, STM32U535RBI6, STM32U535RBI6Q, STM32U535RBT6, STM32U535RBT6Q, STM32U535RCI6, STM32U535RCI6Q, STM32U535RCT6, STM32U535RCT6Q, STM32U535REI6, STM32U535REI6Q, STM32U535RET6, STM32U535RET6Q, STM32U535VCI6, STM32U535VCI6Q, STM32U535VCT6, STM32U535VCT6Q, STM32U535VEI6, STM32U535VEI6Q, STM32U535VET6, STM32U535VET6Q, STM32U545CET6, STM32U545CET6Q, STM32U545CEU6, STM32U545CEU6Q, STM32U545JEY6QTR, STM32U545NEY6QTR, STM32U545REI6, STM32U545REI6Q, STM32U545RET6, STM32U545RET6Q, STM32U545VEI6, STM32U545VEI6Q, STM32U545VET6, STM32U545VET6Q, STM32U595AIH6, STM32U595AIH6Q, STM32U595AJH6, STM32U595AJH6Q, STM32U595QII6, STM32U595QII6Q, STM32U595QJI6, STM32U595QJI6Q, STM32U595RIT6, STM32U595RIT6Q, STM32U595RJT6, STM32U595RJT6Q, STM32U595VIT6, STM32U595VIT6Q, STM32U595VJT6, STM32U595VJT6Q, STM32U595ZIT6, STM32U595ZIT6Q, STM32U595ZIY6QTR, STM32U595ZJT6, STM32U595ZJT6Q, STM32U595ZJY6QTR, STM32U599BJY6QTR, STM32U599NIH6Q, STM32U599NJH6Q, STM32U599VIT6Q, STM32U599VJT6, STM32U599VJT6Q, STM32U599ZIT6Q, STM32U599ZIY6QTR, STM32U599ZJT6Q, STM32U599ZJY6QTR, STM32U5A5AJH6, STM32U5A5AJH6Q, STM32U5A5QII3Q , STM32U5A5QJI6, STM32U5A5QJI6Q, STM32U5A5RJT6, STM32U5A5RJT6Q, STM32U5A5VJT6, STM32U5A5VJT6Q, STM32U5A5ZJT6, STM32U5A5ZJT6Q, STM32U5A5ZJY6QTR, STM32U5A9BJY6QTR, STM32U5A9J-DK, STM32U5A9NJH6Q, STM32U5A9VJT6Q, STM32U5A9ZJT6Q, STM32U5A9ZJY6QTR, STM32U5F7VIT6, STM32U5F7VIT6Q, STM32U5F7VJT6, STM32U5F7VJT6Q, STM32U5F9BJY6QTR, STM32U5F9NJH6Q, STM32U5F9VIT6Q, STM32U5F9VJT6Q, STM32U5F9ZIJ6QTR, STM32U5F9ZIT6Q, STM32U5F9ZJJ6QTR, STM32U5F9ZJT6Q, STM32U5G7VJT6, STM32U5G7VJT6Q, STM32U5G9BJY6QTR, STM32U5G9J-DK1, STM32U5G9J-DK2, STM32U5G9NJH6Q, STM32U5G9VJT6Q, STM32U5G9ZJJ6QTR, STM32U5G9ZJT6Q, STM32WB05KZV6TR, STM32WB05KZV7TR, STM32WB05TZF6TR, STM32WB05TZF7TR, STM32WB06CCF6TR, STM32WB06CCF7TR, STM32WB06CCV6TR, STM32WB06CCV7TR, STM32WB06KCV6TR, STM32WB06KCV7TR, STM32WB07CCF6TR, STM32WB07CCF7TR, STM32WB07CCV6TR, STM32WB07CCV7TR, STM32WB07KCV6TR, STM32WB07KCV7TR, STM32WB09KEV6TR, STM32WB09KEV7TR, STM32WB09TEF6TR, STM32WB09TEF7TR, STM32WB1MMCH6, STM32WBA50KGU6, STM32WBA50KGU6TR, STM32WBA52CEU6, STM32WBA52CEU6TR, STM32WBA52CEU7, STM32WBA52CEU7TR, STM32WBA52CGU6, STM32WBA52CGU6TR, STM32WBA52CGU6U, STM32WBA52CGU7, STM32WBA52CGU7TR, STM32WBA52KEU6, STM32WBA52KEU6TR, STM32WBA52KGU6, STM32WBA52KGU6TR, STM32WBA54CEU6, STM32WBA54CEU6TR, STM32WBA54CEU7, STM32WBA54CEU7TR, STM32WBA54CGU6, STM32WBA54CGU6TR, STM32WBA54CGU7, STM32WBA54CGU7TR, STM32WBA54KEU6, STM32WBA54KEU6TR, STM32WBA54KEU7, STM32WBA54KEU7TR, STM32WBA54KGU6, STM32WBA54KGU6TR, STM32WBA54KGU7, STM32WBA54KGU7TR, STM32WBA55CEU6, STM32WBA55CEU6TR, STM32WBA55CEU7, STM32WBA55CEU7TR, STM32WBA55CGU6, STM32WBA55CGU6TR, STM32WBA55CGU6U, STM32WBA55CGU7, STM32WBA55CGU7TR, STM32WBA55G-DK1, STM32WBA55HEF6, STM32WBA55HEF7, STM32WBA55HGF6, STM32WBA55HGF7, STM32WBA55UEI6, STM32WBA55UEI6TR, STM32WBA55UEI7, STM32WBA55UEI7TR, STM32WBA55UGI6, STM32WBA55UGI6TR, STM32WBA55UGI7, STM32WBA55UGI7TR, STM32WBA5MJGH6TR, STM32WBA62CGU6, STM32WBA62CIU6, STM32WBA62MGF6, STM32WBA62MIF6, STM32WBA62PGI6, STM32WBA62PII6, STM32WBA63CGU6, STM32WBA63CGU7, STM32WBA63CIU6, STM32WBA63CIU7, STM32WBA64CGU6, STM32WBA64CGU7, STM32WBA64CIU6, STM32WBA64CIU7, STM32WBA65CGU6, STM32WBA65CGU7, STM32WBA65CIU6, STM32WBA65CIU7, STM32WBA65I-DK1, STM32WBA65MGF6, STM32WBA65MGF7, STM32WBA65MIF6, STM32WBA65MIF7, STM32WBA65PGI6, STM32WBA65PGI7, STM32WBA65PII6, STM32WBA65PII7, STM32WBA65RGV6, STM32WBA65RGV7, STM32WBA65RIV6, STM32WBA65RIV7, STM32WL30K8V6, STM32WL30KBV6, STM32WL31C8V6, STM32WL31CBV6, STM32WL31K8V6, STM32WL31KBV6, STM32WL33C8V6, STM32WL33C8V6TR, STM32WL33C8V7, STM32WL33C8V7TR, STM32WL33CBV6, STM32WL33CBV6TR, STM32WL33CBV7, STM32WL33CBV7TR, STM32WL33CCV6, STM32WL33CCV6TR, STM32WL33CCV7, STM32WL33CCV7A, STM32WL33CCV7ATR, STM32WL33CCV7TR, STM32WL33K8V6, STM32WL33K8V6TR, STM32WL33K8V7, STM32WL33K8V7TR, STM32WL33KBV6, STM32WL33KBV6TR, STM32WL33KBV7, STM32WL33KBV7TR, STM32WL33KCV6, STM32WL33KCV6TR, STM32WL33KCV7, STM32WL33KCV7TR, STM32WL5MOCH6, STM32WL5MOCH6TR]
2025-08-28 19:34:25,677 [INFO] BoardInfo:889 - No configuration file found for board P-NUCLEO-WB55
2025-08-28 19:34:25,679 [INFO] DbBoards:161 - Kit is not supported: P-NUCLEO-WB55
2025-08-28 19:34:25,696 [INFO] BoardInfo:889 - No configuration file found for board STEVAL-BFA001V1B
2025-08-28 19:34:25,698 [INFO] DbBoards:161 - Kit is not supported: STEVAL-BFA001V1B
2025-08-28 19:34:25,700 [INFO] BoardInfo:889 - No configuration file found for board STEVAL-BFA001V2B
2025-08-28 19:34:25,704 [INFO] DbBoards:161 - Kit is not supported: STEVAL-BFA001V2B
2025-08-28 19:34:26,190 [INFO] DbBoards:168 - Found 211 boards, 208 are supported
2025-08-28 19:34:26,191 [INFO] DbBoards:169 - Found 211 boards, 43 of them is supported for  Bsp
2025-08-28 19:34:26,206 [INFO] ApiDb:668 - CubeFinder database Data Model version=2.1
2025-08-28 19:34:26,206 [INFO] ApiDb:669 - CubeFinder database Configuration version=3.0.39
2025-08-28 19:34:26,208 [INFO] ApiDb:670 - CubeFinder database generation date=2025-06-16 (1750072209)
2025-08-28 19:34:26,208 [INFO] ApiDb:671 - CubeFinder database FW Pack versions=[FP-ATR-ASTRA1_V2.0.0, FP-SNS-FLIGHT1_V5.1.0, FP-SNS-MOTENV1_V5.0.0, FP-SNS-MOTENVWB1_V1.4.0, FP-SNS-SMARTAG2_V1.2.0, FP-SNS-STBOX1_V2.0.0, STM32Cube_FW_C0_V1.4.0, STM32Cube_FW_F4_V1.28.2, STM32Cube_FW_F7_V1.17.3, STM32Cube_FW_G0_V1.6.2, STM32Cube_FW_G4_V1.6.1, STM32Cube_FW_H5_V1.5.0, STM32Cube_FW_H7RS_V1.2.0, STM32Cube_FW_H7_V1.12.1, STM32Cube_FW_L0_V1.12.2, STM32Cube_FW_L4_V1.18.1, STM32Cube_FW_L5_V1.5.1, STM32Cube_FW_N6_V1.1.1, STM32Cube_FW_U0_V1.2.0, STM32Cube_FW_U3_V1.1.0, STM32Cube_FW_U5_V1.7.0, STM32Cube_FW_WB0_V1.2.0, STM32Cube_FW_WBA_V1.6.0, STM32Cube_FW_WB_V1.22.0, STM32Cube_FW_WL3_V1.1.0, STM32Cube_FW_WL_V1.3.1, X-CUBE-ALGOBUILD_V1.4.0, X-CUBE-ALS_V1.0.2, X-CUBE-AZRTOS-F4_V1.1.0, X-CUBE-AZRTOS-F7_V1.1.0, X-CUBE-AZRTOS-G0_V1.1.0, X-CUBE-AZRTOS-G4_V2.0.0, X-CUBE-AZRTOS-H7RS_V1.1.0, X-CUBE-AZRTOS-H7_V3.3.0, X-CUBE-AZRTOS-L4_V2.0.0, X-CUBE-AZRTOS-L5_V2.0.0, X-CUBE-AZRTOS-WB_V2.0.0, X-CUBE-AZRTOS-WL_V2.0.0, X-CUBE-BLE1_V7.1.0, X-CUBE-BLE2_V3.3.0, X-CUBE-BLEMGR_V4.0.0, X-CUBE-EEPRMA1_V5.1.0, X-CUBE-FREERTOS_V1.3.1, X-CUBE-GNSS1_V6.0.0, X-CUBE-MEMS1_V11.3.0, X-CUBE-NFC4_V3.0.0, X-CUBE-NFC7_V2.0.0, X-CUBE-SFXS2LP1_V4.0.0, X-CUBE-SUBG2_V5.0.0, X-CUBE-TOF1_V3.4.3]
2025-08-28 19:34:30,805 [INFO] ApiDb:240 - Found 895 in-development CPN: [B-G473E-ZEST1S, B-WB1M-WPAN1, B-WBA5M-WPAN, B-WL5M-SUBG1, NUCLEO-C031C6, NUCLEO-C051C8, NUCLEO-C071RB, NUCLEO-C092RC, NUCLEO-H503RB, NUCLEO-H533RE, NUCLEO-H563ZI, NUCLEO-H7S3L8, NUCLEO-N657X0-Q, NUCLEO-U031R8, NUCLEO-U083RC, NUCLEO-U385RG-Q, NUCLEO-U545RE-Q, NUCLEO-U5A5ZJ-Q, NUCLEO-WB05KZ, NUCLEO-WB07CC, NUCLEO-WB09KE, NUCLEO-WBA52CG, NUCLEO-WBA55CG, NUCLEO-WBA65RI, NUCLEO-WL33CC1, NUCLEO-WL33CC2, STEVAL-PROTEUS1, STEVAL-SMARTAG2, STEVAL-STWINBX1, STM320518-EVAL, STM32C0116-DK, STM32C011D6Y3TR, STM32C011D6Y6TR, STM32C011F4P3, STM32C011F4P6, STM32C011F4U3, STM32C011F4U6TR, STM32C011F6P3, STM32C011F6P6, STM32C011F6U3, STM32C011F6U6TR, STM32C011J4M3, STM32C011J4M6, STM32C011J6M3, STM32C011J6M6, STM32C0316-DK, STM32C031C4T3, STM32C031C4T6, STM32C031C4U3, STM32C031C4U6, STM32C031C6T3, STM32C031C6T6, STM32C031C6U3, STM32C031C6U6, STM32C031F4P3, STM32C031F4P6, STM32C031F6P3, STM32C031F6P6, STM32C031G4U3, STM32C031G4U6, STM32C031G6U3, STM32C031G6U6, STM32C031K4T3, STM32C031K4T6, STM32C031K4U3, STM32C031K4U6, STM32C031K6T3, STM32C031K6T6, STM32C031K6U3, STM32C031K6U6, STM32C051C6T6, STM32C051C6U6, STM32C051C8T6, STM32C051C8U6, STM32C051D8Y6TR, STM32C051F6P6, STM32C051F8P6, STM32C051G6U6, STM32C051G8U6, STM32C051K6T6, STM32C051K6U6, STM32C051K8T6, STM32C071C8T6, STM32C071C8T6N, STM32C071C8U6, STM32C071C8U6N, STM32C071CBT6, STM32C071CBT6N, STM32C071CBU6, STM32C071CBU6N, STM32C071F8P6, STM32C071F8P6N, STM32C071FBP6, STM32C071FBP6N, STM32C071FBY6TR, STM32C071G8U6, STM32C071G8U6N, STM32C071GBU6, STM32C071GBU6N, STM32C071K8T6, STM32C071K8T6N, STM32C071K8U6, STM32C071K8U6N, STM32C071KBT6, STM32C071KBT6N, STM32C071KBU6, STM32C071KBU6N, STM32C071R8T6, STM32C071R8T6N, STM32C071RBI6N, STM32C071RBT6, STM32C071RBT6N, STM32C091CBT6, STM32C091CBU6, STM32C091CCT6, STM32C091CCU6, STM32C091ECY6TR, STM32C091FBP6, STM32C091FCP6, STM32C091GBU6, STM32C091GCU6, STM32C091KBT6, STM32C091KBU6, STM32C091KCT6, STM32C091KCU6, STM32C091RBT6, STM32C091RCI6, STM32C091RCT6, STM32C092CBT6, STM32C092CBU6, STM32C092CCT6, STM32C092CCU6, STM32C092ECY6TR, STM32C092FBP6, STM32C092FCP6, STM32C092GBU6, STM32C092GCU6, STM32C092KBT6, STM32C092KBU6, STM32C092KCT6, STM32C092KCU6, STM32C092RBT6, STM32C092RCI6, STM32C092RCT6, STM32G071K8TXN, STM32G071K8UXN, STM32G081GBU6N, STM32G081KBT6N, STM32G081KBUXN, STM32G0B1CCT6N, STM32G0B1KCT6, STM32G0B1NEY6TR, STM32G0B1RCT6N, STM32G0C1CCT6, STM32G0C1CCT6N, STM32G0C1CCU6N, STM32G0C1CET6N, STM32G0C1CEU6N, STM32G0C1KCT6, STM32G0C1NEY6TR, STM32G0C1RCI6N, STM32G0C1RCT6N, STM32G0C1REI6N, STM32G0C1RET6N, STM32G0C1VCI6, STM32G0C1VEI6, STM32G411C6T3, STM32G411C6T6, STM32G411C6U3, STM32G411C6U6, STM32G411C8T3, STM32G411C8T6, STM32G411C8U3, STM32G411C8U6, STM32G411CBT3, STM32G411CBT6, STM32G411CBU3, STM32G411CBU6, STM32G411CCT3, STM32G411CCT6, STM32G411CCU3, STM32G411CCU6, STM32G411K6T3, STM32G411K6T6, STM32G411K6U3, STM32G411K6U6, STM32G411K8T3, STM32G411K8T6, STM32G411K8U3, STM32G411K8U6, STM32G411KBT3, STM32G411KBT6, STM32G411KBU3, STM32G411KBU6, STM32G411M6T3, STM32G411M6T6, STM32G411M8T3, STM32G411M8T6, STM32G411MBT3, STM32G411MBT6, STM32G411MCT3, STM32G411MCT6, STM32G411R6T3, STM32G411R6T6, STM32G411R8T3, STM32G411R8T6, STM32G411RBT3, STM32G411RBT6, STM32G411RCT3, STM32G411RCT6, STM32G414CBT3, STM32G414CBT6, STM32G414CBU3, STM32G414CBU6, STM32G414CCT3, STM32G414CCT6, STM32G414CCU3, STM32G414CCU6, STM32G414MBT3, STM32G414MBT6, STM32G414MCT3, STM32G414MCT6, STM32G414RBT3, STM32G414RBT6, STM32G414RCT3, STM32G414RCT6, STM32G414VBT3, STM32G414VBT6, STM32G414VCT3, STM32G414VCT6, STM32G431CBT3Z, STM32G431RBT3Z, STM32G471CCT6, STM32G471CCU6, STM32G471CET3, STM32G471CET6, STM32G471CEU3, STM32G471CEU6, STM32G471MCT6, STM32G471MET3, STM32G471MET6, STM32G471MEY6TR, STM32G471QCT6, STM32G471QET3, STM32G471RCT6, STM32G471RET3, STM32G471RET6, STM32G471VCH6, STM32G471VCI6, STM32G471VCT6, STM32G471VEH3, STM32G471VEH6, STM32G471VEI3, STM32G471VEI6, STM32G471VET3, STM32G471VET6, STM32G473QET3Z, STM32G473RET3Z, STM32G474CCT6, STM32G491RET3Z, STM32H503CBT6, STM32H503CBU6, STM32H503EBY6TR, STM32H503KBU6, STM32H503RBT6, STM32H523CCT6, STM32H523CCU6, STM32H523CET6, STM32H523CEU6, STM32H523HEY6TR, STM32H523RCT6, STM32H523RET6, STM32H523VCI6, STM32H523VCT6, STM32H523VEI6, STM32H523VET6, STM32H523ZCJ6, STM32H523ZCT6, STM32H523ZEJ6, STM32H523ZET6, STM32H533CET6, STM32H533CEU6, STM32H533HEY6TR, STM32H533RET6, STM32H533VEI6, STM32H533VET6, STM32H533ZEJ6, STM32H533ZET6, STM32H562AGI6, STM32H562AII6, STM32H562IGK6, STM32H562IGT6, STM32H562IIK6, STM32H562IIT6, STM32H562RGT6, STM32H562RGV6, STM32H562RIT6, STM32H562RIV6, STM32H562VGT6, STM32H562VIT6, STM32H562ZGT6, STM32H562ZIT6, STM32H563AGI6, STM32H563AII3Q, STM32H563AII6, STM32H563IGK6, STM32H563IGT6, STM32H563IIK3Q, STM32H563IIK6, STM32H563IIT3Q, STM32H563IIT6, STM32H563MIY3QTR, STM32H563RGT6, STM32H563RGV6, STM32H563RIT6, STM32H563RIV6, STM32H563VGT6, STM32H563VIT3Q, STM32H563VIT6, STM32H563ZGT6, STM32H563ZIT3Q, STM32H563ZIT6, STM32H573AII3Q, STM32H573AII6, STM32H573I-DK, STM32H573IIK3Q, STM32H573IIK6, STM32H573IIT3Q, STM32H573IIT6, STM32H573MIY3QTR, STM32H573RIT6, STM32H573RIV6, STM32H573VIT3Q, STM32H573VIT6, STM32H573ZIT3Q, STM32H573ZIT6, STM32H7R3A8I6, STM32H7R3I8K6, STM32H7R3I8T6, STM32H7R3L8H6, STM32H7R3L8H6H, STM32H7R3R8V6, STM32H7R3V8H6, STM32H7R3V8T6, STM32H7R3V8Y6TR, STM32H7R3Z8J6, STM32H7R3Z8T6, STM32H7R7A8I6, STM32H7R7I8K6, STM32H7R7I8T6, STM32H7R7L8H6, STM32H7R7L8H6H, STM32H7R7Z8J6, STM32H7S3A8I6, STM32H7S3I8K6, STM32H7S3I8T6, STM32H7S3L8H6, STM32H7S3L8H6H, STM32H7S3R8V6, STM32H7S3V8H6, STM32H7S3V8T6, STM32H7S3V8Y6TR, STM32H7S3Z8J6, STM32H7S3Z8T6, STM32H7S78-DK, STM32H7S7A8I6, STM32H7S7I8K6, STM32H7S7I8T6, STM32H7S7L8H6, STM32H7S7L8H6H, STM32H7S7Z8J6, STM32L4R5QGI6STR, STM32MP131AAE3, STM32MP131AAF3, STM32MP131AAG3, STM32MP131CAE3, STM32MP131CAF3, STM32MP131CAG3, STM32MP131DAE7, STM32MP131DAF7, STM32MP131DAG7, STM32MP131FAE7, STM32MP131FAF7, STM32MP131FAG7, STM32MP133AAE3, STM32MP133AAF3, STM32MP133AAG3, STM32MP133CAE3, STM32MP133CAF3, STM32MP133CAG3, STM32MP133DAE7, STM32MP133DAF7, STM32MP133DAG7, STM32MP133FAE7, STM32MP133FAF7, STM32MP133FAG7, STM32MP135AAE3, STM32MP135AAF3, STM32MP135AAG3, STM32MP135CAE3, STM32MP135CAF3, STM32MP135CAG3, STM32MP135DAE7, STM32MP135DAF7, STM32MP135DAG7, STM32MP135F-DK, STM32MP135FAE7, STM32MP135FAF7, STM32MP135FAF7T, STM32MP135FAF7U, STM32MP135FAG7, STM32MP231AAJ3, STM32MP231AAK3, STM32MP231AAL3, STM32MP231CAJ3, STM32MP231CAK3, STM32MP231CAL3, STM32MP231DAJ3, STM32MP231DAK3, STM32MP231DAL3, STM32MP231FAJ3, STM32MP231FAK3, STM32MP231FAL3, STM32MP233AAJ3, STM32MP233AAK3, STM32MP233AAL3, STM32MP233CAJ3, STM32MP233CAK3, STM32MP233CAL3, STM32MP233DAJ3, STM32MP233DAK3, STM32MP233DAL3, STM32MP233FAJ3, STM32MP233FAK3, STM32MP233FAL3, STM32MP235AAJ3, STM32MP235AAK3, STM32MP235AAL3, STM32MP235CAJ3, STM32MP235CAK3, STM32MP235CAL3, STM32MP235DAJ3, STM32MP235DAK3, STM32MP235DAL3, STM32MP235FAJ3, STM32MP235FAK3, STM32MP235FAL3, STM32MP251AAI3, STM32MP251AAJ3, STM32MP251AAK3, STM32MP251AAL3, STM32MP251CAI3, STM32MP251CAJ3, STM32MP251CAK3, STM32MP251CAL3, STM32MP251DAI3, STM32MP251DAJ3, STM32MP251DAK3, STM32MP251DAL3, STM32MP251FAI3, STM32MP251FAJ3, STM32MP251FAK3, STM32MP251FAL3, STM32MP253AAI3, STM32MP253AAJ3, STM32MP253AAK3, STM32MP253AAL3, STM32MP253CAI3, STM32MP253CAJ3, STM32MP253CAK3, STM32MP253CAL3, STM32MP253DAI3, STM32MP253DAJ3, STM32MP253DAK3, STM32MP253DAL3, STM32MP253FAI3, STM32MP253FAJ3, STM32MP253FAK3, STM32MP253FAL3, STM32MP255AAI3, STM32MP255AAJ3, STM32MP255AAK3, STM32MP255AAL3, STM32MP255CAI3, STM32MP255CAJ3, STM32MP255CAK3, STM32MP255CAL3, STM32MP255DAI3, STM32MP255DAJ3, STM32MP255DAK3, STM32MP255DAL3, STM32MP255FAI3, STM32MP255FAJ3, STM32MP255FAK3, STM32MP255FAL3, STM32MP257AAI3, STM32MP257AAJ3, STM32MP257AAK3, STM32MP257AAL3, STM32MP257CAI3, STM32MP257CAJ3, STM32MP257CAK3, STM32MP257CAL3, STM32MP257DAI3, STM32MP257DAJ3, STM32MP257DAK3, STM32MP257DAL3, STM32MP257F-DK, STM32MP257F-EV1, STM32MP257FAI3, STM32MP257FAJ3, STM32MP257FAK3, STM32MP257FAL3, STM32N645A0H3Q, STM32N645B0H3Q, STM32N645I0H3Q, STM32N645L0H3Q, STM32N645X0H3Q, STM32N645Z0H3Q, STM32N647A0H3Q, STM32N647B0H3Q, STM32N647I0H3Q, STM32N647L0H3Q, STM32N647X0H3Q, STM32N647Z0H3Q, STM32N655A0H3Q, STM32N655B0H3Q, STM32N655I0H3Q, STM32N655L0H3Q, STM32N655X0H3Q, STM32N655Z0H3Q, STM32N6570-DK, STM32N657A0H3Q, STM32N657B0H3Q, STM32N657I0H3Q, STM32N657L0H3Q, STM32N657X0H3Q, STM32N657Z0H3Q, STM32U031C6T6, STM32U031C6U6, STM32U031C8T6, STM32U031C8U6, STM32U031F4P6, STM32U031F6P6, STM32U031F8P6, STM32U031G6Y6TR, STM32U031G8Y6TR, STM32U031K4U6, STM32U031K6U6, STM32U031K8U6, STM32U031R6I6, STM32U031R6T6, STM32U031R8I6, STM32U031R8T6, STM32U073C8T6, STM32U073C8U6, STM32U073CBT6, STM32U073CBU6, STM32U073CCT6, STM32U073CCU6, STM32U073H8Y6TR, STM32U073HBY6TR, STM32U073HCY6TR, STM32U073K8U6, STM32U073KBU6, STM32U073KCU6, STM32U073M8I6, STM32U073M8T6, STM32U073MBI6, STM32U073MBT6, STM32U073MCI6, STM32U073MCT6, STM32U073R8I6, STM32U073R8T6, STM32U073RBI6, STM32U073RBT6, STM32U073RCI6, STM32U073RCT6, STM32U083C-DK, STM32U083CCT6, STM32U083CCU6, STM32U083HCY6TR, STM32U083KCU6, STM32U083MCI6, STM32U083MCT6, STM32U083RCI6, STM32U083RCT6, STM32U375CET6, STM32U375CET6Q, STM32U375CEU6, STM32U375CEU6Q, STM32U375CEY6QTR, STM32U375CGT6, STM32U375CGT6Q, STM32U375CGU6, STM32U375CGU6Q, STM32U375CGY6QTR, STM32U375KEU6, STM32U375KGU6, STM32U375REI6, STM32U375REI6Q, STM32U375RET6, STM32U375RET6Q, STM32U375REY6GTR, STM32U375REY6QTR, STM32U375RGI6, STM32U375RGI6Q, STM32U375RGT6, STM32U375RGT6Q, STM32U375RGY6GTR, STM32U375RGY6QTR, STM32U375VEI6, STM32U375VEI6Q, STM32U375VET6, STM32U375VET6Q, STM32U375VGI6, STM32U375VGI6Q, STM32U375VGT6, STM32U375VGT6Q, STM32U385CGT6, STM32U385CGT6Q, STM32U385CGU6, STM32U385CGU6Q, STM32U385CGY6QTR, STM32U385KGU6, STM32U385RGI6, STM32U385RGI6Q, STM32U385RGT6, STM32U385RGT6Q, STM32U385RGY6GTR, STM32U385RGY6QTR, STM32U385VGI6, STM32U385VGI6Q, STM32U385VGT6, STM32U385VGT6Q, STM32U535CBT6, STM32U535CBT6Q, STM32U535CBU6, STM32U535CBU6Q, STM32U535CCT6, STM32U535CCT6Q, STM32U535CCU6, STM32U535CCU6Q, STM32U535CET6, STM32U535CET6Q, STM32U535CEU6, STM32U535CEU6Q, STM32U535JEY6QTR, STM32U535NCY6QTR, STM32U535NEY6QTR, STM32U535RBI6, STM32U535RBI6Q, STM32U535RBT6, STM32U535RBT6Q, STM32U535RCI6, STM32U535RCI6Q, STM32U535RCT6, STM32U535RCT6Q, STM32U535REI6, STM32U535REI6Q, STM32U535RET6, STM32U535RET6Q, STM32U535VCI6, STM32U535VCI6Q, STM32U535VCT6, STM32U535VCT6Q, STM32U535VEI6, STM32U535VEI6Q, STM32U535VET6, STM32U535VET6Q, STM32U545CET6, STM32U545CET6Q, STM32U545CEU6, STM32U545CEU6Q, STM32U545JEY6QTR, STM32U545NEY6QTR, STM32U545REI6, STM32U545REI6Q, STM32U545RET6, STM32U545RET6Q, STM32U545VEI6, STM32U545VEI6Q, STM32U545VET6, STM32U545VET6Q, STM32U595AIH6, STM32U595AIH6Q, STM32U595AJH6, STM32U595AJH6Q, STM32U595QII6, STM32U595QII6Q, STM32U595QJI6, STM32U595QJI6Q, STM32U595RIT6, STM32U595RIT6Q, STM32U595RJT6, STM32U595RJT6Q, STM32U595VIT6, STM32U595VIT6Q, STM32U595VJT6, STM32U595VJT6Q, STM32U595ZIT6, STM32U595ZIT6Q, STM32U595ZIY6QTR, STM32U595ZJT6, STM32U595ZJT6Q, STM32U595ZJY6QTR, STM32U599BJY6QTR, STM32U599NIH6Q, STM32U599NJH6Q, STM32U599VIT6Q, STM32U599VJT6, STM32U599VJT6Q, STM32U599ZIT6Q, STM32U599ZIY6QTR, STM32U599ZJT6Q, STM32U599ZJY6QTR, STM32U5A5AJH6, STM32U5A5AJH6Q, STM32U5A5QII3Q , STM32U5A5QJI6, STM32U5A5QJI6Q, STM32U5A5RJT6, STM32U5A5RJT6Q, STM32U5A5VJT6, STM32U5A5VJT6Q, STM32U5A5ZJT6, STM32U5A5ZJT6Q, STM32U5A5ZJY6QTR, STM32U5A9BJY6QTR, STM32U5A9J-DK, STM32U5A9NJH6Q, STM32U5A9VJT6Q, STM32U5A9ZJT6Q, STM32U5A9ZJY6QTR, STM32U5F7VIT6, STM32U5F7VIT6Q, STM32U5F7VJT6, STM32U5F7VJT6Q, STM32U5F9BJY6QTR, STM32U5F9NJH6Q, STM32U5F9VIT6Q, STM32U5F9VJT6Q, STM32U5F9ZIJ6QTR, STM32U5F9ZIT6Q, STM32U5F9ZJJ6QTR, STM32U5F9ZJT6Q, STM32U5G7VJT6, STM32U5G7VJT6Q, STM32U5G9BJY6QTR, STM32U5G9J-DK1, STM32U5G9J-DK2, STM32U5G9NJH6Q, STM32U5G9VJT6Q, STM32U5G9ZJJ6QTR, STM32U5G9ZJT6Q, STM32WB05KZV6TR, STM32WB05KZV7TR, STM32WB05TZF6TR, STM32WB05TZF7TR, STM32WB06CCF6TR, STM32WB06CCF7TR, STM32WB06CCV6TR, STM32WB06CCV7TR, STM32WB06KCV6TR, STM32WB06KCV7TR, STM32WB07CCF6TR, STM32WB07CCF7TR, STM32WB07CCV6TR, STM32WB07CCV7TR, STM32WB07KCV6TR, STM32WB07KCV7TR, STM32WB09KEV6TR, STM32WB09KEV7TR, STM32WB09TEF6TR, STM32WB09TEF7TR, STM32WB1MMCH6, STM32WBA50KGU6, STM32WBA50KGU6TR, STM32WBA52CEU6, STM32WBA52CEU6TR, STM32WBA52CEU7, STM32WBA52CEU7TR, STM32WBA52CGU6, STM32WBA52CGU6TR, STM32WBA52CGU6U, STM32WBA52CGU7, STM32WBA52CGU7TR, STM32WBA52KEU6, STM32WBA52KEU6TR, STM32WBA52KGU6, STM32WBA52KGU6TR, STM32WBA54CEU6, STM32WBA54CEU6TR, STM32WBA54CEU7, STM32WBA54CEU7TR, STM32WBA54CGU6, STM32WBA54CGU6TR, STM32WBA54CGU7, STM32WBA54CGU7TR, STM32WBA54KEU6, STM32WBA54KEU6TR, STM32WBA54KEU7, STM32WBA54KEU7TR, STM32WBA54KGU6, STM32WBA54KGU6TR, STM32WBA54KGU7, STM32WBA54KGU7TR, STM32WBA55CEU6, STM32WBA55CEU6TR, STM32WBA55CEU7, STM32WBA55CEU7TR, STM32WBA55CGU6, STM32WBA55CGU6TR, STM32WBA55CGU6U, STM32WBA55CGU7, STM32WBA55CGU7TR, STM32WBA55G-DK1, STM32WBA55HEF6, STM32WBA55HEF7, STM32WBA55HGF6, STM32WBA55HGF7, STM32WBA55UEI6, STM32WBA55UEI6TR, STM32WBA55UEI7, STM32WBA55UEI7TR, STM32WBA55UGI6, STM32WBA55UGI6TR, STM32WBA55UGI7, STM32WBA55UGI7TR, STM32WBA5MJGH6TR, STM32WBA62CGU6, STM32WBA62CIU6, STM32WBA62MGF6, STM32WBA62MIF6, STM32WBA62PGI6, STM32WBA62PII6, STM32WBA63CGU6, STM32WBA63CGU7, STM32WBA63CIU6, STM32WBA63CIU7, STM32WBA64CGU6, STM32WBA64CGU7, STM32WBA64CIU6, STM32WBA64CIU7, STM32WBA65CGU6, STM32WBA65CGU7, STM32WBA65CIU6, STM32WBA65CIU7, STM32WBA65I-DK1, STM32WBA65MGF6, STM32WBA65MGF7, STM32WBA65MIF6, STM32WBA65MIF7, STM32WBA65PGI6, STM32WBA65PGI7, STM32WBA65PII6, STM32WBA65PII7, STM32WBA65RGV6, STM32WBA65RGV7, STM32WBA65RIV6, STM32WBA65RIV7, STM32WL30K8V6, STM32WL30KBV6, STM32WL31C8V6, STM32WL31CBV6, STM32WL31K8V6, STM32WL31KBV6, STM32WL33C8V6, STM32WL33C8V6TR, STM32WL33C8V7, STM32WL33C8V7TR, STM32WL33CBV6, STM32WL33CBV6TR, STM32WL33CBV7, STM32WL33CBV7TR, STM32WL33CCV6, STM32WL33CCV6TR, STM32WL33CCV7, STM32WL33CCV7A, STM32WL33CCV7ATR, STM32WL33CCV7TR, STM32WL33K8V6, STM32WL33K8V6TR, STM32WL33K8V7, STM32WL33K8V7TR, STM32WL33KBV6, STM32WL33KBV6TR, STM32WL33KBV7, STM32WL33KBV7TR, STM32WL33KCV6, STM32WL33KCV6TR, STM32WL33KCV7, STM32WL33KCV7TR, STM32WL5MOCH6, STM32WL5MOCH6TR]
2025-08-28 19:34:30,814 [INFO] DbMcus:218 - Found 4686 MCUs, 4686 are supported
2025-08-28 19:34:30,815 [INFO] ApiDb:423 - Load user favorites file C:\Users\arumu/.stm32cubeide/favorites.mcus.txt: 0 item(s)
2025-08-28 19:34:30,815 [INFO] ApiDb:427 - User favorites MCUs=[]
2025-08-28 19:34:30,815 [INFO] DbMcus:224 - Set 0 / 0 favorites MCUs
2025-08-28 19:34:31,755 [INFO] ApiDb:423 - Load user favorites file C:\Users\arumu/.stm32cubeide/favorites.boards.txt: 1 item(s)
2025-08-28 19:34:31,755 [INFO] ApiDb:427 - User favorites Boards=[NUCLEO-L476RG]
2025-08-28 19:34:31,756 [INFO] DbBoards:198 - Set 1 / 1 favorites Boards
2025-08-28 19:34:31,891 [INFO] UtilMem:75 - End LoadConfig() Used Memory: 606413048 Bytes (1073741824)
2025-08-28 19:34:32,219 [WARN] ThirdParty:833 - waiting for thirdparty lock release [change project]
2025-08-28 19:34:32,220 [INFO] ThirdParty:835 - entering critical section [change project]
2025-08-28 19:34:32,220 [INFO] ThirdParty:1030 - CMSIS Pack Vendor :STMicroelectronics X-CUBE-PM33A1 1.0.0
2025-08-28 19:34:32,220 [INFO] ThirdParty:1030 - CMSIS Pack Vendor :STMicroelectronics USBPD 4.1
2025-08-28 19:34:32,220 [INFO] ThirdParty:1030 - CMSIS Pack Vendor :STMicroelectronics X-CUBE-AZRTOS-H7 3.3.0
2025-08-28 19:34:32,221 [INFO] ThirdParty:1030 - CMSIS Pack Vendor :STMicroelectronics X-CUBE-NFC9 1.0.0
2025-08-28 19:34:32,221 [INFO] ThirdParty:1030 - CMSIS Pack Vendor :wolfSSL I-CUBE-wolfSSL 5.8.0
2025-08-28 19:34:32,221 [INFO] ThirdParty:1030 - CMSIS Pack Vendor :STMicroelectronics USB_HOST 2.0.0
2025-08-28 19:34:32,221 [INFO] ThirdParty:1030 - CMSIS Pack Vendor :STMicroelectronics FP-SNS-MOTENVWB1 1.4.0
2025-08-28 19:34:32,221 [INFO] ThirdParty:1030 - CMSIS Pack Vendor :STMicroelectronics X-CUBE-AZRTOS-F4 1.1.0
2025-08-28 19:34:32,221 [INFO] ThirdParty:1030 - CMSIS Pack Vendor :STMicroelectronics LIBJPEG 8.0.0
2025-08-28 19:34:32,221 [INFO] ThirdParty:1030 - CMSIS Pack Vendor :STMicroelectronics FP-ATR-ASTRA1 2.0.2
2025-08-28 19:34:32,221 [INFO] ThirdParty:1030 - CMSIS Pack Vendor :STMicroelectronics X-CUBE-BLE1 7.1.0
2025-08-28 19:34:32,221 [INFO] ThirdParty:1030 - CMSIS Pack Vendor :Avnet-IotConnect X-CUBE-IoTC-DA16k-PMOD 1.0.0
2025-08-28 19:34:32,221 [INFO] ThirdParty:1030 - CMSIS Pack Vendor :STMicroelectronics X-CUBE-SMBUS 2.1.0
2025-08-28 19:34:32,222 [INFO] ThirdParty:1030 - CMSIS Pack Vendor :wolfSSL I-CUBE-wolfMQTT 1.19.2
2025-08-28 19:34:32,222 [INFO] ThirdParty:1030 - CMSIS Pack Vendor :STMicroelectronics USB_DEVICE 3.0.0
2025-08-28 19:34:32,222 [INFO] ThirdParty:1030 - CMSIS Pack Vendor :STMicroelectronics X-CUBE-ISPU 2.1.0
2025-08-28 19:34:32,222 [INFO] ThirdParty:1030 - CMSIS Pack Vendor :STMicroelectronics X-CUBE-EEPRMA1 5.2.0
2025-08-28 19:34:32,222 [INFO] ThirdParty:1030 - CMSIS Pack Vendor :STMicroelectronics X-CUBE-BLEMGR 4.1.0
2025-08-28 19:34:32,222 [INFO] ThirdParty:1030 - CMSIS Pack Vendor :STMicroelectronics X-CUBE-AZRTOS-WB 2.0.0
2025-08-28 19:34:32,222 [INFO] ThirdParty:1030 - CMSIS Pack Vendor :STMicroelectronics X-CUBE-ST60 1.0.0
2025-08-28 19:34:32,222 [INFO] ThirdParty:1030 - CMSIS Pack Vendor :STMicroelectronics X-CUBE-GNSS1 7.0.1
2025-08-28 19:34:32,222 [INFO] ThirdParty:1030 - CMSIS Pack Vendor :STMicroelectronics X-CUBE-NFC12 1.0.0
2025-08-28 19:34:32,222 [INFO] ThirdParty:1030 - CMSIS Pack Vendor :STMicroelectronics X-CUBE-AZRTOS-F7 1.1.0
2025-08-28 19:34:32,222 [INFO] ThirdParty:1030 - CMSIS Pack Vendor :STMicroelectronics X-CUBE-AZRTOS-L5 2.0.0
2025-08-28 19:34:32,223 [INFO] ThirdParty:1030 - CMSIS Pack Vendor :STMicroelectronics X-CUBE-TOUCHGFX 4.25.0
2025-08-28 19:34:32,223 [INFO] ThirdParty:1030 - CMSIS Pack Vendor :STMicroelectronics USB_DEVICE 2.0.0
2025-08-28 19:34:32,223 [INFO] ThirdParty:1030 - CMSIS Pack Vendor :STMicroelectronics X-CUBE-NFC6 3.1.0
2025-08-28 19:34:32,223 [INFO] ThirdParty:1030 - CMSIS Pack Vendor :STMicroelectronics X-CUBE-AI 10.1.0
2025-08-28 19:34:32,223 [INFO] ThirdParty:1030 - CMSIS Pack Vendor :STMicroelectronics FP-SNS-STBOX1 2.0.0
2025-08-28 19:34:32,223 [INFO] ThirdParty:1030 - CMSIS Pack Vendor :STMicroelectronics FreeRTOS 0.0.1
2025-08-28 19:34:32,223 [INFO] ThirdParty:1030 - CMSIS Pack Vendor :STMicroelectronics X-CUBE-AZRTOS-G0 1.1.0
2025-08-28 19:34:32,223 [INFO] ThirdParty:1030 - CMSIS Pack Vendor :STMicroelectronics X-CUBE-SAFEA1 1.2.2
2025-08-28 19:34:32,223 [INFO] ThirdParty:1030 - CMSIS Pack Vendor :STMicroelectronics X-CUBE-NFC4 3.0.0
2025-08-28 19:34:32,223 [INFO] ThirdParty:1030 - CMSIS Pack Vendor :STMicroelectronics X-CUBE-SUBG2 5.0.0
2025-08-28 19:34:32,223 [INFO] ThirdParty:1030 - CMSIS Pack Vendor :STMicroelectronics X-CUBE-AZRTOS-H7RS 1.1.0
2025-08-28 19:34:32,224 [INFO] ThirdParty:1030 - CMSIS Pack Vendor :STMicroelectronics STM32_WPAN 1.0.0
2025-08-28 19:34:32,224 [INFO] ThirdParty:1030 - CMSIS Pack Vendor :EmbeddedOffice I-CUBE-FS-RTOS 1.0.1
2025-08-28 19:34:32,224 [INFO] ThirdParty:1030 - CMSIS Pack Vendor :STMicroelectronics lwIP 2.0.3
2025-08-28 19:34:32,224 [INFO] ThirdParty:1030 - CMSIS Pack Vendor :Cesanta I-CUBE-Mongoose 7.13.0
2025-08-28 19:34:32,224 [INFO] ThirdParty:1030 - CMSIS Pack Vendor :STMicroelectronics USB_HOST 1.0.0
2025-08-28 19:34:32,224 [INFO] ThirdParty:1030 - CMSIS Pack Vendor :Infineon AIROC-Wi-Fi-Bluetooth-STM32 1.7.0
2025-08-28 19:34:32,224 [INFO] ThirdParty:1030 - CMSIS Pack Vendor :STMicroelectronics X-CUBE-AZRTOS-G4 2.0.0
2025-08-28 19:34:32,224 [INFO] ThirdParty:1030 - CMSIS Pack Vendor :STMicroelectronics X-CUBE-WB05N 2.0.0
2025-08-28 19:34:32,224 [INFO] ThirdParty:1030 - CMSIS Pack Vendor :STMicroelectronics PDM2PCM 3.1.0
2025-08-28 19:34:32,224 [INFO] ThirdParty:1030 - CMSIS Pack Vendor :STMicroelectronics PDM2PCM 3.3.0
2025-08-28 19:34:32,224 [INFO] ThirdParty:1030 - CMSIS Pack Vendor :wolfSSL I-CUBE-wolfTPM 3.8.0
2025-08-28 19:34:32,224 [INFO] ThirdParty:1030 - CMSIS Pack Vendor :STMicroelectronics X-CUBE-AZRTOS-H7 3.4.0
2025-08-28 19:34:32,224 [INFO] ThirdParty:1030 - CMSIS Pack Vendor :STMicroelectronics X-CUBE-DISPLAY 3.0.0
2025-08-28 19:34:32,224 [INFO] ThirdParty:1030 - CMSIS Pack Vendor :wolfSSL I-CUBE-wolfSSH 1.4.20
2025-08-28 19:34:32,224 [INFO] ThirdParty:1030 - CMSIS Pack Vendor :STMicroelectronics X-CUBE-NFC7 2.0.0
2025-08-28 19:34:32,225 [INFO] ThirdParty:1030 - CMSIS Pack Vendor :STMicroelectronics X-CUBE-TCPP 4.2.0
2025-08-28 19:34:32,225 [INFO] ThirdParty:1030 - CMSIS Pack Vendor :RealThread X-CUBE-RT-Thread_Nano 4.1.1
2025-08-28 19:34:32,225 [INFO] ThirdParty:1030 - CMSIS Pack Vendor :STMicroelectronics FP-ATR-SIGFOX1 3.2.0
2025-08-28 19:34:32,225 [INFO] ThirdParty:1030 - CMSIS Pack Vendor :STMicroelectronics X-CUBE-NFC10 1.0.0
2025-08-28 19:34:32,226 [INFO] ThirdParty:1030 - CMSIS Pack Vendor :STMicroelectronics X-CUBE-BLEMGR 4.0.0
2025-08-28 19:34:32,226 [INFO] ThirdParty:1030 - CMSIS Pack Vendor :STMicroelectronics X-CUBE-EEPRMA1 5.1.0
2025-08-28 19:34:32,226 [INFO] ThirdParty:1030 - CMSIS Pack Vendor :STMicroelectronics X-CUBE-FREERTOS 1.3.1
2025-08-28 19:34:32,226 [INFO] ThirdParty:1030 - CMSIS Pack Vendor :STMicroelectronics HAL Drivers 0.0.0
2025-08-28 19:34:32,226 [INFO] ThirdParty:1030 - CMSIS Pack Vendor :STMicroelectronics MBEDTLS 2.16.2
2025-08-28 19:34:32,226 [INFO] ThirdParty:1030 - CMSIS Pack Vendor :STMicroelectronics X-CUBE-IPS 3.1.0
2025-08-28 19:34:32,226 [INFO] ThirdParty:1030 - CMSIS Pack Vendor :STMicroelectronics X-CUBE-ALS 1.0.2
2025-08-28 19:34:32,227 [INFO] ThirdParty:1030 - CMSIS Pack Vendor :emotas I-CUBE-CANOPEN 1.3.0
2025-08-28 19:34:32,227 [INFO] ThirdParty:1030 - CMSIS Pack Vendor :STMicroelectronics MBEDTLS 2.14.1
2025-08-28 19:34:32,227 [INFO] ThirdParty:1030 - CMSIS Pack Vendor :ITTIA_DB I-CUBE-ITTIADB 8.9.0
2025-08-28 19:34:32,227 [INFO] ThirdParty:1030 - CMSIS Pack Vendor :portGmbH I-Cube-SoM-uGOAL 1.1.0
2025-08-28 19:34:32,227 [INFO] ThirdParty:1030 - CMSIS Pack Vendor :quantropi X-CUBE-qispace-sdk-base 2.0.0
2025-08-28 19:34:32,227 [INFO] ThirdParty:1030 - CMSIS Pack Vendor :STMicroelectronics X-CUBE-ST67W61 1.0.0
2025-08-28 19:34:32,227 [INFO] ThirdParty:1030 - CMSIS Pack Vendor :STMicroelectronics X-CUBE-AI 10.2.0
2025-08-28 19:34:32,227 [INFO] ThirdParty:1030 - CMSIS Pack Vendor :STMicroelectronics FP-SNS-STAIOTCFT 1.0.0
2025-08-28 19:34:32,227 [INFO] ThirdParty:1030 - CMSIS Pack Vendor :STMicroelectronics ThreadX 1.0.0
2025-08-28 19:34:32,227 [INFO] ThirdParty:1030 - CMSIS Pack Vendor :STMicroelectronics FP-SNS-SMARTAG2 1.2.0
2025-08-28 19:34:32,227 [INFO] ThirdParty:1030 - CMSIS Pack Vendor :STMicroelectronics FP-SNS-FLIGHT1 5.1.0
2025-08-28 19:34:32,228 [INFO] ThirdParty:1030 - CMSIS Pack Vendor :STMicroelectronics X-CUBE-AZRTOS-WL 2.0.0
2025-08-28 19:34:32,228 [INFO] ThirdParty:1030 - CMSIS Pack Vendor :SEGGER I-CUBE-embOS 1.3.1
2025-08-28 19:34:32,228 [INFO] ThirdParty:1030 - CMSIS Pack Vendor :STMicroelectronics X-CUBE-ALGOBUILD 1.4.0
2025-08-28 19:34:32,228 [INFO] ThirdParty:1030 - CMSIS Pack Vendor :STMicroelectronics X-CUBE-DPower 1.3.0
2025-08-28 19:34:32,228 [INFO] ThirdParty:1030 - CMSIS Pack Vendor :STMicroelectronics X-CUBE-MEMS1 11.3.0
2025-08-28 19:34:32,228 [INFO] ThirdParty:1030 - CMSIS Pack Vendor :STMicroelectronics FP-SNS-MOTENV1 5.0.0
2025-08-28 19:34:32,228 [INFO] ThirdParty:1030 - CMSIS Pack Vendor :STMicroelectronics USB_DEVICE 1.0.0
2025-08-28 19:34:32,228 [INFO] ThirdParty:1030 - CMSIS Pack Vendor :STMicroelectronics X-CUBE-AZRTOS-L4 2.0.0
2025-08-28 19:34:32,228 [INFO] ThirdParty:1030 - CMSIS Pack Vendor :STMicroelectronics ThreadX 0.0.2
2025-08-28 19:34:32,228 [INFO] ThirdParty:1030 - CMSIS Pack Vendor :WES I-CUBE-Cesium 1.3.0
2025-08-28 19:34:32,229 [INFO] ThirdParty:1030 - CMSIS Pack Vendor :STMicroelectronics lwIP 2.1.2
2025-08-28 19:34:32,229 [INFO] ThirdParty:1030 - CMSIS Pack Vendor :STMicroelectronics X-CUBE-SFXS2LP1 4.0.0
2025-08-28 19:34:32,229 [INFO] ThirdParty:1030 - CMSIS Pack Vendor :STMicroelectronics X-CUBE-BLE2 3.3.0
2025-08-28 19:34:32,229 [INFO] ThirdParty:1030 - CMSIS Pack Vendor :STMicroelectronics X-CUBE-TOF1 3.4.3
2025-08-28 19:34:32,229 [INFO] ThirdParty:1030 - CMSIS Pack Vendor :STMicroelectronics PDM2PCM 3.2.0
2025-08-28 19:34:32,229 [INFO] ThirdParty:841 - exiting critical section [change project]
2025-08-28 19:34:33,419 [INFO] PinOutPanel:1589 - setPackage(No Configuration,No Configuration)
2025-08-28 19:34:33,423 [INFO] PinOutPanel:1589 - setPackage(STM32L476RGTx,LQFP64)
2025-08-28 19:34:34,757 [INFO] UtilMem:75 - Before build in PCC Used Memory: 679912728 Bytes (1073741824)
2025-08-28 19:34:36,387 [INFO] UtilMem:75 - After build in PCC Used Memory: 787389720 Bytes (1073741824)
2025-08-28 19:34:36,448 [INFO] IPUIPlugin:80 - create IPUIPlugin
2025-08-28 19:34:36,448 [INFO] IPUIPlugin:80 - create IPUIPlugin
2025-08-28 19:34:36,448 [INFO] IPUIPlugin:80 - create IPUIPlugin
2025-08-28 19:34:36,448 [INFO] IPUIPlugin:80 - create IPUIPlugin
2025-08-28 19:34:36,448 [INFO] IPUIPlugin:80 - create IPUIPlugin
2025-08-28 19:34:36,449 [INFO] IPUIPlugin:80 - create IPUIPlugin
2025-08-28 19:34:36,449 [INFO] IPUIPlugin:80 - create IPUIPlugin
2025-08-28 19:34:36,449 [INFO] IPUIPlugin:80 - create IPUIPlugin
2025-08-28 19:34:36,449 [INFO] IPUIPlugin:80 - create IPUIPlugin
2025-08-28 19:34:36,450 [INFO] IPUIPlugin:80 - create IPUIPlugin
2025-08-28 19:34:36,450 [INFO] IPUIPlugin:80 - create IPUIPlugin
2025-08-28 19:34:36,450 [INFO] IPUIPlugin:80 - create IPUIPlugin
2025-08-28 19:34:36,451 [INFO] IPUIPlugin:80 - create IPUIPlugin
2025-08-28 19:34:36,451 [INFO] IPUIPlugin:80 - create IPUIPlugin
2025-08-28 19:34:36,451 [INFO] IPUIPlugin:80 - create IPUIPlugin
2025-08-28 19:34:36,451 [INFO] IPUIPlugin:80 - create IPUIPlugin
2025-08-28 19:34:36,452 [INFO] IPUIPlugin:80 - create IPUIPlugin
2025-08-28 19:34:36,452 [INFO] IPUIPlugin:80 - create IPUIPlugin
2025-08-28 19:34:36,452 [INFO] IPUIPlugin:80 - create IPUIPlugin
2025-08-28 19:34:36,454 [INFO] IPUIPlugin:80 - create IPUIPlugin
2025-08-28 19:34:36,454 [INFO] IPUIPlugin:80 - create IPUIPlugin
2025-08-28 19:34:36,455 [INFO] IPUIPlugin:80 - create IPUIPlugin
2025-08-28 19:34:36,455 [INFO] IPUIPlugin:80 - create IPUIPlugin
2025-08-28 19:34:36,455 [INFO] IPUIPlugin:80 - create IPUIPlugin
2025-08-28 19:34:36,455 [INFO] IPUIPlugin:80 - create IPUIPlugin
2025-08-28 19:34:36,456 [INFO] IPUIPlugin:80 - create IPUIPlugin
2025-08-28 19:34:36,456 [INFO] IPUIPlugin:80 - create IPUIPlugin
2025-08-28 19:34:36,456 [INFO] IPUIPlugin:80 - create IPUIPlugin
2025-08-28 19:34:36,457 [INFO] IPUIPlugin:80 - create IPUIPlugin
2025-08-28 19:34:36,457 [INFO] IPUIPlugin:80 - create IPUIPlugin
2025-08-28 19:34:36,457 [INFO] IPUIPlugin:80 - create IPUIPlugin
2025-08-28 19:34:36,458 [INFO] IPUIPlugin:80 - create IPUIPlugin
2025-08-28 19:34:36,459 [INFO] IPUIPlugin:80 - create IPUIPlugin
2025-08-28 19:34:36,459 [INFO] IPUIPlugin:80 - create IPUIPlugin
2025-08-28 19:34:36,459 [INFO] IPUIPlugin:80 - create IPUIPlugin
2025-08-28 19:34:36,460 [INFO] IPUIPlugin:80 - create IPUIPlugin
2025-08-28 19:34:36,460 [INFO] IPUIPlugin:80 - create IPUIPlugin
2025-08-28 19:34:36,460 [INFO] IPUIPlugin:80 - create IPUIPlugin
2025-08-28 19:34:36,460 [INFO] IPUIPlugin:80 - create IPUIPlugin
2025-08-28 19:34:36,461 [INFO] IPUIPlugin:80 - create IPUIPlugin
2025-08-28 19:34:36,461 [INFO] IPUIPlugin:80 - create IPUIPlugin
2025-08-28 19:34:36,461 [INFO] IPUIPlugin:80 - create IPUIPlugin
2025-08-28 19:34:36,462 [INFO] IPUIPlugin:80 - create IPUIPlugin
2025-08-28 19:34:36,462 [INFO] IPUIPlugin:80 - create IPUIPlugin
2025-08-28 19:34:36,463 [INFO] IPUIPlugin:80 - create IPUIPlugin
2025-08-28 19:34:36,463 [INFO] IPUIPlugin:80 - create IPUIPlugin
2025-08-28 19:34:36,464 [INFO] IPUIPlugin:80 - create IPUIPlugin
2025-08-28 19:34:36,464 [INFO] IPUIPlugin:80 - create IPUIPlugin
2025-08-28 19:34:36,465 [INFO] IPUIPlugin:80 - create IPUIPlugin
2025-08-28 19:34:36,466 [INFO] IPUIPlugin:80 - create IPUIPlugin
2025-08-28 19:34:36,466 [INFO] IPUIPlugin:80 - create IPUIPlugin
2025-08-28 19:34:36,466 [INFO] IPUIPlugin:80 - create IPUIPlugin
2025-08-28 19:34:36,467 [INFO] IPUIPlugin:80 - create IPUIPlugin
2025-08-28 19:34:36,467 [INFO] IPUIPlugin:80 - create IPUIPlugin
2025-08-28 19:34:36,467 [INFO] IPUIPlugin:80 - create IPUIPlugin
2025-08-28 19:34:36,469 [INFO] IPUIPlugin:80 - create IPUIPlugin
2025-08-28 19:34:36,469 [INFO] IPUIPlugin:80 - create IPUIPlugin
2025-08-28 19:34:36,470 [INFO] IPUIPlugin:80 - create IPUIPlugin
2025-08-28 19:34:36,470 [INFO] IPUIPlugin:80 - create IPUIPlugin
2025-08-28 19:34:36,934 [INFO] CADModel:165 - CPN selected for project levelSTM32L476RGT3
2025-08-28 19:34:36,934 [INFO] CADModel:114 - Register for checkConnection events
2025-08-28 19:34:37,038 [INFO] OpenFileManager:385 - Restore cursor
2025-08-28 22:38:47,091 [ERROR] LogOutputStream:75 - [STDERR_REDIRECT] 
2025-08-28 22:38:47,093 [ERROR] LogOutputStream:75 - [STDERR_REDIRECT] 
