2025-06-16 11:26:51,274 [INFO] Activator:176 - 


2025-06-16 11:26:51,283 [INFO] Activator:177 - !SESSION log4j initialized
2025-06-16 11:26:59,974 [INFO] LogOutputStream:77 - [STDOUT_REDIRECT] 
2025-06-16 11:27:01,663 [INFO] ApplicationProperties:184 - Using Application install path: C:\ST\STM32CubeIDE_1.18.1\STM32CubeIDE\plugins\com.st.stm32cube.common.mx_6.14.1.202504091515
2025-06-16 11:27:01,682 [INFO] DbMcusXml:78 - Set database path to: C:\ST\STM32CubeIDE_1.18.1\STM32CubeIDE\plugins\com.st.stm32cube.common.mx_6.14.1.202504091515\\db\/mcu/
2025-06-16 11:27:01,682 [INFO] ApiDb:274 - Set plugin database path to: C:\ST\STM32CubeIDE_1.18.1\STM32CubeIDE\plugins\com.st.stm32cube.common.mx_6.14.1.202504091515\\db\/plugins/boardmanager/
2025-06-16 11:27:01,683 [WARN] ApiDb:259 - Overriding images path with different value:  => C:\ST\STM32CubeIDE_1.18.1\STM32CubeIDE\plugins\com.st.stm32cube.common.mx_6.14.1.202504091515\\db\/plugins/mcufinder/images/
2025-06-16 11:27:01,701 [INFO] ApiDb:250 - Set database path to: C:\Users\arumu\.stmcufinder\plugins\mcufinder//mcu/
2025-06-16 11:27:01,703 [INFO] DbMcusAds:125 - Set database path to: C:\Users\arumu\.stmcufinder\plugins\mcufinder//mcu/
2025-06-16 11:27:01,707 [INFO] CrossReferenceDbSqlite:203 - Set database path to: C:\Users\arumu\.stmcufinder\plugins\mcufinder//mcu/cs/
2025-06-16 11:27:01,836 [INFO] RulesReader:64 - Compatibility file has been processed (302 Rules)
2025-06-16 11:27:01,929 [INFO] DbMcusXml:78 - Set database path to: C:\ST\STM32CubeIDE_1.18.1\STM32CubeIDE\plugins\com.st.stm32cube.common.mx_6.14.1.202504091515\\db\/mcu/
2025-06-16 11:27:01,929 [INFO] ApiDb:274 - Set plugin database path to: C:\ST\STM32CubeIDE_1.18.1\STM32CubeIDE\plugins\com.st.stm32cube.common.mx_6.14.1.202504091515\\db\/plugins/boardmanager/
2025-06-16 11:27:01,930 [INFO] ApiDb:261 - Set plugin images path to: C:\ST\STM32CubeIDE_1.18.1\STM32CubeIDE\plugins\com.st.stm32cube.common.mx_6.14.1.202504091515\\db\/plugins/mcufinder/images/
2025-06-16 11:27:01,930 [WARN] DbFile:41 - Overriding database path with different value: C:\Users\arumu\.stmcufinder\plugins\mcufinder/ => C:\Users\arumu\.stmcufinder\plugins\mcufinder
2025-06-16 11:27:01,930 [INFO] ApiDb:250 - Set database path to: C:\Users\arumu\.stmcufinder\plugins\mcufinder//mcu/
2025-06-16 11:27:01,930 [WARN] DbFile:41 - Overriding database path with different value: C:\Users\arumu\.stmcufinder\plugins\mcufinder/ => C:\Users\arumu\.stmcufinder\plugins\mcufinder
2025-06-16 11:27:01,930 [INFO] DbMcusAds:125 - Set database path to: C:\Users\arumu\.stmcufinder\plugins\mcufinder//mcu/
2025-06-16 11:27:01,930 [WARN] DbFile:41 - Overriding database path with different value: C:\Users\arumu\.stmcufinder\plugins\mcufinder/ => C:\Users\arumu\.stmcufinder\plugins\mcufinder
2025-06-16 11:27:01,930 [WARN] DbFile:41 - Overriding database path with different value: C:\Users\arumu\.stmcufinder\plugins\mcufinder/ => C:\Users\arumu\.stmcufinder\plugins\mcufinder
2025-06-16 11:27:01,930 [INFO] CrossReferenceDbSqlite:203 - Set database path to: C:\Users\arumu\.stmcufinder\plugins\mcufinder//mcu/cs/
2025-06-16 11:27:02,022 [INFO] MainPanel:272 - HeapMemory: 273678336
2025-06-16 11:27:02,158 [INFO] DbMcusXml:78 - Set database path to: C:\ST\STM32CubeIDE_1.18.1\STM32CubeIDE\plugins\com.st.stm32cube.common.mx_6.14.1.202504091515\\db\/mcu/
2025-06-16 11:27:02,159 [INFO] ApiDb:274 - Set plugin database path to: C:\ST\STM32CubeIDE_1.18.1\STM32CubeIDE\plugins\com.st.stm32cube.common.mx_6.14.1.202504091515\\db\/plugins/boardmanager/
2025-06-16 11:27:02,159 [INFO] ApiDb:261 - Set plugin images path to: C:\ST\STM32CubeIDE_1.18.1\STM32CubeIDE\plugins\com.st.stm32cube.common.mx_6.14.1.202504091515\\db\/plugins/mcufinder/images/
2025-06-16 11:27:02,159 [WARN] DbFile:41 - Overriding database path with different value: C:\Users\arumu\.stmcufinder\plugins\mcufinder/ => C:\Users\arumu\.stmcufinder\plugins\mcufinder
2025-06-16 11:27:02,159 [INFO] ApiDb:250 - Set database path to: C:\Users\arumu\.stmcufinder\plugins\mcufinder//mcu/
2025-06-16 11:27:02,159 [WARN] DbFile:41 - Overriding database path with different value: C:\Users\arumu\.stmcufinder\plugins\mcufinder/ => C:\Users\arumu\.stmcufinder\plugins\mcufinder
2025-06-16 11:27:02,159 [INFO] DbMcusAds:125 - Set database path to: C:\Users\arumu\.stmcufinder\plugins\mcufinder//mcu/
2025-06-16 11:27:02,159 [WARN] DbFile:41 - Overriding database path with different value: C:\Users\arumu\.stmcufinder\plugins\mcufinder/ => C:\Users\arumu\.stmcufinder\plugins\mcufinder
2025-06-16 11:27:02,159 [WARN] DbFile:41 - Overriding database path with different value: C:\Users\arumu\.stmcufinder\plugins\mcufinder/ => C:\Users\arumu\.stmcufinder\plugins\mcufinder
2025-06-16 11:27:02,160 [INFO] CrossReferenceDbSqlite:203 - Set database path to: C:\Users\arumu\.stmcufinder\plugins\mcufinder//mcu/cs/
2025-06-16 11:27:02,181 [INFO] ApplicationProperties:184 - Using Application install path: C:\ST\STM32CubeIDE_1.18.1\STM32CubeIDE\plugins\com.st.stm32cube.common.mx_6.14.1.202504091515
2025-06-16 11:27:02,182 [INFO] PluginManage:196 - Search for loadable plugins [exclusion list=, ]
2025-06-16 11:27:02,184 [INFO] PluginManage:310 - Check plugin analytics
2025-06-16 11:27:02,372 [INFO] AnalyticsPlugin:253 - Accepted Software Licenses: 
2025-06-16 11:27:02,372 [INFO] AnalyticsPlugin:255 - Accepted CMSIS Pack Licenses: 
2025-06-16 11:27:02,372 [INFO] AnalyticsPlugin:257 - Accepted Firmware Licenses: FW.L4.1.18.0
2025-06-16 11:27:02,375 [INFO] PluginManage:359 - Loaded plugin analytics (category:tool,tabindex:-1)
2025-06-16 11:27:02,375 [INFO] PluginManage:310 - Check plugin cadmodel
2025-06-16 11:27:02,381 [INFO] CADModel:105 - Init CAD model plugin
2025-06-16 11:27:02,381 [INFO] PluginManage:359 - Loaded plugin cadmodel (category:power,tabindex:5)
2025-06-16 11:27:02,381 [INFO] PluginManage:310 - Check plugin clock
2025-06-16 11:27:02,392 [INFO] PluginManage:359 - Loaded plugin clock (category:base,tabindex:2)
2025-06-16 11:27:02,392 [INFO] PluginManage:310 - Check plugin ddr
2025-06-16 11:27:02,396 [INFO] PluginManage:359 - Loaded plugin ddr (category:tool,tabindex:6)
2025-06-16 11:27:02,396 [INFO] PluginManage:310 - Check plugin filemanager
2025-06-16 11:27:02,548 [INFO] PluginManage:359 - Loaded plugin filemanager (category:base,tabindex:10)
2025-06-16 11:27:02,549 [INFO] PluginManage:310 - Check plugin ipmanager
2025-06-16 11:27:02,556 [INFO] PluginManage:359 - Loaded plugin ipmanager (category:base,tabindex:5)
2025-06-16 11:27:02,556 [INFO] PluginManage:310 - Check plugin lpbam
2025-06-16 11:27:02,564 [INFO] PluginManage:359 - Loaded plugin lpbam (category:base,tabindex:0)
2025-06-16 11:27:02,565 [INFO] PluginManage:310 - Check plugin memorymap
2025-06-16 11:27:02,584 [INFO] PluginManage:359 - Loaded plugin memorymap (category:base,tabindex:4)
2025-06-16 11:27:02,584 [INFO] PluginManage:310 - Check plugin pinoutandconfiguration
2025-06-16 11:27:02,594 [INFO] PluginManage:359 - Loaded plugin pinoutandconfiguration (category:base,tabindex:1)
2025-06-16 11:27:02,594 [INFO] PluginManage:310 - Check plugin pinoutconfig
2025-06-16 11:27:02,700 [WARN] SupportedApi:132 - Cannot load RTOS API schema: s4s-elt-must-match.1: The content of 'definitions' must match (annotation?, (simpleType | complexType)?, (unique | key | keyref)*)). A problem was found starting at: attribute.
2025-06-16 11:27:02,853 [INFO] PluginManage:359 - Loaded plugin pinoutconfig (category:base,tabindex:0)
2025-06-16 11:27:02,854 [INFO] PluginManage:310 - Check plugin power
2025-06-16 11:27:02,866 [INFO] PluginManage:359 - Loaded plugin power (category:power,tabindex:4)
2025-06-16 11:27:02,866 [INFO] PluginManage:310 - Check plugin projectmanager
2025-06-16 11:27:02,880 [INFO] PluginManage:359 - Loaded plugin projectmanager (category:projectmanager,tabindex:4)
2025-06-16 11:27:02,880 [INFO] PluginManage:310 - Check plugin rif
2025-06-16 11:27:02,890 [INFO] PluginManage:359 - Loaded plugin rif (category:base,tabindex:3)
2025-06-16 11:27:02,891 [INFO] PluginManage:310 - Check plugin thirdparty
2025-06-16 11:27:03,067 [INFO] PluginManage:359 - Loaded plugin thirdparty (category:base,tabindex:-1)
2025-06-16 11:27:03,069 [INFO] PluginManage:310 - Check plugin tools
2025-06-16 11:27:03,067 [WARN] IntegrityCheckThread:84 - waiting for thirdparty lock release [integrity check]
2025-06-16 11:27:03,069 [INFO] IntegrityCheckThread:86 - entering critical section [integrity check]
2025-06-16 11:27:03,070 [INFO] ThirdPartyUpdaterWithRetryManager:70 - Updater plugin not ready yet. [1/15]
2025-06-16 11:27:03,073 [INFO] PluginManage:359 - Loaded plugin tools (category:base,tabindex:7)
2025-06-16 11:27:03,074 [INFO] PluginManage:310 - Check plugin tutovideos
2025-06-16 11:27:03,379 [INFO] PluginManage:359 - Loaded plugin tutovideos (category:base,tabindex:-1)
2025-06-16 11:27:03,379 [INFO] PluginManage:310 - Check plugin updater
2025-06-16 11:27:03,425 [INFO] PluginManage:359 - Loaded plugin updater (category:base,tabindex:12)
2025-06-16 11:27:03,426 [INFO] PluginManage:310 - Check plugin userauth
2025-06-16 11:27:03,433 [INFO] UserAuth:118 - Init User Auth plugin
2025-06-16 11:27:03,434 [INFO] PluginManage:359 - Loaded plugin userauth (category:base,tabindex:14)
2025-06-16 11:27:03,435 [INFO] PluginManage:283 - PluginManage : Loaded plugins [18]
2025-06-16 11:27:03,723 [INFO] PinOutPanel:1589 - setPackage(No Configuration,No Configuration)
2025-06-16 11:27:03,822 [INFO] CADModel:165 - CPN selected for project level
2025-06-16 11:27:03,822 [INFO] CADModel:114 - Register for checkConnection events
2025-06-16 11:27:03,845 [INFO] IPUIPlugin:80 - create IPUIPlugin
2025-06-16 11:27:03,845 [INFO] PluginManager:220 - loadIPPluginJar : add adc
2025-06-16 11:27:03,850 [INFO] IPUIPlugin:80 - create IPUIPlugin
2025-06-16 11:27:03,850 [INFO] PluginManager:220 - loadIPPluginJar : add aes
2025-06-16 11:27:03,854 [INFO] IPUIPlugin:80 - create IPUIPlugin
2025-06-16 11:27:03,854 [INFO] PluginManager:220 - loadIPPluginJar : add can
2025-06-16 11:27:03,857 [INFO] IPUIPlugin:80 - create IPUIPlugin
2025-06-16 11:27:03,857 [INFO] PluginManager:220 - loadIPPluginJar : add comp
2025-06-16 11:27:03,860 [INFO] IPUIPlugin:80 - create IPUIPlugin
2025-06-16 11:27:03,861 [INFO] PluginManager:220 - loadIPPluginJar : add cryp
2025-06-16 11:27:03,865 [INFO] IPUIPlugin:80 - create IPUIPlugin
2025-06-16 11:27:03,865 [INFO] PluginManager:220 - loadIPPluginJar : add ddr_ctrl_phy
2025-06-16 11:27:03,869 [INFO] IPUIPlugin:80 - create IPUIPlugin
2025-06-16 11:27:03,869 [INFO] PluginManager:220 - loadIPPluginJar : add dfsdm
2025-06-16 11:27:03,877 [INFO] IPUIPlugin:80 - create IPUIPlugin
2025-06-16 11:27:03,878 [INFO] PluginManager:220 - loadIPPluginJar : add dma
2025-06-16 11:27:03,882 [INFO] IPUIPlugin:80 - create IPUIPlugin
2025-06-16 11:27:03,882 [INFO] PluginManager:220 - loadIPPluginJar : add dma3
2025-06-16 11:27:03,887 [INFO] IPUIPlugin:80 - create IPUIPlugin
2025-06-16 11:27:03,887 [INFO] PluginManager:220 - loadIPPluginJar : add extmemmanager
2025-06-16 11:27:03,890 [INFO] IPUIPlugin:80 - create IPUIPlugin
2025-06-16 11:27:03,890 [INFO] PluginManager:220 - loadIPPluginJar : add fatfs
2025-06-16 11:27:03,896 [INFO] IPUIPlugin:80 - create IPUIPlugin
2025-06-16 11:27:03,896 [INFO] PluginManager:220 - loadIPPluginJar : add fmc
2025-06-16 11:27:03,904 [INFO] IPUIPlugin:80 - create IPUIPlugin
2025-06-16 11:27:03,904 [INFO] PluginManager:220 - loadIPPluginJar : add freertos
2025-06-16 11:27:03,908 [INFO] IPUIPlugin:80 - create IPUIPlugin
2025-06-16 11:27:03,908 [INFO] PluginManager:220 - loadIPPluginJar : add genericplugin
2025-06-16 11:27:03,912 [INFO] IPUIPlugin:80 - create IPUIPlugin
2025-06-16 11:27:03,912 [INFO] PluginManager:220 - loadIPPluginJar : add gfxmmu
2025-06-16 11:27:03,920 [INFO] IPUIPlugin:80 - create IPUIPlugin
2025-06-16 11:27:03,920 [INFO] PluginManager:220 - loadIPPluginJar : add gic
2025-06-16 11:27:03,927 [INFO] IPUIPlugin:80 - create IPUIPlugin
2025-06-16 11:27:03,927 [INFO] PluginManager:220 - loadIPPluginJar : add gpio
2025-06-16 11:27:03,932 [INFO] IPUIPlugin:80 - create IPUIPlugin
2025-06-16 11:27:03,932 [INFO] PluginManager:220 - loadIPPluginJar : add gtzc
2025-06-16 11:27:03,935 [INFO] IPUIPlugin:80 - create IPUIPlugin
2025-06-16 11:27:03,936 [INFO] PluginManager:220 - loadIPPluginJar : add hash
2025-06-16 11:27:03,940 [INFO] IPUIPlugin:80 - create IPUIPlugin
2025-06-16 11:27:03,941 [INFO] PluginManager:220 - loadIPPluginJar : add i2c
2025-06-16 11:27:03,946 [INFO] IPUIPlugin:80 - create IPUIPlugin
2025-06-16 11:27:03,946 [INFO] PluginManager:220 - loadIPPluginJar : add i2s
2025-06-16 11:27:03,951 [INFO] IPUIPlugin:80 - create IPUIPlugin
2025-06-16 11:27:03,951 [INFO] PluginManager:220 - loadIPPluginJar : add i3c
2025-06-16 11:27:03,956 [INFO] IPUIPlugin:80 - create IPUIPlugin
2025-06-16 11:27:03,957 [INFO] PluginManager:220 - loadIPPluginJar : add ipddr
2025-06-16 11:27:03,967 [INFO] IPUIPlugin:80 - create IPUIPlugin
2025-06-16 11:27:03,967 [INFO] PluginManager:220 - loadIPPluginJar : add linkedlist
2025-06-16 11:27:03,972 [INFO] IPUIPlugin:80 - create IPUIPlugin
2025-06-16 11:27:03,973 [INFO] PluginManager:220 - loadIPPluginJar : add lorawan
2025-06-16 11:27:03,975 [INFO] IPUIPlugin:80 - create IPUIPlugin
2025-06-16 11:27:03,976 [INFO] PluginManager:220 - loadIPPluginJar : add ltdc
2025-06-16 11:27:03,984 [INFO] IPUIPlugin:80 - create IPUIPlugin
2025-06-16 11:27:03,984 [INFO] PluginManager:220 - loadIPPluginJar : add mdma
2025-06-16 11:27:03,989 [INFO] IPUIPlugin:80 - create IPUIPlugin
2025-06-16 11:27:03,989 [INFO] PluginManager:220 - loadIPPluginJar : add nvic
2025-06-16 11:27:03,993 [INFO] IPUIPlugin:80 - create IPUIPlugin
2025-06-16 11:27:03,993 [INFO] PluginManager:220 - loadIPPluginJar : add opamp
2025-06-16 11:27:03,997 [INFO] IPUIPlugin:80 - create IPUIPlugin
2025-06-16 11:27:03,997 [INFO] PluginManager:220 - loadIPPluginJar : add openamp
2025-06-16 11:27:04,001 [INFO] IPUIPlugin:80 - create IPUIPlugin
2025-06-16 11:27:04,001 [INFO] PluginManager:220 - loadIPPluginJar : add pdm2pcm
2025-06-16 11:27:04,010 [INFO] IPUIPlugin:80 - create IPUIPlugin
2025-06-16 11:27:04,014 [INFO] PluginManager:220 - loadIPPluginJar : add plateformsettings
2025-06-16 11:27:04,017 [INFO] IPUIPlugin:80 - create IPUIPlugin
2025-06-16 11:27:04,017 [INFO] PluginManager:220 - loadIPPluginJar : add quadspi
2025-06-16 11:27:04,021 [INFO] IPUIPlugin:80 - create IPUIPlugin
2025-06-16 11:27:04,022 [INFO] PluginManager:220 - loadIPPluginJar : add radio
2025-06-16 11:27:04,028 [INFO] IPUIPlugin:80 - create IPUIPlugin
2025-06-16 11:27:04,028 [INFO] PluginManager:220 - loadIPPluginJar : add resmgrutility
2025-06-16 11:27:04,032 [INFO] IPUIPlugin:80 - create IPUIPlugin
2025-06-16 11:27:04,032 [INFO] PluginManager:220 - loadIPPluginJar : add sai
2025-06-16 11:27:04,036 [INFO] IPUIPlugin:80 - create IPUIPlugin
2025-06-16 11:27:04,036 [INFO] PluginManager:220 - loadIPPluginJar : add spi
2025-06-16 11:27:04,043 [INFO] IPUIPlugin:80 - create IPUIPlugin
2025-06-16 11:27:04,043 [INFO] PluginManager:220 - loadIPPluginJar : add stm32_wpan
2025-06-16 11:27:04,046 [INFO] IPUIPlugin:80 - create IPUIPlugin
2025-06-16 11:27:04,046 [INFO] PluginManager:220 - loadIPPluginJar : add tim
2025-06-16 11:27:04,051 [INFO] IPUIPlugin:80 - create IPUIPlugin
2025-06-16 11:27:04,051 [INFO] PluginManager:220 - loadIPPluginJar : add touchsensing
2025-06-16 11:27:04,055 [INFO] IPUIPlugin:80 - create IPUIPlugin
2025-06-16 11:27:04,055 [INFO] PluginManager:220 - loadIPPluginJar : add tracer_emb
2025-06-16 11:27:04,058 [INFO] IPUIPlugin:80 - create IPUIPlugin
2025-06-16 11:27:04,059 [INFO] PluginManager:220 - loadIPPluginJar : add ts
2025-06-16 11:27:04,061 [INFO] IPUIPlugin:80 - create IPUIPlugin
2025-06-16 11:27:04,061 [INFO] PluginManager:220 - loadIPPluginJar : add tsc
2025-06-16 11:27:04,065 [INFO] IPUIPlugin:80 - create IPUIPlugin
2025-06-16 11:27:04,065 [INFO] PluginManager:220 - loadIPPluginJar : add ucpd
2025-06-16 11:27:04,069 [INFO] IPUIPlugin:80 - create IPUIPlugin
2025-06-16 11:27:04,069 [INFO] PluginManager:220 - loadIPPluginJar : add usart
2025-06-16 11:27:04,073 [INFO] IPUIPlugin:80 - create IPUIPlugin
2025-06-16 11:27:04,073 [INFO] PluginManager:220 - loadIPPluginJar : add usbx
2025-06-16 11:27:04,259 [FATAL] Updater:351 - Updater called before beeing initialized
2025-06-16 11:27:04,367 [INFO] RulesReader:64 - Compatibility file has been processed (302 Rules)
2025-06-16 11:27:04,385 [INFO] RulesReader:64 - Compatibility file has been processed (302 Rules)
2025-06-16 11:27:04,398 [INFO] CADModel:165 - CPN selected for project level
2025-06-16 11:27:04,398 [INFO] CADModel:114 - Register for checkConnection events
2025-06-16 11:27:04,398 [FATAL] Updater:351 - Updater called before beeing initialized
2025-06-16 11:27:04,398 [ERROR] CADModel:125 - Updater not yet initialized, retry later 
2025-06-16 11:27:04,593 [FATAL] Updater:351 - Updater called before beeing initialized
2025-06-16 11:27:04,596 [INFO] CADModel:165 - CPN selected for project level
2025-06-16 11:27:04,597 [INFO] CADModel:114 - Register for checkConnection events
2025-06-16 11:27:04,597 [FATAL] Updater:351 - Updater called before beeing initialized
2025-06-16 11:27:04,597 [ERROR] CADModel:125 - Updater not yet initialized, retry later 
2025-06-16 11:27:04,601 [FATAL] Updater:351 - Updater called before beeing initialized
2025-06-16 11:27:04,743 [FATAL] Updater:351 - Updater called before beeing initialized
2025-06-16 11:27:04,748 [INFO] DbMcusAds:53 - JSON generation date=Wed May 07 14:37:55 IST 2025 (1746608875484)
2025-06-16 11:27:04,749 [FATAL] Updater:351 - Updater called before beeing initialized
2025-06-16 11:27:04,805 [WARN] DetailPanel:346 - Failed to get advertising image, set to default
2025-06-16 11:27:05,086 [FATAL] Updater:351 - Updater called before beeing initialized
2025-06-16 11:27:05,089 [FATAL] Updater:351 - Updater called before beeing initialized
2025-06-16 11:27:05,089 [FATAL] Updater:351 - Updater called before beeing initialized
2025-06-16 11:27:05,090 [WARN] DetailPanel:346 - Failed to get advertising image, set to default
2025-06-16 11:27:05,091 [FATAL] Updater:351 - Updater called before beeing initialized
2025-06-16 11:27:05,144 [ERROR] Updater:1198 - MainUpdater not yet initialized. External WinMGr cannot be set.
2025-06-16 11:27:05,145 [INFO] Updater:1134 - Updater Version found : 6.14.1
2025-06-16 11:27:05,168 [INFO] ApplicationProperties:184 - Using Application install path: C:\ST\STM32CubeIDE_1.18.1\STM32CubeIDE\plugins\com.st.stm32cube.common.mx_6.14.1.202504091515
2025-06-16 11:27:06,070 [INFO] ThirdPartyUpdaterWithRetryManager:70 - Updater plugin not ready yet. [2/15]
2025-06-16 11:27:06,746 [ERROR] LogOutputStream:75 - [STDERR_REDIRECT] Jun 16, 2025 11:27:06 AM java.util.prefs.WindowsPreferences <init>
2025-06-16 11:27:06,748 [ERROR] LogOutputStream:75 - [STDERR_REDIRECT] WARNING: Could not open/create prefs root node Software\JavaSoft\Prefs at root 0xffffffff80000002. Windows RegCreateKeyEx(...) returned error code 5.
2025-06-16 11:27:06,748 [ERROR] LogOutputStream:75 - [STDERR_REDIRECT] 
2025-06-16 11:27:07,204 [INFO] MainUpdater:2872 - connection check result : 10
2025-06-16 11:27:07,204 [INFO] MainUpdater:3566 - Updater definition file requires update
2025-06-16 11:27:07,206 [INFO] MainUpdater:289 - Updater Check For Update Now.
2025-06-16 11:27:07,206 [INFO] MicroXplorer:498 - Change Database Version : DB.6.0.141
2025-06-16 11:27:07,213 [INFO] McuFinderGlobals:63 - Set McuFinder mode to 2 (CubeIDE integrated)
2025-06-16 11:27:07,214 [INFO] UserAuth:484 - Internet connection configuration mode: 1
2025-06-16 11:27:07,237 [INFO] JxBrowserEngine:152 - Initiate JxBrowser Engine with user profile folder
2025-06-16 11:27:07,242 [INFO] ServerAccessManage:473 - Download File updaters.zip
2025-06-16 11:27:07,362 [INFO] FileExtend:242 - Unzip File : updaters.zip
2025-06-16 11:27:07,363 [INFO] FileExtend:257 - Standard Zip Deflate
2025-06-16 11:27:07,923 [INFO] ServerAccessManage:473 - Download File PacksControlFlags.xml
2025-06-16 11:27:08,011 [INFO] ServerAccessManage:473 - Download File cubemx.pidx
2025-06-16 11:27:08,135 [INFO] LoadServerUpdatesThread:375 - End of LoadServerUpdate Thread
2025-06-16 11:27:08,297 [INFO] CheckServerUpdateThread:120 - End of CheckServer Thread
2025-06-16 11:27:09,649 [WARN] PackLoader:240 - Cannot read IP mode file for STMicroelectronics.FP-SNS-MOTENVWB1.1.4.0
2025-06-16 11:27:09,683 [WARN] PackLoader:240 - Cannot read IP mode file for STMicroelectronics.FP-ATR-ASTRA1.2.0.2
2025-06-16 11:27:09,700 [WARN] PackLoader:240 - Cannot read IP mode file for STMicroelectronics.X-CUBE-SMBUS.2.1.0
2025-06-16 11:27:09,710 [WARN] PackLoader:240 - Cannot read IP mode file for STMicroelectronics.X-CUBE-ST60.1.0.0
2025-06-16 11:27:09,772 [WARN] PackLoader:240 - Cannot read IP mode file for STMicroelectronics.X-CUBE-AZRTOS-F7.1.1.0
2025-06-16 11:27:09,829 [WARN] PackLoader:240 - Cannot read IP mode file for Infineon.AIROC-Wi-Fi-Bluetooth-STM32.1.7.0
2025-06-16 11:27:09,864 [WARN] PackLoader:240 - Cannot read IP mode file for STMicroelectronics.X-CUBE-DISPLAY.3.0.0
2025-06-16 11:27:09,893 [WARN] PackLoader:240 - Cannot read IP mode file for STMicroelectronics.X-CUBE-NFC10.1.0.0
2025-06-16 11:27:09,923 [WARN] PackLoader:240 - Cannot read IP mode file for STMicroelectronics.X-CUBE-BLEMGR.4.0.0
2025-06-16 11:27:09,949 [WARN] PackLoader:240 - Cannot read IP mode file for emotas.I-CUBE-CANOPEN.1.3.0
2025-06-16 11:27:09,959 [WARN] ConditionMgr:438 - getConditionDescription Invalid condition id : Cortex-A Device cause : null
2025-06-16 11:27:09,983 [WARN] ConditionMgr:1044 - genDependencies : Invalid condition id : Cortex-A Device cause : null
2025-06-16 11:27:09,984 [WARN] ConditionMgr:1044 - genDependencies : Invalid condition id : Cortex-A Device cause : null
2025-06-16 11:27:09,984 [WARN] ConditionMgr:1044 - genDependencies : Invalid condition id : Cortex-A Device cause : null
2025-06-16 11:27:09,994 [WARN] PackLoader:240 - Cannot read IP mode file for STMicroelectronics.FP-SNS-SMARTAG2.1.2.0
2025-06-16 11:27:10,003 [WARN] PackLoader:240 - Cannot read IP mode file for STMicroelectronics.FP-SNS-FLIGHT1.5.1.0
2025-06-16 11:27:10,019 [INFO] LogOutputStream:77 - [STDOUT_REDIRECT] 1 : Invalid condition id : UX_CORESTACK_Condition cause : null
2025-06-16 11:27:10,020 [INFO] LogOutputStream:77 - [STDOUT_REDIRECT] 1 : Invalid condition id : UX_CORESTACK_Condition cause : null
2025-06-16 11:27:10,021 [INFO] WebApp:169 - Instantiating new browser for Auth
2025-06-16 11:27:10,021 [INFO] LogOutputStream:77 - [STDOUT_REDIRECT] 1 : Invalid condition id : UX_CORESTACK_Condition cause : null
2025-06-16 11:27:10,022 [INFO] LogOutputStream:77 - [STDOUT_REDIRECT] 1 : Invalid condition id : UX_CORESTACK_Condition cause : null
2025-06-16 11:27:10,024 [INFO] LogOutputStream:77 - [STDOUT_REDIRECT] 1 : Invalid condition id : UX_CORESTACK_Condition cause : null
2025-06-16 11:27:10,030 [WARN] PackLoader:240 - Cannot read IP mode file for STMicroelectronics.X-CUBE-AZRTOS-WL.2.0.0
2025-06-16 11:27:10,047 [WARN] PackLoader:240 - Cannot read IP mode file for STMicroelectronics.FP-SNS-MOTENV1.5.0.0
2025-06-16 11:27:10,098 [WARN] PackLoader:240 - Cannot read IP mode file for WES.I-CUBE-Cesium.1.3.0
2025-06-16 11:27:10,114 [WARN] PackLoader:240 - Cannot read IP mode file for STMicroelectronics.X-CUBE-BLE2.3.3.0
2025-06-16 11:27:10,148 [WARN] PackLoader:240 - Cannot read IP mode file for STMicroelectronics.X-CUBE-NFC9.1.0.0
2025-06-16 11:27:10,197 [WARN] PackLoader:240 - Cannot read IP mode file for wolfSSL.I-CUBE-wolfSSL.5.8.0
2025-06-16 11:27:10,218 [WARN] PackLoader:240 - Cannot read IP mode file for STMicroelectronics.X-CUBE-BLE1.7.1.0
2025-06-16 11:27:10,228 [WARN] PackLoader:240 - Cannot read IP mode file for wolfSSL.I-CUBE-wolfMQTT.1.19.2
2025-06-16 11:27:10,240 [WARN] PackLoader:240 - Cannot read IP mode file for STMicroelectronics.X-CUBE-AI.10.1.0
2025-06-16 11:27:10,285 [WARN] PackLoader:240 - Cannot read IP mode file for STMicroelectronics.X-CUBE-AZRTOS-G0.1.1.0
2025-06-16 11:27:10,311 [WARN] PackLoader:240 - Cannot read IP mode file for STMicroelectronics.X-CUBE-SAFEA1.1.2.2
2025-06-16 11:27:10,328 [WARN] PackLoader:240 - Cannot read IP mode file for STMicroelectronics.X-CUBE-NFC4.3.0.0
2025-06-16 11:27:10,343 [WARN] PackLoader:240 - Cannot read IP mode file for EmbeddedOffice.I-CUBE-FS-RTOS.1.0.1
2025-06-16 11:27:10,355 [WARN] PackLoader:240 - Cannot read IP mode file for STMicroelectronics.X-CUBE-WB05N.2.0.0
2025-06-16 11:27:10,364 [WARN] PackLoader:240 - Cannot read IP mode file for wolfSSL.I-CUBE-wolfTPM.3.8.0
2025-06-16 11:27:10,372 [WARN] PackLoader:240 - Cannot read IP mode file for STMicroelectronics.X-CUBE-TCPP.4.2.0
2025-06-16 11:27:10,387 [WARN] PackLoader:240 - Cannot read IP mode file for RealThread.X-CUBE-RT-Thread_Nano.4.1.1
2025-06-16 11:27:10,399 [WARN] PackLoader:240 - Cannot read IP mode file for STMicroelectronics.FP-ATR-SIGFOX1.3.2.0
2025-06-16 11:27:10,411 [WARN] PackLoader:240 - Cannot read IP mode file for STMicroelectronics.X-CUBE-EEPRMA1.5.1.0
2025-06-16 11:27:10,427 [WARN] PackLoader:240 - Cannot read IP mode file for ITTIA_DB.I-CUBE-ITTIADB.8.9.0
2025-06-16 11:27:10,435 [WARN] PackLoader:240 - Cannot read IP mode file for STMicroelectronics.X-CUBE-ST67W61.1.0.0
2025-06-16 11:27:10,505 [WARN] PackLoader:240 - Cannot read IP mode file for SEGGER.I-CUBE-embOS.1.3.1
2025-06-16 11:27:10,600 [WARN] PackLoader:240 - Cannot read IP mode file for STMicroelectronics.X-CUBE-ALGOBUILD.1.4.0
2025-06-16 11:27:10,675 [WARN] PackLoader:240 - Cannot read IP mode file for STMicroelectronics.X-CUBE-MEMS1.11.3.0
2025-06-16 11:27:10,901 [WARN] PackLoader:240 - Cannot read IP mode file for STMicroelectronics.X-CUBE-AZRTOS-F4.1.1.0
2025-06-16 11:27:10,918 [WARN] PackLoader:240 - Cannot read IP mode file for Avnet-IotConnect.X-CUBE-IoTC-DA16k-PMOD.1.0.0
2025-06-16 11:27:10,942 [WARN] PackLoader:240 - Cannot read IP mode file for STMicroelectronics.X-CUBE-ISPU.2.1.0
2025-06-16 11:27:10,986 [WARN] PackLoader:240 - Cannot read IP mode file for STMicroelectronics.X-CUBE-AZRTOS-L5.2.0.0
2025-06-16 11:27:11,000 [WARN] PackLoader:240 - Cannot read IP mode file for STMicroelectronics.X-CUBE-NFC6.3.1.0
2025-06-16 11:27:11,011 [WARN] PackLoader:240 - Cannot read IP mode file for STMicroelectronics.X-CUBE-FREERTOS.1.3.1
2025-06-16 11:27:11,023 [WARN] PackLoader:240 - Cannot read IP mode file for STMicroelectronics.X-CUBE-DPower.1.3.0
2025-06-16 11:27:11,043 [WARN] ConditionMgr:438 - getConditionDescription Invalid condition id : LAN8742 Phy interface Condition cause : null
2025-06-16 11:27:11,044 [WARN] PackLoader:240 - Cannot read IP mode file for STMicroelectronics.X-CUBE-AZRTOS-L4.2.0.0
2025-06-16 11:27:11,047 [WARN] ConditionMgr:1044 - genDependencies : Invalid condition id : LAN8742 Phy interface Condition cause : null
2025-06-16 11:27:11,048 [WARN] ConditionMgr:1044 - genDependencies : Invalid condition id : LAN8742 Phy interface Condition cause : null
2025-06-16 11:27:11,049 [WARN] ConditionMgr:1044 - genDependencies : Invalid condition id : LAN8742 Phy interface Condition cause : null
2025-06-16 11:27:11,062 [WARN] PackLoader:240 - Cannot read IP mode file for STMicroelectronics.X-CUBE-SFXS2LP1.4.0.0
2025-06-16 11:27:11,121 [WARN] PackLoader:240 - Cannot read IP mode file for STMicroelectronics.X-CUBE-AZRTOS-H7.3.3.0
2025-06-16 11:27:11,210 [WARN] ConditionMgr:438 - getConditionDescription Invalid condition id : UX DEVICE CLASS RTOS Condition cause : null
2025-06-16 11:27:11,211 [WARN] ConditionMgr:438 - getConditionDescription Invalid condition id : UX DEVICE CLASS RTOS Condition cause : null
2025-06-16 11:27:11,215 [WARN] PackLoader:240 - Cannot read IP mode file for STMicroelectronics.X-CUBE-AZRTOS-WB.2.0.0
2025-06-16 11:27:11,216 [WARN] ConditionMgr:1044 - genDependencies : Invalid condition id : UX DEVICE CLASS RTOS Condition cause : null
2025-06-16 11:27:11,217 [WARN] ConditionMgr:1044 - genDependencies : Invalid condition id : UX DEVICE CLASS RTOS Condition cause : null
2025-06-16 11:27:11,218 [WARN] ConditionMgr:1044 - genDependencies : Invalid condition id : UX DEVICE CLASS RTOS Condition cause : null
2025-06-16 11:27:11,218 [WARN] ConditionMgr:1044 - genDependencies : Invalid condition id : UX DEVICE CLASS RTOS Condition cause : null
2025-06-16 11:27:11,218 [WARN] ConditionMgr:1044 - genDependencies : Invalid condition id : UX DEVICE CLASS RTOS Condition cause : null
2025-06-16 11:27:11,251 [WARN] PackLoader:240 - Cannot read IP mode file for STMicroelectronics.X-CUBE-GNSS1.7.0.1
2025-06-16 11:27:11,263 [WARN] PackLoader:240 - Cannot read IP mode file for STMicroelectronics.X-CUBE-TOUCHGFX.4.25.0
2025-06-16 11:27:11,273 [WARN] PackLoader:240 - Cannot read IP mode file for STMicroelectronics.FP-SNS-STBOX1.2.0.0
2025-06-16 11:27:11,290 [WARN] PackLoader:240 - Cannot read IP mode file for STMicroelectronics.X-CUBE-SUBG2.5.0.0
2025-06-16 11:27:11,325 [WARN] PackLoader:240 - Cannot read IP mode file for STMicroelectronics.X-CUBE-AZRTOS-H7RS.1.1.0
2025-06-16 11:27:11,333 [WARN] PackLoader:240 - Cannot read IP mode file for Cesanta.I-CUBE-Mongoose.7.13.0
2025-06-16 11:27:11,348 [WARN] PackLoader:240 - Cannot read IP mode file for STMicroelectronics.X-CUBE-AZRTOS-G4.2.0.0
2025-06-16 11:27:11,357 [WARN] PackLoader:240 - Cannot read IP mode file for wolfSSL.I-CUBE-wolfSSH.1.4.20
2025-06-16 11:27:11,364 [WARN] PackLoader:240 - Cannot read IP mode file for STMicroelectronics.X-CUBE-NFC7.2.0.0
2025-06-16 11:27:11,381 [WARN] PackLoader:240 - Cannot read IP mode file for STMicroelectronics.X-CUBE-IPS.3.1.0
2025-06-16 11:27:11,395 [WARN] PackLoader:240 - Cannot read IP mode file for STMicroelectronics.X-CUBE-ALS.1.0.2
2025-06-16 11:27:11,404 [WARN] PackLoader:240 - Cannot read IP mode file for portGmbH.I-Cube-SoM-uGOAL.1.1.0
2025-06-16 11:27:11,417 [WARN] PackLoader:240 - Cannot read IP mode file for STMicroelectronics.X-CUBE-TOF1.3.4.3
2025-06-16 11:27:11,429 [INFO] ThirdParty:978 - Integrity check success = true
2025-06-16 11:27:11,429 [INFO] IntegrityCheckThread:100 - exiting critical section [integrity check]
2025-06-16 11:27:11,429 [INFO] IntegrityCheckThread:103 - End integrity checks thread
2025-06-16 11:27:11,907 [INFO] WebApp:463 - Apply proxy settings
2025-06-16 11:27:11,907 [INFO] WebApp:548 - Chromium requires no authentication
2025-06-16 11:27:11,923 [INFO] WebApp:491 - Direct internet connection detected
2025-06-16 11:27:11,965 [INFO] WebApp:894 - Register for checkConnection events
2025-06-16 11:27:11,965 [INFO] WebApp:463 - Apply proxy settings
2025-06-16 11:27:11,965 [INFO] WebApp:548 - Chromium requires no authentication
2025-06-16 11:27:11,966 [INFO] WebApp:491 - Direct internet connection detected
2025-06-16 11:27:12,235 [INFO] WebApp:191 - Connection restablished
2025-06-16 11:27:12,280 [INFO] WebApp:225 - Starting web application
2025-06-16 11:27:12,281 [INFO] WebApp:593 - Web application path used C:\ST\STM32CubeIDE_1.18.1\STM32CubeIDE\plugins\com.st.stm32cube.common.mx_6.14.1.202504091515\db\plugins\mcufinder\reactClient1\index.html
2025-06-16 11:27:12,575 [INFO] UserAuth:484 - Internet connection configuration mode: 1
2025-06-16 11:41:46,438 [INFO] McuFinderGlobals:63 - Set McuFinder mode to 2 (CubeIDE integrated)
2025-06-16 11:41:46,450 [INFO] MainUpdater:2872 - connection check result : 10
2025-06-16 11:41:46,462 [INFO] McuFinderGlobals:76 - Set McuFinderConnectedMode to true
2025-06-16 11:41:46,822 [INFO] ServerAccessManage:473 - Download File mcusAds.json._tmp_
2025-06-16 11:41:46,950 [INFO] LoadUrlFilesThread:156 - End of LoadUrlFiles Thread
2025-06-16 11:41:47,231 [INFO] ServerAccessManage:473 - Download File cube-finder-db.zip
2025-06-16 11:41:48,590 [INFO] FileExtend:242 - Unzip File : cube-finder-db.zip
2025-06-16 11:41:48,591 [INFO] FileExtend:257 - Standard Zip Deflate
2025-06-16 11:41:49,730 [INFO] LoadUrlFilesThread:156 - End of LoadUrlFiles Thread
2025-06-16 11:41:51,009 [INFO] ServerAccessManage:473 - Download File crdb.zip
2025-06-16 11:41:52,680 [INFO] FileExtend:242 - Unzip File : crdb.zip
2025-06-16 11:41:52,681 [INFO] FileExtend:257 - Standard Zip Deflate
2025-06-16 11:41:52,809 [INFO] LoadUrlFilesThread:156 - End of LoadUrlFiles Thread
2025-06-16 11:41:52,963 [INFO] ServerAccessManage:473 - Download File tutoVideoDB.zip
2025-06-16 11:41:52,984 [INFO] FileExtend:242 - Unzip File : tutoVideoDB.zip
2025-06-16 11:41:52,985 [INFO] FileExtend:257 - Standard Zip Deflate
2025-06-16 11:41:53,096 [INFO] LoadUrlFilesThread:156 - End of LoadUrlFiles Thread
2025-06-16 11:41:53,111 [WARN] DbFile:41 - Overriding database path with different value: C:\Users\arumu\.stmcufinder\plugins\mcufinder/ => C:\Users\arumu\.stmcufinder\plugins\mcufinder
2025-06-16 11:41:53,286 [INFO] ServerAccessManage:473 - Download File api_config.json
2025-06-16 11:41:53,398 [INFO] LoadUrlFilesThread:156 - End of LoadUrlFiles Thread
2025-06-16 11:41:53,404 [INFO] DbMcusAds:53 - JSON generation date=Wed May 07 14:37:55 IST 2025 (1746608875484)
2025-06-16 11:41:53,460 [INFO] LoadUrlFilesThread:185 - End of LoadServerUrlFiles without Thread
2025-06-16 11:41:53,462 [INFO] TargetSelectorAdapter:259 - Refresh data is successful
2025-06-16 11:41:53,631 [INFO] ApiDb:581 - Connected to CubeFinder SQLite database (C:\Users\arumu\.stmcufinder\plugins\mcufinder\mcu\cube-finder-db.db)
2025-06-16 11:41:53,777 [INFO] ApiDb:668 - CubeFinder database Data Model version=2.1
2025-06-16 11:41:53,778 [INFO] ApiDb:669 - CubeFinder database Configuration version=3.0.39
2025-06-16 11:41:53,781 [INFO] ApiDb:670 - CubeFinder database generation date=2025-05-20 (1747743314)
2025-06-16 11:41:53,781 [INFO] ApiDb:671 - CubeFinder database FW Pack versions=[FP-ATR-ASTRA1_V2.0.0, FP-SNS-FLIGHT1_V5.1.0, FP-SNS-MOTENV1_V5.0.0, FP-SNS-MOTENVWB1_V1.4.0, FP-SNS-SMARTAG2_V1.2.0, FP-SNS-STBOX1_V2.0.0, STM32Cube_FW_C0_V1.4.0, STM32Cube_FW_F4_V1.28.2, STM32Cube_FW_F7_V1.17.3, STM32Cube_FW_G0_V1.6.2, STM32Cube_FW_G4_V1.6.1, STM32Cube_FW_H5_V1.5.0, STM32Cube_FW_H7RS_V1.2.0, STM32Cube_FW_H7_V1.12.1, STM32Cube_FW_L0_V1.12.2, STM32Cube_FW_L4_V1.18.1, STM32Cube_FW_L5_V1.5.1, STM32Cube_FW_N6_V1.1.1, STM32Cube_FW_U0_V1.2.0, STM32Cube_FW_U3_V1.1.0, STM32Cube_FW_U5_V1.7.0, STM32Cube_FW_WB0_V1.2.0, STM32Cube_FW_WBA_V1.6.0, STM32Cube_FW_WB_V1.22.0, STM32Cube_FW_WL3_V1.1.0, STM32Cube_FW_WL_V1.3.1, X-CUBE-ALGOBUILD_V1.4.0, X-CUBE-ALS_V1.0.2, X-CUBE-AZRTOS-F4_V1.1.0, X-CUBE-AZRTOS-F7_V1.1.0, X-CUBE-AZRTOS-G0_V1.1.0, X-CUBE-AZRTOS-G4_V2.0.0, X-CUBE-AZRTOS-H7RS_V1.1.0, X-CUBE-AZRTOS-H7_V3.3.0, X-CUBE-AZRTOS-L4_V2.0.0, X-CUBE-AZRTOS-L5_V2.0.0, X-CUBE-AZRTOS-WB_V2.0.0, X-CUBE-AZRTOS-WL_V2.0.0, X-CUBE-BLE1_V7.1.0, X-CUBE-BLE2_V3.3.0, X-CUBE-BLEMGR_V4.0.0, X-CUBE-EEPRMA1_V5.1.0, X-CUBE-FREERTOS_V1.3.1, X-CUBE-GNSS1_V6.0.0, X-CUBE-MEMS1_V11.2.0, X-CUBE-NFC4_V3.0.0, X-CUBE-NFC7_V2.0.0, X-CUBE-SFXS2LP1_V4.0.0, X-CUBE-SUBG2_V5.0.0, X-CUBE-TOF1_V3.4.3]
2025-06-16 11:41:57,359 [INFO] ApiDb:240 - Found 895 in-development CPN: [B-G473E-ZEST1S, B-WB1M-WPAN1, B-WBA5M-WPAN, B-WL5M-SUBG1, NUCLEO-C031C6, NUCLEO-C051C8, NUCLEO-C071RB, NUCLEO-C092RC, NUCLEO-H503RB, NUCLEO-H533RE, NUCLEO-H563ZI, NUCLEO-H7S3L8, NUCLEO-N657X0-Q, NUCLEO-U031R8, NUCLEO-U083RC, NUCLEO-U385RG-Q, NUCLEO-U545RE-Q, NUCLEO-U5A5ZJ-Q, NUCLEO-WB05KZ, NUCLEO-WB07CC, NUCLEO-WB09KE, NUCLEO-WBA52CG, NUCLEO-WBA55CG, NUCLEO-WBA65RI, NUCLEO-WL33CC1, NUCLEO-WL33CC2, STEVAL-PROTEUS1, STEVAL-SMARTAG2, STEVAL-STWINBX1, STM320518-EVAL, STM32C0116-DK, STM32C011D6Y3TR, STM32C011D6Y6TR, STM32C011F4P3, STM32C011F4P6, STM32C011F4U3, STM32C011F4U6TR, STM32C011F6P3, STM32C011F6P6, STM32C011F6U3, STM32C011F6U6TR, STM32C011J4M3, STM32C011J4M6, STM32C011J6M3, STM32C011J6M6, STM32C0316-DK, STM32C031C4T3, STM32C031C4T6, STM32C031C4U3, STM32C031C4U6, STM32C031C6T3, STM32C031C6T6, STM32C031C6U3, STM32C031C6U6, STM32C031F4P3, STM32C031F4P6, STM32C031F6P3, STM32C031F6P6, STM32C031G4U3, STM32C031G4U6, STM32C031G6U3, STM32C031G6U6, STM32C031K4T3, STM32C031K4T6, STM32C031K4U3, STM32C031K4U6, STM32C031K6T3, STM32C031K6T6, STM32C031K6U3, STM32C031K6U6, STM32C051C6T6, STM32C051C6U6, STM32C051C8T6, STM32C051C8U6, STM32C051D8Y6TR, STM32C051F6P6, STM32C051F8P6, STM32C051G6U6, STM32C051G8U6, STM32C051K6T6, STM32C051K6U6, STM32C051K8T6, STM32C071C8T6, STM32C071C8T6N, STM32C071C8U6, STM32C071C8U6N, STM32C071CBT6, STM32C071CBT6N, STM32C071CBU6, STM32C071CBU6N, STM32C071F8P6, STM32C071F8P6N, STM32C071FBP6, STM32C071FBP6N, STM32C071FBY6TR, STM32C071G8U6, STM32C071G8U6N, STM32C071GBU6, STM32C071GBU6N, STM32C071K8T6, STM32C071K8T6N, STM32C071K8U6, STM32C071K8U6N, STM32C071KBT6, STM32C071KBT6N, STM32C071KBU6, STM32C071KBU6N, STM32C071R8T6, STM32C071R8T6N, STM32C071RBI6N, STM32C071RBT6, STM32C071RBT6N, STM32C091CBT6, STM32C091CBU6, STM32C091CCT6, STM32C091CCU6, STM32C091ECY6TR, STM32C091FBP6, STM32C091FCP6, STM32C091GBU6, STM32C091GCU6, STM32C091KBT6, STM32C091KBU6, STM32C091KCT6, STM32C091KCU6, STM32C091RBT6, STM32C091RCI6, STM32C091RCT6, STM32C092CBT6, STM32C092CBU6, STM32C092CCT6, STM32C092CCU6, STM32C092ECY6TR, STM32C092FBP6, STM32C092FCP6, STM32C092GBU6, STM32C092GCU6, STM32C092KBT6, STM32C092KBU6, STM32C092KCT6, STM32C092KCU6, STM32C092RBT6, STM32C092RCI6, STM32C092RCT6, STM32G071K8TXN, STM32G071K8UXN, STM32G081GBU6N, STM32G081KBT6N, STM32G081KBUXN, STM32G0B1CCT6N, STM32G0B1KCT6, STM32G0B1NEY6TR, STM32G0B1RCT6N, STM32G0C1CCT6, STM32G0C1CCT6N, STM32G0C1CCU6N, STM32G0C1CET6N, STM32G0C1CEU6N, STM32G0C1KCT6, STM32G0C1NEY6TR, STM32G0C1RCI6N, STM32G0C1RCT6N, STM32G0C1REI6N, STM32G0C1RET6N, STM32G0C1VCI6, STM32G0C1VEI6, STM32G411C6T3, STM32G411C6T6, STM32G411C6U3, STM32G411C6U6, STM32G411C8T3, STM32G411C8T6, STM32G411C8U3, STM32G411C8U6, STM32G411CBT3, STM32G411CBT6, STM32G411CBU3, STM32G411CBU6, STM32G411CCT3, STM32G411CCT6, STM32G411CCU3, STM32G411CCU6, STM32G411K6T3, STM32G411K6T6, STM32G411K6U3, STM32G411K6U6, STM32G411K8T3, STM32G411K8T6, STM32G411K8U3, STM32G411K8U6, STM32G411KBT3, STM32G411KBT6, STM32G411KBU3, STM32G411KBU6, STM32G411M6T3, STM32G411M6T6, STM32G411M8T3, STM32G411M8T6, STM32G411MBT3, STM32G411MBT6, STM32G411MCT3, STM32G411MCT6, STM32G411R6T3, STM32G411R6T6, STM32G411R8T3, STM32G411R8T6, STM32G411RBT3, STM32G411RBT6, STM32G411RCT3, STM32G411RCT6, STM32G414CBT3, STM32G414CBT6, STM32G414CBU3, STM32G414CBU6, STM32G414CCT3, STM32G414CCT6, STM32G414CCU3, STM32G414CCU6, STM32G414MBT3, STM32G414MBT6, STM32G414MCT3, STM32G414MCT6, STM32G414RBT3, STM32G414RBT6, STM32G414RCT3, STM32G414RCT6, STM32G414VBT3, STM32G414VBT6, STM32G414VCT3, STM32G414VCT6, STM32G431CBT3Z, STM32G431RBT3Z, STM32G471CCT6, STM32G471CCU6, STM32G471CET3, STM32G471CET6, STM32G471CEU3, STM32G471CEU6, STM32G471MCT6, STM32G471MET3, STM32G471MET6, STM32G471MEY6TR, STM32G471QCT6, STM32G471QET3, STM32G471RCT6, STM32G471RET3, STM32G471RET6, STM32G471VCH6, STM32G471VCI6, STM32G471VCT6, STM32G471VEH3, STM32G471VEH6, STM32G471VEI3, STM32G471VEI6, STM32G471VET3, STM32G471VET6, STM32G473QET3Z, STM32G473RET3Z, STM32G474CCT6, STM32G491RET3Z, STM32H503CBT6, STM32H503CBU6, STM32H503EBY6TR, STM32H503KBU6, STM32H503RBT6, STM32H523CCT6, STM32H523CCU6, STM32H523CET6, STM32H523CEU6, STM32H523HEY6TR, STM32H523RCT6, STM32H523RET6, STM32H523VCI6, STM32H523VCT6, STM32H523VEI6, STM32H523VET6, STM32H523ZCJ6, STM32H523ZCT6, STM32H523ZEJ6, STM32H523ZET6, STM32H533CET6, STM32H533CEU6, STM32H533HEY6TR, STM32H533RET6, STM32H533VEI6, STM32H533VET6, STM32H533ZEJ6, STM32H533ZET6, STM32H562AGI6, STM32H562AII6, STM32H562IGK6, STM32H562IGT6, STM32H562IIK6, STM32H562IIT6, STM32H562RGT6, STM32H562RGV6, STM32H562RIT6, STM32H562RIV6, STM32H562VGT6, STM32H562VIT6, STM32H562ZGT6, STM32H562ZIT6, STM32H563AGI6, STM32H563AII3Q, STM32H563AII6, STM32H563IGK6, STM32H563IGT6, STM32H563IIK3Q, STM32H563IIK6, STM32H563IIT3Q, STM32H563IIT6, STM32H563MIY3QTR, STM32H563RGT6, STM32H563RGV6, STM32H563RIT6, STM32H563RIV6, STM32H563VGT6, STM32H563VIT3Q, STM32H563VIT6, STM32H563ZGT6, STM32H563ZIT3Q, STM32H563ZIT6, STM32H573AII3Q, STM32H573AII6, STM32H573I-DK, STM32H573IIK3Q, STM32H573IIK6, STM32H573IIT3Q, STM32H573IIT6, STM32H573MIY3QTR, STM32H573RIT6, STM32H573RIV6, STM32H573VIT3Q, STM32H573VIT6, STM32H573ZIT3Q, STM32H573ZIT6, STM32H7R3A8I6, STM32H7R3I8K6, STM32H7R3I8T6, STM32H7R3L8H6, STM32H7R3L8H6H, STM32H7R3R8V6, STM32H7R3V8H6, STM32H7R3V8T6, STM32H7R3V8Y6TR, STM32H7R3Z8J6, STM32H7R3Z8T6, STM32H7R7A8I6, STM32H7R7I8K6, STM32H7R7I8T6, STM32H7R7L8H6, STM32H7R7L8H6H, STM32H7R7Z8J6, STM32H7S3A8I6, STM32H7S3I8K6, STM32H7S3I8T6, STM32H7S3L8H6, STM32H7S3L8H6H, STM32H7S3R8V6, STM32H7S3V8H6, STM32H7S3V8T6, STM32H7S3V8Y6TR, STM32H7S3Z8J6, STM32H7S3Z8T6, STM32H7S78-DK, STM32H7S7A8I6, STM32H7S7I8K6, STM32H7S7I8T6, STM32H7S7L8H6, STM32H7S7L8H6H, STM32H7S7Z8J6, STM32L4R5QGI6STR, STM32MP131AAE3, STM32MP131AAF3, STM32MP131AAG3, STM32MP131CAE3, STM32MP131CAF3, STM32MP131CAG3, STM32MP131DAE7, STM32MP131DAF7, STM32MP131DAG7, STM32MP131FAE7, STM32MP131FAF7, STM32MP131FAG7, STM32MP133AAE3, STM32MP133AAF3, STM32MP133AAG3, STM32MP133CAE3, STM32MP133CAF3, STM32MP133CAG3, STM32MP133DAE7, STM32MP133DAF7, STM32MP133DAG7, STM32MP133FAE7, STM32MP133FAF7, STM32MP133FAG7, STM32MP135AAE3, STM32MP135AAF3, STM32MP135AAG3, STM32MP135CAE3, STM32MP135CAF3, STM32MP135CAG3, STM32MP135DAE7, STM32MP135DAF7, STM32MP135DAG7, STM32MP135F-DK, STM32MP135FAE7, STM32MP135FAF7, STM32MP135FAF7T, STM32MP135FAF7U, STM32MP135FAG7, STM32MP231AAJ3, STM32MP231AAK3, STM32MP231AAL3, STM32MP231CAJ3, STM32MP231CAK3, STM32MP231CAL3, STM32MP231DAJ3, STM32MP231DAK3, STM32MP231DAL3, STM32MP231FAJ3, STM32MP231FAK3, STM32MP231FAL3, STM32MP233AAJ3, STM32MP233AAK3, STM32MP233AAL3, STM32MP233CAJ3, STM32MP233CAK3, STM32MP233CAL3, STM32MP233DAJ3, STM32MP233DAK3, STM32MP233DAL3, STM32MP233FAJ3, STM32MP233FAK3, STM32MP233FAL3, STM32MP235AAJ3, STM32MP235AAK3, STM32MP235AAL3, STM32MP235CAJ3, STM32MP235CAK3, STM32MP235CAL3, STM32MP235DAJ3, STM32MP235DAK3, STM32MP235DAL3, STM32MP235FAJ3, STM32MP235FAK3, STM32MP235FAL3, STM32MP251AAI3, STM32MP251AAJ3, STM32MP251AAK3, STM32MP251AAL3, STM32MP251CAI3, STM32MP251CAJ3, STM32MP251CAK3, STM32MP251CAL3, STM32MP251DAI3, STM32MP251DAJ3, STM32MP251DAK3, STM32MP251DAL3, STM32MP251FAI3, STM32MP251FAJ3, STM32MP251FAK3, STM32MP251FAL3, STM32MP253AAI3, STM32MP253AAJ3, STM32MP253AAK3, STM32MP253AAL3, STM32MP253CAI3, STM32MP253CAJ3, STM32MP253CAK3, STM32MP253CAL3, STM32MP253DAI3, STM32MP253DAJ3, STM32MP253DAK3, STM32MP253DAL3, STM32MP253FAI3, STM32MP253FAJ3, STM32MP253FAK3, STM32MP253FAL3, STM32MP255AAI3, STM32MP255AAJ3, STM32MP255AAK3, STM32MP255AAL3, STM32MP255CAI3, STM32MP255CAJ3, STM32MP255CAK3, STM32MP255CAL3, STM32MP255DAI3, STM32MP255DAJ3, STM32MP255DAK3, STM32MP255DAL3, STM32MP255FAI3, STM32MP255FAJ3, STM32MP255FAK3, STM32MP255FAL3, STM32MP257AAI3, STM32MP257AAJ3, STM32MP257AAK3, STM32MP257AAL3, STM32MP257CAI3, STM32MP257CAJ3, STM32MP257CAK3, STM32MP257CAL3, STM32MP257DAI3, STM32MP257DAJ3, STM32MP257DAK3, STM32MP257DAL3, STM32MP257F-DK, STM32MP257F-EV1, STM32MP257FAI3, STM32MP257FAJ3, STM32MP257FAK3, STM32MP257FAL3, STM32N645A0H3Q, STM32N645B0H3Q, STM32N645I0H3Q, STM32N645L0H3Q, STM32N645X0H3Q, STM32N645Z0H3Q, STM32N647A0H3Q, STM32N647B0H3Q, STM32N647I0H3Q, STM32N647L0H3Q, STM32N647X0H3Q, STM32N647Z0H3Q, STM32N655A0H3Q, STM32N655B0H3Q, STM32N655I0H3Q, STM32N655L0H3Q, STM32N655X0H3Q, STM32N655Z0H3Q, STM32N6570-DK, STM32N657A0H3Q, STM32N657B0H3Q, STM32N657I0H3Q, STM32N657L0H3Q, STM32N657X0H3Q, STM32N657Z0H3Q, STM32U031C6T6, STM32U031C6U6, STM32U031C8T6, STM32U031C8U6, STM32U031F4P6, STM32U031F6P6, STM32U031F8P6, STM32U031G6Y6TR, STM32U031G8Y6TR, STM32U031K4U6, STM32U031K6U6, STM32U031K8U6, STM32U031R6I6, STM32U031R6T6, STM32U031R8I6, STM32U031R8T6, STM32U073C8T6, STM32U073C8U6, STM32U073CBT6, STM32U073CBU6, STM32U073CCT6, STM32U073CCU6, STM32U073H8Y6TR, STM32U073HBY6TR, STM32U073HCY6TR, STM32U073K8U6, STM32U073KBU6, STM32U073KCU6, STM32U073M8I6, STM32U073M8T6, STM32U073MBI6, STM32U073MBT6, STM32U073MCI6, STM32U073MCT6, STM32U073R8I6, STM32U073R8T6, STM32U073RBI6, STM32U073RBT6, STM32U073RCI6, STM32U073RCT6, STM32U083C-DK, STM32U083CCT6, STM32U083CCU6, STM32U083HCY6TR, STM32U083KCU6, STM32U083MCI6, STM32U083MCT6, STM32U083RCI6, STM32U083RCT6, STM32U375CET6, STM32U375CET6Q, STM32U375CEU6, STM32U375CEU6Q, STM32U375CEY6QTR, STM32U375CGT6, STM32U375CGT6Q, STM32U375CGU6, STM32U375CGU6Q, STM32U375CGY6QTR, STM32U375KEU6, STM32U375KGU6, STM32U375REI6, STM32U375REI6Q, STM32U375RET6, STM32U375RET6Q, STM32U375REY6GTR, STM32U375REY6QTR, STM32U375RGI6, STM32U375RGI6Q, STM32U375RGT6, STM32U375RGT6Q, STM32U375RGY6GTR, STM32U375RGY6QTR, STM32U375VEI6, STM32U375VEI6Q, STM32U375VET6, STM32U375VET6Q, STM32U375VGI6, STM32U375VGI6Q, STM32U375VGT6, STM32U375VGT6Q, STM32U385CGT6, STM32U385CGT6Q, STM32U385CGU6, STM32U385CGU6Q, STM32U385CGY6QTR, STM32U385KGU6, STM32U385RGI6, STM32U385RGI6Q, STM32U385RGT6, STM32U385RGT6Q, STM32U385RGY6GTR, STM32U385RGY6QTR, STM32U385VGI6, STM32U385VGI6Q, STM32U385VGT6, STM32U385VGT6Q, STM32U535CBT6, STM32U535CBT6Q, STM32U535CBU6, STM32U535CBU6Q, STM32U535CCT6, STM32U535CCT6Q, STM32U535CCU6, STM32U535CCU6Q, STM32U535CET6, STM32U535CET6Q, STM32U535CEU6, STM32U535CEU6Q, STM32U535JEY6QTR, STM32U535NCY6QTR, STM32U535NEY6QTR, STM32U535RBI6, STM32U535RBI6Q, STM32U535RBT6, STM32U535RBT6Q, STM32U535RCI6, STM32U535RCI6Q, STM32U535RCT6, STM32U535RCT6Q, STM32U535REI6, STM32U535REI6Q, STM32U535RET6, STM32U535RET6Q, STM32U535VCI6, STM32U535VCI6Q, STM32U535VCT6, STM32U535VCT6Q, STM32U535VEI6, STM32U535VEI6Q, STM32U535VET6, STM32U535VET6Q, STM32U545CET6, STM32U545CET6Q, STM32U545CEU6, STM32U545CEU6Q, STM32U545JEY6QTR, STM32U545NEY6QTR, STM32U545REI6, STM32U545REI6Q, STM32U545RET6, STM32U545RET6Q, STM32U545VEI6, STM32U545VEI6Q, STM32U545VET6, STM32U545VET6Q, STM32U595AIH6, STM32U595AIH6Q, STM32U595AJH6, STM32U595AJH6Q, STM32U595QII6, STM32U595QII6Q, STM32U595QJI6, STM32U595QJI6Q, STM32U595RIT6, STM32U595RIT6Q, STM32U595RJT6, STM32U595RJT6Q, STM32U595VIT6, STM32U595VIT6Q, STM32U595VJT6, STM32U595VJT6Q, STM32U595ZIT6, STM32U595ZIT6Q, STM32U595ZIY6QTR, STM32U595ZJT6, STM32U595ZJT6Q, STM32U595ZJY6QTR, STM32U599BJY6QTR, STM32U599NIH6Q, STM32U599NJH6Q, STM32U599VIT6Q, STM32U599VJT6, STM32U599VJT6Q, STM32U599ZIT6Q, STM32U599ZIY6QTR, STM32U599ZJT6Q, STM32U599ZJY6QTR, STM32U5A5AJH6, STM32U5A5AJH6Q, STM32U5A5QII3Q , STM32U5A5QJI6, STM32U5A5QJI6Q, STM32U5A5RJT6, STM32U5A5RJT6Q, STM32U5A5VJT6, STM32U5A5VJT6Q, STM32U5A5ZJT6, STM32U5A5ZJT6Q, STM32U5A5ZJY6QTR, STM32U5A9BJY6QTR, STM32U5A9J-DK, STM32U5A9NJH6Q, STM32U5A9VJT6Q, STM32U5A9ZJT6Q, STM32U5A9ZJY6QTR, STM32U5F7VIT6, STM32U5F7VIT6Q, STM32U5F7VJT6, STM32U5F7VJT6Q, STM32U5F9BJY6QTR, STM32U5F9NJH6Q, STM32U5F9VIT6Q, STM32U5F9VJT6Q, STM32U5F9ZIJ6QTR, STM32U5F9ZIT6Q, STM32U5F9ZJJ6QTR, STM32U5F9ZJT6Q, STM32U5G7VJT6, STM32U5G7VJT6Q, STM32U5G9BJY6QTR, STM32U5G9J-DK1, STM32U5G9J-DK2, STM32U5G9NJH6Q, STM32U5G9VJT6Q, STM32U5G9ZJJ6QTR, STM32U5G9ZJT6Q, STM32WB05KZV6TR, STM32WB05KZV7TR, STM32WB05TZF6TR, STM32WB05TZF7TR, STM32WB06CCF6TR, STM32WB06CCF7TR, STM32WB06CCV6TR, STM32WB06CCV7TR, STM32WB06KCV6TR, STM32WB06KCV7TR, STM32WB07CCF6TR, STM32WB07CCF7TR, STM32WB07CCV6TR, STM32WB07CCV7TR, STM32WB07KCV6TR, STM32WB07KCV7TR, STM32WB09KEV6TR, STM32WB09KEV7TR, STM32WB09TEF6TR, STM32WB09TEF7TR, STM32WB1MMCH6, STM32WBA50KGU6, STM32WBA50KGU6TR, STM32WBA52CEU6, STM32WBA52CEU6TR, STM32WBA52CEU7, STM32WBA52CEU7TR, STM32WBA52CGU6, STM32WBA52CGU6TR, STM32WBA52CGU6U, STM32WBA52CGU7, STM32WBA52CGU7TR, STM32WBA52KEU6, STM32WBA52KEU6TR, STM32WBA52KGU6, STM32WBA52KGU6TR, STM32WBA54CEU6, STM32WBA54CEU6TR, STM32WBA54CEU7, STM32WBA54CEU7TR, STM32WBA54CGU6, STM32WBA54CGU6TR, STM32WBA54CGU7, STM32WBA54CGU7TR, STM32WBA54KEU6, STM32WBA54KEU6TR, STM32WBA54KEU7, STM32WBA54KEU7TR, STM32WBA54KGU6, STM32WBA54KGU6TR, STM32WBA54KGU7, STM32WBA54KGU7TR, STM32WBA55CEU6, STM32WBA55CEU6TR, STM32WBA55CEU7, STM32WBA55CEU7TR, STM32WBA55CGU6, STM32WBA55CGU6TR, STM32WBA55CGU6U, STM32WBA55CGU7, STM32WBA55CGU7TR, STM32WBA55G-DK1, STM32WBA55HEF6, STM32WBA55HEF7, STM32WBA55HGF6, STM32WBA55HGF7, STM32WBA55UEI6, STM32WBA55UEI6TR, STM32WBA55UEI7, STM32WBA55UEI7TR, STM32WBA55UGI6, STM32WBA55UGI6TR, STM32WBA55UGI7, STM32WBA55UGI7TR, STM32WBA5MJGH6TR, STM32WBA62CGU6, STM32WBA62CIU6, STM32WBA62MGF6, STM32WBA62MIF6, STM32WBA62PGI6, STM32WBA62PII6, STM32WBA63CGU6, STM32WBA63CGU7, STM32WBA63CIU6, STM32WBA63CIU7, STM32WBA64CGU6, STM32WBA64CGU7, STM32WBA64CIU6, STM32WBA64CIU7, STM32WBA65CGU6, STM32WBA65CGU7, STM32WBA65CIU6, STM32WBA65CIU7, STM32WBA65I-DK1, STM32WBA65MGF6, STM32WBA65MGF7, STM32WBA65MIF6, STM32WBA65MIF7, STM32WBA65PGI6, STM32WBA65PGI7, STM32WBA65PII6, STM32WBA65PII7, STM32WBA65RGV6, STM32WBA65RGV7, STM32WBA65RIV6, STM32WBA65RIV7, STM32WL30K8V6, STM32WL30KBV6, STM32WL31C8V6, STM32WL31CBV6, STM32WL31K8V6, STM32WL31KBV6, STM32WL33C8V6, STM32WL33C8V6TR, STM32WL33C8V7, STM32WL33C8V7TR, STM32WL33CBV6, STM32WL33CBV6TR, STM32WL33CBV7, STM32WL33CBV7TR, STM32WL33CCV6, STM32WL33CCV6TR, STM32WL33CCV7, STM32WL33CCV7A, STM32WL33CCV7ATR, STM32WL33CCV7TR, STM32WL33K8V6, STM32WL33K8V6TR, STM32WL33K8V7, STM32WL33K8V7TR, STM32WL33KBV6, STM32WL33KBV6TR, STM32WL33KBV7, STM32WL33KBV7TR, STM32WL33KCV6, STM32WL33KCV6TR, STM32WL33KCV7, STM32WL33KCV7TR, STM32WL5MOCH6, STM32WL5MOCH6TR]
2025-06-16 11:41:57,367 [INFO] DbMcus:218 - Found 4686 MCUs, 4686 are supported
2025-06-16 11:41:57,370 [INFO] ApiDb:423 - Load user favorites file C:\Users\arumu/.stm32cubeide/favorites.mcus.txt: 0 item(s)
2025-06-16 11:41:57,370 [INFO] ApiDb:427 - User favorites MCUs=[]
2025-06-16 11:41:57,371 [INFO] DbMcus:224 - Set 0 / 0 favorites MCUs
2025-06-16 11:41:58,029 [INFO] ApiDb:668 - CubeFinder database Data Model version=2.1
2025-06-16 11:41:58,030 [INFO] ApiDb:669 - CubeFinder database Configuration version=3.0.39
2025-06-16 11:41:58,030 [INFO] ApiDb:670 - CubeFinder database generation date=2025-05-20 (1747743314)
2025-06-16 11:41:58,030 [INFO] ApiDb:671 - CubeFinder database FW Pack versions=[FP-ATR-ASTRA1_V2.0.0, FP-SNS-FLIGHT1_V5.1.0, FP-SNS-MOTENV1_V5.0.0, FP-SNS-MOTENVWB1_V1.4.0, FP-SNS-SMARTAG2_V1.2.0, FP-SNS-STBOX1_V2.0.0, STM32Cube_FW_C0_V1.4.0, STM32Cube_FW_F4_V1.28.2, STM32Cube_FW_F7_V1.17.3, STM32Cube_FW_G0_V1.6.2, STM32Cube_FW_G4_V1.6.1, STM32Cube_FW_H5_V1.5.0, STM32Cube_FW_H7RS_V1.2.0, STM32Cube_FW_H7_V1.12.1, STM32Cube_FW_L0_V1.12.2, STM32Cube_FW_L4_V1.18.1, STM32Cube_FW_L5_V1.5.1, STM32Cube_FW_N6_V1.1.1, STM32Cube_FW_U0_V1.2.0, STM32Cube_FW_U3_V1.1.0, STM32Cube_FW_U5_V1.7.0, STM32Cube_FW_WB0_V1.2.0, STM32Cube_FW_WBA_V1.6.0, STM32Cube_FW_WB_V1.22.0, STM32Cube_FW_WL3_V1.1.0, STM32Cube_FW_WL_V1.3.1, X-CUBE-ALGOBUILD_V1.4.0, X-CUBE-ALS_V1.0.2, X-CUBE-AZRTOS-F4_V1.1.0, X-CUBE-AZRTOS-F7_V1.1.0, X-CUBE-AZRTOS-G0_V1.1.0, X-CUBE-AZRTOS-G4_V2.0.0, X-CUBE-AZRTOS-H7RS_V1.1.0, X-CUBE-AZRTOS-H7_V3.3.0, X-CUBE-AZRTOS-L4_V2.0.0, X-CUBE-AZRTOS-L5_V2.0.0, X-CUBE-AZRTOS-WB_V2.0.0, X-CUBE-AZRTOS-WL_V2.0.0, X-CUBE-BLE1_V7.1.0, X-CUBE-BLE2_V3.3.0, X-CUBE-BLEMGR_V4.0.0, X-CUBE-EEPRMA1_V5.1.0, X-CUBE-FREERTOS_V1.3.1, X-CUBE-GNSS1_V6.0.0, X-CUBE-MEMS1_V11.2.0, X-CUBE-NFC4_V3.0.0, X-CUBE-NFC7_V2.0.0, X-CUBE-SFXS2LP1_V4.0.0, X-CUBE-SUBG2_V5.0.0, X-CUBE-TOF1_V3.4.3]
2025-06-16 11:41:58,123 [INFO] DbBoardsSqlite:226 - include board P-NUCLEO-WB55-NUCLEO as a kit item of type 'Nucleo-64'
2025-06-16 11:41:58,124 [INFO] DbBoardsSqlite:226 - include board P-NUCLEO-WB55-USBDONGLE as a kit item of type 'Nucleo USB Dongle'
2025-06-16 11:41:58,124 [INFO] DbBoardsSqlite:226 - include board STEVAL-IDP005V1 as a kit item of type 'Evaluation Board'
2025-06-16 11:41:58,125 [INFO] DbBoardsSqlite:226 - include board STEVAL-IDP005V2 as a kit item of type 'Evaluation Board'
2025-06-16 11:41:58,241 [INFO] ApiDb:240 - Found 895 in-development CPN: [B-G473E-ZEST1S, B-WB1M-WPAN1, B-WBA5M-WPAN, B-WL5M-SUBG1, NUCLEO-C031C6, NUCLEO-C051C8, NUCLEO-C071RB, NUCLEO-C092RC, NUCLEO-H503RB, NUCLEO-H533RE, NUCLEO-H563ZI, NUCLEO-H7S3L8, NUCLEO-N657X0-Q, NUCLEO-U031R8, NUCLEO-U083RC, NUCLEO-U385RG-Q, NUCLEO-U545RE-Q, NUCLEO-U5A5ZJ-Q, NUCLEO-WB05KZ, NUCLEO-WB07CC, NUCLEO-WB09KE, NUCLEO-WBA52CG, NUCLEO-WBA55CG, NUCLEO-WBA65RI, NUCLEO-WL33CC1, NUCLEO-WL33CC2, STEVAL-PROTEUS1, STEVAL-SMARTAG2, STEVAL-STWINBX1, STM320518-EVAL, STM32C0116-DK, STM32C011D6Y3TR, STM32C011D6Y6TR, STM32C011F4P3, STM32C011F4P6, STM32C011F4U3, STM32C011F4U6TR, STM32C011F6P3, STM32C011F6P6, STM32C011F6U3, STM32C011F6U6TR, STM32C011J4M3, STM32C011J4M6, STM32C011J6M3, STM32C011J6M6, STM32C0316-DK, STM32C031C4T3, STM32C031C4T6, STM32C031C4U3, STM32C031C4U6, STM32C031C6T3, STM32C031C6T6, STM32C031C6U3, STM32C031C6U6, STM32C031F4P3, STM32C031F4P6, STM32C031F6P3, STM32C031F6P6, STM32C031G4U3, STM32C031G4U6, STM32C031G6U3, STM32C031G6U6, STM32C031K4T3, STM32C031K4T6, STM32C031K4U3, STM32C031K4U6, STM32C031K6T3, STM32C031K6T6, STM32C031K6U3, STM32C031K6U6, STM32C051C6T6, STM32C051C6U6, STM32C051C8T6, STM32C051C8U6, STM32C051D8Y6TR, STM32C051F6P6, STM32C051F8P6, STM32C051G6U6, STM32C051G8U6, STM32C051K6T6, STM32C051K6U6, STM32C051K8T6, STM32C071C8T6, STM32C071C8T6N, STM32C071C8U6, STM32C071C8U6N, STM32C071CBT6, STM32C071CBT6N, STM32C071CBU6, STM32C071CBU6N, STM32C071F8P6, STM32C071F8P6N, STM32C071FBP6, STM32C071FBP6N, STM32C071FBY6TR, STM32C071G8U6, STM32C071G8U6N, STM32C071GBU6, STM32C071GBU6N, STM32C071K8T6, STM32C071K8T6N, STM32C071K8U6, STM32C071K8U6N, STM32C071KBT6, STM32C071KBT6N, STM32C071KBU6, STM32C071KBU6N, STM32C071R8T6, STM32C071R8T6N, STM32C071RBI6N, STM32C071RBT6, STM32C071RBT6N, STM32C091CBT6, STM32C091CBU6, STM32C091CCT6, STM32C091CCU6, STM32C091ECY6TR, STM32C091FBP6, STM32C091FCP6, STM32C091GBU6, STM32C091GCU6, STM32C091KBT6, STM32C091KBU6, STM32C091KCT6, STM32C091KCU6, STM32C091RBT6, STM32C091RCI6, STM32C091RCT6, STM32C092CBT6, STM32C092CBU6, STM32C092CCT6, STM32C092CCU6, STM32C092ECY6TR, STM32C092FBP6, STM32C092FCP6, STM32C092GBU6, STM32C092GCU6, STM32C092KBT6, STM32C092KBU6, STM32C092KCT6, STM32C092KCU6, STM32C092RBT6, STM32C092RCI6, STM32C092RCT6, STM32G071K8TXN, STM32G071K8UXN, STM32G081GBU6N, STM32G081KBT6N, STM32G081KBUXN, STM32G0B1CCT6N, STM32G0B1KCT6, STM32G0B1NEY6TR, STM32G0B1RCT6N, STM32G0C1CCT6, STM32G0C1CCT6N, STM32G0C1CCU6N, STM32G0C1CET6N, STM32G0C1CEU6N, STM32G0C1KCT6, STM32G0C1NEY6TR, STM32G0C1RCI6N, STM32G0C1RCT6N, STM32G0C1REI6N, STM32G0C1RET6N, STM32G0C1VCI6, STM32G0C1VEI6, STM32G411C6T3, STM32G411C6T6, STM32G411C6U3, STM32G411C6U6, STM32G411C8T3, STM32G411C8T6, STM32G411C8U3, STM32G411C8U6, STM32G411CBT3, STM32G411CBT6, STM32G411CBU3, STM32G411CBU6, STM32G411CCT3, STM32G411CCT6, STM32G411CCU3, STM32G411CCU6, STM32G411K6T3, STM32G411K6T6, STM32G411K6U3, STM32G411K6U6, STM32G411K8T3, STM32G411K8T6, STM32G411K8U3, STM32G411K8U6, STM32G411KBT3, STM32G411KBT6, STM32G411KBU3, STM32G411KBU6, STM32G411M6T3, STM32G411M6T6, STM32G411M8T3, STM32G411M8T6, STM32G411MBT3, STM32G411MBT6, STM32G411MCT3, STM32G411MCT6, STM32G411R6T3, STM32G411R6T6, STM32G411R8T3, STM32G411R8T6, STM32G411RBT3, STM32G411RBT6, STM32G411RCT3, STM32G411RCT6, STM32G414CBT3, STM32G414CBT6, STM32G414CBU3, STM32G414CBU6, STM32G414CCT3, STM32G414CCT6, STM32G414CCU3, STM32G414CCU6, STM32G414MBT3, STM32G414MBT6, STM32G414MCT3, STM32G414MCT6, STM32G414RBT3, STM32G414RBT6, STM32G414RCT3, STM32G414RCT6, STM32G414VBT3, STM32G414VBT6, STM32G414VCT3, STM32G414VCT6, STM32G431CBT3Z, STM32G431RBT3Z, STM32G471CCT6, STM32G471CCU6, STM32G471CET3, STM32G471CET6, STM32G471CEU3, STM32G471CEU6, STM32G471MCT6, STM32G471MET3, STM32G471MET6, STM32G471MEY6TR, STM32G471QCT6, STM32G471QET3, STM32G471RCT6, STM32G471RET3, STM32G471RET6, STM32G471VCH6, STM32G471VCI6, STM32G471VCT6, STM32G471VEH3, STM32G471VEH6, STM32G471VEI3, STM32G471VEI6, STM32G471VET3, STM32G471VET6, STM32G473QET3Z, STM32G473RET3Z, STM32G474CCT6, STM32G491RET3Z, STM32H503CBT6, STM32H503CBU6, STM32H503EBY6TR, STM32H503KBU6, STM32H503RBT6, STM32H523CCT6, STM32H523CCU6, STM32H523CET6, STM32H523CEU6, STM32H523HEY6TR, STM32H523RCT6, STM32H523RET6, STM32H523VCI6, STM32H523VCT6, STM32H523VEI6, STM32H523VET6, STM32H523ZCJ6, STM32H523ZCT6, STM32H523ZEJ6, STM32H523ZET6, STM32H533CET6, STM32H533CEU6, STM32H533HEY6TR, STM32H533RET6, STM32H533VEI6, STM32H533VET6, STM32H533ZEJ6, STM32H533ZET6, STM32H562AGI6, STM32H562AII6, STM32H562IGK6, STM32H562IGT6, STM32H562IIK6, STM32H562IIT6, STM32H562RGT6, STM32H562RGV6, STM32H562RIT6, STM32H562RIV6, STM32H562VGT6, STM32H562VIT6, STM32H562ZGT6, STM32H562ZIT6, STM32H563AGI6, STM32H563AII3Q, STM32H563AII6, STM32H563IGK6, STM32H563IGT6, STM32H563IIK3Q, STM32H563IIK6, STM32H563IIT3Q, STM32H563IIT6, STM32H563MIY3QTR, STM32H563RGT6, STM32H563RGV6, STM32H563RIT6, STM32H563RIV6, STM32H563VGT6, STM32H563VIT3Q, STM32H563VIT6, STM32H563ZGT6, STM32H563ZIT3Q, STM32H563ZIT6, STM32H573AII3Q, STM32H573AII6, STM32H573I-DK, STM32H573IIK3Q, STM32H573IIK6, STM32H573IIT3Q, STM32H573IIT6, STM32H573MIY3QTR, STM32H573RIT6, STM32H573RIV6, STM32H573VIT3Q, STM32H573VIT6, STM32H573ZIT3Q, STM32H573ZIT6, STM32H7R3A8I6, STM32H7R3I8K6, STM32H7R3I8T6, STM32H7R3L8H6, STM32H7R3L8H6H, STM32H7R3R8V6, STM32H7R3V8H6, STM32H7R3V8T6, STM32H7R3V8Y6TR, STM32H7R3Z8J6, STM32H7R3Z8T6, STM32H7R7A8I6, STM32H7R7I8K6, STM32H7R7I8T6, STM32H7R7L8H6, STM32H7R7L8H6H, STM32H7R7Z8J6, STM32H7S3A8I6, STM32H7S3I8K6, STM32H7S3I8T6, STM32H7S3L8H6, STM32H7S3L8H6H, STM32H7S3R8V6, STM32H7S3V8H6, STM32H7S3V8T6, STM32H7S3V8Y6TR, STM32H7S3Z8J6, STM32H7S3Z8T6, STM32H7S78-DK, STM32H7S7A8I6, STM32H7S7I8K6, STM32H7S7I8T6, STM32H7S7L8H6, STM32H7S7L8H6H, STM32H7S7Z8J6, STM32L4R5QGI6STR, STM32MP131AAE3, STM32MP131AAF3, STM32MP131AAG3, STM32MP131CAE3, STM32MP131CAF3, STM32MP131CAG3, STM32MP131DAE7, STM32MP131DAF7, STM32MP131DAG7, STM32MP131FAE7, STM32MP131FAF7, STM32MP131FAG7, STM32MP133AAE3, STM32MP133AAF3, STM32MP133AAG3, STM32MP133CAE3, STM32MP133CAF3, STM32MP133CAG3, STM32MP133DAE7, STM32MP133DAF7, STM32MP133DAG7, STM32MP133FAE7, STM32MP133FAF7, STM32MP133FAG7, STM32MP135AAE3, STM32MP135AAF3, STM32MP135AAG3, STM32MP135CAE3, STM32MP135CAF3, STM32MP135CAG3, STM32MP135DAE7, STM32MP135DAF7, STM32MP135DAG7, STM32MP135F-DK, STM32MP135FAE7, STM32MP135FAF7, STM32MP135FAF7T, STM32MP135FAF7U, STM32MP135FAG7, STM32MP231AAJ3, STM32MP231AAK3, STM32MP231AAL3, STM32MP231CAJ3, STM32MP231CAK3, STM32MP231CAL3, STM32MP231DAJ3, STM32MP231DAK3, STM32MP231DAL3, STM32MP231FAJ3, STM32MP231FAK3, STM32MP231FAL3, STM32MP233AAJ3, STM32MP233AAK3, STM32MP233AAL3, STM32MP233CAJ3, STM32MP233CAK3, STM32MP233CAL3, STM32MP233DAJ3, STM32MP233DAK3, STM32MP233DAL3, STM32MP233FAJ3, STM32MP233FAK3, STM32MP233FAL3, STM32MP235AAJ3, STM32MP235AAK3, STM32MP235AAL3, STM32MP235CAJ3, STM32MP235CAK3, STM32MP235CAL3, STM32MP235DAJ3, STM32MP235DAK3, STM32MP235DAL3, STM32MP235FAJ3, STM32MP235FAK3, STM32MP235FAL3, STM32MP251AAI3, STM32MP251AAJ3, STM32MP251AAK3, STM32MP251AAL3, STM32MP251CAI3, STM32MP251CAJ3, STM32MP251CAK3, STM32MP251CAL3, STM32MP251DAI3, STM32MP251DAJ3, STM32MP251DAK3, STM32MP251DAL3, STM32MP251FAI3, STM32MP251FAJ3, STM32MP251FAK3, STM32MP251FAL3, STM32MP253AAI3, STM32MP253AAJ3, STM32MP253AAK3, STM32MP253AAL3, STM32MP253CAI3, STM32MP253CAJ3, STM32MP253CAK3, STM32MP253CAL3, STM32MP253DAI3, STM32MP253DAJ3, STM32MP253DAK3, STM32MP253DAL3, STM32MP253FAI3, STM32MP253FAJ3, STM32MP253FAK3, STM32MP253FAL3, STM32MP255AAI3, STM32MP255AAJ3, STM32MP255AAK3, STM32MP255AAL3, STM32MP255CAI3, STM32MP255CAJ3, STM32MP255CAK3, STM32MP255CAL3, STM32MP255DAI3, STM32MP255DAJ3, STM32MP255DAK3, STM32MP255DAL3, STM32MP255FAI3, STM32MP255FAJ3, STM32MP255FAK3, STM32MP255FAL3, STM32MP257AAI3, STM32MP257AAJ3, STM32MP257AAK3, STM32MP257AAL3, STM32MP257CAI3, STM32MP257CAJ3, STM32MP257CAK3, STM32MP257CAL3, STM32MP257DAI3, STM32MP257DAJ3, STM32MP257DAK3, STM32MP257DAL3, STM32MP257F-DK, STM32MP257F-EV1, STM32MP257FAI3, STM32MP257FAJ3, STM32MP257FAK3, STM32MP257FAL3, STM32N645A0H3Q, STM32N645B0H3Q, STM32N645I0H3Q, STM32N645L0H3Q, STM32N645X0H3Q, STM32N645Z0H3Q, STM32N647A0H3Q, STM32N647B0H3Q, STM32N647I0H3Q, STM32N647L0H3Q, STM32N647X0H3Q, STM32N647Z0H3Q, STM32N655A0H3Q, STM32N655B0H3Q, STM32N655I0H3Q, STM32N655L0H3Q, STM32N655X0H3Q, STM32N655Z0H3Q, STM32N6570-DK, STM32N657A0H3Q, STM32N657B0H3Q, STM32N657I0H3Q, STM32N657L0H3Q, STM32N657X0H3Q, STM32N657Z0H3Q, STM32U031C6T6, STM32U031C6U6, STM32U031C8T6, STM32U031C8U6, STM32U031F4P6, STM32U031F6P6, STM32U031F8P6, STM32U031G6Y6TR, STM32U031G8Y6TR, STM32U031K4U6, STM32U031K6U6, STM32U031K8U6, STM32U031R6I6, STM32U031R6T6, STM32U031R8I6, STM32U031R8T6, STM32U073C8T6, STM32U073C8U6, STM32U073CBT6, STM32U073CBU6, STM32U073CCT6, STM32U073CCU6, STM32U073H8Y6TR, STM32U073HBY6TR, STM32U073HCY6TR, STM32U073K8U6, STM32U073KBU6, STM32U073KCU6, STM32U073M8I6, STM32U073M8T6, STM32U073MBI6, STM32U073MBT6, STM32U073MCI6, STM32U073MCT6, STM32U073R8I6, STM32U073R8T6, STM32U073RBI6, STM32U073RBT6, STM32U073RCI6, STM32U073RCT6, STM32U083C-DK, STM32U083CCT6, STM32U083CCU6, STM32U083HCY6TR, STM32U083KCU6, STM32U083MCI6, STM32U083MCT6, STM32U083RCI6, STM32U083RCT6, STM32U375CET6, STM32U375CET6Q, STM32U375CEU6, STM32U375CEU6Q, STM32U375CEY6QTR, STM32U375CGT6, STM32U375CGT6Q, STM32U375CGU6, STM32U375CGU6Q, STM32U375CGY6QTR, STM32U375KEU6, STM32U375KGU6, STM32U375REI6, STM32U375REI6Q, STM32U375RET6, STM32U375RET6Q, STM32U375REY6GTR, STM32U375REY6QTR, STM32U375RGI6, STM32U375RGI6Q, STM32U375RGT6, STM32U375RGT6Q, STM32U375RGY6GTR, STM32U375RGY6QTR, STM32U375VEI6, STM32U375VEI6Q, STM32U375VET6, STM32U375VET6Q, STM32U375VGI6, STM32U375VGI6Q, STM32U375VGT6, STM32U375VGT6Q, STM32U385CGT6, STM32U385CGT6Q, STM32U385CGU6, STM32U385CGU6Q, STM32U385CGY6QTR, STM32U385KGU6, STM32U385RGI6, STM32U385RGI6Q, STM32U385RGT6, STM32U385RGT6Q, STM32U385RGY6GTR, STM32U385RGY6QTR, STM32U385VGI6, STM32U385VGI6Q, STM32U385VGT6, STM32U385VGT6Q, STM32U535CBT6, STM32U535CBT6Q, STM32U535CBU6, STM32U535CBU6Q, STM32U535CCT6, STM32U535CCT6Q, STM32U535CCU6, STM32U535CCU6Q, STM32U535CET6, STM32U535CET6Q, STM32U535CEU6, STM32U535CEU6Q, STM32U535JEY6QTR, STM32U535NCY6QTR, STM32U535NEY6QTR, STM32U535RBI6, STM32U535RBI6Q, STM32U535RBT6, STM32U535RBT6Q, STM32U535RCI6, STM32U535RCI6Q, STM32U535RCT6, STM32U535RCT6Q, STM32U535REI6, STM32U535REI6Q, STM32U535RET6, STM32U535RET6Q, STM32U535VCI6, STM32U535VCI6Q, STM32U535VCT6, STM32U535VCT6Q, STM32U535VEI6, STM32U535VEI6Q, STM32U535VET6, STM32U535VET6Q, STM32U545CET6, STM32U545CET6Q, STM32U545CEU6, STM32U545CEU6Q, STM32U545JEY6QTR, STM32U545NEY6QTR, STM32U545REI6, STM32U545REI6Q, STM32U545RET6, STM32U545RET6Q, STM32U545VEI6, STM32U545VEI6Q, STM32U545VET6, STM32U545VET6Q, STM32U595AIH6, STM32U595AIH6Q, STM32U595AJH6, STM32U595AJH6Q, STM32U595QII6, STM32U595QII6Q, STM32U595QJI6, STM32U595QJI6Q, STM32U595RIT6, STM32U595RIT6Q, STM32U595RJT6, STM32U595RJT6Q, STM32U595VIT6, STM32U595VIT6Q, STM32U595VJT6, STM32U595VJT6Q, STM32U595ZIT6, STM32U595ZIT6Q, STM32U595ZIY6QTR, STM32U595ZJT6, STM32U595ZJT6Q, STM32U595ZJY6QTR, STM32U599BJY6QTR, STM32U599NIH6Q, STM32U599NJH6Q, STM32U599VIT6Q, STM32U599VJT6, STM32U599VJT6Q, STM32U599ZIT6Q, STM32U599ZIY6QTR, STM32U599ZJT6Q, STM32U599ZJY6QTR, STM32U5A5AJH6, STM32U5A5AJH6Q, STM32U5A5QII3Q , STM32U5A5QJI6, STM32U5A5QJI6Q, STM32U5A5RJT6, STM32U5A5RJT6Q, STM32U5A5VJT6, STM32U5A5VJT6Q, STM32U5A5ZJT6, STM32U5A5ZJT6Q, STM32U5A5ZJY6QTR, STM32U5A9BJY6QTR, STM32U5A9J-DK, STM32U5A9NJH6Q, STM32U5A9VJT6Q, STM32U5A9ZJT6Q, STM32U5A9ZJY6QTR, STM32U5F7VIT6, STM32U5F7VIT6Q, STM32U5F7VJT6, STM32U5F7VJT6Q, STM32U5F9BJY6QTR, STM32U5F9NJH6Q, STM32U5F9VIT6Q, STM32U5F9VJT6Q, STM32U5F9ZIJ6QTR, STM32U5F9ZIT6Q, STM32U5F9ZJJ6QTR, STM32U5F9ZJT6Q, STM32U5G7VJT6, STM32U5G7VJT6Q, STM32U5G9BJY6QTR, STM32U5G9J-DK1, STM32U5G9J-DK2, STM32U5G9NJH6Q, STM32U5G9VJT6Q, STM32U5G9ZJJ6QTR, STM32U5G9ZJT6Q, STM32WB05KZV6TR, STM32WB05KZV7TR, STM32WB05TZF6TR, STM32WB05TZF7TR, STM32WB06CCF6TR, STM32WB06CCF7TR, STM32WB06CCV6TR, STM32WB06CCV7TR, STM32WB06KCV6TR, STM32WB06KCV7TR, STM32WB07CCF6TR, STM32WB07CCF7TR, STM32WB07CCV6TR, STM32WB07CCV7TR, STM32WB07KCV6TR, STM32WB07KCV7TR, STM32WB09KEV6TR, STM32WB09KEV7TR, STM32WB09TEF6TR, STM32WB09TEF7TR, STM32WB1MMCH6, STM32WBA50KGU6, STM32WBA50KGU6TR, STM32WBA52CEU6, STM32WBA52CEU6TR, STM32WBA52CEU7, STM32WBA52CEU7TR, STM32WBA52CGU6, STM32WBA52CGU6TR, STM32WBA52CGU6U, STM32WBA52CGU7, STM32WBA52CGU7TR, STM32WBA52KEU6, STM32WBA52KEU6TR, STM32WBA52KGU6, STM32WBA52KGU6TR, STM32WBA54CEU6, STM32WBA54CEU6TR, STM32WBA54CEU7, STM32WBA54CEU7TR, STM32WBA54CGU6, STM32WBA54CGU6TR, STM32WBA54CGU7, STM32WBA54CGU7TR, STM32WBA54KEU6, STM32WBA54KEU6TR, STM32WBA54KEU7, STM32WBA54KEU7TR, STM32WBA54KGU6, STM32WBA54KGU6TR, STM32WBA54KGU7, STM32WBA54KGU7TR, STM32WBA55CEU6, STM32WBA55CEU6TR, STM32WBA55CEU7, STM32WBA55CEU7TR, STM32WBA55CGU6, STM32WBA55CGU6TR, STM32WBA55CGU6U, STM32WBA55CGU7, STM32WBA55CGU7TR, STM32WBA55G-DK1, STM32WBA55HEF6, STM32WBA55HEF7, STM32WBA55HGF6, STM32WBA55HGF7, STM32WBA55UEI6, STM32WBA55UEI6TR, STM32WBA55UEI7, STM32WBA55UEI7TR, STM32WBA55UGI6, STM32WBA55UGI6TR, STM32WBA55UGI7, STM32WBA55UGI7TR, STM32WBA5MJGH6TR, STM32WBA62CGU6, STM32WBA62CIU6, STM32WBA62MGF6, STM32WBA62MIF6, STM32WBA62PGI6, STM32WBA62PII6, STM32WBA63CGU6, STM32WBA63CGU7, STM32WBA63CIU6, STM32WBA63CIU7, STM32WBA64CGU6, STM32WBA64CGU7, STM32WBA64CIU6, STM32WBA64CIU7, STM32WBA65CGU6, STM32WBA65CGU7, STM32WBA65CIU6, STM32WBA65CIU7, STM32WBA65I-DK1, STM32WBA65MGF6, STM32WBA65MGF7, STM32WBA65MIF6, STM32WBA65MIF7, STM32WBA65PGI6, STM32WBA65PGI7, STM32WBA65PII6, STM32WBA65PII7, STM32WBA65RGV6, STM32WBA65RGV7, STM32WBA65RIV6, STM32WBA65RIV7, STM32WL30K8V6, STM32WL30KBV6, STM32WL31C8V6, STM32WL31CBV6, STM32WL31K8V6, STM32WL31KBV6, STM32WL33C8V6, STM32WL33C8V6TR, STM32WL33C8V7, STM32WL33C8V7TR, STM32WL33CBV6, STM32WL33CBV6TR, STM32WL33CBV7, STM32WL33CBV7TR, STM32WL33CCV6, STM32WL33CCV6TR, STM32WL33CCV7, STM32WL33CCV7A, STM32WL33CCV7ATR, STM32WL33CCV7TR, STM32WL33K8V6, STM32WL33K8V6TR, STM32WL33K8V7, STM32WL33K8V7TR, STM32WL33KBV6, STM32WL33KBV6TR, STM32WL33KBV7, STM32WL33KBV7TR, STM32WL33KCV6, STM32WL33KCV6TR, STM32WL33KCV7, STM32WL33KCV7TR, STM32WL5MOCH6, STM32WL5MOCH6TR]
2025-06-16 11:41:58,708 [INFO] BoardInfo:889 - No configuration file found for board P-NUCLEO-WB55
2025-06-16 11:41:58,710 [INFO] DbBoards:161 - Kit is not supported: P-NUCLEO-WB55
2025-06-16 11:41:58,731 [INFO] BoardInfo:889 - No configuration file found for board STEVAL-BFA001V1B
2025-06-16 11:41:58,733 [INFO] DbBoards:161 - Kit is not supported: STEVAL-BFA001V1B
2025-06-16 11:41:58,736 [INFO] BoardInfo:889 - No configuration file found for board STEVAL-BFA001V2B
2025-06-16 11:41:58,739 [INFO] DbBoards:161 - Kit is not supported: STEVAL-BFA001V2B
2025-06-16 11:41:59,195 [INFO] DbBoards:168 - Found 211 boards, 208 are supported
2025-06-16 11:41:59,195 [INFO] DbBoards:169 - Found 211 boards, 43 of them is supported for  Bsp
2025-06-16 11:41:59,200 [INFO] ApiDb:423 - Load user favorites file C:\Users\arumu/.stm32cubeide/favorites.boards.txt: 0 item(s)
2025-06-16 11:41:59,200 [INFO] ApiDb:427 - User favorites Boards=[]
2025-06-16 11:41:59,200 [INFO] DbBoards:198 - Set 0 / 0 favorites Boards
2025-06-16 11:41:59,204 [INFO] ApiDb:668 - CubeFinder database Data Model version=2.1
2025-06-16 11:41:59,204 [INFO] ApiDb:669 - CubeFinder database Configuration version=3.0.39
2025-06-16 11:41:59,204 [INFO] ApiDb:670 - CubeFinder database generation date=2025-05-20 (1747743314)
2025-06-16 11:41:59,204 [INFO] ApiDb:671 - CubeFinder database FW Pack versions=[FP-ATR-ASTRA1_V2.0.0, FP-SNS-FLIGHT1_V5.1.0, FP-SNS-MOTENV1_V5.0.0, FP-SNS-MOTENVWB1_V1.4.0, FP-SNS-SMARTAG2_V1.2.0, FP-SNS-STBOX1_V2.0.0, STM32Cube_FW_C0_V1.4.0, STM32Cube_FW_F4_V1.28.2, STM32Cube_FW_F7_V1.17.3, STM32Cube_FW_G0_V1.6.2, STM32Cube_FW_G4_V1.6.1, STM32Cube_FW_H5_V1.5.0, STM32Cube_FW_H7RS_V1.2.0, STM32Cube_FW_H7_V1.12.1, STM32Cube_FW_L0_V1.12.2, STM32Cube_FW_L4_V1.18.1, STM32Cube_FW_L5_V1.5.1, STM32Cube_FW_N6_V1.1.1, STM32Cube_FW_U0_V1.2.0, STM32Cube_FW_U3_V1.1.0, STM32Cube_FW_U5_V1.7.0, STM32Cube_FW_WB0_V1.2.0, STM32Cube_FW_WBA_V1.6.0, STM32Cube_FW_WB_V1.22.0, STM32Cube_FW_WL3_V1.1.0, STM32Cube_FW_WL_V1.3.1, X-CUBE-ALGOBUILD_V1.4.0, X-CUBE-ALS_V1.0.2, X-CUBE-AZRTOS-F4_V1.1.0, X-CUBE-AZRTOS-F7_V1.1.0, X-CUBE-AZRTOS-G0_V1.1.0, X-CUBE-AZRTOS-G4_V2.0.0, X-CUBE-AZRTOS-H7RS_V1.1.0, X-CUBE-AZRTOS-H7_V3.3.0, X-CUBE-AZRTOS-L4_V2.0.0, X-CUBE-AZRTOS-L5_V2.0.0, X-CUBE-AZRTOS-WB_V2.0.0, X-CUBE-AZRTOS-WL_V2.0.0, X-CUBE-BLE1_V7.1.0, X-CUBE-BLE2_V3.3.0, X-CUBE-BLEMGR_V4.0.0, X-CUBE-EEPRMA1_V5.1.0, X-CUBE-FREERTOS_V1.3.1, X-CUBE-GNSS1_V6.0.0, X-CUBE-MEMS1_V11.2.0, X-CUBE-NFC4_V3.0.0, X-CUBE-NFC7_V2.0.0, X-CUBE-SFXS2LP1_V4.0.0, X-CUBE-SUBG2_V5.0.0, X-CUBE-TOF1_V3.4.3]
2025-06-16 11:42:00,234 [ERROR] DbExamplesSqlite:437 - Missing JSON key: board_cpn
2025-06-16 11:42:00,234 [ERROR] DbExamplesSqlite:437 - Missing JSON key: board_cpn
2025-06-16 11:42:00,236 [ERROR] DbExamplesSqlite:437 - Missing JSON key: board_cpn
2025-06-16 11:42:00,236 [ERROR] DbExamplesSqlite:437 - Missing JSON key: board_cpn
2025-06-16 11:42:00,442 [ERROR] DbExamplesSqlite:437 - Missing JSON key: board_cpn
2025-06-16 11:42:00,442 [ERROR] DbExamplesSqlite:437 - Missing JSON key: board_cpn
2025-06-16 11:42:00,442 [ERROR] DbExamplesSqlite:437 - Missing JSON key: board_cpn
2025-06-16 11:42:00,443 [ERROR] DbExamplesSqlite:437 - Missing JSON key: board_cpn
2025-06-16 11:42:00,443 [ERROR] DbExamplesSqlite:437 - Missing JSON key: board_cpn
2025-06-16 11:42:00,443 [ERROR] DbExamplesSqlite:437 - Missing JSON key: board_cpn
2025-06-16 11:42:00,445 [ERROR] DbExamplesSqlite:437 - Missing JSON key: board_cpn
2025-06-16 11:42:00,445 [ERROR] DbExamplesSqlite:437 - Missing JSON key: board_cpn
2025-06-16 11:42:00,446 [ERROR] DbExamplesSqlite:437 - Missing JSON key: board_cpn
2025-06-16 11:42:00,817 [ERROR] DbExamplesSqlite:437 - Missing JSON key: board_cpn
2025-06-16 11:42:00,837 [INFO] DbExamplesSqlite:395 - Ignored 46 examples not supported by CubeIDE
2025-06-16 11:42:00,838 [INFO] DbExamplesSqlite:396 - Found 10821 examples active
2025-06-16 11:42:00,838 [INFO] DbExamplesSqlite:397 - Found 0 examples obsolete
2025-06-16 11:42:00,838 [INFO] DbExamplesSqlite:398 - Found 0 examples under development
2025-06-16 11:42:00,838 [INFO] DbExamplesSqlite:399 - Found 79 examples not building
2025-06-16 11:42:00,843 [INFO] DbExamples:125 - Found 10854 examples
2025-06-16 11:42:00,871 [ERROR] DbExamples:208 - Found 3 examples with invalid data (board or MCU)
2025-06-16 11:42:00,872 [INFO] DbExamples:222 - Found 133 boards with related examples
2025-06-16 11:42:00,873 [INFO] DbExamples:235 - Found 109 MCUs with related examples
2025-06-16 11:42:00,902 [INFO] ApiDb:414 - User favorites file not found: C:\Users\arumu/.stm32cubeide/favorites.examples.txt
2025-06-16 11:42:00,902 [INFO] DbExamples:250 - Set 0 / 0 favorites Examples
2025-06-16 11:42:03,051 [INFO] McuFinderGlobals:76 - Set McuFinderConnectedMode to true
2025-06-16 11:42:03,073 [INFO] MultiScanPanel:200 - Auto-refresh data requested => check proxy status ongoing
2025-06-16 11:42:03,082 [INFO] FinderPluginLoader:95 - Searching for filters in installed packs
2025-06-16 11:42:03,132 [INFO] MainUpdater:2872 - connection check result : 10
2025-06-16 11:42:05,327 [INFO] LoadUrlFilesThread:185 - End of LoadServerUrlFiles without Thread
2025-06-16 11:42:05,350 [INFO] DetailPanel:341 - Set advertising image to C:/Users/arumu/STM32Cube/Repository/\en.summit-h1-25-promotion.jpg
2025-06-16 11:42:06,957 [INFO] McuFinderGlobals:76 - Set McuFinderConnectedMode to true
2025-06-16 11:42:06,959 [INFO] MultiScanPanel:200 - Auto-refresh data requested => check proxy status ongoing
2025-06-16 11:42:06,960 [INFO] FinderPluginLoader:95 - Searching for filters in installed packs
2025-06-16 11:42:08,266 [INFO] LoadUrlFilesThread:185 - End of LoadServerUrlFiles without Thread
2025-06-16 11:42:08,266 [INFO] DetailPanel:341 - Set advertising image to C:/Users/arumu/STM32Cube/Repository/\en.summit-h1-25-promotion.jpg
2025-06-16 11:44:55,677 [INFO] Activator:176 - 


2025-06-16 11:44:55,680 [INFO] Activator:177 - !SESSION log4j initialized
2025-06-16 11:45:02,966 [INFO] LogOutputStream:77 - [STDOUT_REDIRECT] 
2025-06-16 11:45:04,589 [INFO] ApplicationProperties:184 - Using Application install path: C:\ST\STM32CubeIDE_1.18.1\STM32CubeIDE\plugins\com.st.stm32cube.common.mx_6.14.1.202504091515
2025-06-16 11:45:04,606 [INFO] DbMcusXml:78 - Set database path to: C:\ST\STM32CubeIDE_1.18.1\STM32CubeIDE\plugins\com.st.stm32cube.common.mx_6.14.1.202504091515\\db\/mcu/
2025-06-16 11:45:04,606 [INFO] ApiDb:274 - Set plugin database path to: C:\ST\STM32CubeIDE_1.18.1\STM32CubeIDE\plugins\com.st.stm32cube.common.mx_6.14.1.202504091515\\db\/plugins/boardmanager/
2025-06-16 11:45:04,606 [WARN] ApiDb:259 - Overriding images path with different value:  => C:\ST\STM32CubeIDE_1.18.1\STM32CubeIDE\plugins\com.st.stm32cube.common.mx_6.14.1.202504091515\\db\/plugins/mcufinder/images/
2025-06-16 11:45:04,614 [INFO] ApiDb:250 - Set database path to: C:\Users\arumu\.stmcufinder\plugins\mcufinder//mcu/
2025-06-16 11:45:04,615 [INFO] DbMcusAds:125 - Set database path to: C:\Users\arumu\.stmcufinder\plugins\mcufinder//mcu/
2025-06-16 11:45:04,618 [INFO] CrossReferenceDbSqlite:203 - Set database path to: C:\Users\arumu\.stmcufinder\plugins\mcufinder//mcu/cs/
2025-06-16 11:45:04,760 [INFO] RulesReader:64 - Compatibility file has been processed (302 Rules)
2025-06-16 11:45:04,860 [INFO] DbMcusXml:78 - Set database path to: C:\ST\STM32CubeIDE_1.18.1\STM32CubeIDE\plugins\com.st.stm32cube.common.mx_6.14.1.202504091515\\db\/mcu/
2025-06-16 11:45:04,860 [INFO] ApiDb:274 - Set plugin database path to: C:\ST\STM32CubeIDE_1.18.1\STM32CubeIDE\plugins\com.st.stm32cube.common.mx_6.14.1.202504091515\\db\/plugins/boardmanager/
2025-06-16 11:45:04,860 [INFO] ApiDb:261 - Set plugin images path to: C:\ST\STM32CubeIDE_1.18.1\STM32CubeIDE\plugins\com.st.stm32cube.common.mx_6.14.1.202504091515\\db\/plugins/mcufinder/images/
2025-06-16 11:45:04,860 [WARN] DbFile:41 - Overriding database path with different value: C:\Users\arumu\.stmcufinder\plugins\mcufinder/ => C:\Users\arumu\.stmcufinder\plugins\mcufinder
2025-06-16 11:45:04,861 [INFO] ApiDb:250 - Set database path to: C:\Users\arumu\.stmcufinder\plugins\mcufinder//mcu/
2025-06-16 11:45:04,861 [WARN] DbFile:41 - Overriding database path with different value: C:\Users\arumu\.stmcufinder\plugins\mcufinder/ => C:\Users\arumu\.stmcufinder\plugins\mcufinder
2025-06-16 11:45:04,861 [INFO] DbMcusAds:125 - Set database path to: C:\Users\arumu\.stmcufinder\plugins\mcufinder//mcu/
2025-06-16 11:45:04,861 [WARN] DbFile:41 - Overriding database path with different value: C:\Users\arumu\.stmcufinder\plugins\mcufinder/ => C:\Users\arumu\.stmcufinder\plugins\mcufinder
2025-06-16 11:45:04,861 [WARN] DbFile:41 - Overriding database path with different value: C:\Users\arumu\.stmcufinder\plugins\mcufinder/ => C:\Users\arumu\.stmcufinder\plugins\mcufinder
2025-06-16 11:45:04,861 [INFO] CrossReferenceDbSqlite:203 - Set database path to: C:\Users\arumu\.stmcufinder\plugins\mcufinder//mcu/cs/
2025-06-16 11:45:04,949 [INFO] MainPanel:272 - HeapMemory: 270532608
2025-06-16 11:45:05,086 [INFO] DbMcusXml:78 - Set database path to: C:\ST\STM32CubeIDE_1.18.1\STM32CubeIDE\plugins\com.st.stm32cube.common.mx_6.14.1.202504091515\\db\/mcu/
2025-06-16 11:45:05,086 [INFO] ApiDb:274 - Set plugin database path to: C:\ST\STM32CubeIDE_1.18.1\STM32CubeIDE\plugins\com.st.stm32cube.common.mx_6.14.1.202504091515\\db\/plugins/boardmanager/
2025-06-16 11:45:05,086 [INFO] ApiDb:261 - Set plugin images path to: C:\ST\STM32CubeIDE_1.18.1\STM32CubeIDE\plugins\com.st.stm32cube.common.mx_6.14.1.202504091515\\db\/plugins/mcufinder/images/
2025-06-16 11:45:05,086 [WARN] DbFile:41 - Overriding database path with different value: C:\Users\arumu\.stmcufinder\plugins\mcufinder/ => C:\Users\arumu\.stmcufinder\plugins\mcufinder
2025-06-16 11:45:05,087 [INFO] ApiDb:250 - Set database path to: C:\Users\arumu\.stmcufinder\plugins\mcufinder//mcu/
2025-06-16 11:45:05,087 [WARN] DbFile:41 - Overriding database path with different value: C:\Users\arumu\.stmcufinder\plugins\mcufinder/ => C:\Users\arumu\.stmcufinder\plugins\mcufinder
2025-06-16 11:45:05,087 [INFO] DbMcusAds:125 - Set database path to: C:\Users\arumu\.stmcufinder\plugins\mcufinder//mcu/
2025-06-16 11:45:05,087 [WARN] DbFile:41 - Overriding database path with different value: C:\Users\arumu\.stmcufinder\plugins\mcufinder/ => C:\Users\arumu\.stmcufinder\plugins\mcufinder
2025-06-16 11:45:05,087 [WARN] DbFile:41 - Overriding database path with different value: C:\Users\arumu\.stmcufinder\plugins\mcufinder/ => C:\Users\arumu\.stmcufinder\plugins\mcufinder
2025-06-16 11:45:05,087 [INFO] CrossReferenceDbSqlite:203 - Set database path to: C:\Users\arumu\.stmcufinder\plugins\mcufinder//mcu/cs/
2025-06-16 11:45:05,109 [INFO] ApplicationProperties:184 - Using Application install path: C:\ST\STM32CubeIDE_1.18.1\STM32CubeIDE\plugins\com.st.stm32cube.common.mx_6.14.1.202504091515
2025-06-16 11:45:05,111 [INFO] PluginManage:196 - Search for loadable plugins [exclusion list=, ]
2025-06-16 11:45:05,112 [INFO] PluginManage:310 - Check plugin analytics
2025-06-16 11:45:05,302 [INFO] AnalyticsPlugin:253 - Accepted Software Licenses: 
2025-06-16 11:45:05,302 [INFO] AnalyticsPlugin:255 - Accepted CMSIS Pack Licenses: 
2025-06-16 11:45:05,303 [INFO] AnalyticsPlugin:257 - Accepted Firmware Licenses: FW.L4.1.18.0
2025-06-16 11:45:05,305 [INFO] PluginManage:359 - Loaded plugin analytics (category:tool,tabindex:-1)
2025-06-16 11:45:05,306 [INFO] PluginManage:310 - Check plugin cadmodel
2025-06-16 11:45:05,316 [INFO] CADModel:105 - Init CAD model plugin
2025-06-16 11:45:05,316 [INFO] PluginManage:359 - Loaded plugin cadmodel (category:power,tabindex:5)
2025-06-16 11:45:05,316 [INFO] PluginManage:310 - Check plugin clock
2025-06-16 11:45:05,326 [INFO] PluginManage:359 - Loaded plugin clock (category:base,tabindex:2)
2025-06-16 11:45:05,327 [INFO] PluginManage:310 - Check plugin ddr
2025-06-16 11:45:05,329 [INFO] PluginManage:359 - Loaded plugin ddr (category:tool,tabindex:6)
2025-06-16 11:45:05,330 [INFO] PluginManage:310 - Check plugin filemanager
2025-06-16 11:45:05,517 [INFO] PluginManage:359 - Loaded plugin filemanager (category:base,tabindex:10)
2025-06-16 11:45:05,518 [INFO] PluginManage:310 - Check plugin ipmanager
2025-06-16 11:45:05,528 [INFO] PluginManage:359 - Loaded plugin ipmanager (category:base,tabindex:5)
2025-06-16 11:45:05,528 [INFO] PluginManage:310 - Check plugin lpbam
2025-06-16 11:45:05,540 [INFO] PluginManage:359 - Loaded plugin lpbam (category:base,tabindex:0)
2025-06-16 11:45:05,540 [INFO] PluginManage:310 - Check plugin memorymap
2025-06-16 11:45:05,561 [INFO] PluginManage:359 - Loaded plugin memorymap (category:base,tabindex:4)
2025-06-16 11:45:05,562 [INFO] PluginManage:310 - Check plugin pinoutandconfiguration
2025-06-16 11:45:05,575 [INFO] PluginManage:359 - Loaded plugin pinoutandconfiguration (category:base,tabindex:1)
2025-06-16 11:45:05,575 [INFO] PluginManage:310 - Check plugin pinoutconfig
2025-06-16 11:45:05,677 [WARN] SupportedApi:132 - Cannot load RTOS API schema: s4s-elt-must-match.1: The content of 'definitions' must match (annotation?, (simpleType | complexType)?, (unique | key | keyref)*)). A problem was found starting at: attribute.
2025-06-16 11:45:05,887 [INFO] PluginManage:359 - Loaded plugin pinoutconfig (category:base,tabindex:0)
2025-06-16 11:45:05,887 [INFO] PluginManage:310 - Check plugin power
2025-06-16 11:45:05,901 [INFO] PluginManage:359 - Loaded plugin power (category:power,tabindex:4)
2025-06-16 11:45:05,901 [INFO] PluginManage:310 - Check plugin projectmanager
2025-06-16 11:45:05,922 [INFO] PluginManage:359 - Loaded plugin projectmanager (category:projectmanager,tabindex:4)
2025-06-16 11:45:05,923 [INFO] PluginManage:310 - Check plugin rif
2025-06-16 11:45:05,933 [INFO] PluginManage:359 - Loaded plugin rif (category:base,tabindex:3)
2025-06-16 11:45:05,933 [INFO] PluginManage:310 - Check plugin thirdparty
2025-06-16 11:45:06,087 [WARN] IntegrityCheckThread:84 - waiting for thirdparty lock release [integrity check]
2025-06-16 11:45:06,087 [INFO] IntegrityCheckThread:86 - entering critical section [integrity check]
2025-06-16 11:45:06,087 [INFO] PluginManage:359 - Loaded plugin thirdparty (category:base,tabindex:-1)
2025-06-16 11:45:06,088 [INFO] PluginManage:310 - Check plugin tools
2025-06-16 11:45:06,088 [INFO] ThirdPartyUpdaterWithRetryManager:70 - Updater plugin not ready yet. [1/15]
2025-06-16 11:45:06,093 [INFO] PluginManage:359 - Loaded plugin tools (category:base,tabindex:7)
2025-06-16 11:45:06,093 [INFO] PluginManage:310 - Check plugin tutovideos
2025-06-16 11:45:06,307 [INFO] PluginManage:359 - Loaded plugin tutovideos (category:base,tabindex:-1)
2025-06-16 11:45:06,307 [INFO] PluginManage:310 - Check plugin updater
2025-06-16 11:45:06,334 [INFO] PluginManage:359 - Loaded plugin updater (category:base,tabindex:12)
2025-06-16 11:45:06,334 [INFO] PluginManage:310 - Check plugin userauth
2025-06-16 11:45:06,339 [INFO] UserAuth:118 - Init User Auth plugin
2025-06-16 11:45:06,340 [INFO] PluginManage:359 - Loaded plugin userauth (category:base,tabindex:14)
2025-06-16 11:45:06,340 [INFO] PluginManage:283 - PluginManage : Loaded plugins [18]
2025-06-16 11:45:06,587 [INFO] PinOutPanel:1589 - setPackage(No Configuration,No Configuration)
2025-06-16 11:45:06,692 [INFO] CADModel:165 - CPN selected for project level
2025-06-16 11:45:06,692 [INFO] CADModel:114 - Register for checkConnection events
2025-06-16 11:45:06,715 [INFO] IPUIPlugin:80 - create IPUIPlugin
2025-06-16 11:45:06,716 [INFO] PluginManager:220 - loadIPPluginJar : add adc
2025-06-16 11:45:06,720 [INFO] IPUIPlugin:80 - create IPUIPlugin
2025-06-16 11:45:06,720 [INFO] PluginManager:220 - loadIPPluginJar : add aes
2025-06-16 11:45:06,724 [INFO] IPUIPlugin:80 - create IPUIPlugin
2025-06-16 11:45:06,724 [INFO] PluginManager:220 - loadIPPluginJar : add can
2025-06-16 11:45:06,726 [INFO] IPUIPlugin:80 - create IPUIPlugin
2025-06-16 11:45:06,726 [INFO] PluginManager:220 - loadIPPluginJar : add comp
2025-06-16 11:45:06,730 [INFO] IPUIPlugin:80 - create IPUIPlugin
2025-06-16 11:45:06,730 [INFO] PluginManager:220 - loadIPPluginJar : add cryp
2025-06-16 11:45:06,735 [INFO] IPUIPlugin:80 - create IPUIPlugin
2025-06-16 11:45:06,735 [INFO] PluginManager:220 - loadIPPluginJar : add ddr_ctrl_phy
2025-06-16 11:45:06,739 [INFO] IPUIPlugin:80 - create IPUIPlugin
2025-06-16 11:45:06,740 [INFO] PluginManager:220 - loadIPPluginJar : add dfsdm
2025-06-16 11:45:06,746 [INFO] IPUIPlugin:80 - create IPUIPlugin
2025-06-16 11:45:06,747 [INFO] PluginManager:220 - loadIPPluginJar : add dma
2025-06-16 11:45:06,751 [INFO] IPUIPlugin:80 - create IPUIPlugin
2025-06-16 11:45:06,751 [INFO] PluginManager:220 - loadIPPluginJar : add dma3
2025-06-16 11:45:06,756 [INFO] IPUIPlugin:80 - create IPUIPlugin
2025-06-16 11:45:06,756 [INFO] PluginManager:220 - loadIPPluginJar : add extmemmanager
2025-06-16 11:45:06,759 [INFO] IPUIPlugin:80 - create IPUIPlugin
2025-06-16 11:45:06,760 [INFO] PluginManager:220 - loadIPPluginJar : add fatfs
2025-06-16 11:45:06,767 [INFO] IPUIPlugin:80 - create IPUIPlugin
2025-06-16 11:45:06,767 [INFO] PluginManager:220 - loadIPPluginJar : add fmc
2025-06-16 11:45:06,776 [INFO] IPUIPlugin:80 - create IPUIPlugin
2025-06-16 11:45:06,777 [INFO] PluginManager:220 - loadIPPluginJar : add freertos
2025-06-16 11:45:06,780 [INFO] IPUIPlugin:80 - create IPUIPlugin
2025-06-16 11:45:06,781 [INFO] PluginManager:220 - loadIPPluginJar : add genericplugin
2025-06-16 11:45:06,785 [INFO] IPUIPlugin:80 - create IPUIPlugin
2025-06-16 11:45:06,785 [INFO] PluginManager:220 - loadIPPluginJar : add gfxmmu
2025-06-16 11:45:06,791 [INFO] IPUIPlugin:80 - create IPUIPlugin
2025-06-16 11:45:06,791 [INFO] PluginManager:220 - loadIPPluginJar : add gic
2025-06-16 11:45:06,799 [INFO] IPUIPlugin:80 - create IPUIPlugin
2025-06-16 11:45:06,799 [INFO] PluginManager:220 - loadIPPluginJar : add gpio
2025-06-16 11:45:06,803 [INFO] IPUIPlugin:80 - create IPUIPlugin
2025-06-16 11:45:06,804 [INFO] PluginManager:220 - loadIPPluginJar : add gtzc
2025-06-16 11:45:06,807 [INFO] IPUIPlugin:80 - create IPUIPlugin
2025-06-16 11:45:06,808 [INFO] PluginManager:220 - loadIPPluginJar : add hash
2025-06-16 11:45:06,813 [INFO] IPUIPlugin:80 - create IPUIPlugin
2025-06-16 11:45:06,813 [INFO] PluginManager:220 - loadIPPluginJar : add i2c
2025-06-16 11:45:06,817 [INFO] IPUIPlugin:80 - create IPUIPlugin
2025-06-16 11:45:06,819 [INFO] PluginManager:220 - loadIPPluginJar : add i2s
2025-06-16 11:45:06,822 [INFO] IPUIPlugin:80 - create IPUIPlugin
2025-06-16 11:45:06,823 [INFO] PluginManager:220 - loadIPPluginJar : add i3c
2025-06-16 11:45:06,829 [INFO] IPUIPlugin:80 - create IPUIPlugin
2025-06-16 11:45:06,829 [INFO] PluginManager:220 - loadIPPluginJar : add ipddr
2025-06-16 11:45:06,841 [INFO] IPUIPlugin:80 - create IPUIPlugin
2025-06-16 11:45:06,841 [INFO] PluginManager:220 - loadIPPluginJar : add linkedlist
2025-06-16 11:45:06,846 [INFO] IPUIPlugin:80 - create IPUIPlugin
2025-06-16 11:45:06,846 [INFO] PluginManager:220 - loadIPPluginJar : add lorawan
2025-06-16 11:45:06,849 [INFO] IPUIPlugin:80 - create IPUIPlugin
2025-06-16 11:45:06,849 [INFO] PluginManager:220 - loadIPPluginJar : add ltdc
2025-06-16 11:45:06,861 [INFO] IPUIPlugin:80 - create IPUIPlugin
2025-06-16 11:45:06,861 [INFO] PluginManager:220 - loadIPPluginJar : add mdma
2025-06-16 11:45:06,866 [INFO] IPUIPlugin:80 - create IPUIPlugin
2025-06-16 11:45:06,866 [INFO] PluginManager:220 - loadIPPluginJar : add nvic
2025-06-16 11:45:06,870 [INFO] IPUIPlugin:80 - create IPUIPlugin
2025-06-16 11:45:06,870 [INFO] PluginManager:220 - loadIPPluginJar : add opamp
2025-06-16 11:45:06,879 [INFO] IPUIPlugin:80 - create IPUIPlugin
2025-06-16 11:45:06,879 [INFO] PluginManager:220 - loadIPPluginJar : add openamp
2025-06-16 11:45:06,884 [INFO] IPUIPlugin:80 - create IPUIPlugin
2025-06-16 11:45:06,884 [INFO] PluginManager:220 - loadIPPluginJar : add pdm2pcm
2025-06-16 11:45:06,894 [INFO] IPUIPlugin:80 - create IPUIPlugin
2025-06-16 11:45:06,898 [INFO] PluginManager:220 - loadIPPluginJar : add plateformsettings
2025-06-16 11:45:06,901 [INFO] IPUIPlugin:80 - create IPUIPlugin
2025-06-16 11:45:06,901 [INFO] PluginManager:220 - loadIPPluginJar : add quadspi
2025-06-16 11:45:06,905 [INFO] IPUIPlugin:80 - create IPUIPlugin
2025-06-16 11:45:06,906 [INFO] PluginManager:220 - loadIPPluginJar : add radio
2025-06-16 11:45:06,912 [INFO] IPUIPlugin:80 - create IPUIPlugin
2025-06-16 11:45:06,913 [INFO] PluginManager:220 - loadIPPluginJar : add resmgrutility
2025-06-16 11:45:06,917 [INFO] IPUIPlugin:80 - create IPUIPlugin
2025-06-16 11:45:06,917 [INFO] PluginManager:220 - loadIPPluginJar : add sai
2025-06-16 11:45:06,922 [INFO] IPUIPlugin:80 - create IPUIPlugin
2025-06-16 11:45:06,922 [INFO] PluginManager:220 - loadIPPluginJar : add spi
2025-06-16 11:45:06,930 [INFO] IPUIPlugin:80 - create IPUIPlugin
2025-06-16 11:45:06,931 [INFO] PluginManager:220 - loadIPPluginJar : add stm32_wpan
2025-06-16 11:45:06,934 [INFO] IPUIPlugin:80 - create IPUIPlugin
2025-06-16 11:45:06,934 [INFO] PluginManager:220 - loadIPPluginJar : add tim
2025-06-16 11:45:06,941 [INFO] IPUIPlugin:80 - create IPUIPlugin
2025-06-16 11:45:06,941 [INFO] PluginManager:220 - loadIPPluginJar : add touchsensing
2025-06-16 11:45:06,946 [INFO] IPUIPlugin:80 - create IPUIPlugin
2025-06-16 11:45:06,946 [INFO] PluginManager:220 - loadIPPluginJar : add tracer_emb
2025-06-16 11:45:06,951 [INFO] IPUIPlugin:80 - create IPUIPlugin
2025-06-16 11:45:06,951 [INFO] PluginManager:220 - loadIPPluginJar : add ts
2025-06-16 11:45:06,955 [INFO] IPUIPlugin:80 - create IPUIPlugin
2025-06-16 11:45:06,955 [INFO] PluginManager:220 - loadIPPluginJar : add tsc
2025-06-16 11:45:06,959 [INFO] IPUIPlugin:80 - create IPUIPlugin
2025-06-16 11:45:06,959 [INFO] PluginManager:220 - loadIPPluginJar : add ucpd
2025-06-16 11:45:06,963 [INFO] IPUIPlugin:80 - create IPUIPlugin
2025-06-16 11:45:06,963 [INFO] PluginManager:220 - loadIPPluginJar : add usart
2025-06-16 11:45:06,969 [INFO] IPUIPlugin:80 - create IPUIPlugin
2025-06-16 11:45:06,969 [INFO] PluginManager:220 - loadIPPluginJar : add usbx
2025-06-16 11:45:07,152 [FATAL] Updater:351 - Updater called before beeing initialized
2025-06-16 11:45:07,194 [INFO] RulesReader:64 - Compatibility file has been processed (302 Rules)
2025-06-16 11:45:07,210 [INFO] RulesReader:64 - Compatibility file has been processed (302 Rules)
2025-06-16 11:45:07,221 [INFO] CADModel:165 - CPN selected for project level
2025-06-16 11:45:07,221 [INFO] CADModel:114 - Register for checkConnection events
2025-06-16 11:45:07,222 [FATAL] Updater:351 - Updater called before beeing initialized
2025-06-16 11:45:07,222 [ERROR] CADModel:125 - Updater not yet initialized, retry later 
2025-06-16 11:45:07,468 [FATAL] Updater:351 - Updater called before beeing initialized
2025-06-16 11:45:07,472 [INFO] CADModel:165 - CPN selected for project level
2025-06-16 11:45:07,472 [INFO] CADModel:114 - Register for checkConnection events
2025-06-16 11:45:07,472 [FATAL] Updater:351 - Updater called before beeing initialized
2025-06-16 11:45:07,472 [ERROR] CADModel:125 - Updater not yet initialized, retry later 
2025-06-16 11:45:07,477 [FATAL] Updater:351 - Updater called before beeing initialized
2025-06-16 11:45:07,619 [FATAL] Updater:351 - Updater called before beeing initialized
2025-06-16 11:45:07,624 [INFO] DbMcusAds:53 - JSON generation date=Wed May 07 14:37:55 IST 2025 (1746608875484)
2025-06-16 11:45:07,624 [FATAL] Updater:351 - Updater called before beeing initialized
2025-06-16 11:45:07,662 [WARN] DetailPanel:346 - Failed to get advertising image, set to default
2025-06-16 11:45:07,909 [FATAL] Updater:351 - Updater called before beeing initialized
2025-06-16 11:45:07,911 [FATAL] Updater:351 - Updater called before beeing initialized
2025-06-16 11:45:07,911 [FATAL] Updater:351 - Updater called before beeing initialized
2025-06-16 11:45:07,911 [WARN] DetailPanel:346 - Failed to get advertising image, set to default
2025-06-16 11:45:07,913 [FATAL] Updater:351 - Updater called before beeing initialized
2025-06-16 11:45:07,973 [ERROR] Updater:1198 - MainUpdater not yet initialized. External WinMGr cannot be set.
2025-06-16 11:45:07,975 [INFO] Updater:1134 - Updater Version found : 6.14.1
2025-06-16 11:45:07,996 [INFO] ApplicationProperties:184 - Using Application install path: C:\ST\STM32CubeIDE_1.18.1\STM32CubeIDE\plugins\com.st.stm32cube.common.mx_6.14.1.202504091515
2025-06-16 11:45:09,090 [INFO] ThirdPartyUpdaterWithRetryManager:70 - Updater plugin not ready yet. [2/15]
2025-06-16 11:45:09,582 [ERROR] LogOutputStream:75 - [STDERR_REDIRECT] Jun 16, 2025 11:45:09 AM java.util.prefs.WindowsPreferences <init>
2025-06-16 11:45:09,584 [ERROR] LogOutputStream:75 - [STDERR_REDIRECT] WARNING: Could not open/create prefs root node Software\JavaSoft\Prefs at root 0xffffffff80000002. Windows RegCreateKeyEx(...) returned error code 5.
2025-06-16 11:45:09,585 [ERROR] LogOutputStream:75 - [STDERR_REDIRECT] 
2025-06-16 11:45:10,287 [INFO] McuFinderGlobals:63 - Set McuFinder mode to 2 (CubeIDE integrated)
2025-06-16 11:45:10,399 [INFO] MainUpdater:2872 - connection check result : 10
2025-06-16 11:45:10,400 [INFO] MainUpdater:289 - Updater Check For Update Now.
2025-06-16 11:45:10,401 [INFO] MicroXplorer:498 - Change Database Version : DB.6.0.141
2025-06-16 11:45:10,421 [INFO] McuFinderGlobals:63 - Set McuFinder mode to 2 (CubeIDE integrated)
2025-06-16 11:45:10,422 [INFO] UserAuth:484 - Internet connection configuration mode: 1
2025-06-16 11:45:10,459 [INFO] JxBrowserEngine:152 - Initiate JxBrowser Engine with user profile folder
2025-06-16 11:45:10,643 [INFO] CheckServerUpdateThread:120 - End of CheckServer Thread
2025-06-16 11:45:10,826 [INFO] MainUpdater:2872 - connection check result : 10
2025-06-16 11:45:11,555 [INFO] ApiDb:581 - Connected to CubeFinder SQLite database (C:\Users\arumu\.stmcufinder\plugins\mcufinder\mcu\cube-finder-db.db)
2025-06-16 11:45:11,787 [INFO] ApiDb:668 - CubeFinder database Data Model version=2.1
2025-06-16 11:45:11,787 [INFO] ApiDb:669 - CubeFinder database Configuration version=3.0.39
2025-06-16 11:45:11,788 [INFO] ApiDb:670 - CubeFinder database generation date=2025-05-20 (1747743314)
2025-06-16 11:45:11,788 [INFO] ApiDb:671 - CubeFinder database FW Pack versions=[FP-ATR-ASTRA1_V2.0.0, FP-SNS-FLIGHT1_V5.1.0, FP-SNS-MOTENV1_V5.0.0, FP-SNS-MOTENVWB1_V1.4.0, FP-SNS-SMARTAG2_V1.2.0, FP-SNS-STBOX1_V2.0.0, STM32Cube_FW_C0_V1.4.0, STM32Cube_FW_F4_V1.28.2, STM32Cube_FW_F7_V1.17.3, STM32Cube_FW_G0_V1.6.2, STM32Cube_FW_G4_V1.6.1, STM32Cube_FW_H5_V1.5.0, STM32Cube_FW_H7RS_V1.2.0, STM32Cube_FW_H7_V1.12.1, STM32Cube_FW_L0_V1.12.2, STM32Cube_FW_L4_V1.18.1, STM32Cube_FW_L5_V1.5.1, STM32Cube_FW_N6_V1.1.1, STM32Cube_FW_U0_V1.2.0, STM32Cube_FW_U3_V1.1.0, STM32Cube_FW_U5_V1.7.0, STM32Cube_FW_WB0_V1.2.0, STM32Cube_FW_WBA_V1.6.0, STM32Cube_FW_WB_V1.22.0, STM32Cube_FW_WL3_V1.1.0, STM32Cube_FW_WL_V1.3.1, X-CUBE-ALGOBUILD_V1.4.0, X-CUBE-ALS_V1.0.2, X-CUBE-AZRTOS-F4_V1.1.0, X-CUBE-AZRTOS-F7_V1.1.0, X-CUBE-AZRTOS-G0_V1.1.0, X-CUBE-AZRTOS-G4_V2.0.0, X-CUBE-AZRTOS-H7RS_V1.1.0, X-CUBE-AZRTOS-H7_V3.3.0, X-CUBE-AZRTOS-L4_V2.0.0, X-CUBE-AZRTOS-L5_V2.0.0, X-CUBE-AZRTOS-WB_V2.0.0, X-CUBE-AZRTOS-WL_V2.0.0, X-CUBE-BLE1_V7.1.0, X-CUBE-BLE2_V3.3.0, X-CUBE-BLEMGR_V4.0.0, X-CUBE-EEPRMA1_V5.1.0, X-CUBE-FREERTOS_V1.3.1, X-CUBE-GNSS1_V6.0.0, X-CUBE-MEMS1_V11.2.0, X-CUBE-NFC4_V3.0.0, X-CUBE-NFC7_V2.0.0, X-CUBE-SFXS2LP1_V4.0.0, X-CUBE-SUBG2_V5.0.0, X-CUBE-TOF1_V3.4.3]
2025-06-16 11:45:11,951 [INFO] DbBoardsSqlite:226 - include board P-NUCLEO-WB55-NUCLEO as a kit item of type 'Nucleo-64'
2025-06-16 11:45:11,951 [INFO] DbBoardsSqlite:226 - include board P-NUCLEO-WB55-USBDONGLE as a kit item of type 'Nucleo USB Dongle'
2025-06-16 11:45:11,953 [INFO] DbBoardsSqlite:226 - include board STEVAL-IDP005V1 as a kit item of type 'Evaluation Board'
2025-06-16 11:45:11,953 [INFO] DbBoardsSqlite:226 - include board STEVAL-IDP005V2 as a kit item of type 'Evaluation Board'
2025-06-16 11:45:12,085 [INFO] WebApp:169 - Instantiating new browser for Auth
2025-06-16 11:45:12,110 [INFO] ApiDb:240 - Found 895 in-development CPN: [B-G473E-ZEST1S, B-WB1M-WPAN1, B-WBA5M-WPAN, B-WL5M-SUBG1, NUCLEO-C031C6, NUCLEO-C051C8, NUCLEO-C071RB, NUCLEO-C092RC, NUCLEO-H503RB, NUCLEO-H533RE, NUCLEO-H563ZI, NUCLEO-H7S3L8, NUCLEO-N657X0-Q, NUCLEO-U031R8, NUCLEO-U083RC, NUCLEO-U385RG-Q, NUCLEO-U545RE-Q, NUCLEO-U5A5ZJ-Q, NUCLEO-WB05KZ, NUCLEO-WB07CC, NUCLEO-WB09KE, NUCLEO-WBA52CG, NUCLEO-WBA55CG, NUCLEO-WBA65RI, NUCLEO-WL33CC1, NUCLEO-WL33CC2, STEVAL-PROTEUS1, STEVAL-SMARTAG2, STEVAL-STWINBX1, STM320518-EVAL, STM32C0116-DK, STM32C011D6Y3TR, STM32C011D6Y6TR, STM32C011F4P3, STM32C011F4P6, STM32C011F4U3, STM32C011F4U6TR, STM32C011F6P3, STM32C011F6P6, STM32C011F6U3, STM32C011F6U6TR, STM32C011J4M3, STM32C011J4M6, STM32C011J6M3, STM32C011J6M6, STM32C0316-DK, STM32C031C4T3, STM32C031C4T6, STM32C031C4U3, STM32C031C4U6, STM32C031C6T3, STM32C031C6T6, STM32C031C6U3, STM32C031C6U6, STM32C031F4P3, STM32C031F4P6, STM32C031F6P3, STM32C031F6P6, STM32C031G4U3, STM32C031G4U6, STM32C031G6U3, STM32C031G6U6, STM32C031K4T3, STM32C031K4T6, STM32C031K4U3, STM32C031K4U6, STM32C031K6T3, STM32C031K6T6, STM32C031K6U3, STM32C031K6U6, STM32C051C6T6, STM32C051C6U6, STM32C051C8T6, STM32C051C8U6, STM32C051D8Y6TR, STM32C051F6P6, STM32C051F8P6, STM32C051G6U6, STM32C051G8U6, STM32C051K6T6, STM32C051K6U6, STM32C051K8T6, STM32C071C8T6, STM32C071C8T6N, STM32C071C8U6, STM32C071C8U6N, STM32C071CBT6, STM32C071CBT6N, STM32C071CBU6, STM32C071CBU6N, STM32C071F8P6, STM32C071F8P6N, STM32C071FBP6, STM32C071FBP6N, STM32C071FBY6TR, STM32C071G8U6, STM32C071G8U6N, STM32C071GBU6, STM32C071GBU6N, STM32C071K8T6, STM32C071K8T6N, STM32C071K8U6, STM32C071K8U6N, STM32C071KBT6, STM32C071KBT6N, STM32C071KBU6, STM32C071KBU6N, STM32C071R8T6, STM32C071R8T6N, STM32C071RBI6N, STM32C071RBT6, STM32C071RBT6N, STM32C091CBT6, STM32C091CBU6, STM32C091CCT6, STM32C091CCU6, STM32C091ECY6TR, STM32C091FBP6, STM32C091FCP6, STM32C091GBU6, STM32C091GCU6, STM32C091KBT6, STM32C091KBU6, STM32C091KCT6, STM32C091KCU6, STM32C091RBT6, STM32C091RCI6, STM32C091RCT6, STM32C092CBT6, STM32C092CBU6, STM32C092CCT6, STM32C092CCU6, STM32C092ECY6TR, STM32C092FBP6, STM32C092FCP6, STM32C092GBU6, STM32C092GCU6, STM32C092KBT6, STM32C092KBU6, STM32C092KCT6, STM32C092KCU6, STM32C092RBT6, STM32C092RCI6, STM32C092RCT6, STM32G071K8TXN, STM32G071K8UXN, STM32G081GBU6N, STM32G081KBT6N, STM32G081KBUXN, STM32G0B1CCT6N, STM32G0B1KCT6, STM32G0B1NEY6TR, STM32G0B1RCT6N, STM32G0C1CCT6, STM32G0C1CCT6N, STM32G0C1CCU6N, STM32G0C1CET6N, STM32G0C1CEU6N, STM32G0C1KCT6, STM32G0C1NEY6TR, STM32G0C1RCI6N, STM32G0C1RCT6N, STM32G0C1REI6N, STM32G0C1RET6N, STM32G0C1VCI6, STM32G0C1VEI6, STM32G411C6T3, STM32G411C6T6, STM32G411C6U3, STM32G411C6U6, STM32G411C8T3, STM32G411C8T6, STM32G411C8U3, STM32G411C8U6, STM32G411CBT3, STM32G411CBT6, STM32G411CBU3, STM32G411CBU6, STM32G411CCT3, STM32G411CCT6, STM32G411CCU3, STM32G411CCU6, STM32G411K6T3, STM32G411K6T6, STM32G411K6U3, STM32G411K6U6, STM32G411K8T3, STM32G411K8T6, STM32G411K8U3, STM32G411K8U6, STM32G411KBT3, STM32G411KBT6, STM32G411KBU3, STM32G411KBU6, STM32G411M6T3, STM32G411M6T6, STM32G411M8T3, STM32G411M8T6, STM32G411MBT3, STM32G411MBT6, STM32G411MCT3, STM32G411MCT6, STM32G411R6T3, STM32G411R6T6, STM32G411R8T3, STM32G411R8T6, STM32G411RBT3, STM32G411RBT6, STM32G411RCT3, STM32G411RCT6, STM32G414CBT3, STM32G414CBT6, STM32G414CBU3, STM32G414CBU6, STM32G414CCT3, STM32G414CCT6, STM32G414CCU3, STM32G414CCU6, STM32G414MBT3, STM32G414MBT6, STM32G414MCT3, STM32G414MCT6, STM32G414RBT3, STM32G414RBT6, STM32G414RCT3, STM32G414RCT6, STM32G414VBT3, STM32G414VBT6, STM32G414VCT3, STM32G414VCT6, STM32G431CBT3Z, STM32G431RBT3Z, STM32G471CCT6, STM32G471CCU6, STM32G471CET3, STM32G471CET6, STM32G471CEU3, STM32G471CEU6, STM32G471MCT6, STM32G471MET3, STM32G471MET6, STM32G471MEY6TR, STM32G471QCT6, STM32G471QET3, STM32G471RCT6, STM32G471RET3, STM32G471RET6, STM32G471VCH6, STM32G471VCI6, STM32G471VCT6, STM32G471VEH3, STM32G471VEH6, STM32G471VEI3, STM32G471VEI6, STM32G471VET3, STM32G471VET6, STM32G473QET3Z, STM32G473RET3Z, STM32G474CCT6, STM32G491RET3Z, STM32H503CBT6, STM32H503CBU6, STM32H503EBY6TR, STM32H503KBU6, STM32H503RBT6, STM32H523CCT6, STM32H523CCU6, STM32H523CET6, STM32H523CEU6, STM32H523HEY6TR, STM32H523RCT6, STM32H523RET6, STM32H523VCI6, STM32H523VCT6, STM32H523VEI6, STM32H523VET6, STM32H523ZCJ6, STM32H523ZCT6, STM32H523ZEJ6, STM32H523ZET6, STM32H533CET6, STM32H533CEU6, STM32H533HEY6TR, STM32H533RET6, STM32H533VEI6, STM32H533VET6, STM32H533ZEJ6, STM32H533ZET6, STM32H562AGI6, STM32H562AII6, STM32H562IGK6, STM32H562IGT6, STM32H562IIK6, STM32H562IIT6, STM32H562RGT6, STM32H562RGV6, STM32H562RIT6, STM32H562RIV6, STM32H562VGT6, STM32H562VIT6, STM32H562ZGT6, STM32H562ZIT6, STM32H563AGI6, STM32H563AII3Q, STM32H563AII6, STM32H563IGK6, STM32H563IGT6, STM32H563IIK3Q, STM32H563IIK6, STM32H563IIT3Q, STM32H563IIT6, STM32H563MIY3QTR, STM32H563RGT6, STM32H563RGV6, STM32H563RIT6, STM32H563RIV6, STM32H563VGT6, STM32H563VIT3Q, STM32H563VIT6, STM32H563ZGT6, STM32H563ZIT3Q, STM32H563ZIT6, STM32H573AII3Q, STM32H573AII6, STM32H573I-DK, STM32H573IIK3Q, STM32H573IIK6, STM32H573IIT3Q, STM32H573IIT6, STM32H573MIY3QTR, STM32H573RIT6, STM32H573RIV6, STM32H573VIT3Q, STM32H573VIT6, STM32H573ZIT3Q, STM32H573ZIT6, STM32H7R3A8I6, STM32H7R3I8K6, STM32H7R3I8T6, STM32H7R3L8H6, STM32H7R3L8H6H, STM32H7R3R8V6, STM32H7R3V8H6, STM32H7R3V8T6, STM32H7R3V8Y6TR, STM32H7R3Z8J6, STM32H7R3Z8T6, STM32H7R7A8I6, STM32H7R7I8K6, STM32H7R7I8T6, STM32H7R7L8H6, STM32H7R7L8H6H, STM32H7R7Z8J6, STM32H7S3A8I6, STM32H7S3I8K6, STM32H7S3I8T6, STM32H7S3L8H6, STM32H7S3L8H6H, STM32H7S3R8V6, STM32H7S3V8H6, STM32H7S3V8T6, STM32H7S3V8Y6TR, STM32H7S3Z8J6, STM32H7S3Z8T6, STM32H7S78-DK, STM32H7S7A8I6, STM32H7S7I8K6, STM32H7S7I8T6, STM32H7S7L8H6, STM32H7S7L8H6H, STM32H7S7Z8J6, STM32L4R5QGI6STR, STM32MP131AAE3, STM32MP131AAF3, STM32MP131AAG3, STM32MP131CAE3, STM32MP131CAF3, STM32MP131CAG3, STM32MP131DAE7, STM32MP131DAF7, STM32MP131DAG7, STM32MP131FAE7, STM32MP131FAF7, STM32MP131FAG7, STM32MP133AAE3, STM32MP133AAF3, STM32MP133AAG3, STM32MP133CAE3, STM32MP133CAF3, STM32MP133CAG3, STM32MP133DAE7, STM32MP133DAF7, STM32MP133DAG7, STM32MP133FAE7, STM32MP133FAF7, STM32MP133FAG7, STM32MP135AAE3, STM32MP135AAF3, STM32MP135AAG3, STM32MP135CAE3, STM32MP135CAF3, STM32MP135CAG3, STM32MP135DAE7, STM32MP135DAF7, STM32MP135DAG7, STM32MP135F-DK, STM32MP135FAE7, STM32MP135FAF7, STM32MP135FAF7T, STM32MP135FAF7U, STM32MP135FAG7, STM32MP231AAJ3, STM32MP231AAK3, STM32MP231AAL3, STM32MP231CAJ3, STM32MP231CAK3, STM32MP231CAL3, STM32MP231DAJ3, STM32MP231DAK3, STM32MP231DAL3, STM32MP231FAJ3, STM32MP231FAK3, STM32MP231FAL3, STM32MP233AAJ3, STM32MP233AAK3, STM32MP233AAL3, STM32MP233CAJ3, STM32MP233CAK3, STM32MP233CAL3, STM32MP233DAJ3, STM32MP233DAK3, STM32MP233DAL3, STM32MP233FAJ3, STM32MP233FAK3, STM32MP233FAL3, STM32MP235AAJ3, STM32MP235AAK3, STM32MP235AAL3, STM32MP235CAJ3, STM32MP235CAK3, STM32MP235CAL3, STM32MP235DAJ3, STM32MP235DAK3, STM32MP235DAL3, STM32MP235FAJ3, STM32MP235FAK3, STM32MP235FAL3, STM32MP251AAI3, STM32MP251AAJ3, STM32MP251AAK3, STM32MP251AAL3, STM32MP251CAI3, STM32MP251CAJ3, STM32MP251CAK3, STM32MP251CAL3, STM32MP251DAI3, STM32MP251DAJ3, STM32MP251DAK3, STM32MP251DAL3, STM32MP251FAI3, STM32MP251FAJ3, STM32MP251FAK3, STM32MP251FAL3, STM32MP253AAI3, STM32MP253AAJ3, STM32MP253AAK3, STM32MP253AAL3, STM32MP253CAI3, STM32MP253CAJ3, STM32MP253CAK3, STM32MP253CAL3, STM32MP253DAI3, STM32MP253DAJ3, STM32MP253DAK3, STM32MP253DAL3, STM32MP253FAI3, STM32MP253FAJ3, STM32MP253FAK3, STM32MP253FAL3, STM32MP255AAI3, STM32MP255AAJ3, STM32MP255AAK3, STM32MP255AAL3, STM32MP255CAI3, STM32MP255CAJ3, STM32MP255CAK3, STM32MP255CAL3, STM32MP255DAI3, STM32MP255DAJ3, STM32MP255DAK3, STM32MP255DAL3, STM32MP255FAI3, STM32MP255FAJ3, STM32MP255FAK3, STM32MP255FAL3, STM32MP257AAI3, STM32MP257AAJ3, STM32MP257AAK3, STM32MP257AAL3, STM32MP257CAI3, STM32MP257CAJ3, STM32MP257CAK3, STM32MP257CAL3, STM32MP257DAI3, STM32MP257DAJ3, STM32MP257DAK3, STM32MP257DAL3, STM32MP257F-DK, STM32MP257F-EV1, STM32MP257FAI3, STM32MP257FAJ3, STM32MP257FAK3, STM32MP257FAL3, STM32N645A0H3Q, STM32N645B0H3Q, STM32N645I0H3Q, STM32N645L0H3Q, STM32N645X0H3Q, STM32N645Z0H3Q, STM32N647A0H3Q, STM32N647B0H3Q, STM32N647I0H3Q, STM32N647L0H3Q, STM32N647X0H3Q, STM32N647Z0H3Q, STM32N655A0H3Q, STM32N655B0H3Q, STM32N655I0H3Q, STM32N655L0H3Q, STM32N655X0H3Q, STM32N655Z0H3Q, STM32N6570-DK, STM32N657A0H3Q, STM32N657B0H3Q, STM32N657I0H3Q, STM32N657L0H3Q, STM32N657X0H3Q, STM32N657Z0H3Q, STM32U031C6T6, STM32U031C6U6, STM32U031C8T6, STM32U031C8U6, STM32U031F4P6, STM32U031F6P6, STM32U031F8P6, STM32U031G6Y6TR, STM32U031G8Y6TR, STM32U031K4U6, STM32U031K6U6, STM32U031K8U6, STM32U031R6I6, STM32U031R6T6, STM32U031R8I6, STM32U031R8T6, STM32U073C8T6, STM32U073C8U6, STM32U073CBT6, STM32U073CBU6, STM32U073CCT6, STM32U073CCU6, STM32U073H8Y6TR, STM32U073HBY6TR, STM32U073HCY6TR, STM32U073K8U6, STM32U073KBU6, STM32U073KCU6, STM32U073M8I6, STM32U073M8T6, STM32U073MBI6, STM32U073MBT6, STM32U073MCI6, STM32U073MCT6, STM32U073R8I6, STM32U073R8T6, STM32U073RBI6, STM32U073RBT6, STM32U073RCI6, STM32U073RCT6, STM32U083C-DK, STM32U083CCT6, STM32U083CCU6, STM32U083HCY6TR, STM32U083KCU6, STM32U083MCI6, STM32U083MCT6, STM32U083RCI6, STM32U083RCT6, STM32U375CET6, STM32U375CET6Q, STM32U375CEU6, STM32U375CEU6Q, STM32U375CEY6QTR, STM32U375CGT6, STM32U375CGT6Q, STM32U375CGU6, STM32U375CGU6Q, STM32U375CGY6QTR, STM32U375KEU6, STM32U375KGU6, STM32U375REI6, STM32U375REI6Q, STM32U375RET6, STM32U375RET6Q, STM32U375REY6GTR, STM32U375REY6QTR, STM32U375RGI6, STM32U375RGI6Q, STM32U375RGT6, STM32U375RGT6Q, STM32U375RGY6GTR, STM32U375RGY6QTR, STM32U375VEI6, STM32U375VEI6Q, STM32U375VET6, STM32U375VET6Q, STM32U375VGI6, STM32U375VGI6Q, STM32U375VGT6, STM32U375VGT6Q, STM32U385CGT6, STM32U385CGT6Q, STM32U385CGU6, STM32U385CGU6Q, STM32U385CGY6QTR, STM32U385KGU6, STM32U385RGI6, STM32U385RGI6Q, STM32U385RGT6, STM32U385RGT6Q, STM32U385RGY6GTR, STM32U385RGY6QTR, STM32U385VGI6, STM32U385VGI6Q, STM32U385VGT6, STM32U385VGT6Q, STM32U535CBT6, STM32U535CBT6Q, STM32U535CBU6, STM32U535CBU6Q, STM32U535CCT6, STM32U535CCT6Q, STM32U535CCU6, STM32U535CCU6Q, STM32U535CET6, STM32U535CET6Q, STM32U535CEU6, STM32U535CEU6Q, STM32U535JEY6QTR, STM32U535NCY6QTR, STM32U535NEY6QTR, STM32U535RBI6, STM32U535RBI6Q, STM32U535RBT6, STM32U535RBT6Q, STM32U535RCI6, STM32U535RCI6Q, STM32U535RCT6, STM32U535RCT6Q, STM32U535REI6, STM32U535REI6Q, STM32U535RET6, STM32U535RET6Q, STM32U535VCI6, STM32U535VCI6Q, STM32U535VCT6, STM32U535VCT6Q, STM32U535VEI6, STM32U535VEI6Q, STM32U535VET6, STM32U535VET6Q, STM32U545CET6, STM32U545CET6Q, STM32U545CEU6, STM32U545CEU6Q, STM32U545JEY6QTR, STM32U545NEY6QTR, STM32U545REI6, STM32U545REI6Q, STM32U545RET6, STM32U545RET6Q, STM32U545VEI6, STM32U545VEI6Q, STM32U545VET6, STM32U545VET6Q, STM32U595AIH6, STM32U595AIH6Q, STM32U595AJH6, STM32U595AJH6Q, STM32U595QII6, STM32U595QII6Q, STM32U595QJI6, STM32U595QJI6Q, STM32U595RIT6, STM32U595RIT6Q, STM32U595RJT6, STM32U595RJT6Q, STM32U595VIT6, STM32U595VIT6Q, STM32U595VJT6, STM32U595VJT6Q, STM32U595ZIT6, STM32U595ZIT6Q, STM32U595ZIY6QTR, STM32U595ZJT6, STM32U595ZJT6Q, STM32U595ZJY6QTR, STM32U599BJY6QTR, STM32U599NIH6Q, STM32U599NJH6Q, STM32U599VIT6Q, STM32U599VJT6, STM32U599VJT6Q, STM32U599ZIT6Q, STM32U599ZIY6QTR, STM32U599ZJT6Q, STM32U599ZJY6QTR, STM32U5A5AJH6, STM32U5A5AJH6Q, STM32U5A5QII3Q , STM32U5A5QJI6, STM32U5A5QJI6Q, STM32U5A5RJT6, STM32U5A5RJT6Q, STM32U5A5VJT6, STM32U5A5VJT6Q, STM32U5A5ZJT6, STM32U5A5ZJT6Q, STM32U5A5ZJY6QTR, STM32U5A9BJY6QTR, STM32U5A9J-DK, STM32U5A9NJH6Q, STM32U5A9VJT6Q, STM32U5A9ZJT6Q, STM32U5A9ZJY6QTR, STM32U5F7VIT6, STM32U5F7VIT6Q, STM32U5F7VJT6, STM32U5F7VJT6Q, STM32U5F9BJY6QTR, STM32U5F9NJH6Q, STM32U5F9VIT6Q, STM32U5F9VJT6Q, STM32U5F9ZIJ6QTR, STM32U5F9ZIT6Q, STM32U5F9ZJJ6QTR, STM32U5F9ZJT6Q, STM32U5G7VJT6, STM32U5G7VJT6Q, STM32U5G9BJY6QTR, STM32U5G9J-DK1, STM32U5G9J-DK2, STM32U5G9NJH6Q, STM32U5G9VJT6Q, STM32U5G9ZJJ6QTR, STM32U5G9ZJT6Q, STM32WB05KZV6TR, STM32WB05KZV7TR, STM32WB05TZF6TR, STM32WB05TZF7TR, STM32WB06CCF6TR, STM32WB06CCF7TR, STM32WB06CCV6TR, STM32WB06CCV7TR, STM32WB06KCV6TR, STM32WB06KCV7TR, STM32WB07CCF6TR, STM32WB07CCF7TR, STM32WB07CCV6TR, STM32WB07CCV7TR, STM32WB07KCV6TR, STM32WB07KCV7TR, STM32WB09KEV6TR, STM32WB09KEV7TR, STM32WB09TEF6TR, STM32WB09TEF7TR, STM32WB1MMCH6, STM32WBA50KGU6, STM32WBA50KGU6TR, STM32WBA52CEU6, STM32WBA52CEU6TR, STM32WBA52CEU7, STM32WBA52CEU7TR, STM32WBA52CGU6, STM32WBA52CGU6TR, STM32WBA52CGU6U, STM32WBA52CGU7, STM32WBA52CGU7TR, STM32WBA52KEU6, STM32WBA52KEU6TR, STM32WBA52KGU6, STM32WBA52KGU6TR, STM32WBA54CEU6, STM32WBA54CEU6TR, STM32WBA54CEU7, STM32WBA54CEU7TR, STM32WBA54CGU6, STM32WBA54CGU6TR, STM32WBA54CGU7, STM32WBA54CGU7TR, STM32WBA54KEU6, STM32WBA54KEU6TR, STM32WBA54KEU7, STM32WBA54KEU7TR, STM32WBA54KGU6, STM32WBA54KGU6TR, STM32WBA54KGU7, STM32WBA54KGU7TR, STM32WBA55CEU6, STM32WBA55CEU6TR, STM32WBA55CEU7, STM32WBA55CEU7TR, STM32WBA55CGU6, STM32WBA55CGU6TR, STM32WBA55CGU6U, STM32WBA55CGU7, STM32WBA55CGU7TR, STM32WBA55G-DK1, STM32WBA55HEF6, STM32WBA55HEF7, STM32WBA55HGF6, STM32WBA55HGF7, STM32WBA55UEI6, STM32WBA55UEI6TR, STM32WBA55UEI7, STM32WBA55UEI7TR, STM32WBA55UGI6, STM32WBA55UGI6TR, STM32WBA55UGI7, STM32WBA55UGI7TR, STM32WBA5MJGH6TR, STM32WBA62CGU6, STM32WBA62CIU6, STM32WBA62MGF6, STM32WBA62MIF6, STM32WBA62PGI6, STM32WBA62PII6, STM32WBA63CGU6, STM32WBA63CGU7, STM32WBA63CIU6, STM32WBA63CIU7, STM32WBA64CGU6, STM32WBA64CGU7, STM32WBA64CIU6, STM32WBA64CIU7, STM32WBA65CGU6, STM32WBA65CGU7, STM32WBA65CIU6, STM32WBA65CIU7, STM32WBA65I-DK1, STM32WBA65MGF6, STM32WBA65MGF7, STM32WBA65MIF6, STM32WBA65MIF7, STM32WBA65PGI6, STM32WBA65PGI7, STM32WBA65PII6, STM32WBA65PII7, STM32WBA65RGV6, STM32WBA65RGV7, STM32WBA65RIV6, STM32WBA65RIV7, STM32WL30K8V6, STM32WL30KBV6, STM32WL31C8V6, STM32WL31CBV6, STM32WL31K8V6, STM32WL31KBV6, STM32WL33C8V6, STM32WL33C8V6TR, STM32WL33C8V7, STM32WL33C8V7TR, STM32WL33CBV6, STM32WL33CBV6TR, STM32WL33CBV7, STM32WL33CBV7TR, STM32WL33CCV6, STM32WL33CCV6TR, STM32WL33CCV7, STM32WL33CCV7A, STM32WL33CCV7ATR, STM32WL33CCV7TR, STM32WL33K8V6, STM32WL33K8V6TR, STM32WL33K8V7, STM32WL33K8V7TR, STM32WL33KBV6, STM32WL33KBV6TR, STM32WL33KBV7, STM32WL33KBV7TR, STM32WL33KCV6, STM32WL33KCV6TR, STM32WL33KCV7, STM32WL33KCV7TR, STM32WL5MOCH6, STM32WL5MOCH6TR]
2025-06-16 11:45:12,550 [WARN] PackLoader:240 - Cannot read IP mode file for STMicroelectronics.FP-SNS-MOTENVWB1.1.4.0
2025-06-16 11:45:12,567 [WARN] PackLoader:240 - Cannot read IP mode file for STMicroelectronics.FP-ATR-ASTRA1.2.0.2
2025-06-16 11:45:12,587 [WARN] PackLoader:240 - Cannot read IP mode file for STMicroelectronics.X-CUBE-SMBUS.2.1.0
2025-06-16 11:45:12,594 [WARN] PackLoader:240 - Cannot read IP mode file for STMicroelectronics.X-CUBE-ST60.1.0.0
2025-06-16 11:45:12,613 [INFO] BoardInfo:889 - No configuration file found for board P-NUCLEO-WB55
2025-06-16 11:45:12,615 [INFO] DbBoards:161 - Kit is not supported: P-NUCLEO-WB55
2025-06-16 11:45:12,630 [INFO] BoardInfo:889 - No configuration file found for board STEVAL-BFA001V1B
2025-06-16 11:45:12,633 [INFO] DbBoards:161 - Kit is not supported: STEVAL-BFA001V1B
2025-06-16 11:45:12,635 [INFO] BoardInfo:889 - No configuration file found for board STEVAL-BFA001V2B
2025-06-16 11:45:12,638 [WARN] PackLoader:240 - Cannot read IP mode file for STMicroelectronics.X-CUBE-AZRTOS-F7.1.1.0
2025-06-16 11:45:12,638 [INFO] DbBoards:161 - Kit is not supported: STEVAL-BFA001V2B
2025-06-16 11:45:12,683 [WARN] PackLoader:240 - Cannot read IP mode file for Infineon.AIROC-Wi-Fi-Bluetooth-STM32.1.7.0
2025-06-16 11:45:12,703 [WARN] PackLoader:240 - Cannot read IP mode file for STMicroelectronics.X-CUBE-DISPLAY.3.0.0
2025-06-16 11:45:12,723 [WARN] PackLoader:240 - Cannot read IP mode file for STMicroelectronics.X-CUBE-NFC10.1.0.0
2025-06-16 11:45:12,751 [WARN] PackLoader:240 - Cannot read IP mode file for STMicroelectronics.X-CUBE-BLEMGR.4.0.0
2025-06-16 11:45:12,769 [WARN] PackLoader:240 - Cannot read IP mode file for emotas.I-CUBE-CANOPEN.1.3.0
2025-06-16 11:45:12,778 [WARN] ConditionMgr:438 - getConditionDescription Invalid condition id : Cortex-A Device cause : null
2025-06-16 11:45:12,805 [WARN] ConditionMgr:1044 - genDependencies : Invalid condition id : Cortex-A Device cause : null
2025-06-16 11:45:12,805 [WARN] ConditionMgr:1044 - genDependencies : Invalid condition id : Cortex-A Device cause : null
2025-06-16 11:45:12,806 [WARN] ConditionMgr:1044 - genDependencies : Invalid condition id : Cortex-A Device cause : null
2025-06-16 11:45:12,816 [WARN] PackLoader:240 - Cannot read IP mode file for STMicroelectronics.FP-SNS-SMARTAG2.1.2.0
2025-06-16 11:45:12,826 [WARN] PackLoader:240 - Cannot read IP mode file for STMicroelectronics.FP-SNS-FLIGHT1.5.1.0
2025-06-16 11:45:12,853 [INFO] LogOutputStream:77 - [STDOUT_REDIRECT] 1 : Invalid condition id : UX_CORESTACK_Condition cause : null
2025-06-16 11:45:12,886 [INFO] LogOutputStream:77 - [STDOUT_REDIRECT] 1 : Invalid condition id : UX_CORESTACK_Condition cause : null
2025-06-16 11:45:12,890 [INFO] LogOutputStream:77 - [STDOUT_REDIRECT] 1 : Invalid condition id : UX_CORESTACK_Condition cause : null
2025-06-16 11:45:12,892 [INFO] LogOutputStream:77 - [STDOUT_REDIRECT] 1 : Invalid condition id : UX_CORESTACK_Condition cause : null
2025-06-16 11:45:12,894 [INFO] LogOutputStream:77 - [STDOUT_REDIRECT] 1 : Invalid condition id : UX_CORESTACK_Condition cause : null
2025-06-16 11:45:12,903 [WARN] PackLoader:240 - Cannot read IP mode file for STMicroelectronics.X-CUBE-AZRTOS-WL.2.0.0
2025-06-16 11:45:12,920 [WARN] PackLoader:240 - Cannot read IP mode file for STMicroelectronics.FP-SNS-MOTENV1.5.0.0
2025-06-16 11:45:12,941 [WARN] PackLoader:240 - Cannot read IP mode file for WES.I-CUBE-Cesium.1.3.0
2025-06-16 11:45:12,949 [WARN] PackLoader:240 - Cannot read IP mode file for STMicroelectronics.X-CUBE-BLE2.3.3.0
2025-06-16 11:45:12,959 [WARN] PackLoader:240 - Cannot read IP mode file for STMicroelectronics.X-CUBE-NFC9.1.0.0
2025-06-16 11:45:12,968 [WARN] PackLoader:240 - Cannot read IP mode file for wolfSSL.I-CUBE-wolfSSL.5.8.0
2025-06-16 11:45:12,974 [WARN] PackLoader:240 - Cannot read IP mode file for STMicroelectronics.X-CUBE-BLE1.7.1.0
2025-06-16 11:45:12,981 [WARN] PackLoader:240 - Cannot read IP mode file for wolfSSL.I-CUBE-wolfMQTT.1.19.2
2025-06-16 11:45:12,989 [WARN] PackLoader:240 - Cannot read IP mode file for STMicroelectronics.X-CUBE-AI.10.1.0
2025-06-16 11:45:13,017 [WARN] PackLoader:240 - Cannot read IP mode file for STMicroelectronics.X-CUBE-AZRTOS-G0.1.1.0
2025-06-16 11:45:13,195 [INFO] DbBoards:168 - Found 211 boards, 208 are supported
2025-06-16 11:45:13,195 [INFO] DbBoards:169 - Found 211 boards, 43 of them is supported for  Bsp
2025-06-16 11:45:13,200 [INFO] ApiDb:668 - CubeFinder database Data Model version=2.1
2025-06-16 11:45:13,201 [INFO] ApiDb:669 - CubeFinder database Configuration version=3.0.39
2025-06-16 11:45:13,201 [INFO] ApiDb:670 - CubeFinder database generation date=2025-05-20 (1747743314)
2025-06-16 11:45:13,201 [INFO] ApiDb:671 - CubeFinder database FW Pack versions=[FP-ATR-ASTRA1_V2.0.0, FP-SNS-FLIGHT1_V5.1.0, FP-SNS-MOTENV1_V5.0.0, FP-SNS-MOTENVWB1_V1.4.0, FP-SNS-SMARTAG2_V1.2.0, FP-SNS-STBOX1_V2.0.0, STM32Cube_FW_C0_V1.4.0, STM32Cube_FW_F4_V1.28.2, STM32Cube_FW_F7_V1.17.3, STM32Cube_FW_G0_V1.6.2, STM32Cube_FW_G4_V1.6.1, STM32Cube_FW_H5_V1.5.0, STM32Cube_FW_H7RS_V1.2.0, STM32Cube_FW_H7_V1.12.1, STM32Cube_FW_L0_V1.12.2, STM32Cube_FW_L4_V1.18.1, STM32Cube_FW_L5_V1.5.1, STM32Cube_FW_N6_V1.1.1, STM32Cube_FW_U0_V1.2.0, STM32Cube_FW_U3_V1.1.0, STM32Cube_FW_U5_V1.7.0, STM32Cube_FW_WB0_V1.2.0, STM32Cube_FW_WBA_V1.6.0, STM32Cube_FW_WB_V1.22.0, STM32Cube_FW_WL3_V1.1.0, STM32Cube_FW_WL_V1.3.1, X-CUBE-ALGOBUILD_V1.4.0, X-CUBE-ALS_V1.0.2, X-CUBE-AZRTOS-F4_V1.1.0, X-CUBE-AZRTOS-F7_V1.1.0, X-CUBE-AZRTOS-G0_V1.1.0, X-CUBE-AZRTOS-G4_V2.0.0, X-CUBE-AZRTOS-H7RS_V1.1.0, X-CUBE-AZRTOS-H7_V3.3.0, X-CUBE-AZRTOS-L4_V2.0.0, X-CUBE-AZRTOS-L5_V2.0.0, X-CUBE-AZRTOS-WB_V2.0.0, X-CUBE-AZRTOS-WL_V2.0.0, X-CUBE-BLE1_V7.1.0, X-CUBE-BLE2_V3.3.0, X-CUBE-BLEMGR_V4.0.0, X-CUBE-EEPRMA1_V5.1.0, X-CUBE-FREERTOS_V1.3.1, X-CUBE-GNSS1_V6.0.0, X-CUBE-MEMS1_V11.2.0, X-CUBE-NFC4_V3.0.0, X-CUBE-NFC7_V2.0.0, X-CUBE-SFXS2LP1_V4.0.0, X-CUBE-SUBG2_V5.0.0, X-CUBE-TOF1_V3.4.3]
2025-06-16 11:45:13,208 [WARN] PackLoader:240 - Cannot read IP mode file for STMicroelectronics.X-CUBE-SAFEA1.1.2.2
2025-06-16 11:45:13,221 [WARN] PackLoader:240 - Cannot read IP mode file for STMicroelectronics.X-CUBE-NFC4.3.0.0
2025-06-16 11:45:13,236 [WARN] PackLoader:240 - Cannot read IP mode file for EmbeddedOffice.I-CUBE-FS-RTOS.1.0.1
2025-06-16 11:45:13,246 [WARN] PackLoader:240 - Cannot read IP mode file for STMicroelectronics.X-CUBE-WB05N.2.0.0
2025-06-16 11:45:13,253 [WARN] PackLoader:240 - Cannot read IP mode file for wolfSSL.I-CUBE-wolfTPM.3.8.0
2025-06-16 11:45:13,261 [WARN] PackLoader:240 - Cannot read IP mode file for STMicroelectronics.X-CUBE-TCPP.4.2.0
2025-06-16 11:45:13,271 [WARN] PackLoader:240 - Cannot read IP mode file for RealThread.X-CUBE-RT-Thread_Nano.4.1.1
2025-06-16 11:45:13,278 [WARN] PackLoader:240 - Cannot read IP mode file for STMicroelectronics.FP-ATR-SIGFOX1.3.2.0
2025-06-16 11:45:13,286 [WARN] PackLoader:240 - Cannot read IP mode file for STMicroelectronics.X-CUBE-EEPRMA1.5.1.0
2025-06-16 11:45:13,295 [WARN] PackLoader:240 - Cannot read IP mode file for ITTIA_DB.I-CUBE-ITTIADB.8.9.0
2025-06-16 11:45:13,305 [WARN] PackLoader:240 - Cannot read IP mode file for STMicroelectronics.X-CUBE-ST67W61.1.0.0
2025-06-16 11:45:13,334 [WARN] PackLoader:240 - Cannot read IP mode file for SEGGER.I-CUBE-embOS.1.3.1
2025-06-16 11:45:13,381 [WARN] PackLoader:240 - Cannot read IP mode file for STMicroelectronics.X-CUBE-ALGOBUILD.1.4.0
2025-06-16 11:45:13,431 [WARN] PackLoader:240 - Cannot read IP mode file for STMicroelectronics.X-CUBE-MEMS1.11.3.0
2025-06-16 11:45:13,699 [WARN] PackLoader:240 - Cannot read IP mode file for STMicroelectronics.X-CUBE-AZRTOS-F4.1.1.0
2025-06-16 11:45:13,713 [WARN] PackLoader:240 - Cannot read IP mode file for Avnet-IotConnect.X-CUBE-IoTC-DA16k-PMOD.1.0.0
2025-06-16 11:45:13,725 [WARN] PackLoader:240 - Cannot read IP mode file for STMicroelectronics.X-CUBE-ISPU.2.1.0
2025-06-16 11:45:13,754 [WARN] PackLoader:240 - Cannot read IP mode file for STMicroelectronics.X-CUBE-AZRTOS-L5.2.0.0
2025-06-16 11:45:13,774 [WARN] PackLoader:240 - Cannot read IP mode file for STMicroelectronics.X-CUBE-NFC6.3.1.0
2025-06-16 11:45:13,790 [WARN] PackLoader:240 - Cannot read IP mode file for STMicroelectronics.X-CUBE-FREERTOS.1.3.1
2025-06-16 11:45:13,801 [WARN] PackLoader:240 - Cannot read IP mode file for STMicroelectronics.X-CUBE-DPower.1.3.0
2025-06-16 11:45:13,831 [WARN] ConditionMgr:438 - getConditionDescription Invalid condition id : LAN8742 Phy interface Condition cause : null
2025-06-16 11:45:13,833 [WARN] PackLoader:240 - Cannot read IP mode file for STMicroelectronics.X-CUBE-AZRTOS-L4.2.0.0
2025-06-16 11:45:13,836 [WARN] ConditionMgr:1044 - genDependencies : Invalid condition id : LAN8742 Phy interface Condition cause : null
2025-06-16 11:45:13,836 [WARN] ConditionMgr:1044 - genDependencies : Invalid condition id : LAN8742 Phy interface Condition cause : null
2025-06-16 11:45:13,837 [WARN] ConditionMgr:1044 - genDependencies : Invalid condition id : LAN8742 Phy interface Condition cause : null
2025-06-16 11:45:13,849 [WARN] PackLoader:240 - Cannot read IP mode file for STMicroelectronics.X-CUBE-SFXS2LP1.4.0.0
2025-06-16 11:45:13,853 [INFO] WebApp:463 - Apply proxy settings
2025-06-16 11:45:13,854 [INFO] WebApp:548 - Chromium requires no authentication
2025-06-16 11:45:13,884 [INFO] WebApp:491 - Direct internet connection detected
2025-06-16 11:45:13,886 [WARN] PackLoader:240 - Cannot read IP mode file for STMicroelectronics.X-CUBE-AZRTOS-H7.3.3.0
2025-06-16 11:45:13,914 [WARN] ConditionMgr:438 - getConditionDescription Invalid condition id : UX DEVICE CLASS RTOS Condition cause : null
2025-06-16 11:45:13,914 [WARN] ConditionMgr:438 - getConditionDescription Invalid condition id : UX DEVICE CLASS RTOS Condition cause : null
2025-06-16 11:45:13,918 [WARN] PackLoader:240 - Cannot read IP mode file for STMicroelectronics.X-CUBE-AZRTOS-WB.2.0.0
2025-06-16 11:45:13,919 [WARN] ConditionMgr:1044 - genDependencies : Invalid condition id : UX DEVICE CLASS RTOS Condition cause : null
2025-06-16 11:45:13,919 [WARN] ConditionMgr:1044 - genDependencies : Invalid condition id : UX DEVICE CLASS RTOS Condition cause : null
2025-06-16 11:45:13,920 [WARN] ConditionMgr:1044 - genDependencies : Invalid condition id : UX DEVICE CLASS RTOS Condition cause : null
2025-06-16 11:45:13,920 [WARN] ConditionMgr:1044 - genDependencies : Invalid condition id : UX DEVICE CLASS RTOS Condition cause : null
2025-06-16 11:45:13,920 [WARN] ConditionMgr:1044 - genDependencies : Invalid condition id : UX DEVICE CLASS RTOS Condition cause : null
2025-06-16 11:45:13,934 [WARN] PackLoader:240 - Cannot read IP mode file for STMicroelectronics.X-CUBE-GNSS1.7.0.1
2025-06-16 11:45:13,949 [WARN] PackLoader:240 - Cannot read IP mode file for STMicroelectronics.X-CUBE-TOUCHGFX.4.25.0
2025-06-16 11:45:13,959 [INFO] WebApp:894 - Register for checkConnection events
2025-06-16 11:45:13,959 [INFO] WebApp:463 - Apply proxy settings
2025-06-16 11:45:13,959 [INFO] WebApp:548 - Chromium requires no authentication
2025-06-16 11:45:13,961 [INFO] WebApp:491 - Direct internet connection detected
2025-06-16 11:45:13,961 [WARN] PackLoader:240 - Cannot read IP mode file for STMicroelectronics.FP-SNS-STBOX1.2.0.0
2025-06-16 11:45:13,983 [WARN] PackLoader:240 - Cannot read IP mode file for STMicroelectronics.X-CUBE-SUBG2.5.0.0
2025-06-16 11:45:14,039 [WARN] PackLoader:240 - Cannot read IP mode file for STMicroelectronics.X-CUBE-AZRTOS-H7RS.1.1.0
2025-06-16 11:45:14,052 [WARN] PackLoader:240 - Cannot read IP mode file for Cesanta.I-CUBE-Mongoose.7.13.0
2025-06-16 11:45:14,124 [WARN] PackLoader:240 - Cannot read IP mode file for STMicroelectronics.X-CUBE-AZRTOS-G4.2.0.0
2025-06-16 11:45:14,134 [WARN] PackLoader:240 - Cannot read IP mode file for wolfSSL.I-CUBE-wolfSSH.1.4.20
2025-06-16 11:45:14,141 [WARN] PackLoader:240 - Cannot read IP mode file for STMicroelectronics.X-CUBE-NFC7.2.0.0
2025-06-16 11:45:14,155 [WARN] PackLoader:240 - Cannot read IP mode file for STMicroelectronics.X-CUBE-IPS.3.1.0
2025-06-16 11:45:14,166 [WARN] PackLoader:240 - Cannot read IP mode file for STMicroelectronics.X-CUBE-ALS.1.0.2
2025-06-16 11:45:14,177 [WARN] PackLoader:240 - Cannot read IP mode file for portGmbH.I-Cube-SoM-uGOAL.1.1.0
2025-06-16 11:45:14,196 [WARN] PackLoader:240 - Cannot read IP mode file for STMicroelectronics.X-CUBE-TOF1.3.4.3
2025-06-16 11:45:14,213 [INFO] ThirdParty:978 - Integrity check success = true
2025-06-16 11:45:14,213 [INFO] IntegrityCheckThread:100 - exiting critical section [integrity check]
2025-06-16 11:45:14,213 [INFO] IntegrityCheckThread:103 - End integrity checks thread
2025-06-16 11:45:14,252 [INFO] WebApp:191 - Connection restablished
2025-06-16 11:45:14,407 [INFO] WebApp:225 - Starting web application
2025-06-16 11:45:14,408 [INFO] WebApp:593 - Web application path used C:\ST\STM32CubeIDE_1.18.1\STM32CubeIDE\plugins\com.st.stm32cube.common.mx_6.14.1.202504091515\db\plugins\mcufinder\reactClient1\index.html
2025-06-16 11:45:14,607 [INFO] UserAuth:484 - Internet connection configuration mode: 1
2025-06-16 11:45:16,631 [INFO] ApiDb:240 - Found 895 in-development CPN: [B-G473E-ZEST1S, B-WB1M-WPAN1, B-WBA5M-WPAN, B-WL5M-SUBG1, NUCLEO-C031C6, NUCLEO-C051C8, NUCLEO-C071RB, NUCLEO-C092RC, NUCLEO-H503RB, NUCLEO-H533RE, NUCLEO-H563ZI, NUCLEO-H7S3L8, NUCLEO-N657X0-Q, NUCLEO-U031R8, NUCLEO-U083RC, NUCLEO-U385RG-Q, NUCLEO-U545RE-Q, NUCLEO-U5A5ZJ-Q, NUCLEO-WB05KZ, NUCLEO-WB07CC, NUCLEO-WB09KE, NUCLEO-WBA52CG, NUCLEO-WBA55CG, NUCLEO-WBA65RI, NUCLEO-WL33CC1, NUCLEO-WL33CC2, STEVAL-PROTEUS1, STEVAL-SMARTAG2, STEVAL-STWINBX1, STM320518-EVAL, STM32C0116-DK, STM32C011D6Y3TR, STM32C011D6Y6TR, STM32C011F4P3, STM32C011F4P6, STM32C011F4U3, STM32C011F4U6TR, STM32C011F6P3, STM32C011F6P6, STM32C011F6U3, STM32C011F6U6TR, STM32C011J4M3, STM32C011J4M6, STM32C011J6M3, STM32C011J6M6, STM32C0316-DK, STM32C031C4T3, STM32C031C4T6, STM32C031C4U3, STM32C031C4U6, STM32C031C6T3, STM32C031C6T6, STM32C031C6U3, STM32C031C6U6, STM32C031F4P3, STM32C031F4P6, STM32C031F6P3, STM32C031F6P6, STM32C031G4U3, STM32C031G4U6, STM32C031G6U3, STM32C031G6U6, STM32C031K4T3, STM32C031K4T6, STM32C031K4U3, STM32C031K4U6, STM32C031K6T3, STM32C031K6T6, STM32C031K6U3, STM32C031K6U6, STM32C051C6T6, STM32C051C6U6, STM32C051C8T6, STM32C051C8U6, STM32C051D8Y6TR, STM32C051F6P6, STM32C051F8P6, STM32C051G6U6, STM32C051G8U6, STM32C051K6T6, STM32C051K6U6, STM32C051K8T6, STM32C071C8T6, STM32C071C8T6N, STM32C071C8U6, STM32C071C8U6N, STM32C071CBT6, STM32C071CBT6N, STM32C071CBU6, STM32C071CBU6N, STM32C071F8P6, STM32C071F8P6N, STM32C071FBP6, STM32C071FBP6N, STM32C071FBY6TR, STM32C071G8U6, STM32C071G8U6N, STM32C071GBU6, STM32C071GBU6N, STM32C071K8T6, STM32C071K8T6N, STM32C071K8U6, STM32C071K8U6N, STM32C071KBT6, STM32C071KBT6N, STM32C071KBU6, STM32C071KBU6N, STM32C071R8T6, STM32C071R8T6N, STM32C071RBI6N, STM32C071RBT6, STM32C071RBT6N, STM32C091CBT6, STM32C091CBU6, STM32C091CCT6, STM32C091CCU6, STM32C091ECY6TR, STM32C091FBP6, STM32C091FCP6, STM32C091GBU6, STM32C091GCU6, STM32C091KBT6, STM32C091KBU6, STM32C091KCT6, STM32C091KCU6, STM32C091RBT6, STM32C091RCI6, STM32C091RCT6, STM32C092CBT6, STM32C092CBU6, STM32C092CCT6, STM32C092CCU6, STM32C092ECY6TR, STM32C092FBP6, STM32C092FCP6, STM32C092GBU6, STM32C092GCU6, STM32C092KBT6, STM32C092KBU6, STM32C092KCT6, STM32C092KCU6, STM32C092RBT6, STM32C092RCI6, STM32C092RCT6, STM32G071K8TXN, STM32G071K8UXN, STM32G081GBU6N, STM32G081KBT6N, STM32G081KBUXN, STM32G0B1CCT6N, STM32G0B1KCT6, STM32G0B1NEY6TR, STM32G0B1RCT6N, STM32G0C1CCT6, STM32G0C1CCT6N, STM32G0C1CCU6N, STM32G0C1CET6N, STM32G0C1CEU6N, STM32G0C1KCT6, STM32G0C1NEY6TR, STM32G0C1RCI6N, STM32G0C1RCT6N, STM32G0C1REI6N, STM32G0C1RET6N, STM32G0C1VCI6, STM32G0C1VEI6, STM32G411C6T3, STM32G411C6T6, STM32G411C6U3, STM32G411C6U6, STM32G411C8T3, STM32G411C8T6, STM32G411C8U3, STM32G411C8U6, STM32G411CBT3, STM32G411CBT6, STM32G411CBU3, STM32G411CBU6, STM32G411CCT3, STM32G411CCT6, STM32G411CCU3, STM32G411CCU6, STM32G411K6T3, STM32G411K6T6, STM32G411K6U3, STM32G411K6U6, STM32G411K8T3, STM32G411K8T6, STM32G411K8U3, STM32G411K8U6, STM32G411KBT3, STM32G411KBT6, STM32G411KBU3, STM32G411KBU6, STM32G411M6T3, STM32G411M6T6, STM32G411M8T3, STM32G411M8T6, STM32G411MBT3, STM32G411MBT6, STM32G411MCT3, STM32G411MCT6, STM32G411R6T3, STM32G411R6T6, STM32G411R8T3, STM32G411R8T6, STM32G411RBT3, STM32G411RBT6, STM32G411RCT3, STM32G411RCT6, STM32G414CBT3, STM32G414CBT6, STM32G414CBU3, STM32G414CBU6, STM32G414CCT3, STM32G414CCT6, STM32G414CCU3, STM32G414CCU6, STM32G414MBT3, STM32G414MBT6, STM32G414MCT3, STM32G414MCT6, STM32G414RBT3, STM32G414RBT6, STM32G414RCT3, STM32G414RCT6, STM32G414VBT3, STM32G414VBT6, STM32G414VCT3, STM32G414VCT6, STM32G431CBT3Z, STM32G431RBT3Z, STM32G471CCT6, STM32G471CCU6, STM32G471CET3, STM32G471CET6, STM32G471CEU3, STM32G471CEU6, STM32G471MCT6, STM32G471MET3, STM32G471MET6, STM32G471MEY6TR, STM32G471QCT6, STM32G471QET3, STM32G471RCT6, STM32G471RET3, STM32G471RET6, STM32G471VCH6, STM32G471VCI6, STM32G471VCT6, STM32G471VEH3, STM32G471VEH6, STM32G471VEI3, STM32G471VEI6, STM32G471VET3, STM32G471VET6, STM32G473QET3Z, STM32G473RET3Z, STM32G474CCT6, STM32G491RET3Z, STM32H503CBT6, STM32H503CBU6, STM32H503EBY6TR, STM32H503KBU6, STM32H503RBT6, STM32H523CCT6, STM32H523CCU6, STM32H523CET6, STM32H523CEU6, STM32H523HEY6TR, STM32H523RCT6, STM32H523RET6, STM32H523VCI6, STM32H523VCT6, STM32H523VEI6, STM32H523VET6, STM32H523ZCJ6, STM32H523ZCT6, STM32H523ZEJ6, STM32H523ZET6, STM32H533CET6, STM32H533CEU6, STM32H533HEY6TR, STM32H533RET6, STM32H533VEI6, STM32H533VET6, STM32H533ZEJ6, STM32H533ZET6, STM32H562AGI6, STM32H562AII6, STM32H562IGK6, STM32H562IGT6, STM32H562IIK6, STM32H562IIT6, STM32H562RGT6, STM32H562RGV6, STM32H562RIT6, STM32H562RIV6, STM32H562VGT6, STM32H562VIT6, STM32H562ZGT6, STM32H562ZIT6, STM32H563AGI6, STM32H563AII3Q, STM32H563AII6, STM32H563IGK6, STM32H563IGT6, STM32H563IIK3Q, STM32H563IIK6, STM32H563IIT3Q, STM32H563IIT6, STM32H563MIY3QTR, STM32H563RGT6, STM32H563RGV6, STM32H563RIT6, STM32H563RIV6, STM32H563VGT6, STM32H563VIT3Q, STM32H563VIT6, STM32H563ZGT6, STM32H563ZIT3Q, STM32H563ZIT6, STM32H573AII3Q, STM32H573AII6, STM32H573I-DK, STM32H573IIK3Q, STM32H573IIK6, STM32H573IIT3Q, STM32H573IIT6, STM32H573MIY3QTR, STM32H573RIT6, STM32H573RIV6, STM32H573VIT3Q, STM32H573VIT6, STM32H573ZIT3Q, STM32H573ZIT6, STM32H7R3A8I6, STM32H7R3I8K6, STM32H7R3I8T6, STM32H7R3L8H6, STM32H7R3L8H6H, STM32H7R3R8V6, STM32H7R3V8H6, STM32H7R3V8T6, STM32H7R3V8Y6TR, STM32H7R3Z8J6, STM32H7R3Z8T6, STM32H7R7A8I6, STM32H7R7I8K6, STM32H7R7I8T6, STM32H7R7L8H6, STM32H7R7L8H6H, STM32H7R7Z8J6, STM32H7S3A8I6, STM32H7S3I8K6, STM32H7S3I8T6, STM32H7S3L8H6, STM32H7S3L8H6H, STM32H7S3R8V6, STM32H7S3V8H6, STM32H7S3V8T6, STM32H7S3V8Y6TR, STM32H7S3Z8J6, STM32H7S3Z8T6, STM32H7S78-DK, STM32H7S7A8I6, STM32H7S7I8K6, STM32H7S7I8T6, STM32H7S7L8H6, STM32H7S7L8H6H, STM32H7S7Z8J6, STM32L4R5QGI6STR, STM32MP131AAE3, STM32MP131AAF3, STM32MP131AAG3, STM32MP131CAE3, STM32MP131CAF3, STM32MP131CAG3, STM32MP131DAE7, STM32MP131DAF7, STM32MP131DAG7, STM32MP131FAE7, STM32MP131FAF7, STM32MP131FAG7, STM32MP133AAE3, STM32MP133AAF3, STM32MP133AAG3, STM32MP133CAE3, STM32MP133CAF3, STM32MP133CAG3, STM32MP133DAE7, STM32MP133DAF7, STM32MP133DAG7, STM32MP133FAE7, STM32MP133FAF7, STM32MP133FAG7, STM32MP135AAE3, STM32MP135AAF3, STM32MP135AAG3, STM32MP135CAE3, STM32MP135CAF3, STM32MP135CAG3, STM32MP135DAE7, STM32MP135DAF7, STM32MP135DAG7, STM32MP135F-DK, STM32MP135FAE7, STM32MP135FAF7, STM32MP135FAF7T, STM32MP135FAF7U, STM32MP135FAG7, STM32MP231AAJ3, STM32MP231AAK3, STM32MP231AAL3, STM32MP231CAJ3, STM32MP231CAK3, STM32MP231CAL3, STM32MP231DAJ3, STM32MP231DAK3, STM32MP231DAL3, STM32MP231FAJ3, STM32MP231FAK3, STM32MP231FAL3, STM32MP233AAJ3, STM32MP233AAK3, STM32MP233AAL3, STM32MP233CAJ3, STM32MP233CAK3, STM32MP233CAL3, STM32MP233DAJ3, STM32MP233DAK3, STM32MP233DAL3, STM32MP233FAJ3, STM32MP233FAK3, STM32MP233FAL3, STM32MP235AAJ3, STM32MP235AAK3, STM32MP235AAL3, STM32MP235CAJ3, STM32MP235CAK3, STM32MP235CAL3, STM32MP235DAJ3, STM32MP235DAK3, STM32MP235DAL3, STM32MP235FAJ3, STM32MP235FAK3, STM32MP235FAL3, STM32MP251AAI3, STM32MP251AAJ3, STM32MP251AAK3, STM32MP251AAL3, STM32MP251CAI3, STM32MP251CAJ3, STM32MP251CAK3, STM32MP251CAL3, STM32MP251DAI3, STM32MP251DAJ3, STM32MP251DAK3, STM32MP251DAL3, STM32MP251FAI3, STM32MP251FAJ3, STM32MP251FAK3, STM32MP251FAL3, STM32MP253AAI3, STM32MP253AAJ3, STM32MP253AAK3, STM32MP253AAL3, STM32MP253CAI3, STM32MP253CAJ3, STM32MP253CAK3, STM32MP253CAL3, STM32MP253DAI3, STM32MP253DAJ3, STM32MP253DAK3, STM32MP253DAL3, STM32MP253FAI3, STM32MP253FAJ3, STM32MP253FAK3, STM32MP253FAL3, STM32MP255AAI3, STM32MP255AAJ3, STM32MP255AAK3, STM32MP255AAL3, STM32MP255CAI3, STM32MP255CAJ3, STM32MP255CAK3, STM32MP255CAL3, STM32MP255DAI3, STM32MP255DAJ3, STM32MP255DAK3, STM32MP255DAL3, STM32MP255FAI3, STM32MP255FAJ3, STM32MP255FAK3, STM32MP255FAL3, STM32MP257AAI3, STM32MP257AAJ3, STM32MP257AAK3, STM32MP257AAL3, STM32MP257CAI3, STM32MP257CAJ3, STM32MP257CAK3, STM32MP257CAL3, STM32MP257DAI3, STM32MP257DAJ3, STM32MP257DAK3, STM32MP257DAL3, STM32MP257F-DK, STM32MP257F-EV1, STM32MP257FAI3, STM32MP257FAJ3, STM32MP257FAK3, STM32MP257FAL3, STM32N645A0H3Q, STM32N645B0H3Q, STM32N645I0H3Q, STM32N645L0H3Q, STM32N645X0H3Q, STM32N645Z0H3Q, STM32N647A0H3Q, STM32N647B0H3Q, STM32N647I0H3Q, STM32N647L0H3Q, STM32N647X0H3Q, STM32N647Z0H3Q, STM32N655A0H3Q, STM32N655B0H3Q, STM32N655I0H3Q, STM32N655L0H3Q, STM32N655X0H3Q, STM32N655Z0H3Q, STM32N6570-DK, STM32N657A0H3Q, STM32N657B0H3Q, STM32N657I0H3Q, STM32N657L0H3Q, STM32N657X0H3Q, STM32N657Z0H3Q, STM32U031C6T6, STM32U031C6U6, STM32U031C8T6, STM32U031C8U6, STM32U031F4P6, STM32U031F6P6, STM32U031F8P6, STM32U031G6Y6TR, STM32U031G8Y6TR, STM32U031K4U6, STM32U031K6U6, STM32U031K8U6, STM32U031R6I6, STM32U031R6T6, STM32U031R8I6, STM32U031R8T6, STM32U073C8T6, STM32U073C8U6, STM32U073CBT6, STM32U073CBU6, STM32U073CCT6, STM32U073CCU6, STM32U073H8Y6TR, STM32U073HBY6TR, STM32U073HCY6TR, STM32U073K8U6, STM32U073KBU6, STM32U073KCU6, STM32U073M8I6, STM32U073M8T6, STM32U073MBI6, STM32U073MBT6, STM32U073MCI6, STM32U073MCT6, STM32U073R8I6, STM32U073R8T6, STM32U073RBI6, STM32U073RBT6, STM32U073RCI6, STM32U073RCT6, STM32U083C-DK, STM32U083CCT6, STM32U083CCU6, STM32U083HCY6TR, STM32U083KCU6, STM32U083MCI6, STM32U083MCT6, STM32U083RCI6, STM32U083RCT6, STM32U375CET6, STM32U375CET6Q, STM32U375CEU6, STM32U375CEU6Q, STM32U375CEY6QTR, STM32U375CGT6, STM32U375CGT6Q, STM32U375CGU6, STM32U375CGU6Q, STM32U375CGY6QTR, STM32U375KEU6, STM32U375KGU6, STM32U375REI6, STM32U375REI6Q, STM32U375RET6, STM32U375RET6Q, STM32U375REY6GTR, STM32U375REY6QTR, STM32U375RGI6, STM32U375RGI6Q, STM32U375RGT6, STM32U375RGT6Q, STM32U375RGY6GTR, STM32U375RGY6QTR, STM32U375VEI6, STM32U375VEI6Q, STM32U375VET6, STM32U375VET6Q, STM32U375VGI6, STM32U375VGI6Q, STM32U375VGT6, STM32U375VGT6Q, STM32U385CGT6, STM32U385CGT6Q, STM32U385CGU6, STM32U385CGU6Q, STM32U385CGY6QTR, STM32U385KGU6, STM32U385RGI6, STM32U385RGI6Q, STM32U385RGT6, STM32U385RGT6Q, STM32U385RGY6GTR, STM32U385RGY6QTR, STM32U385VGI6, STM32U385VGI6Q, STM32U385VGT6, STM32U385VGT6Q, STM32U535CBT6, STM32U535CBT6Q, STM32U535CBU6, STM32U535CBU6Q, STM32U535CCT6, STM32U535CCT6Q, STM32U535CCU6, STM32U535CCU6Q, STM32U535CET6, STM32U535CET6Q, STM32U535CEU6, STM32U535CEU6Q, STM32U535JEY6QTR, STM32U535NCY6QTR, STM32U535NEY6QTR, STM32U535RBI6, STM32U535RBI6Q, STM32U535RBT6, STM32U535RBT6Q, STM32U535RCI6, STM32U535RCI6Q, STM32U535RCT6, STM32U535RCT6Q, STM32U535REI6, STM32U535REI6Q, STM32U535RET6, STM32U535RET6Q, STM32U535VCI6, STM32U535VCI6Q, STM32U535VCT6, STM32U535VCT6Q, STM32U535VEI6, STM32U535VEI6Q, STM32U535VET6, STM32U535VET6Q, STM32U545CET6, STM32U545CET6Q, STM32U545CEU6, STM32U545CEU6Q, STM32U545JEY6QTR, STM32U545NEY6QTR, STM32U545REI6, STM32U545REI6Q, STM32U545RET6, STM32U545RET6Q, STM32U545VEI6, STM32U545VEI6Q, STM32U545VET6, STM32U545VET6Q, STM32U595AIH6, STM32U595AIH6Q, STM32U595AJH6, STM32U595AJH6Q, STM32U595QII6, STM32U595QII6Q, STM32U595QJI6, STM32U595QJI6Q, STM32U595RIT6, STM32U595RIT6Q, STM32U595RJT6, STM32U595RJT6Q, STM32U595VIT6, STM32U595VIT6Q, STM32U595VJT6, STM32U595VJT6Q, STM32U595ZIT6, STM32U595ZIT6Q, STM32U595ZIY6QTR, STM32U595ZJT6, STM32U595ZJT6Q, STM32U595ZJY6QTR, STM32U599BJY6QTR, STM32U599NIH6Q, STM32U599NJH6Q, STM32U599VIT6Q, STM32U599VJT6, STM32U599VJT6Q, STM32U599ZIT6Q, STM32U599ZIY6QTR, STM32U599ZJT6Q, STM32U599ZJY6QTR, STM32U5A5AJH6, STM32U5A5AJH6Q, STM32U5A5QII3Q , STM32U5A5QJI6, STM32U5A5QJI6Q, STM32U5A5RJT6, STM32U5A5RJT6Q, STM32U5A5VJT6, STM32U5A5VJT6Q, STM32U5A5ZJT6, STM32U5A5ZJT6Q, STM32U5A5ZJY6QTR, STM32U5A9BJY6QTR, STM32U5A9J-DK, STM32U5A9NJH6Q, STM32U5A9VJT6Q, STM32U5A9ZJT6Q, STM32U5A9ZJY6QTR, STM32U5F7VIT6, STM32U5F7VIT6Q, STM32U5F7VJT6, STM32U5F7VJT6Q, STM32U5F9BJY6QTR, STM32U5F9NJH6Q, STM32U5F9VIT6Q, STM32U5F9VJT6Q, STM32U5F9ZIJ6QTR, STM32U5F9ZIT6Q, STM32U5F9ZJJ6QTR, STM32U5F9ZJT6Q, STM32U5G7VJT6, STM32U5G7VJT6Q, STM32U5G9BJY6QTR, STM32U5G9J-DK1, STM32U5G9J-DK2, STM32U5G9NJH6Q, STM32U5G9VJT6Q, STM32U5G9ZJJ6QTR, STM32U5G9ZJT6Q, STM32WB05KZV6TR, STM32WB05KZV7TR, STM32WB05TZF6TR, STM32WB05TZF7TR, STM32WB06CCF6TR, STM32WB06CCF7TR, STM32WB06CCV6TR, STM32WB06CCV7TR, STM32WB06KCV6TR, STM32WB06KCV7TR, STM32WB07CCF6TR, STM32WB07CCF7TR, STM32WB07CCV6TR, STM32WB07CCV7TR, STM32WB07KCV6TR, STM32WB07KCV7TR, STM32WB09KEV6TR, STM32WB09KEV7TR, STM32WB09TEF6TR, STM32WB09TEF7TR, STM32WB1MMCH6, STM32WBA50KGU6, STM32WBA50KGU6TR, STM32WBA52CEU6, STM32WBA52CEU6TR, STM32WBA52CEU7, STM32WBA52CEU7TR, STM32WBA52CGU6, STM32WBA52CGU6TR, STM32WBA52CGU6U, STM32WBA52CGU7, STM32WBA52CGU7TR, STM32WBA52KEU6, STM32WBA52KEU6TR, STM32WBA52KGU6, STM32WBA52KGU6TR, STM32WBA54CEU6, STM32WBA54CEU6TR, STM32WBA54CEU7, STM32WBA54CEU7TR, STM32WBA54CGU6, STM32WBA54CGU6TR, STM32WBA54CGU7, STM32WBA54CGU7TR, STM32WBA54KEU6, STM32WBA54KEU6TR, STM32WBA54KEU7, STM32WBA54KEU7TR, STM32WBA54KGU6, STM32WBA54KGU6TR, STM32WBA54KGU7, STM32WBA54KGU7TR, STM32WBA55CEU6, STM32WBA55CEU6TR, STM32WBA55CEU7, STM32WBA55CEU7TR, STM32WBA55CGU6, STM32WBA55CGU6TR, STM32WBA55CGU6U, STM32WBA55CGU7, STM32WBA55CGU7TR, STM32WBA55G-DK1, STM32WBA55HEF6, STM32WBA55HEF7, STM32WBA55HGF6, STM32WBA55HGF7, STM32WBA55UEI6, STM32WBA55UEI6TR, STM32WBA55UEI7, STM32WBA55UEI7TR, STM32WBA55UGI6, STM32WBA55UGI6TR, STM32WBA55UGI7, STM32WBA55UGI7TR, STM32WBA5MJGH6TR, STM32WBA62CGU6, STM32WBA62CIU6, STM32WBA62MGF6, STM32WBA62MIF6, STM32WBA62PGI6, STM32WBA62PII6, STM32WBA63CGU6, STM32WBA63CGU7, STM32WBA63CIU6, STM32WBA63CIU7, STM32WBA64CGU6, STM32WBA64CGU7, STM32WBA64CIU6, STM32WBA64CIU7, STM32WBA65CGU6, STM32WBA65CGU7, STM32WBA65CIU6, STM32WBA65CIU7, STM32WBA65I-DK1, STM32WBA65MGF6, STM32WBA65MGF7, STM32WBA65MIF6, STM32WBA65MIF7, STM32WBA65PGI6, STM32WBA65PGI7, STM32WBA65PII6, STM32WBA65PII7, STM32WBA65RGV6, STM32WBA65RGV7, STM32WBA65RIV6, STM32WBA65RIV7, STM32WL30K8V6, STM32WL30KBV6, STM32WL31C8V6, STM32WL31CBV6, STM32WL31K8V6, STM32WL31KBV6, STM32WL33C8V6, STM32WL33C8V6TR, STM32WL33C8V7, STM32WL33C8V7TR, STM32WL33CBV6, STM32WL33CBV6TR, STM32WL33CBV7, STM32WL33CBV7TR, STM32WL33CCV6, STM32WL33CCV6TR, STM32WL33CCV7, STM32WL33CCV7A, STM32WL33CCV7ATR, STM32WL33CCV7TR, STM32WL33K8V6, STM32WL33K8V6TR, STM32WL33K8V7, STM32WL33K8V7TR, STM32WL33KBV6, STM32WL33KBV6TR, STM32WL33KBV7, STM32WL33KBV7TR, STM32WL33KCV6, STM32WL33KCV6TR, STM32WL33KCV7, STM32WL33KCV7TR, STM32WL5MOCH6, STM32WL5MOCH6TR]
2025-06-16 11:45:16,635 [INFO] DbMcus:218 - Found 4686 MCUs, 4686 are supported
2025-06-16 11:45:16,636 [INFO] ApiDb:423 - Load user favorites file C:\Users\arumu/.stm32cubeide/favorites.mcus.txt: 0 item(s)
2025-06-16 11:45:16,636 [INFO] ApiDb:427 - User favorites MCUs=[]
2025-06-16 11:45:16,636 [INFO] DbMcus:224 - Set 0 / 0 favorites MCUs
2025-06-16 11:45:17,090 [INFO] ApiDb:423 - Load user favorites file C:\Users\arumu/.stm32cubeide/favorites.boards.txt: 0 item(s)
2025-06-16 11:45:17,090 [INFO] ApiDb:427 - User favorites Boards=[]
2025-06-16 11:45:17,090 [INFO] DbBoards:198 - Set 0 / 0 favorites Boards
2025-06-16 11:45:17,091 [INFO] McuFinderGlobals:76 - Set McuFinderConnectedMode to true
2025-06-16 11:45:17,101 [INFO] MultiScanPanel:200 - Auto-refresh data requested => check proxy status ongoing
2025-06-16 11:45:17,103 [INFO] FinderPluginLoader:95 - Searching for filters in installed packs
2025-06-16 11:45:18,654 [INFO] LoadUrlFilesThread:185 - End of LoadServerUrlFiles without Thread
2025-06-16 11:45:18,667 [INFO] DetailPanel:341 - Set advertising image to C:/Users/arumu/STM32Cube/Repository/\en.summit-h1-25-promotion.jpg
2025-06-16 11:45:37,503 [INFO] MultiScanPanel:200 - Auto-refresh data requested => check proxy status ongoing
2025-06-16 11:45:37,644 [INFO] LoadUrlFilesThread:185 - End of LoadServerUrlFiles without Thread
2025-06-16 11:45:37,645 [INFO] DetailPanel:341 - Set advertising image to C:/Users/arumu/STM32Cube/Repository/\en.summit-h1-25-promotion.jpg
2025-06-16 11:45:37,657 [INFO] DbBoards:642 - Loading board mini-images...
2025-06-16 11:45:37,843 [ERROR] DbBoards:659 - Image file not found for board B-WBA5M-WPAN: C:\Users\arumu\.stmcufinder\plugins\mcufinder//mcu//boards_images/B-WBA5M-WPAN.jpg
2025-06-16 11:45:40,036 [INFO] DbBoards:665 - Loaded 210 board mini-images
2025-06-16 11:46:25,711 [INFO] MainUpdater:2872 - connection check result : 10
2025-06-16 11:46:25,712 [INFO] MainUpdater:2872 - connection check result : 10
2025-06-16 11:46:25,750 [INFO] MicroXplorer:468 - Change Database Path : 
2025-06-16 11:46:25,750 [INFO] MicroXplorer:498 - Change Database Version : DB.6.0.141
2025-06-16 11:46:25,763 [WARN] ThirdParty:871 - waiting for thirdparty lock release [close project]
2025-06-16 11:46:25,764 [INFO] ThirdParty:873 - entering critical section [close project]
2025-06-16 11:46:25,765 [INFO] ThirdParty:883 - exiting critical section [close project]
2025-06-16 11:46:25,772 [INFO] PinOutPanel:1589 - setPackage(No Configuration,No Configuration)
2025-06-16 11:46:25,780 [INFO] UtilMem:75 - Begin LoadConfig() Used Memory: 941142600 Bytes (1073741824)
2025-06-16 11:46:25,788 [INFO] OpenFileManager:354 - Change cursor
2025-06-16 11:46:25,850 [INFO] ProjectFactory:442 - No CPN specified for board NUCLEO-L476RG => set CPN to STM32L476RGT3
2025-06-16 11:46:25,852 [INFO] Mcu:2011 - Initializing MCU STM32L476R(C-E-G)Tx STM32L476RGTx STM32L476RGT3
2025-06-16 11:46:29,328 [INFO] Context:756 - Trying to add GPIOservice into a context  which must be forbidden
2025-06-16 11:46:30,211 [INFO] Rule:225 - rule 117617 - U5Cobra4M][GTZC] default value MPCBB3 and MPCBB5 - Not Secured memory - MPCBB1 is applicable
2025-06-16 11:46:30,212 [INFO] Rule:225 - rule 117617 - U5Cobra4M][GTZC] default value MPCBB3 and MPCBB5 - Not Secured memory - MPCBB1 is applicable
2025-06-16 11:46:30,212 [INFO] Rule:225 - rule 117617 - U5Cobra4M][GTZC] default value MPCBB3 and MPCBB5 - Not Secured memory - MPCBB2 is applicable
2025-06-16 11:46:30,212 [INFO] Rule:225 - rule 117617 - U5Cobra4M][GTZC] default value MPCBB3 and MPCBB5 - Not Secured memory - MPCBB2 is applicable
2025-06-16 11:46:30,212 [INFO] Rule:225 - rule 117617 - U5Cobra4M][GTZC] default value MPCBB3 and MPCBB5 - Not Secured memory - MPCBB3 is applicable
2025-06-16 11:46:30,212 [INFO] Rule:225 - rule 117617 - U5Cobra4M][GTZC] default value MPCBB3 and MPCBB5 - Not Secured memory - MPCBB3 is applicable
2025-06-16 11:46:30,213 [INFO] Rule:225 - rule 117617 - U5Cobra4M][GTZC] default value MPCBB3 and MPCBB5 - Not Secured memory - MPCBB4 is applicable
2025-06-16 11:46:30,213 [INFO] Rule:225 - rule 117617 - U5Cobra4M][GTZC] default value MPCBB3 and MPCBB5 - Not Secured memory - MPCBB4 is applicable
2025-06-16 11:46:30,213 [INFO] Rule:225 - rule 117617 - U5Cobra4M][GTZC] default value MPCBB3 and MPCBB5 - Secured memory - MPCBB1 is applicable
2025-06-16 11:46:30,213 [INFO] Rule:225 - rule 117617 - U5Cobra4M][GTZC] default value MPCBB3 and MPCBB5 - Secured memory - MPCBB2 is applicable
2025-06-16 11:46:30,213 [INFO] Rule:225 - rule 117617 - U5Cobra4M][GTZC] default value MPCBB3 and MPCBB5 - Secured memory - MPCBB3 is applicable
2025-06-16 11:46:30,213 [INFO] Rule:225 - rule 117617 - U5Cobra4M][GTZC] default value MPCBB3 and MPCBB5 - Secured memory - MPCBB4 is applicable
2025-06-16 11:46:30,213 [INFO] Rule:225 - rule 117617 - U5Cobra4M][GTZC] default value MPCBB3 and MPCBB5 - Privileged memory - MPCBB1 is applicable
2025-06-16 11:46:30,214 [INFO] Rule:225 - rule 117617 - U5Cobra4M][GTZC] default value MPCBB3 and MPCBB5 - Privileged memory - MPCBB2 is applicable
2025-06-16 11:46:30,214 [INFO] Rule:225 - rule 117617 - U5Cobra4M][GTZC] default value MPCBB3 and MPCBB5 - Privileged memory - MPCBB3 is applicable
2025-06-16 11:46:30,214 [INFO] Rule:225 - rule 117617 - U5Cobra4M][GTZC] default value MPCBB3 and MPCBB5 - Privileged memory - MPCBB4 is applicable
2025-06-16 11:46:30,214 [INFO] Rule:225 - rule 117617 - U5Cobra4M][GTZC] default value MPCBB3 and MPCBB5 - Not Privileged memory - MPCBB1 is applicable
2025-06-16 11:46:30,214 [INFO] Rule:225 - rule 117617 - U5Cobra4M][GTZC] default value MPCBB3 and MPCBB5 - Not Privileged memory - MPCBB2 is applicable
2025-06-16 11:46:30,214 [INFO] Rule:225 - rule 117617 - U5Cobra4M][GTZC] default value MPCBB3 and MPCBB5 - Not Privileged memory - MPCBB3 is applicable
2025-06-16 11:46:30,214 [INFO] Rule:225 - rule 117617 - U5Cobra4M][GTZC] default value MPCBB3 and MPCBB5 - Not Privileged memory - MPCBB4 is applicable
2025-06-16 11:46:30,214 [INFO] Rule:225 - rule 117617 - U5Cobra4M][GTZC] default value MPCBB3 and MPCBB5 - Privileged memory - MPCBB1 is applicable
2025-06-16 11:46:30,215 [INFO] Rule:225 - rule 117617 - U5Cobra4M][GTZC] default value MPCBB3 and MPCBB5 - Privileged memory - MPCBB2 is applicable
2025-06-16 11:46:30,215 [INFO] Rule:225 - rule 117617 - U5Cobra4M][GTZC] default value MPCBB3 and MPCBB5 - Privileged memory - MPCBB3 is applicable
2025-06-16 11:46:30,215 [INFO] Rule:225 - rule 117617 - U5Cobra4M][GTZC] default value MPCBB3 and MPCBB5 - Privileged memory - MPCBB4 is applicable
2025-06-16 11:46:30,215 [INFO] Rule:225 - rule 117617 - U5Cobra4M][GTZC] default value MPCBB3 and MPCBB5 - Privileged memory - MPCBB1 is applicable
2025-06-16 11:46:30,215 [INFO] Rule:225 - rule 117617 - U5Cobra4M][GTZC] default value MPCBB3 and MPCBB5 - Privileged memory - MPCBB2 is applicable
2025-06-16 11:46:30,215 [INFO] Rule:225 - rule 117617 - U5Cobra4M][GTZC] default value MPCBB3 and MPCBB5 - Privileged memory - MPCBB3 is applicable
2025-06-16 11:46:30,215 [INFO] Rule:225 - rule 117617 - U5Cobra4M][GTZC] default value MPCBB3 and MPCBB5 - Privileged memory - MPCBB4 is applicable
2025-06-16 11:46:30,215 [INFO] Rule:225 - rule 117617 - U5Cobra4M][GTZC] default value MPCBB3 and MPCBB5 - Not Privileged memory - MPCBB1 is applicable
2025-06-16 11:46:30,216 [INFO] Rule:225 - rule 117617 - U5Cobra4M][GTZC] default value MPCBB3 and MPCBB5 - Not Privileged memory - MPCBB2 is applicable
2025-06-16 11:46:30,216 [INFO] Rule:225 - rule 117617 - U5Cobra4M][GTZC] default value MPCBB3 and MPCBB5 - Not Privileged memory - MPCBB3 is applicable
2025-06-16 11:46:30,216 [INFO] Rule:225 - rule 117617 - U5Cobra4M][GTZC] default value MPCBB3 and MPCBB5 - Not Privileged memory - MPCBB4 is applicable
2025-06-16 11:46:30,216 [INFO] Rule:225 - rule 117617 - U5Cobra4M][GTZC] default value MPCBB3 and MPCBB5 - Privileged memory - MPCBB1 is applicable
2025-06-16 11:46:30,216 [INFO] Rule:225 - rule 117617 - U5Cobra4M][GTZC] default value MPCBB3 and MPCBB5 - Privileged memory - MPCBB2 is applicable
2025-06-16 11:46:30,216 [INFO] Rule:225 - rule 117617 - U5Cobra4M][GTZC] default value MPCBB3 and MPCBB5 - Privileged memory - MPCBB3 is applicable
2025-06-16 11:46:30,216 [INFO] Rule:225 - rule 117617 - U5Cobra4M][GTZC] default value MPCBB3 and MPCBB5 - Privileged memory - MPCBB4 is applicable
2025-06-16 11:46:30,216 [INFO] Rule:225 - rule Rename SubGHz_Phy SUBGHZ_APPLICATION SUBGHZ_PINGPONG to SUBGHZ_ADV_APPLICATION is applicable
2025-06-16 11:46:30,216 [INFO] Rule:225 - rule Rename Enabled to IBEACON is applicable
2025-06-16 11:46:30,217 [INFO] Rule:225 - rule GTZC_S instance for project manager is applicable
2025-06-16 11:46:30,217 [INFO] Rule:225 - rule GTZC_S instance for context M33S is applicable
2025-06-16 11:46:30,217 [INFO] Rule:225 - rule GTZC_S instance value for IP GTZC is applicable
2025-06-16 11:46:30,217 [INFO] Rule:225 - rule GTZC_S instance for mcu.IP is applicable
2025-06-16 11:46:30,217 [INFO] Rule:225 - rule GTZC_S instance for VP is applicable
2025-06-16 11:46:30,217 [INFO] Rule:225 - rule GTZC_S instance for signal is applicable
2025-06-16 11:46:30,217 [INFO] Rule:225 - rule GTZC_S instance for mcu.Pin is applicable
2025-06-16 11:46:30,217 [INFO] Rule:225 - rule GTZC_S instance for VP is applicable
2025-06-16 11:46:30,217 [INFO] Rule:225 - rule GTZC_S instance for signal is applicable
2025-06-16 11:46:30,217 [INFO] Rule:225 - rule GTZC_S instance for mcu is applicable
2025-06-16 11:46:30,217 [INFO] Rule:225 - rule GTZC_S instance for mcu.Pin is applicable
2025-06-16 11:46:30,217 [INFO] Rule:225 - rule GTZC_S instance value for IP GTZC is applicable
2025-06-16 11:46:30,217 [INFO] Rule:225 - rule GTZC_S instance for project manager is applicable
2025-06-16 11:46:30,217 [INFO] Rule:225 - rule GTZC_S instance for context M33S is applicable
2025-06-16 11:46:30,217 [INFO] Rule:225 - rule GTZC_S instance for VP is applicable
2025-06-16 11:46:30,218 [INFO] Rule:225 - rule GTZC_S instance for signal is applicable
2025-06-16 11:46:30,218 [INFO] Rule:225 - rule SPDIFRX instance for mcu is applicable
2025-06-16 11:46:30,218 [INFO] Rule:225 - rule Rename Tracer Mode is applicable
2025-06-16 11:46:30,218 [INFO] Rule:225 - rule SPDIFRX instance value for IP SPDIFRX is applicable
2025-06-16 11:46:30,218 [INFO] Rule:225 - rule SPDIFRX instance for signal is applicable
2025-06-16 11:46:30,218 [INFO] Rule:225 - rule SPDIFRX instance for project manager is applicable
2025-06-16 11:46:30,218 [INFO] Rule:225 - rule SPDIFRX instance for project manager is applicable
2025-06-16 11:46:30,218 [INFO] Rule:225 - rule ADC Scan  fix with FW F7 is applicable
2025-06-16 11:46:30,218 [INFO] Rule:225 - rule ADC Scan  fix with FW F7 is applicable
2025-06-16 11:46:30,218 [INFO] Rule:225 - rule WakeUp0 Mode is applicable
2025-06-16 11:46:30,218 [INFO] Rule:225 - rule WakeUp0 SIGNAL is applicable
2025-06-16 11:46:30,218 [INFO] Rule:225 - rule WakeUp1 Mode is applicable
2025-06-16 11:46:30,218 [INFO] Rule:225 - rule WakeUp1 SIGNAL is applicable
2025-06-16 11:46:30,218 [INFO] Rule:225 - rule WakeUp2 Mode is applicable
2025-06-16 11:46:30,219 [INFO] Rule:225 - rule WakeUp2 SIGNAL is applicable
2025-06-16 11:46:30,219 [INFO] Rule:225 - rule WakeUp4 Mode is applicable
2025-06-16 11:46:30,219 [INFO] Rule:225 - rule WakeUp4 SIGNAL is applicable
2025-06-16 11:46:30,219 [INFO] Rule:225 - rule WakeUp5 Mode is applicable
2025-06-16 11:46:30,219 [INFO] Rule:225 - rule WakeUp5 SIGNAL is applicable
2025-06-16 11:46:30,219 [INFO] Rule:225 - rule Add RTC Activate Clock Source is applicable
2025-06-16 11:46:30,219 [INFO] Rule:225 - rule Add RTC Activate Calendar 1 is applicable
2025-06-16 11:46:30,219 [INFO] Rule:225 - rule Add RTC Activate Calendar 2 is applicable
2025-06-16 11:46:30,219 [INFO] Rule:225 - rule Add RTC Activate Calendar 3 is applicable
2025-06-16 11:46:30,220 [INFO] Rule:225 - rule UART/USART TX Mode is applicable
2025-06-16 11:46:30,220 [INFO] Rule:225 - rule UART/USART RX Mode is applicable
2025-06-16 11:46:30,220 [INFO] Rule:225 - rule UART/USART RX TX Mode is applicable
2025-06-16 11:46:30,220 [INFO] Rule:225 - rule UART/USART PARITY NONE is applicable
2025-06-16 11:46:30,220 [INFO] Rule:225 - rule UART/USART PARITY EVEN is applicable
2025-06-16 11:46:30,221 [INFO] Rule:225 - rule UART/USART PARITY ODD is applicable
2025-06-16 11:46:30,221 [INFO] Rule:225 - rule USART StopBits 1 is applicable
2025-06-16 11:46:30,221 [INFO] Rule:225 - rule USART StopBits 2 is applicable
2025-06-16 11:46:30,221 [INFO] Rule:225 - rule USART StopBits 1.5 is applicable
2025-06-16 11:46:30,221 [INFO] Rule:225 - rule USART StopBits 0.5 is applicable
2025-06-16 11:46:30,221 [INFO] Rule:225 - rule UART/USART WORD LENGTH 7 is applicable
2025-06-16 11:46:30,221 [INFO] Rule:225 - rule UART/USART WORD LENGTH 8 is applicable
2025-06-16 11:46:30,221 [INFO] Rule:225 - rule UART/USART WORD LENGTH 9 is applicable
2025-06-16 11:46:30,222 [INFO] Rule:225 - rule Rename FMC NAND NCE signal is applicable
2025-06-16 11:46:30,222 [INFO] Rule:225 - rule Rename FMC NAND INT signal is applicable
2025-06-16 11:46:30,222 [INFO] Rule:225 - rule Change Default Value for LSE Drive Capability for WB family is applicable
2025-06-16 11:46:30,222 [INFO] Rule:225 - rule Change Default Value for ADC Clock Prescaler G0 family is applicable
2025-06-16 11:46:30,222 [INFO] Rule:225 - rule Change Default Value for ADC ExternalTrigConv L4 family is applicable
2025-06-16 11:46:30,222 [INFO] Rule:225 - rule Change Default Value for ADC ExternalTrigInjecConv L4 family is applicable
2025-06-16 11:46:30,222 [INFO] Rule:225 - rule Change Default Value for ADC ExternalTrigConv F3 family is applicable
2025-06-16 11:46:30,222 [INFO] Rule:225 - rule Change Default Value for ADC ExternalTrigInjecConv F3 family is applicable
2025-06-16 11:46:30,222 [INFO] Rule:225 - rule Change Default Value for ADC ExternalTrigConv Goldfish serie is applicable
2025-06-16 11:46:30,222 [INFO] Rule:225 - rule Change Default Value for ADC ExternalTrigInjecConv Goldfish serie is applicable
2025-06-16 11:46:30,222 [INFO] Rule:225 - rule Change Default Value for ADC ExternalTrigConv L0 family is applicable
2025-06-16 11:46:30,222 [INFO] Rule:225 - rule Change Default Value for ADC ExternalTrigConv F0 family is applicable
2025-06-16 11:46:30,222 [INFO] Rule:225 - rule Change Default Value for ADC ExternalTrigConvn L1 family is applicable
2025-06-16 11:46:30,222 [INFO] Rule:225 - rule Change Default Value for ADC ExternalTrigInjecConv L1 family is applicable
2025-06-16 11:46:30,222 [INFO] Rule:225 - rule Change Default Value for ADC ExternalTrigConv F1 family is applicable
2025-06-16 11:46:30,223 [INFO] Rule:225 - rule Change Default Value for ADC ExternalTrigInjecConv F1 family is applicable
2025-06-16 11:46:30,223 [INFO] Rule:225 - rule Change Default Value for ADC ExternalTrigConv F7 family is applicable
2025-06-16 11:46:30,223 [INFO] Rule:225 - rule Change Default Value for ADC ExternalTrigInjecConv F7 family is applicable
2025-06-16 11:46:30,223 [INFO] Rule:225 - rule Change Default Value for ADC ExternalTrigConv F4 and F2 family is applicable
2025-06-16 11:46:30,223 [INFO] Rule:225 - rule Change Default Value for ADC ExternalTrigInjecConv F4 and F2 family is applicable
2025-06-16 11:46:30,223 [INFO] Rule:225 - rule ADC SamplingTime fix with FW L0  is applicable
2025-06-16 11:46:30,223 [INFO] Rule:225 - rule ADC SamplingTime fix with FW L0  is applicable
2025-06-16 11:46:30,223 [INFO] Rule:225 - rule ADC SamplingTime fix with FW L0 is applicable
2025-06-16 11:46:30,223 [INFO] Rule:225 - rule ADC SamplingTime fix with FW L0 is applicable
2025-06-16 11:46:30,223 [INFO] Rule:225 - rule ADC SamplingTime fix with FW L0  is applicable
2025-06-16 11:46:30,223 [INFO] Rule:225 - rule ADC SamplingTime fix with FW L0 is applicable
2025-06-16 11:46:30,223 [INFO] Rule:225 - rule Rename USB_OE Signal is applicable
2025-06-16 11:46:30,223 [INFO] Rule:225 - rule Rename Activate_OE Mode is applicable
2025-06-16 11:46:30,223 [INFO] Rule:225 - rule Rename DIE462/DIE415 pin PC14/OSC32_IN -> PC14-OSC32_IN (PC14) is applicable
2025-06-16 11:46:30,224 [INFO] Rule:225 - rule Rename DIE462/DIE415 pin PC15/OSC32_OUT -> PC15-OSC32_OUT (PC15) is applicable
2025-06-16 11:46:30,224 [INFO] Rule:225 - rule Rename DIE462/DIE415 pin PH0/OSC_IN -> PH0-OSC_IN (PH0) is applicable
2025-06-16 11:46:30,224 [INFO] Rule:225 - rule Rename DIE462/DIE415 pin PH1/OSC_OUT -> PH1-OSC_OUT (PH1) is applicable
2025-06-16 11:46:30,224 [INFO] Rule:225 - rule Rename DIE462 pin PA13 -> PA13 (JTMS/SWDIO) is applicable
2025-06-16 11:46:30,224 [INFO] Rule:225 - rule Rename DIE415 pin PA13 -> PA13 (JTMS/SWDIO) is applicable
2025-06-16 11:46:30,224 [INFO] Rule:225 - rule Rename DIE462 pin PA14 -> PA14 (JTCK/SWCLK) is applicable
2025-06-16 11:46:30,224 [INFO] Rule:225 - rule Rename DIE415 pin PA14 -> PA14 (JTCK/SWCLK) is applicable
2025-06-16 11:46:30,224 [INFO] Rule:225 - rule Rename DIE462/DIE415 pin PA15 -> PA15 (JTDI) is applicable
2025-06-16 11:46:30,224 [INFO] Rule:225 - rule Rename DIE462 pin PB3 -> PB3 (JTD0/TRACESWO) is applicable
2025-06-16 11:46:30,224 [INFO] Rule:225 - rule Rename DIE415 pin PB3 -> PB3 (JTD0-TRACESWO) is applicable
2025-06-16 11:46:30,224 [INFO] Rule:225 - rule Rename DIE462/DIE415 pin PB4 -> PB4 (NJTRST) is applicable
2025-06-16 11:46:30,224 [INFO] Rule:225 - rule Rename DIE462 pin PH3/BOOT0 -> PH3-BOOT0 (BOOT0) is applicable
2025-06-16 11:46:30,224 [INFO] Rule:225 - rule Rename CRYP DataEncryptionTypesList to Algorithm is applicable
2025-06-16 11:46:30,224 [INFO] Rule:225 - rule Rename AES DataEncryptionTypesList to Algorithm is applicable
2025-06-16 11:46:30,225 [INFO] Rule:225 - rule Rename TDESECB to CRYP_TDES_ECB is applicable
2025-06-16 11:46:30,225 [INFO] Rule:225 - rule Rename TDESCBC to CRYP_TDES_CBC is applicable
2025-06-16 11:46:30,225 [INFO] Rule:225 - rule Rename DESECB to CRYP_DES_ECB is applicable
2025-06-16 11:46:30,225 [INFO] Rule:225 - rule Rename DESCBC to CRYP_DES_CBC is applicable
2025-06-16 11:46:30,225 [INFO] Rule:225 - rule Rename AESECB to CRYP_AES_ECB is applicable
2025-06-16 11:46:30,225 [INFO] Rule:225 - rule Rename AESCBC to CRYP_AES_CBC is applicable
2025-06-16 11:46:30,225 [INFO] Rule:225 - rule Rename AESCTR to CRYP_AES_CTR is applicable
2025-06-16 11:46:30,225 [INFO] Rule:225 - rule Rename AESGCM to CRYP_AES_GCM is applicable
2025-06-16 11:46:30,225 [INFO] Rule:225 - rule Rename AESCCM to CRYP_AES_CCM is applicable
2025-06-16 11:46:30,225 [INFO] Rule:225 - rule Rename CAN TimeSeg1 to BS1 is applicable
2025-06-16 11:46:30,225 [INFO] Rule:225 - rule Rename CAN TimeSeg2 to BS2 is applicable
2025-06-16 11:46:30,225 [INFO] Rule:225 - rule Rename CAN SyncJumpWidth to SJW is applicable
2025-06-16 11:46:30,225 [INFO] Rule:225 - rule TimeTriggeredMode to TTCM is applicable
2025-06-16 11:46:30,225 [INFO] Rule:225 - rule Rename CAN AutoBusOff to ABOM is applicable
2025-06-16 11:46:30,225 [INFO] Rule:225 - rule Rename CAN AutoWakeUp to AWUM is applicable
2025-06-16 11:46:30,225 [INFO] Rule:225 - rule Rename CAN AutoRetransmission to NART is applicable
2025-06-16 11:46:30,225 [INFO] Rule:225 - rule Rename CAN ReceiveFifoLocked to RFLM is applicable
2025-06-16 11:46:30,226 [INFO] Rule:225 - rule Rename CAN TransmitFifoPriority to TXFP is applicable
2025-06-16 11:46:30,226 [INFO] Rule:225 - rule Rename HRTIMER HRTIM_OUTPUTFAULTLEVEL_HIGH in HRTIMER HRTIM_OUTPUTFAULTLEVEL_HIGHZ is applicable
2025-06-16 11:46:30,226 [INFO] Rule:225 - rule Rename TIMER TIM_CLEARINPUTSOURCE_OCREFCLR in  TIMER TIM_CLEARINPUTSOURCE_NONE for F7 family is applicable
2025-06-16 11:46:30,226 [INFO] Rule:225 - rule FDCAN_R1 - Rename FDCAN mode Master into Classic is applicable
2025-06-16 11:46:30,226 [INFO] Rule:225 - rule FDCAN_R2 - Rename FDCAN mode Slave into Classic is applicable
2025-06-16 11:46:30,226 [INFO] Rule:225 - rule FDCAN1_R3 - if PA10.Mode=FullDuplex, add Pin PA12 is applicable
2025-06-16 11:46:30,226 [INFO] Rule:225 - rule FDCAN1_R3 - if PA9.Mode=FullDuplex, add Pin PA11 is applicable
2025-06-16 11:46:30,226 [INFO] Rule:225 - rule FDCAN1_R3 - Alternatepin_1 - if PE1.Mode=FullDuplex, add Pin PB9 is applicable
2025-06-16 11:46:30,226 [INFO] Rule:225 - rule FDCAN1_R3 - Alternatepin_1 - if PE0.Mode=FullDuplex, add Pin PB8 is applicable
2025-06-16 11:46:30,226 [INFO] Rule:225 - rule FDCAN1_R3 - Alternatepin_2 - if PD5.Mode=FullDuplex, add Pin PD1 is applicable
2025-06-16 11:46:30,227 [INFO] Rule:225 - rule FDCAN1_R3 - Alternatepin_2 - if PD4.Mode=FullDuplex, add Pin PD0 is applicable
2025-06-16 11:46:30,227 [INFO] Rule:225 - rule FDCAN1_R4 - Rename Mode FullDuplex into Enable FDCAN_TXFD for pin PA10 is applicable
2025-06-16 11:46:30,227 [INFO] Rule:225 - rule FDCAN1_R4 - Rename Mode FullDuplex into Enable FDCAN_TXFD for pin PA9 is applicable
2025-06-16 11:46:30,228 [INFO] Rule:225 - rule FDCAN1_R4 - Alternatepin_1 - Rename Mode FullDuplex into Enable FDCAN_TXFD for pin PE1 is applicable
2025-06-16 11:46:30,228 [INFO] Rule:225 - rule FDCAN1_R4 - Alternatepin_1 - Rename Mode FullDuplex into Enable FDCAN_TXFD for pin PE0 is applicable
2025-06-16 11:46:30,228 [INFO] Rule:225 - rule FDCAN1_R4 - Alternatepin_2 - Rename Mode FullDuplex into Enable FDCAN_TXFD for pin PD5 is applicable
2025-06-16 11:46:30,228 [INFO] Rule:225 - rule FDCAN1_R4 - Alternatepin_2 - Rename Mode FullDuplex into Enable FDCAN_TXFD for pin PD4 is applicable
2025-06-16 11:46:30,228 [INFO] Rule:225 - rule FDCAN2_R3 - if PD10.Mode=FullDuplex, add Pin PB13 is applicable
2025-06-16 11:46:30,228 [INFO] Rule:225 - rule FDCAN2_R3 - if PD9.Mode=FullDuplex, add Pin PB12 is applicable
2025-06-16 11:46:30,228 [INFO] Rule:225 - rule FDCAN2_R3 - Alternatepin_1 - if PB7.Mode=FullDuplex, add Pin PB6 is applicable
2025-06-16 11:46:30,228 [INFO] Rule:225 - rule FDCAN2_R3 - Alternatepin_1 - if PD9.Mode=FullDuplex, add Pin PB12 is applicable
2025-06-16 11:46:30,228 [INFO] Rule:225 - rule FDCAN2_R4 - Rename Mode FullDuplex into Enable FDCAN_TXFD for pin PD10 is applicable
2025-06-16 11:46:30,228 [INFO] Rule:225 - rule FDCAN2_R4 - Rename Mode FullDuplex into Enable FDCAN_TXFD for pin PD9 is applicable
2025-06-16 11:46:30,228 [INFO] Rule:225 - rule FDCAN2_R4 - Alternatepin_1 - Rename Mode FullDuplex into Enable FDCAN_TXFD for pin PB7 is applicable
2025-06-16 11:46:30,228 [INFO] Rule:225 - rule FDCAN2_R4 - Alternatepin_1 - Rename Mode FullDuplex into Enable FDCAN_TXFD for pin PD6 is applicable
2025-06-16 11:46:30,228 [INFO] Rule:225 - rule USART TxPinLevelInvertParam Mode is applicable
2025-06-16 11:46:30,228 [INFO] Rule:225 - rule USART RxPinLevelInvertParam Mode is applicable
2025-06-16 11:46:30,228 [INFO] Rule:225 - rule USART DataInvertParam Mode is applicable
2025-06-16 11:46:30,229 [INFO] Rule:225 - rule USART SwapParam Mode is applicable
2025-06-16 11:46:30,229 [INFO] Rule:225 - rule USART OverrunDisableParam Mode is applicable
2025-06-16 11:46:30,229 [INFO] Rule:225 - rule USART DMADisableonRxErrorParam Mode is applicable
2025-06-16 11:46:30,229 [INFO] Rule:225 - rule USART MSBFirstParam Mode is applicable
2025-06-16 11:46:30,230 [INFO] Rule:225 - rule Update MwName for USB_DEVICE is applicable
2025-06-16 11:46:30,230 [INFO] Rule:225 - rule Change PWR_Regulator_Voltage_Scale Default Value for RCC  H7 family is applicable
2025-06-16 11:46:30,230 [INFO] Rule:225 - rule UART/USART IPParameter rename Prescaler parameter to ClockPrescaler is applicable
2025-06-16 11:46:30,230 [INFO] Rule:225 - rule UART/USART Prescaler rename Prescaler parameter to ClockPrescaler is applicable
2025-06-16 11:46:30,230 [INFO] Rule:225 - rule TIM1CLockSelection is applicable
2025-06-16 11:46:30,230 [INFO] Rule:225 - rule TIM15CLockSelection is applicable
2025-06-16 11:46:30,230 [INFO] Rule:225 - rule align RCC SDMMC3CLockSelection default value on MP1 is applicable
2025-06-16 11:46:30,230 [INFO] Rule:225 - rule align RCC SDMMC12CLockSelection default value on MP1 is applicable
2025-06-16 11:46:30,230 [INFO] Rule:225 - rule align RCC QSPICLockSelection default value on MP1 is applicable
2025-06-16 11:46:30,231 [INFO] Rule:225 - rule align RCC QSPICLockSelection default value on MP1 is applicable
2025-06-16 11:46:30,231 [INFO] Rule:225 - rule align RCC SPI6CLockSelection default value on MP1 is applicable
2025-06-16 11:46:30,231 [INFO] Rule:225 - rule align RCC LPTIM23CLockSelection default value on MP1 is applicable
2025-06-16 11:46:30,231 [INFO] Rule:225 - rule align RCC LPTIM1CLockSelection default value on MP1 is applicable
2025-06-16 11:46:30,231 [INFO] Rule:225 - rule align RCC USART1CLockSelection default value on MP1 is applicable
2025-06-16 11:46:30,231 [INFO] Rule:225 - rule align RCC USART24CLockSelection default value on MP1 is applicable
2025-06-16 11:46:30,231 [INFO] Rule:225 - rule align RCC USART6CLockSelection default value on MP1 is applicable
2025-06-16 11:46:30,231 [INFO] Rule:225 - rule align RCC UART78CLockSelection default value on MP1 is applicable
2025-06-16 11:46:30,231 [INFO] Rule:225 - rule align RCC USART35CLockSelection default value on MP1 is applicable
2025-06-16 11:46:30,231 [INFO] Rule:225 - rule align RCC SPI45CLockSelection default value on MP1 is applicable
2025-06-16 11:46:30,231 [INFO] Rule:225 - rule align RCC I2C46CLockSelection BCLK value on MP1 is applicable
2025-06-16 11:46:30,231 [INFO] Rule:225 - rule align RCC SPI45CLockSelection default value on MP1 is applicable
2025-06-16 11:46:30,232 [INFO] Rule:225 - rule align RCC I2C12CLockSelection default value on MP1 is applicable
2025-06-16 11:46:30,232 [INFO] Rule:225 - rule align RCC I2C35CLockSelection default value on MP1 is applicable
2025-06-16 11:46:30,232 [INFO] Rule:225 - rule align RCC LPTIM45CLockSelection default value on MP1 is applicable
2025-06-16 11:46:30,232 [INFO] Rule:225 - rule Rename DCMI PIXCK signal is applicable
2025-06-16 11:46:30,232 [INFO] Rule:225 - rule Change Default Value for I2C46CLockSelection MP1 family is applicable
2025-06-16 11:46:30,232 [INFO] Rule:225 - rule Change Default Value for UART for G4, G0 and WB families is applicable
2025-06-16 11:46:30,232 [INFO] Rule:225 - rule Change Default Value for USART for G4, G0 and WB families is applicable
2025-06-16 11:46:30,232 [INFO] Rule:225 - rule Change Default Value for USART for G4 family is applicable
2025-06-16 11:46:30,232 [INFO] Rule:225 - rule Change USART1CLockSelection refparam name for MP1 is applicable
2025-06-16 11:46:30,232 [INFO] Rule:225 - rule Change USART2CLockSelection refparam name for MP1 is applicable
2025-06-16 11:46:30,233 [INFO] Rule:225 - rule Change USART3CLockSelection refparam name for MP1 is applicable
2025-06-16 11:46:30,233 [INFO] Rule:225 - rule Change UART4CLockSelection refparam name for MP1 is applicable
2025-06-16 11:46:30,233 [INFO] Rule:225 - rule Change UART5CLockSelection refparam name for MP1 is applicable
2025-06-16 11:46:30,233 [INFO] Rule:225 - rule Change LPUART1CLockSelection refparam name for MP1 is applicable
2025-06-16 11:46:30,233 [INFO] Rule:225 - rule Change LPTIM1CLockSelection refparam name for MP1 is applicable
2025-06-16 11:46:30,233 [INFO] Rule:225 - rule Change LPTIM2CLockSelection refparam name for MP1 is applicable
2025-06-16 11:46:30,233 [INFO] Rule:225 - rule Change RCC_MCO1Source refparam name for MP1 is applicable
2025-06-16 11:46:30,234 [INFO] Rule:225 - rule Change LSCOSource1 refparam name for MP1 is applicable
2025-06-16 11:46:30,234 [INFO] Rule:225 - rule Change SMPSCLockSelection refparam name for MP1 is applicable
2025-06-16 11:46:30,234 [INFO] Rule:225 - rule Change LPTIM3CLockSelection refparam name for MP1 is applicable
2025-06-16 11:46:30,234 [INFO] Rule:225 - rule Change MPCBB* Default Template Mode to Parameters is applicable
2025-06-16 11:46:30,234 [INFO] Rule:225 - rule Change MPCWM* or MPCBB* Secure Mode to Parameters is applicable
2025-06-16 11:46:30,234 [INFO] Rule:225 - rule Change MPCWM* or MPCBB* No Secure Mode to Parameters is applicable
2025-06-16 11:46:30,234 [INFO] Rule:225 - rule Change TZSC IP Secure Mode to Parameters is applicable
2025-06-16 11:46:30,234 [INFO] Rule:225 - rule Change TZSC IP No Secure Mode to Parameters is applicable
2025-06-16 11:46:30,235 [INFO] Rule:225 - rule Change TZSC IP Privilege Mode to Parameters is applicable
2025-06-16 11:46:30,235 [INFO] Rule:225 - rule Change TZSC IP No Privilege Mode to Parameters is applicable
2025-06-16 11:46:30,235 [INFO] Rule:225 - rule Change TZIC IT Secure Mode to Parameters is applicable
2025-06-16 11:46:30,235 [INFO] Rule:225 - rule Change TZIC IT No Secure Mode to Parameters is applicable
2025-06-16 11:46:30,235 [INFO] Rule:225 - rule Add MPCBB1_NonSecureArea_Start_Address value with referenced to MPCBB1_NonSecureArea_Start value is applicable
2025-06-16 11:46:30,235 [INFO] Rule:225 - rule Add MPCBB2_NonSecureArea_Start_Address value with referenced to MPCBB2_NonSecureArea_Start value is applicable
2025-06-16 11:46:30,235 [INFO] Rule:225 - rule Add MPCWM1_NonSecureArea*_Start_Address value with referenced to MPCWM1_NonSecureArea*_Start value is applicable
2025-06-16 11:46:30,235 [INFO] Rule:225 - rule Add MPCWM2_NonSecureArea*_Start_Address value with referenced to MPCWM2_NonSecureArea*_Start value is applicable
2025-06-16 11:46:30,235 [INFO] Rule:225 - rule Add MPCWM3_NonSecureArea_Start_Address value with referenced to MPCWM3_NonSecureArea_Start value is applicable
2025-06-16 11:46:30,235 [INFO] Rule:225 - rule Change Default Value for PLL1UserDefinedConfig is applicable
2025-06-16 11:46:30,235 [INFO] Rule:225 - rule Change GPIO_PuPd Default Value for USART in async mode is applicable
2025-06-16 11:46:30,235 [INFO] Rule:225 - rule Change SMPSDivider Default Value is applicable
2025-06-16 11:46:30,235 [INFO] Rule:225 - rule OPAMP is applicable
2025-06-16 11:46:30,235 [INFO] Rule:225 - rule LPUART IPParameter rename Prescaler parameter to ClockPrescaler for STM32H7 is applicable
2025-06-16 11:46:30,235 [INFO] Rule:225 - rule LPUART IPParameter rename Prescaler parameter to ClockPrescaler for STM32H7 is applicable
2025-06-16 11:46:30,235 [INFO] Rule:225 - rule LPUART IPParameter rename Prescaler parameter to ClockPrescaler for STM32WB is applicable
2025-06-16 11:46:30,237 [INFO] Rule:225 - rule LPUART IPParameter rename Prescaler parameter to ClockPrescaler for STM32WB is applicable
2025-06-16 11:46:30,237 [INFO] Rule:225 - rule LPUART IPParameter rename Prescaler parameter to ClockPrescaler for STM32G4 is applicable
2025-06-16 11:46:30,237 [INFO] Rule:225 - rule LPUART IPParameter rename Prescaler parameter to ClockPrescaler for STM32G4 is applicable
2025-06-16 11:46:30,237 [INFO] Rule:225 - rule LPUART IPParameter rename Prescaler parameter to ClockPrescaler for STM32L5 is applicable
2025-06-16 11:46:30,237 [INFO] Rule:225 - rule LPUART IPParameter rename Prescaler parameter to ClockPrescaler for STM32L5 is applicable
2025-06-16 11:46:30,237 [INFO] Rule:225 - rule LPUART IPParameter rename Prescaler parameter to ClockPrescaler for STM32G4 is applicable
2025-06-16 11:46:30,237 [INFO] Rule:225 - rule LPUART IPParameter rename Prescaler parameter to ClockPrescaler for STM32G4 is applicable
2025-06-16 11:46:30,237 [INFO] Rule:225 - rule USB device lib V2.5.3 for L0 rename USBD_SUPPORT_USER_STRING parameter to USBD_SUPPORT_USER_STRING_DESC4 is applicable
2025-06-16 11:46:30,237 [INFO] Rule:225 - rule I2SCLockSelection clock entry align is applicable
2025-06-16 11:46:30,237 [INFO] Rule:225 - rule Assign TIMx context if used as SYS timebase is applicable
2025-06-16 11:46:30,237 [INFO] Rule:225 - rule Change GPIO_Pu Default Value for I2C is applicable
2025-06-16 11:46:30,237 [INFO] Rule:225 - rule Change GPIO_Pu Default Value for SMBus is applicable
2025-06-16 11:46:30,237 [INFO] Rule:225 - rule change FDCAN default value is applicable
2025-06-16 11:46:30,237 [INFO] Rule:225 - rule Change mode sai is applicable
2025-06-16 11:46:30,237 [INFO] Rule:225 - rule **Change sai mode is applicable
2025-06-16 11:46:30,237 [INFO] Rule:225 - rule Rename STM32WPAN CFG_BLE_IRK to CFG_BLE_IR is applicable
2025-06-16 11:46:30,237 [INFO] Rule:225 - rule Rename STM32WPAN CFG_BLE_ERK to CFG_BLE_ER is applicable
2025-06-16 11:46:30,237 [INFO] Rule:225 - rule Rename STM32WPAN CFG_BLE_IRK_HEX to CFG_BLE_IR_HEX is applicable
2025-06-16 11:46:30,238 [INFO] Rule:225 - rule Rename STM32WPAN CFG_BLE_ERK_HEX to CFG_BLE_ER_HEX is applicable
2025-06-16 11:46:30,238 [INFO] Rule:225 - rule Adapt Old IOC before rework replace old CORTEX_M33/CORTEX_M55 attributes by the new one. is applicable
2025-06-16 11:46:30,238 [INFO] Rule:225 - rule Rename parametre of RCC RCC_APBDBG_DIV2 to RCC_TIMPRES_DIV2 is applicable
2025-06-16 11:46:30,238 [INFO] Rule:225 - rule Rename DIE493 pin PA10 [PA12] -> PA10 is applicable
2025-06-16 11:46:30,238 [INFO] Rule:225 - rule Rename DIE493 pin PA9 [PA11] -> PA9 is applicable
2025-06-16 11:46:30,238 [INFO] Rule:225 - rule Adapt Old IOC CSI. is applicable
2025-06-16 11:46:30,257 [INFO] DbConfProperties:307 - Apply Compatibility (49/267 Rules)
2025-06-16 11:46:30,290 [INFO] ImportTextPane:218 - (OptionalMessage_ERROR) Unable to find key (Mcu.ThirdPartyNb) in loaded IOC file
2025-06-16 11:46:30,296 [INFO] ImportTextPane:218 - (OptionalMessage_ERROR) Pin12 (VP_RIF_VS_RIF1) cannot be retrieved for this MCU
2025-06-16 11:46:30,475 [INFO] RtosManager:558 - Registered RTOS mode: class=CMSIS, group=RTOS, mode=CMSIS_V1, owner=FREERTOS
2025-06-16 11:46:30,475 [INFO] RtosManager:558 - Registered RTOS mode: class=CMSIS, group=RTOS2, mode=CMSIS_V2, owner=FREERTOS
2025-06-16 11:46:30,475 [INFO] RtosManager:558 - Registered RTOS mode: class=RTOS, group=Core, mode=CMSIS_V1, owner=FREERTOS
2025-06-16 11:46:30,475 [INFO] RtosManager:558 - Registered RTOS mode: class=RTOS, group=Core, mode=CMSIS_V2, owner=FREERTOS
2025-06-16 11:46:30,476 [WARN] ModelIntegratedComponent:184 - Missing modes for component STMicroelectronics:FreeRTOS:0.0.1:STMicroelectronics:RTOS:FreeRTOS:Core:::10.2.0:
2025-06-16 11:46:30,500 [WARN] ModelIntegratedComponent:63 - No mode defined for component null
2025-06-16 11:46:30,500 [WARN] ModelIntegratedComponent:63 - No mode defined for component null
2025-06-16 11:46:30,500 [WARN] ModelIntegratedComponent:63 - No mode defined for component null
2025-06-16 11:46:30,500 [WARN] ModelIntegratedComponent:63 - No mode defined for component null
2025-06-16 11:46:30,500 [WARN] ModelIntegratedComponent:63 - No mode defined for component null
2025-06-16 11:46:30,500 [WARN] ModelIntegratedComponent:63 - No mode defined for component null
2025-06-16 11:46:30,501 [WARN] ModelIntegratedComponent:63 - No mode defined for component null
2025-06-16 11:46:30,501 [WARN] ModelIntegratedComponent:63 - No mode defined for component null
2025-06-16 11:46:30,501 [WARN] ModelIntegratedComponent:63 - No mode defined for component null
2025-06-16 11:46:30,501 [WARN] ModelIntegratedComponent:63 - No mode defined for component null
2025-06-16 11:46:30,501 [WARN] ModelIntegratedComponent:63 - No mode defined for component null
2025-06-16 11:46:30,501 [WARN] ModelIntegratedComponent:63 - No mode defined for component null
2025-06-16 11:46:30,501 [WARN] ModelIntegratedComponent:63 - No mode defined for component null
2025-06-16 11:46:30,501 [WARN] ModelIntegratedComponent:63 - No mode defined for component null
2025-06-16 11:46:30,501 [WARN] ModelIntegratedComponent:63 - No mode defined for component null
2025-06-16 11:46:30,501 [WARN] ModelIntegratedComponent:63 - No mode defined for component null
2025-06-16 11:46:30,501 [WARN] ModelIntegratedComponent:63 - No mode defined for component null
2025-06-16 11:46:30,501 [WARN] ModelIntegratedComponent:63 - No mode defined for component null
2025-06-16 11:46:30,501 [WARN] ModelIntegratedComponent:63 - No mode defined for component null
2025-06-16 11:46:30,501 [WARN] ModelIntegratedComponent:63 - No mode defined for component null
2025-06-16 11:46:30,501 [WARN] ModelIntegratedComponent:63 - No mode defined for component null
2025-06-16 11:46:30,501 [WARN] ModelIntegratedComponent:63 - No mode defined for component null
2025-06-16 11:46:30,502 [WARN] ModelIntegratedComponent:63 - No mode defined for component null
2025-06-16 11:46:30,502 [WARN] ModelIntegratedComponent:63 - No mode defined for component null
2025-06-16 11:46:30,502 [WARN] ModelIntegratedComponent:63 - No mode defined for component null
2025-06-16 11:46:30,502 [WARN] ModelIntegratedComponent:63 - No mode defined for component null
2025-06-16 11:46:30,502 [WARN] ModelIntegratedComponent:63 - No mode defined for component null
2025-06-16 11:46:30,502 [WARN] ModelIntegratedComponent:63 - No mode defined for component null
2025-06-16 11:46:30,502 [WARN] ModelIntegratedComponent:63 - No mode defined for component null
2025-06-16 11:46:30,502 [WARN] ModelIntegratedComponent:63 - No mode defined for component null
2025-06-16 11:46:30,502 [WARN] ModelIntegratedComponent:63 - No mode defined for component null
2025-06-16 11:46:30,502 [WARN] ModelIntegratedComponent:63 - No mode defined for component null
2025-06-16 11:46:30,502 [WARN] ModelIntegratedComponent:63 - No mode defined for component null
2025-06-16 11:46:30,502 [WARN] ModelIntegratedComponent:63 - No mode defined for component null
2025-06-16 11:46:30,502 [WARN] ModelIntegratedComponent:63 - No mode defined for component null
2025-06-16 11:46:30,502 [WARN] ModelPack:524 - Component already loaded: STMicroelectronics:HAL Drivers:0.0.0:STMicroelectronics:Device:STMicro_Driver:XSPI:HAL::0.0.1:HAL_XSPI
2025-06-16 11:46:30,647 [INFO] ThirdPartyModel:298 - Start build external matchings
2025-06-16 11:46:31,190 [INFO] ThirdPartyModel:316 - End build external matchings
2025-06-16 11:46:31,207 [INFO] ImportTextPane:218 - (OptionalMessage_ERROR) IP (RCC) : Invalid parameter (FamilyName)
2025-06-16 11:46:31,209 [INFO] ImportTextPane:218 - (OptionalMessage_ERROR) IP (RCC) : Parameter (RNGFreq_Value) has invalid value (64000000)
2025-06-16 11:46:31,209 [INFO] ImportTextPane:218 - (OptionalMessage_ERROR) IP (RCC) : Parameter (SDMMCFreq_Value) has invalid value (64000000)
2025-06-16 11:46:31,209 [INFO] ImportTextPane:218 - (OptionalMessage_ERROR) IP (RCC) : Parameter (USBFreq_Value) has invalid value (64000000)
2025-06-16 11:46:31,758 [INFO] UtilMem:75 - End LoadConfig() Used Memory: 780961824 Bytes (1073741824)
2025-06-16 11:46:31,998 [WARN] ThirdParty:833 - waiting for thirdparty lock release [change project]
2025-06-16 11:46:31,999 [INFO] ThirdParty:835 - entering critical section [change project]
2025-06-16 11:46:32,000 [INFO] ThirdParty:1030 - CMSIS Pack Vendor :STMicroelectronics USBPD 4.1
2025-06-16 11:46:32,000 [INFO] ThirdParty:1030 - CMSIS Pack Vendor :STMicroelectronics X-CUBE-AZRTOS-H7 3.3.0
2025-06-16 11:46:32,000 [INFO] ThirdParty:1030 - CMSIS Pack Vendor :STMicroelectronics X-CUBE-NFC9 1.0.0
2025-06-16 11:46:32,000 [INFO] ThirdParty:1030 - CMSIS Pack Vendor :wolfSSL I-CUBE-wolfSSL 5.8.0
2025-06-16 11:46:32,000 [INFO] ThirdParty:1030 - CMSIS Pack Vendor :STMicroelectronics USB_HOST 2.0.0
2025-06-16 11:46:32,000 [INFO] ThirdParty:1030 - CMSIS Pack Vendor :STMicroelectronics FP-SNS-MOTENVWB1 1.4.0
2025-06-16 11:46:32,000 [INFO] ThirdParty:1030 - CMSIS Pack Vendor :STMicroelectronics X-CUBE-AZRTOS-F4 1.1.0
2025-06-16 11:46:32,000 [INFO] ThirdParty:1030 - CMSIS Pack Vendor :STMicroelectronics LIBJPEG 8.0.0
2025-06-16 11:46:32,000 [INFO] ThirdParty:1030 - CMSIS Pack Vendor :STMicroelectronics FP-ATR-ASTRA1 2.0.2
2025-06-16 11:46:32,000 [INFO] ThirdParty:1030 - CMSIS Pack Vendor :STMicroelectronics X-CUBE-BLE1 7.1.0
2025-06-16 11:46:32,000 [INFO] ThirdParty:1030 - CMSIS Pack Vendor :Avnet-IotConnect X-CUBE-IoTC-DA16k-PMOD 1.0.0
2025-06-16 11:46:32,000 [INFO] ThirdParty:1030 - CMSIS Pack Vendor :STMicroelectronics X-CUBE-SMBUS 2.1.0
2025-06-16 11:46:32,001 [INFO] ThirdParty:1030 - CMSIS Pack Vendor :wolfSSL I-CUBE-wolfMQTT 1.19.2
2025-06-16 11:46:32,001 [INFO] ThirdParty:1030 - CMSIS Pack Vendor :STMicroelectronics USB_DEVICE 3.0.0
2025-06-16 11:46:32,001 [INFO] ThirdParty:1030 - CMSIS Pack Vendor :STMicroelectronics X-CUBE-ISPU 2.1.0
2025-06-16 11:46:32,001 [INFO] ThirdParty:1030 - CMSIS Pack Vendor :STMicroelectronics X-CUBE-AZRTOS-WB 2.0.0
2025-06-16 11:46:32,001 [INFO] ThirdParty:1030 - CMSIS Pack Vendor :STMicroelectronics X-CUBE-ST60 1.0.0
2025-06-16 11:46:32,001 [INFO] ThirdParty:1030 - CMSIS Pack Vendor :STMicroelectronics X-CUBE-GNSS1 7.0.1
2025-06-16 11:46:32,001 [INFO] ThirdParty:1030 - CMSIS Pack Vendor :STMicroelectronics X-CUBE-AZRTOS-F7 1.1.0
2025-06-16 11:46:32,001 [INFO] ThirdParty:1030 - CMSIS Pack Vendor :STMicroelectronics X-CUBE-AZRTOS-L5 2.0.0
2025-06-16 11:46:32,001 [INFO] ThirdParty:1030 - CMSIS Pack Vendor :STMicroelectronics X-CUBE-TOUCHGFX 4.25.0
2025-06-16 11:46:32,001 [INFO] ThirdParty:1030 - CMSIS Pack Vendor :STMicroelectronics USB_DEVICE 2.0.0
2025-06-16 11:46:32,001 [INFO] ThirdParty:1030 - CMSIS Pack Vendor :STMicroelectronics X-CUBE-NFC6 3.1.0
2025-06-16 11:46:32,001 [INFO] ThirdParty:1030 - CMSIS Pack Vendor :STMicroelectronics X-CUBE-AI 10.1.0
2025-06-16 11:46:32,001 [INFO] ThirdParty:1030 - CMSIS Pack Vendor :STMicroelectronics FP-SNS-STBOX1 2.0.0
2025-06-16 11:46:32,001 [INFO] ThirdParty:1030 - CMSIS Pack Vendor :STMicroelectronics FreeRTOS 0.0.1
2025-06-16 11:46:32,001 [INFO] ThirdParty:1030 - CMSIS Pack Vendor :STMicroelectronics X-CUBE-AZRTOS-G0 1.1.0
2025-06-16 11:46:32,001 [INFO] ThirdParty:1030 - CMSIS Pack Vendor :STMicroelectronics X-CUBE-SAFEA1 1.2.2
2025-06-16 11:46:32,002 [INFO] ThirdParty:1030 - CMSIS Pack Vendor :STMicroelectronics X-CUBE-NFC4 3.0.0
2025-06-16 11:46:32,002 [INFO] ThirdParty:1030 - CMSIS Pack Vendor :STMicroelectronics X-CUBE-SUBG2 5.0.0
2025-06-16 11:46:32,002 [INFO] ThirdParty:1030 - CMSIS Pack Vendor :STMicroelectronics X-CUBE-AZRTOS-H7RS 1.1.0
2025-06-16 11:46:32,002 [INFO] ThirdParty:1030 - CMSIS Pack Vendor :STMicroelectronics STM32_WPAN 1.0.0
2025-06-16 11:46:32,002 [INFO] ThirdParty:1030 - CMSIS Pack Vendor :EmbeddedOffice I-CUBE-FS-RTOS 1.0.1
2025-06-16 11:46:32,002 [INFO] ThirdParty:1030 - CMSIS Pack Vendor :STMicroelectronics lwIP 2.0.3
2025-06-16 11:46:32,002 [INFO] ThirdParty:1030 - CMSIS Pack Vendor :Cesanta I-CUBE-Mongoose 7.13.0
2025-06-16 11:46:32,002 [INFO] ThirdParty:1030 - CMSIS Pack Vendor :STMicroelectronics USB_HOST 1.0.0
2025-06-16 11:46:32,002 [INFO] ThirdParty:1030 - CMSIS Pack Vendor :Infineon AIROC-Wi-Fi-Bluetooth-STM32 1.7.0
2025-06-16 11:46:32,002 [INFO] ThirdParty:1030 - CMSIS Pack Vendor :STMicroelectronics X-CUBE-AZRTOS-G4 2.0.0
2025-06-16 11:46:32,002 [INFO] ThirdParty:1030 - CMSIS Pack Vendor :STMicroelectronics X-CUBE-WB05N 2.0.0
2025-06-16 11:46:32,002 [INFO] ThirdParty:1030 - CMSIS Pack Vendor :STMicroelectronics PDM2PCM 3.1.0
2025-06-16 11:46:32,002 [INFO] ThirdParty:1030 - CMSIS Pack Vendor :STMicroelectronics PDM2PCM 3.3.0
2025-06-16 11:46:32,002 [INFO] ThirdParty:1030 - CMSIS Pack Vendor :wolfSSL I-CUBE-wolfTPM 3.8.0
2025-06-16 11:46:32,003 [INFO] ThirdParty:1030 - CMSIS Pack Vendor :STMicroelectronics X-CUBE-DISPLAY 3.0.0
2025-06-16 11:46:32,003 [INFO] ThirdParty:1030 - CMSIS Pack Vendor :wolfSSL I-CUBE-wolfSSH 1.4.20
2025-06-16 11:46:32,003 [INFO] ThirdParty:1030 - CMSIS Pack Vendor :STMicroelectronics X-CUBE-NFC7 2.0.0
2025-06-16 11:46:32,003 [INFO] ThirdParty:1030 - CMSIS Pack Vendor :STMicroelectronics X-CUBE-TCPP 4.2.0
2025-06-16 11:46:32,003 [INFO] ThirdParty:1030 - CMSIS Pack Vendor :RealThread X-CUBE-RT-Thread_Nano 4.1.1
2025-06-16 11:46:32,003 [INFO] ThirdParty:1030 - CMSIS Pack Vendor :STMicroelectronics FP-ATR-SIGFOX1 3.2.0
2025-06-16 11:46:32,003 [INFO] ThirdParty:1030 - CMSIS Pack Vendor :STMicroelectronics X-CUBE-NFC10 1.0.0
2025-06-16 11:46:32,003 [INFO] ThirdParty:1030 - CMSIS Pack Vendor :STMicroelectronics X-CUBE-BLEMGR 4.0.0
2025-06-16 11:46:32,003 [INFO] ThirdParty:1030 - CMSIS Pack Vendor :STMicroelectronics X-CUBE-EEPRMA1 5.1.0
2025-06-16 11:46:32,003 [INFO] ThirdParty:1030 - CMSIS Pack Vendor :STMicroelectronics X-CUBE-FREERTOS 1.3.1
2025-06-16 11:46:32,003 [INFO] ThirdParty:1030 - CMSIS Pack Vendor :STMicroelectronics HAL Drivers 0.0.0
2025-06-16 11:46:32,003 [INFO] ThirdParty:1030 - CMSIS Pack Vendor :STMicroelectronics MBEDTLS 2.16.2
2025-06-16 11:46:32,003 [INFO] ThirdParty:1030 - CMSIS Pack Vendor :STMicroelectronics X-CUBE-IPS 3.1.0
2025-06-16 11:46:32,003 [INFO] ThirdParty:1030 - CMSIS Pack Vendor :STMicroelectronics X-CUBE-ALS 1.0.2
2025-06-16 11:46:32,003 [INFO] ThirdParty:1030 - CMSIS Pack Vendor :emotas I-CUBE-CANOPEN 1.3.0
2025-06-16 11:46:32,003 [INFO] ThirdParty:1030 - CMSIS Pack Vendor :STMicroelectronics MBEDTLS 2.14.1
2025-06-16 11:46:32,004 [INFO] ThirdParty:1030 - CMSIS Pack Vendor :ITTIA_DB I-CUBE-ITTIADB 8.9.0
2025-06-16 11:46:32,004 [INFO] ThirdParty:1030 - CMSIS Pack Vendor :portGmbH I-Cube-SoM-uGOAL 1.1.0
2025-06-16 11:46:32,004 [INFO] ThirdParty:1030 - CMSIS Pack Vendor :quantropi X-CUBE-qispace-sdk-base 2.0.0
2025-06-16 11:46:32,004 [INFO] ThirdParty:1030 - CMSIS Pack Vendor :STMicroelectronics X-CUBE-ST67W61 1.0.0
2025-06-16 11:46:32,004 [INFO] ThirdParty:1030 - CMSIS Pack Vendor :STMicroelectronics ThreadX 1.0.0
2025-06-16 11:46:32,004 [INFO] ThirdParty:1030 - CMSIS Pack Vendor :STMicroelectronics FP-SNS-SMARTAG2 1.2.0
2025-06-16 11:46:32,004 [INFO] ThirdParty:1030 - CMSIS Pack Vendor :STMicroelectronics FP-SNS-FLIGHT1 5.1.0
2025-06-16 11:46:32,004 [INFO] ThirdParty:1030 - CMSIS Pack Vendor :STMicroelectronics X-CUBE-AZRTOS-WL 2.0.0
2025-06-16 11:46:32,004 [INFO] ThirdParty:1030 - CMSIS Pack Vendor :SEGGER I-CUBE-embOS 1.3.1
2025-06-16 11:46:32,004 [INFO] ThirdParty:1030 - CMSIS Pack Vendor :STMicroelectronics X-CUBE-ALGOBUILD 1.4.0
2025-06-16 11:46:32,004 [INFO] ThirdParty:1030 - CMSIS Pack Vendor :STMicroelectronics X-CUBE-DPower 1.3.0
2025-06-16 11:46:32,004 [INFO] ThirdParty:1030 - CMSIS Pack Vendor :STMicroelectronics X-CUBE-MEMS1 11.3.0
2025-06-16 11:46:32,004 [INFO] ThirdParty:1030 - CMSIS Pack Vendor :STMicroelectronics FP-SNS-MOTENV1 5.0.0
2025-06-16 11:46:32,004 [INFO] ThirdParty:1030 - CMSIS Pack Vendor :STMicroelectronics USB_DEVICE 1.0.0
2025-06-16 11:46:32,004 [INFO] ThirdParty:1030 - CMSIS Pack Vendor :STMicroelectronics X-CUBE-AZRTOS-L4 2.0.0
2025-06-16 11:46:32,004 [INFO] ThirdParty:1030 - CMSIS Pack Vendor :STMicroelectronics ThreadX 0.0.2
2025-06-16 11:46:32,004 [INFO] ThirdParty:1030 - CMSIS Pack Vendor :WES I-CUBE-Cesium 1.3.0
2025-06-16 11:46:32,004 [INFO] ThirdParty:1030 - CMSIS Pack Vendor :STMicroelectronics lwIP 2.1.2
2025-06-16 11:46:32,004 [INFO] ThirdParty:1030 - CMSIS Pack Vendor :STMicroelectronics X-CUBE-SFXS2LP1 4.0.0
2025-06-16 11:46:32,005 [INFO] ThirdParty:1030 - CMSIS Pack Vendor :STMicroelectronics X-CUBE-BLE2 3.3.0
2025-06-16 11:46:32,005 [INFO] ThirdParty:1030 - CMSIS Pack Vendor :STMicroelectronics X-CUBE-TOF1 3.4.3
2025-06-16 11:46:32,005 [INFO] ThirdParty:1030 - CMSIS Pack Vendor :STMicroelectronics PDM2PCM 3.2.0
2025-06-16 11:46:32,005 [INFO] ThirdParty:841 - exiting critical section [change project]
2025-06-16 11:46:32,603 [INFO] PinOutPanel:1589 - setPackage(No Configuration,No Configuration)
2025-06-16 11:46:32,604 [INFO] PinOutPanel:1589 - setPackage(STM32L476RGTx,LQFP64)
2025-06-16 11:46:33,565 [INFO] UtilMem:75 - Before build in PCC Used Memory: 1013448704 Bytes (1073741824)
2025-06-16 11:46:34,586 [INFO] UtilMem:75 - After build in PCC Used Memory: 925368320 Bytes (1073741824)
2025-06-16 11:46:34,621 [INFO] IPUIPlugin:80 - create IPUIPlugin
2025-06-16 11:46:34,621 [INFO] IPUIPlugin:80 - create IPUIPlugin
2025-06-16 11:46:34,621 [INFO] IPUIPlugin:80 - create IPUIPlugin
2025-06-16 11:46:34,621 [INFO] IPUIPlugin:80 - create IPUIPlugin
2025-06-16 11:46:34,621 [INFO] IPUIPlugin:80 - create IPUIPlugin
2025-06-16 11:46:34,621 [INFO] IPUIPlugin:80 - create IPUIPlugin
2025-06-16 11:46:34,621 [INFO] IPUIPlugin:80 - create IPUIPlugin
2025-06-16 11:46:34,621 [INFO] IPUIPlugin:80 - create IPUIPlugin
2025-06-16 11:46:34,621 [INFO] IPUIPlugin:80 - create IPUIPlugin
2025-06-16 11:46:34,621 [INFO] IPUIPlugin:80 - create IPUIPlugin
2025-06-16 11:46:34,622 [INFO] IPUIPlugin:80 - create IPUIPlugin
2025-06-16 11:46:34,622 [INFO] IPUIPlugin:80 - create IPUIPlugin
2025-06-16 11:46:34,622 [INFO] IPUIPlugin:80 - create IPUIPlugin
2025-06-16 11:46:34,622 [INFO] IPUIPlugin:80 - create IPUIPlugin
2025-06-16 11:46:34,622 [INFO] IPUIPlugin:80 - create IPUIPlugin
2025-06-16 11:46:34,622 [INFO] IPUIPlugin:80 - create IPUIPlugin
2025-06-16 11:46:34,622 [INFO] IPUIPlugin:80 - create IPUIPlugin
2025-06-16 11:46:34,622 [INFO] IPUIPlugin:80 - create IPUIPlugin
2025-06-16 11:46:34,622 [INFO] IPUIPlugin:80 - create IPUIPlugin
2025-06-16 11:46:34,623 [INFO] IPUIPlugin:80 - create IPUIPlugin
2025-06-16 11:46:34,623 [INFO] IPUIPlugin:80 - create IPUIPlugin
2025-06-16 11:46:34,623 [INFO] IPUIPlugin:80 - create IPUIPlugin
2025-06-16 11:46:34,623 [INFO] IPUIPlugin:80 - create IPUIPlugin
2025-06-16 11:46:34,623 [INFO] IPUIPlugin:80 - create IPUIPlugin
2025-06-16 11:46:34,623 [INFO] IPUIPlugin:80 - create IPUIPlugin
2025-06-16 11:46:34,623 [INFO] IPUIPlugin:80 - create IPUIPlugin
2025-06-16 11:46:34,624 [INFO] IPUIPlugin:80 - create IPUIPlugin
2025-06-16 11:46:34,624 [INFO] IPUIPlugin:80 - create IPUIPlugin
2025-06-16 11:46:34,624 [INFO] IPUIPlugin:80 - create IPUIPlugin
2025-06-16 11:46:34,624 [INFO] IPUIPlugin:80 - create IPUIPlugin
2025-06-16 11:46:34,624 [INFO] IPUIPlugin:80 - create IPUIPlugin
2025-06-16 11:46:34,624 [INFO] IPUIPlugin:80 - create IPUIPlugin
2025-06-16 11:46:34,625 [INFO] IPUIPlugin:80 - create IPUIPlugin
2025-06-16 11:46:34,625 [INFO] IPUIPlugin:80 - create IPUIPlugin
2025-06-16 11:46:34,625 [INFO] IPUIPlugin:80 - create IPUIPlugin
2025-06-16 11:46:34,626 [INFO] IPUIPlugin:80 - create IPUIPlugin
2025-06-16 11:46:34,626 [INFO] IPUIPlugin:80 - create IPUIPlugin
2025-06-16 11:46:34,626 [INFO] IPUIPlugin:80 - create IPUIPlugin
2025-06-16 11:46:34,627 [INFO] IPUIPlugin:80 - create IPUIPlugin
2025-06-16 11:46:34,627 [INFO] IPUIPlugin:80 - create IPUIPlugin
2025-06-16 11:46:34,627 [INFO] IPUIPlugin:80 - create IPUIPlugin
2025-06-16 11:46:34,627 [INFO] IPUIPlugin:80 - create IPUIPlugin
2025-06-16 11:46:34,627 [INFO] IPUIPlugin:80 - create IPUIPlugin
2025-06-16 11:46:34,627 [INFO] IPUIPlugin:80 - create IPUIPlugin
2025-06-16 11:46:34,628 [INFO] IPUIPlugin:80 - create IPUIPlugin
2025-06-16 11:46:34,628 [INFO] IPUIPlugin:80 - create IPUIPlugin
2025-06-16 11:46:34,628 [INFO] IPUIPlugin:80 - create IPUIPlugin
2025-06-16 11:46:34,628 [INFO] IPUIPlugin:80 - create IPUIPlugin
2025-06-16 11:46:34,628 [INFO] IPUIPlugin:80 - create IPUIPlugin
2025-06-16 11:46:34,629 [INFO] IPUIPlugin:80 - create IPUIPlugin
2025-06-16 11:46:34,629 [INFO] IPUIPlugin:80 - create IPUIPlugin
2025-06-16 11:46:34,629 [INFO] IPUIPlugin:80 - create IPUIPlugin
2025-06-16 11:46:34,629 [INFO] IPUIPlugin:80 - create IPUIPlugin
2025-06-16 11:46:34,630 [INFO] IPUIPlugin:80 - create IPUIPlugin
2025-06-16 11:46:34,630 [INFO] IPUIPlugin:80 - create IPUIPlugin
2025-06-16 11:46:34,630 [INFO] IPUIPlugin:80 - create IPUIPlugin
2025-06-16 11:46:34,630 [INFO] IPUIPlugin:80 - create IPUIPlugin
2025-06-16 11:46:34,631 [INFO] IPUIPlugin:80 - create IPUIPlugin
2025-06-16 11:46:34,631 [INFO] IPUIPlugin:80 - create IPUIPlugin
2025-06-16 11:46:34,925 [INFO] CADModel:165 - CPN selected for project levelSTM32L476RGT3
2025-06-16 11:46:34,926 [INFO] CADModel:114 - Register for checkConnection events
2025-06-16 11:46:34,989 [INFO] OpenFileManager:385 - Restore cursor
2025-06-16 11:46:36,133 [INFO] UtilMem:75 - End SaveConfig() Used Memory: 916103120 Bytes (1073741824)
2025-06-16 11:46:36,242 [INFO] UtilMem:75 - End SaveConfig() Used Memory: 940738296 Bytes (1073741824)
2025-06-16 11:46:36,983 [INFO] BlockDiagram:2775 - set Specific Code input for plugin: SYS
2025-06-16 11:46:36,984 [INFO] BlockDiagram:2775 - set Specific Code input for plugin: RCC
2025-06-16 11:46:36,984 [INFO] BlockDiagram:2775 - set Specific Code input for plugin: NVIC
2025-06-16 11:46:36,984 [INFO] BlockDiagram:2775 - set Specific Code input for plugin: USART
2025-06-16 11:46:36,985 [INFO] BlockDiagram:2775 - set Specific Code input for plugin: GPIO
2025-06-16 11:46:36,990 [INFO] CodeGenerator:882 - code generatio: config db path: C:\ST\STM32CubeIDE_1.18.1\STM32CubeIDE\plugins\com.st.stm32cube.common.mx_6.14.1.202504091515\\db\
2025-06-16 11:46:37,308 [INFO] CodeEngine:263 - oldGeneratedFile, C:\Users\arumu\STM32CubeIDE\workspace_1.18.1\motion_basic\MXTmpFiles\license.tmp_save
2025-06-16 11:46:37,746 [INFO] CodeEngine:287 - Generated code: C:\Users\arumu\STM32CubeIDE\workspace_1.18.1\motion_basic\MXTmpFiles\license.tmp
2025-06-16 11:46:37,901 [INFO] CodeEngine:263 - oldGeneratedFile, C:\Users\arumu\STM32CubeIDE\workspace_1.18.1\motion_basic\MXTmpFiles\gpio.tmp_save
2025-06-16 11:46:38,045 [INFO] CodeEngine:287 - Generated code: C:\Users\arumu\STM32CubeIDE\workspace_1.18.1\motion_basic\MXTmpFiles\gpio.tmp
2025-06-16 11:46:38,197 [INFO] CodeEngine:263 - oldGeneratedFile, C:\Users\arumu\STM32CubeIDE\workspace_1.18.1\motion_basic\Core\Src\stm32l4xx_it.c_save
2025-06-16 11:46:38,329 [INFO] CodeEngine:287 - Generated code: C:\Users\arumu\STM32CubeIDE\workspace_1.18.1\motion_basic\Core\Src\stm32l4xx_it.c
2025-06-16 11:46:38,338 [INFO] CodeEngine:263 - oldGeneratedFile, C:\Users\arumu\STM32CubeIDE\workspace_1.18.1\motion_basic\Core\Inc\stm32l4xx_it.h_save
2025-06-16 11:46:38,416 [INFO] CodeEngine:287 - Generated code: C:\Users\arumu\STM32CubeIDE\workspace_1.18.1\motion_basic\Core\Inc\stm32l4xx_it.h
2025-06-16 11:46:38,437 [INFO] CodeEngine:263 - oldGeneratedFile, C:\Users\arumu\STM32CubeIDE\workspace_1.18.1\motion_basic\Core\Src\stm32l4xx_hal_msp.c_save
2025-06-16 11:46:38,570 [INFO] CodeEngine:287 - Generated code: C:\Users\arumu\STM32CubeIDE\workspace_1.18.1\motion_basic\Core\Src\stm32l4xx_hal_msp.c
2025-06-16 11:46:38,576 [INFO] CodeEngine:263 - oldGeneratedFile, C:\Users\arumu\STM32CubeIDE\workspace_1.18.1\motion_basic\MXTmpFiles\system.tmp_save
2025-06-16 11:46:38,669 [INFO] CodeEngine:287 - Generated code: C:\Users\arumu\STM32CubeIDE\workspace_1.18.1\motion_basic\MXTmpFiles\system.tmp
2025-06-16 11:46:38,685 [INFO] CodeEngine:319 - oldGeneratedFile, C:\Users\arumu\STM32CubeIDE\workspace_1.18.1\motion_basic\Core\Inc\stm32l4xx_hal_conf.h_save
2025-06-16 11:46:38,763 [INFO] CodeEngine:343 - Generated code: C:\Users\arumu\STM32CubeIDE\workspace_1.18.1\motion_basic\Core\Inc\stm32l4xx_hal_conf.h
2025-06-16 11:46:38,817 [INFO] ApiDbMcu:508 - Load IP Config File for USART2
2025-06-16 11:46:38,821 [INFO] ApiDbMcu:508 - Load IP Config File for RCC
2025-06-16 11:46:38,835 [INFO] CodeEngine:263 - oldGeneratedFile, C:\Users\arumu\STM32CubeIDE\workspace_1.18.1\motion_basic\Core\Inc\main.h_save
2025-06-16 11:46:38,936 [INFO] CodeEngine:287 - Generated code: C:\Users\arumu\STM32CubeIDE\workspace_1.18.1\motion_basic\Core\Inc\main.h
2025-06-16 11:46:38,943 [INFO] CodeEngine:263 - oldGeneratedFile, C:\Users\arumu\STM32CubeIDE\workspace_1.18.1\motion_basic\Core\Src\main.c_save
2025-06-16 11:46:39,072 [INFO] CodeEngine:287 - Generated code: C:\Users\arumu\STM32CubeIDE\workspace_1.18.1\motion_basic\Core\Src\main.c
2025-06-16 11:46:39,665 [INFO] ProjectBuilder:3324 - Time for Copy HAL[1] : 254mS.
2025-06-16 11:46:39,674 [INFO] ProjectBuilder:4912 - Project Generator version: 4.6.0.1-B1
2025-06-16 11:46:39,770 [INFO] ConfigFileManager:1590 - The Die is : DIE415
2025-06-16 11:46:39,782 [INFO] ApiDbMcu:508 - Load IP Config File for FATFS
2025-06-16 11:46:39,789 [INFO] ApiDbMcu:508 - Load IP Config File for FREERTOS
2025-06-16 11:46:39,802 [INFO] ApiDbMcu:508 - Load IP Config File for TOUCHSENSING
2025-06-16 11:46:39,810 [INFO] ApiDbMcu:508 - Load IP Config File for USB_DEVICE
2025-06-16 11:46:39,816 [INFO] ApiDbMcu:508 - Load IP Config File for USB_HOST
2025-06-16 11:46:40,318 [INFO] LogOutputStream:77 - [STDOUT_REDIRECT] 
2025-06-16 11:46:43,441 [INFO] ProjectBuilder:5191 - Time for Generating toolchain IDE Files: 3767mS.
2025-06-16 11:46:43,445 [INFO] ProjectBuilder:3181 - Time for Copy CMSIS : 3mS.
2025-06-16 11:46:43,449 [INFO] ProjectBuilder:3181 - Time for Copy CMSIS : 1mS.
2025-06-16 11:46:45,696 [INFO] McuFinderGlobals:76 - Set McuFinderConnectedMode to true
2025-06-16 11:46:45,701 [INFO] ApiDb:448 - Save user favorites file C:\Users\arumu/.stm32cubeide/favorites.mcus.txt: 0 item(s)
2025-06-16 11:46:45,701 [INFO] ApiDb:452 - User favorites MCUs=[]
2025-06-16 11:46:45,704 [INFO] ApiDb:448 - Save user favorites file C:\Users\arumu/.stm32cubeide/favorites.boards.txt: 0 item(s)
2025-06-16 11:46:45,704 [INFO] ApiDb:452 - User favorites Boards=[]
2025-06-16 12:03:59,094 [INFO] I2cTimingTraitement:330 - 0x10D19CE4
2025-06-16 12:04:02,287 [INFO] UtilMem:75 - End SaveConfig() Used Memory: 285366504 Bytes (1052770304)
2025-06-16 12:04:03,515 [INFO] UtilMem:75 - End SaveConfig() Used Memory: 318396648 Bytes (1052770304)
2025-06-16 12:04:08,092 [INFO] UtilMem:75 - End SaveConfig() Used Memory: 422729960 Bytes (1052770304)
2025-06-16 12:04:08,768 [INFO] BlockDiagram:2775 - set Specific Code input for plugin: SYS
2025-06-16 12:04:08,769 [INFO] BlockDiagram:2775 - set Specific Code input for plugin: RCC
2025-06-16 12:04:08,769 [INFO] BlockDiagram:2775 - set Specific Code input for plugin: I2C
2025-06-16 12:04:08,769 [INFO] BlockDiagram:2775 - set Specific Code input for plugin: NVIC
2025-06-16 12:04:08,769 [INFO] BlockDiagram:2775 - set Specific Code input for plugin: USART
2025-06-16 12:04:08,771 [INFO] BlockDiagram:2775 - set Specific Code input for plugin: GPIO
2025-06-16 12:04:08,774 [INFO] CodeGenerator:882 - code generatio: config db path: C:\ST\STM32CubeIDE_1.18.1\STM32CubeIDE\plugins\com.st.stm32cube.common.mx_6.14.1.202504091515\\db\
2025-06-16 12:04:08,970 [INFO] CodeEngine:263 - oldGeneratedFile, C:\Users\arumu\STM32CubeIDE\workspace_1.18.1\motion_basic\MXTmpFiles\license.tmp_save
2025-06-16 12:04:09,305 [INFO] CodeEngine:287 - Generated code: C:\Users\arumu\STM32CubeIDE\workspace_1.18.1\motion_basic\MXTmpFiles\license.tmp
2025-06-16 12:04:09,392 [INFO] CodeEngine:263 - oldGeneratedFile, C:\Users\arumu\STM32CubeIDE\workspace_1.18.1\motion_basic\MXTmpFiles\gpio.tmp_save
2025-06-16 12:04:09,549 [INFO] CodeEngine:287 - Generated code: C:\Users\arumu\STM32CubeIDE\workspace_1.18.1\motion_basic\MXTmpFiles\gpio.tmp
2025-06-16 12:04:09,975 [INFO] CodeEngine:263 - oldGeneratedFile, C:\Users\arumu\STM32CubeIDE\workspace_1.18.1\motion_basic\Core\Src\stm32l4xx_it.c_save
2025-06-16 12:04:10,341 [INFO] CodeEngine:287 - Generated code: C:\Users\arumu\STM32CubeIDE\workspace_1.18.1\motion_basic\Core\Src\stm32l4xx_it.c
2025-06-16 12:04:10,354 [INFO] CodeEngine:263 - oldGeneratedFile, C:\Users\arumu\STM32CubeIDE\workspace_1.18.1\motion_basic\Core\Inc\stm32l4xx_it.h_save
2025-06-16 12:04:10,461 [INFO] CodeEngine:287 - Generated code: C:\Users\arumu\STM32CubeIDE\workspace_1.18.1\motion_basic\Core\Inc\stm32l4xx_it.h
2025-06-16 12:04:10,496 [INFO] CodeEngine:263 - oldGeneratedFile, C:\Users\arumu\STM32CubeIDE\workspace_1.18.1\motion_basic\Core\Src\stm32l4xx_hal_msp.c_save
2025-06-16 12:04:10,710 [INFO] CodeEngine:287 - Generated code: C:\Users\arumu\STM32CubeIDE\workspace_1.18.1\motion_basic\Core\Src\stm32l4xx_hal_msp.c
2025-06-16 12:04:10,720 [INFO] CodeEngine:263 - oldGeneratedFile, C:\Users\arumu\STM32CubeIDE\workspace_1.18.1\motion_basic\MXTmpFiles\system.tmp_save
2025-06-16 12:04:10,812 [INFO] CodeEngine:287 - Generated code: C:\Users\arumu\STM32CubeIDE\workspace_1.18.1\motion_basic\MXTmpFiles\system.tmp
2025-06-16 12:04:10,835 [INFO] CodeEngine:319 - oldGeneratedFile, C:\Users\arumu\STM32CubeIDE\workspace_1.18.1\motion_basic\Core\Inc\stm32l4xx_hal_conf.h_save
2025-06-16 12:04:10,949 [INFO] CodeEngine:343 - Generated code: C:\Users\arumu\STM32CubeIDE\workspace_1.18.1\motion_basic\Core\Inc\stm32l4xx_hal_conf.h
2025-06-16 12:04:11,002 [INFO] ApiDbMcu:508 - Load IP Config File for I2C1
2025-06-16 12:04:11,021 [INFO] CodeEngine:263 - oldGeneratedFile, C:\Users\arumu\STM32CubeIDE\workspace_1.18.1\motion_basic\Core\Inc\main.h_save
2025-06-16 12:04:11,161 [INFO] CodeEngine:287 - Generated code: C:\Users\arumu\STM32CubeIDE\workspace_1.18.1\motion_basic\Core\Inc\main.h
2025-06-16 12:04:11,172 [INFO] CodeEngine:263 - oldGeneratedFile, C:\Users\arumu\STM32CubeIDE\workspace_1.18.1\motion_basic\Core\Src\main.c_save
2025-06-16 12:04:11,368 [INFO] CodeEngine:287 - Generated code: C:\Users\arumu\STM32CubeIDE\workspace_1.18.1\motion_basic\Core\Src\main.c
2025-06-16 12:04:12,093 [INFO] ProjectBuilder:3324 - Time for Copy HAL[1] : 392mS.
2025-06-16 12:04:12,103 [INFO] ProjectBuilder:4912 - Project Generator version: 4.6.0.1-B1
2025-06-16 12:04:12,248 [INFO] ConfigFileManager:1590 - The Die is : DIE415
2025-06-16 12:04:14,037 [INFO] ProjectBuilder:5191 - Time for Generating toolchain IDE Files: 1933mS.
2025-06-16 12:04:14,038 [INFO] ProjectBuilder:3181 - Time for Copy CMSIS : 1mS.
2025-06-16 12:04:14,041 [INFO] ProjectBuilder:3181 - Time for Copy CMSIS : 0mS.
2025-06-16 12:32:12,757 [INFO] MainUpdater:2872 - connection check result : 10
2025-06-16 12:32:13,095 [INFO] McuFinderGlobals:76 - Set McuFinderConnectedMode to true
2025-06-16 12:32:13,108 [INFO] MultiScanPanel:200 - Auto-refresh data requested => check proxy status ongoing
2025-06-16 12:32:13,112 [INFO] FinderPluginLoader:95 - Searching for filters in installed packs
2025-06-16 12:32:16,326 [INFO] LoadUrlFilesThread:185 - End of LoadServerUrlFiles without Thread
2025-06-16 12:32:16,327 [INFO] DetailPanel:341 - Set advertising image to C:/Users/arumu/STM32Cube/Repository/\en.summit-h1-25-promotion.jpg
2025-06-16 12:32:21,870 [INFO] MultiScanPanel:200 - Auto-refresh data requested => check proxy status ongoing
2025-06-16 12:32:21,993 [INFO] LoadUrlFilesThread:185 - End of LoadServerUrlFiles without Thread
2025-06-16 12:32:21,993 [INFO] DetailPanel:341 - Set advertising image to C:/Users/arumu/STM32Cube/Repository/\en.summit-h1-25-promotion.jpg
2025-06-16 12:33:34,709 [INFO] MainUpdater:2872 - connection check result : 10
2025-06-16 12:33:34,710 [INFO] MainUpdater:2872 - connection check result : 10
2025-06-16 12:33:34,961 [INFO] I2cTimingTraitement:330 - 0x10D19CE4
2025-06-16 12:33:34,978 [INFO] MicroXplorer:468 - Change Database Path : 
2025-06-16 12:33:34,978 [INFO] MicroXplorer:498 - Change Database Version : DB.6.0.141
2025-06-16 12:33:35,055 [ERROR] ProjectManagerView:395 - 
java.lang.NullPointerException: Cannot invoke "javax.swing.JTextField.getText()" because the return value of "java.util.List.get(int)" is null
	at com.st.microxplorer.plugins.projectmanager.gui.ProjectChoiceTab$9.caretUpdate(ProjectChoiceTab.java:2678) ~[filemanager.jar:?]
	at javax.swing.text.JTextComponent.fireCaretUpdate(JTextComponent.java:408) ~[?:?]
	at javax.swing.text.JTextComponent$MutableCaretEvent.fire(JTextComponent.java:4484) ~[?:?]
	at javax.swing.text.JTextComponent$MutableCaretEvent.stateChanged(JTextComponent.java:4506) ~[?:?]
	at javax.swing.text.DefaultCaret.fireStateChanged(DefaultCaret.java:857) ~[?:?]
	at javax.swing.text.DefaultCaret.changeCaretPosition(DefaultCaret.java:1343) ~[?:?]
	at javax.swing.text.DefaultCaret.handleSetDot(DefaultCaret.java:1242) ~[?:?]
	at javax.swing.text.DefaultCaret.setDot(DefaultCaret.java:1223) ~[?:?]
	at javax.swing.text.DefaultCaret$Handler.insertUpdate(DefaultCaret.java:1819) ~[?:?]
	at javax.swing.text.AbstractDocument.fireInsertUpdate(AbstractDocument.java:227) ~[?:?]
	at javax.swing.text.AbstractDocument.handleInsertString(AbstractDocument.java:781) ~[?:?]
	at javax.swing.text.AbstractDocument.insertString(AbstractDocument.java:740) ~[?:?]
	at javax.swing.text.PlainDocument.insertString(PlainDocument.java:131) ~[?:?]
	at javax.swing.text.AbstractDocument.replace(AbstractDocument.java:699) ~[?:?]
	at javax.swing.text.JTextComponent.setText(JTextComponent.java:1725) ~[?:?]
	at com.st.microxplorer.plugins.projectmanager.gui.ProjectChoiceTab.createHeapStackFields(ProjectChoiceTab.java:979) ~[filemanager.jar:?]
	at com.st.microxplorer.plugins.projectmanager.gui.ProjectChoiceTab.buildLinkSettingsPanel(ProjectChoiceTab.java:3766) ~[filemanager.jar:?]
	at com.st.microxplorer.plugins.projectmanager.gui.ProjectChoiceTab.defineWindowsFields(ProjectChoiceTab.java:1962) ~[filemanager.jar:?]
	at com.st.microxplorer.plugins.projectmanager.gui.ProjectChoiceTab.updateSettings(ProjectChoiceTab.java:555) ~[filemanager.jar:?]
	at com.st.microxplorer.plugins.projectmanager.gui.ProjectSettingsPanel.UpdateDialog(ProjectSettingsPanel.java:245) ~[filemanager.jar:?]
	at com.st.microxplorer.plugins.projectmanager.ProjectManagerView.propertyChange(ProjectManagerView.java:392) ~[filemanager.jar:?]
	at java.beans.PropertyChangeSupport.fire(PropertyChangeSupport.java:343) ~[?:?]
	at java.beans.PropertyChangeSupport.firePropertyChange(PropertyChangeSupport.java:335) ~[?:?]
	at java.beans.PropertyChangeSupport.firePropertyChange(PropertyChangeSupport.java:268) ~[?:?]
	at com.st.microxplorer.util.MXPropertyChangeSupport.firePropertyChange(MXPropertyChangeSupport.java:54) ~[STM32CubeMX.jar:?]
	at com.st.microxplorer.mxsystem.MxSystem.closeConfig(MxSystem.java:899) ~[STM32CubeMX.jar:?]
	at com.st.microxplorer.maingui.MainPanel.closeConfig(MainPanel.java:789) ~[STM32CubeMX.jar:?]
	at com.st.microxplorer.plugins.filemanager.engine.OpenFileManager.loadConfigurationFile(OpenFileManager.java:287) ~[filemanager.jar:?]
	at com.st.microxplorer.plugins.filemanager.engine.MainFileManager.userLoadConfig(MainFileManager.java:341) ~[filemanager.jar:?]
	at com.st.microxplorer.plugins.filemanager.FileManagerView.getSpecificTask(FileManagerView.java:250) ~[filemanager.jar:?]
	at com.st.stm32cube.common.mx.editor.CubeMxEditor.getMxTabbedPaneInstance(CubeMxEditor.java:1191) ~[com.st.stm32cube.common.mx_6.14.1.202504091515/:?]
	at com.st.stm32cube.common.mx.editor.CubeMxEditor$12$1.createSwingComponent(CubeMxEditor.java:1068) ~[com.st.stm32cube.common.mx_6.14.1.202504091515/:?]
	at com.st.stm32cube.common.mx.oss.core.awtswtbridge.EmbeddedSwingComposite.doComponentCreation(EmbeddedSwingComposite.java:492) ~[com.st.stm32cube.common.mx.oss_6.14.1.202504091515/:?]
	at com.st.stm32cube.common.mx.oss.core.awtswtbridge.EmbeddedSwingComposite$4.run(EmbeddedSwingComposite.java:291) ~[com.st.stm32cube.common.mx.oss_6.14.1.202504091515/:?]
	at com.st.stm32cube.common.mx.oss.core.awtswtbridge.AwtEnvironment$2.run(AwtEnvironment.java:166) ~[com.st.stm32cube.common.mx.oss_6.14.1.202504091515/:?]
	at java.awt.event.InvocationEvent.dispatch(InvocationEvent.java:318) ~[?:?]
	at java.awt.EventQueue.dispatchEventImpl(EventQueue.java:773) ~[?:?]
	at java.awt.EventQueue$4.run(EventQueue.java:720) ~[?:?]
	at java.awt.EventQueue$4.run(EventQueue.java:714) ~[?:?]
	at java.security.AccessController.doPrivileged(AccessController.java:400) ~[?:?]
	at java.security.ProtectionDomain$JavaSecurityAccessImpl.doIntersectionPrivilege(ProtectionDomain.java:87) ~[?:?]
	at java.awt.EventQueue.dispatchEvent(EventQueue.java:742) ~[?:?]
	at java.awt.EventDispatchThread.pumpOneEventForFilters(EventDispatchThread.java:203) ~[?:?]
	at java.awt.EventDispatchThread.pumpEventsForFilter(EventDispatchThread.java:124) ~[?:?]
	at java.awt.EventDispatchThread.pumpEventsForHierarchy(EventDispatchThread.java:113) ~[?:?]
	at java.awt.EventDispatchThread.pumpEvents(EventDispatchThread.java:109) ~[?:?]
	at java.awt.EventDispatchThread.pumpEvents(EventDispatchThread.java:101) ~[?:?]
	at java.awt.EventDispatchThread.run(EventDispatchThread.java:90) ~[?:?]
2025-06-16 12:33:35,083 [WARN] ThirdParty:871 - waiting for thirdparty lock release [close project]
2025-06-16 12:33:35,083 [INFO] ThirdParty:873 - entering critical section [close project]
2025-06-16 12:33:35,083 [INFO] ThirdParty:883 - exiting critical section [close project]
2025-06-16 12:33:35,091 [INFO] PinOutPanel:1589 - setPackage(No Configuration,No Configuration)
2025-06-16 12:33:35,115 [INFO] UtilMem:75 - Begin LoadConfig() Used Memory: 739180584 Bytes (1000341504)
2025-06-16 12:33:35,119 [INFO] OpenFileManager:354 - Change cursor
2025-06-16 12:33:35,192 [INFO] RulesReader:64 - Compatibility file has been processed (302 Rules)
2025-06-16 12:33:35,207 [INFO] ProjectFactory:442 - No CPN specified for board NUCLEO-F411RE => set CPN to STM32F411RET6
2025-06-16 12:33:35,207 [INFO] Mcu:2011 - Initializing MCU STM32F411R(C-E)Tx STM32F411RETx STM32F411RET6
2025-06-16 12:33:37,059 [INFO] Context:756 - Trying to add GPIOservice into a context  which must be forbidden
2025-06-16 12:33:37,671 [INFO] Rule:225 - rule 117617 - U5Cobra4M][GTZC] default value MPCBB3 and MPCBB5 - Not Secured memory - MPCBB1 is applicable
2025-06-16 12:33:37,671 [INFO] Rule:225 - rule 117617 - U5Cobra4M][GTZC] default value MPCBB3 and MPCBB5 - Not Secured memory - MPCBB1 is applicable
2025-06-16 12:33:37,671 [INFO] Rule:225 - rule 117617 - U5Cobra4M][GTZC] default value MPCBB3 and MPCBB5 - Not Secured memory - MPCBB2 is applicable
2025-06-16 12:33:37,671 [INFO] Rule:225 - rule 117617 - U5Cobra4M][GTZC] default value MPCBB3 and MPCBB5 - Not Secured memory - MPCBB2 is applicable
2025-06-16 12:33:37,671 [INFO] Rule:225 - rule 117617 - U5Cobra4M][GTZC] default value MPCBB3 and MPCBB5 - Not Secured memory - MPCBB3 is applicable
2025-06-16 12:33:37,671 [INFO] Rule:225 - rule 117617 - U5Cobra4M][GTZC] default value MPCBB3 and MPCBB5 - Not Secured memory - MPCBB3 is applicable
2025-06-16 12:33:37,671 [INFO] Rule:225 - rule 117617 - U5Cobra4M][GTZC] default value MPCBB3 and MPCBB5 - Not Secured memory - MPCBB4 is applicable
2025-06-16 12:33:37,671 [INFO] Rule:225 - rule 117617 - U5Cobra4M][GTZC] default value MPCBB3 and MPCBB5 - Not Secured memory - MPCBB4 is applicable
2025-06-16 12:33:37,672 [INFO] Rule:225 - rule 117617 - U5Cobra4M][GTZC] default value MPCBB3 and MPCBB5 - Secured memory - MPCBB1 is applicable
2025-06-16 12:33:37,672 [INFO] Rule:225 - rule 117617 - U5Cobra4M][GTZC] default value MPCBB3 and MPCBB5 - Secured memory - MPCBB2 is applicable
2025-06-16 12:33:37,672 [INFO] Rule:225 - rule 117617 - U5Cobra4M][GTZC] default value MPCBB3 and MPCBB5 - Secured memory - MPCBB3 is applicable
2025-06-16 12:33:37,672 [INFO] Rule:225 - rule 117617 - U5Cobra4M][GTZC] default value MPCBB3 and MPCBB5 - Secured memory - MPCBB4 is applicable
2025-06-16 12:33:37,672 [INFO] Rule:225 - rule 117617 - U5Cobra4M][GTZC] default value MPCBB3 and MPCBB5 - Privileged memory - MPCBB1 is applicable
2025-06-16 12:33:37,672 [INFO] Rule:225 - rule 117617 - U5Cobra4M][GTZC] default value MPCBB3 and MPCBB5 - Privileged memory - MPCBB2 is applicable
2025-06-16 12:33:37,672 [INFO] Rule:225 - rule 117617 - U5Cobra4M][GTZC] default value MPCBB3 and MPCBB5 - Privileged memory - MPCBB3 is applicable
2025-06-16 12:33:37,673 [INFO] Rule:225 - rule 117617 - U5Cobra4M][GTZC] default value MPCBB3 and MPCBB5 - Privileged memory - MPCBB4 is applicable
2025-06-16 12:33:37,673 [INFO] Rule:225 - rule 117617 - U5Cobra4M][GTZC] default value MPCBB3 and MPCBB5 - Not Privileged memory - MPCBB1 is applicable
2025-06-16 12:33:37,673 [INFO] Rule:225 - rule 117617 - U5Cobra4M][GTZC] default value MPCBB3 and MPCBB5 - Not Privileged memory - MPCBB2 is applicable
2025-06-16 12:33:37,673 [INFO] Rule:225 - rule 117617 - U5Cobra4M][GTZC] default value MPCBB3 and MPCBB5 - Not Privileged memory - MPCBB3 is applicable
2025-06-16 12:33:37,673 [INFO] Rule:225 - rule 117617 - U5Cobra4M][GTZC] default value MPCBB3 and MPCBB5 - Not Privileged memory - MPCBB4 is applicable
2025-06-16 12:33:37,673 [INFO] Rule:225 - rule 117617 - U5Cobra4M][GTZC] default value MPCBB3 and MPCBB5 - Privileged memory - MPCBB1 is applicable
2025-06-16 12:33:37,673 [INFO] Rule:225 - rule 117617 - U5Cobra4M][GTZC] default value MPCBB3 and MPCBB5 - Privileged memory - MPCBB2 is applicable
2025-06-16 12:33:37,674 [INFO] Rule:225 - rule 117617 - U5Cobra4M][GTZC] default value MPCBB3 and MPCBB5 - Privileged memory - MPCBB3 is applicable
2025-06-16 12:33:37,674 [INFO] Rule:225 - rule 117617 - U5Cobra4M][GTZC] default value MPCBB3 and MPCBB5 - Privileged memory - MPCBB4 is applicable
2025-06-16 12:33:37,674 [INFO] Rule:225 - rule 117617 - U5Cobra4M][GTZC] default value MPCBB3 and MPCBB5 - Privileged memory - MPCBB1 is applicable
2025-06-16 12:33:37,674 [INFO] Rule:225 - rule 117617 - U5Cobra4M][GTZC] default value MPCBB3 and MPCBB5 - Privileged memory - MPCBB2 is applicable
2025-06-16 12:33:37,674 [INFO] Rule:225 - rule 117617 - U5Cobra4M][GTZC] default value MPCBB3 and MPCBB5 - Privileged memory - MPCBB3 is applicable
2025-06-16 12:33:37,674 [INFO] Rule:225 - rule 117617 - U5Cobra4M][GTZC] default value MPCBB3 and MPCBB5 - Privileged memory - MPCBB4 is applicable
2025-06-16 12:33:37,674 [INFO] Rule:225 - rule 117617 - U5Cobra4M][GTZC] default value MPCBB3 and MPCBB5 - Not Privileged memory - MPCBB1 is applicable
2025-06-16 12:33:37,675 [INFO] Rule:225 - rule 117617 - U5Cobra4M][GTZC] default value MPCBB3 and MPCBB5 - Not Privileged memory - MPCBB2 is applicable
2025-06-16 12:33:37,675 [INFO] Rule:225 - rule 117617 - U5Cobra4M][GTZC] default value MPCBB3 and MPCBB5 - Not Privileged memory - MPCBB3 is applicable
2025-06-16 12:33:37,675 [INFO] Rule:225 - rule 117617 - U5Cobra4M][GTZC] default value MPCBB3 and MPCBB5 - Not Privileged memory - MPCBB4 is applicable
2025-06-16 12:33:37,675 [INFO] Rule:225 - rule 117617 - U5Cobra4M][GTZC] default value MPCBB3 and MPCBB5 - Privileged memory - MPCBB1 is applicable
2025-06-16 12:33:37,675 [INFO] Rule:225 - rule 117617 - U5Cobra4M][GTZC] default value MPCBB3 and MPCBB5 - Privileged memory - MPCBB2 is applicable
2025-06-16 12:33:37,675 [INFO] Rule:225 - rule 117617 - U5Cobra4M][GTZC] default value MPCBB3 and MPCBB5 - Privileged memory - MPCBB3 is applicable
2025-06-16 12:33:37,675 [INFO] Rule:225 - rule 117617 - U5Cobra4M][GTZC] default value MPCBB3 and MPCBB5 - Privileged memory - MPCBB4 is applicable
2025-06-16 12:33:37,675 [INFO] Rule:225 - rule Rename SubGHz_Phy SUBGHZ_APPLICATION SUBGHZ_PINGPONG to SUBGHZ_ADV_APPLICATION is applicable
2025-06-16 12:33:37,675 [INFO] Rule:225 - rule Rename Enabled to IBEACON is applicable
2025-06-16 12:33:37,675 [INFO] Rule:225 - rule GTZC_S instance for project manager is applicable
2025-06-16 12:33:37,675 [INFO] Rule:225 - rule GTZC_S instance for context M33S is applicable
2025-06-16 12:33:37,676 [INFO] Rule:225 - rule GTZC_S instance value for IP GTZC is applicable
2025-06-16 12:33:37,676 [INFO] Rule:225 - rule GTZC_S instance for mcu.IP is applicable
2025-06-16 12:33:37,676 [INFO] Rule:225 - rule GTZC_S instance for VP is applicable
2025-06-16 12:33:37,676 [INFO] Rule:225 - rule GTZC_S instance for signal is applicable
2025-06-16 12:33:37,677 [INFO] Rule:225 - rule GTZC_S instance for mcu.Pin is applicable
2025-06-16 12:33:37,677 [INFO] Rule:225 - rule GTZC_S instance for VP is applicable
2025-06-16 12:33:37,677 [INFO] Rule:225 - rule GTZC_S instance for signal is applicable
2025-06-16 12:33:37,677 [INFO] Rule:225 - rule GTZC_S instance for mcu is applicable
2025-06-16 12:33:37,677 [INFO] Rule:225 - rule GTZC_S instance for mcu.Pin is applicable
2025-06-16 12:33:37,677 [INFO] Rule:225 - rule GTZC_S instance value for IP GTZC is applicable
2025-06-16 12:33:37,677 [INFO] Rule:225 - rule GTZC_S instance for project manager is applicable
2025-06-16 12:33:37,677 [INFO] Rule:225 - rule GTZC_S instance for context M33S is applicable
2025-06-16 12:33:37,677 [INFO] Rule:225 - rule GTZC_S instance for VP is applicable
2025-06-16 12:33:37,678 [INFO] Rule:225 - rule GTZC_S instance for signal is applicable
2025-06-16 12:33:37,678 [INFO] Rule:225 - rule SPDIFRX instance for mcu is applicable
2025-06-16 12:33:37,678 [INFO] Rule:225 - rule Rename Tracer Mode is applicable
2025-06-16 12:33:37,678 [INFO] Rule:225 - rule SPDIFRX instance value for IP SPDIFRX is applicable
2025-06-16 12:33:37,678 [INFO] Rule:225 - rule SPDIFRX instance for signal is applicable
2025-06-16 12:33:37,678 [INFO] Rule:225 - rule SPDIFRX instance for project manager is applicable
2025-06-16 12:33:37,678 [INFO] Rule:225 - rule SPDIFRX instance for project manager is applicable
2025-06-16 12:33:37,678 [INFO] Rule:225 - rule ADC Scan  fix with FW F7 is applicable
2025-06-16 12:33:37,679 [INFO] Rule:225 - rule ADC Scan  fix with FW F7 is applicable
2025-06-16 12:33:37,679 [INFO] Rule:225 - rule WakeUp0 Mode is applicable
2025-06-16 12:33:37,679 [INFO] Rule:225 - rule WakeUp0 SIGNAL is applicable
2025-06-16 12:33:37,679 [INFO] Rule:225 - rule WakeUp1 Mode is applicable
2025-06-16 12:33:37,679 [INFO] Rule:225 - rule WakeUp1 SIGNAL is applicable
2025-06-16 12:33:37,680 [INFO] Rule:225 - rule WakeUp2 Mode is applicable
2025-06-16 12:33:37,680 [INFO] Rule:225 - rule WakeUp2 SIGNAL is applicable
2025-06-16 12:33:37,680 [INFO] Rule:225 - rule WakeUp4 Mode is applicable
2025-06-16 12:33:37,680 [INFO] Rule:225 - rule WakeUp4 SIGNAL is applicable
2025-06-16 12:33:37,680 [INFO] Rule:225 - rule WakeUp5 Mode is applicable
2025-06-16 12:33:37,681 [INFO] Rule:225 - rule WakeUp5 SIGNAL is applicable
2025-06-16 12:33:37,681 [INFO] Rule:225 - rule Add RTC Activate Clock Source is applicable
2025-06-16 12:33:37,681 [INFO] Rule:225 - rule Add RTC Activate Calendar 1 is applicable
2025-06-16 12:33:37,681 [INFO] Rule:225 - rule Add RTC Activate Calendar 2 is applicable
2025-06-16 12:33:37,681 [INFO] Rule:225 - rule Add RTC Activate Calendar 3 is applicable
2025-06-16 12:33:37,681 [INFO] Rule:225 - rule UART/USART TX Mode is applicable
2025-06-16 12:33:37,681 [INFO] Rule:225 - rule UART/USART RX Mode is applicable
2025-06-16 12:33:37,681 [INFO] Rule:225 - rule UART/USART RX TX Mode is applicable
2025-06-16 12:33:37,681 [INFO] Rule:225 - rule UART/USART PARITY NONE is applicable
2025-06-16 12:33:37,681 [INFO] Rule:225 - rule UART/USART PARITY EVEN is applicable
2025-06-16 12:33:37,682 [INFO] Rule:225 - rule UART/USART PARITY ODD is applicable
2025-06-16 12:33:37,682 [INFO] Rule:225 - rule USART StopBits 1 is applicable
2025-06-16 12:33:37,682 [INFO] Rule:225 - rule USART StopBits 2 is applicable
2025-06-16 12:33:37,682 [INFO] Rule:225 - rule USART StopBits 1.5 is applicable
2025-06-16 12:33:37,682 [INFO] Rule:225 - rule USART StopBits 0.5 is applicable
2025-06-16 12:33:37,682 [INFO] Rule:225 - rule UART/USART WORD LENGTH 7 is applicable
2025-06-16 12:33:37,682 [INFO] Rule:225 - rule UART/USART WORD LENGTH 8 is applicable
2025-06-16 12:33:37,682 [INFO] Rule:225 - rule UART/USART WORD LENGTH 9 is applicable
2025-06-16 12:33:37,682 [INFO] Rule:225 - rule Rename FMC NAND NCE signal is applicable
2025-06-16 12:33:37,682 [INFO] Rule:225 - rule Rename FMC NAND INT signal is applicable
2025-06-16 12:33:37,682 [INFO] Rule:225 - rule Change Default Value for LSE Drive Capability for WB family is applicable
2025-06-16 12:33:37,682 [INFO] Rule:225 - rule Change Default Value for ADC Clock Prescaler G0 family is applicable
2025-06-16 12:33:37,683 [INFO] Rule:225 - rule Change Default Value for ADC ExternalTrigConv L4 family is applicable
2025-06-16 12:33:37,683 [INFO] Rule:225 - rule Change Default Value for ADC ExternalTrigInjecConv L4 family is applicable
2025-06-16 12:33:37,683 [INFO] Rule:225 - rule Change Default Value for ADC ExternalTrigConv F3 family is applicable
2025-06-16 12:33:37,683 [INFO] Rule:225 - rule Change Default Value for ADC ExternalTrigInjecConv F3 family is applicable
2025-06-16 12:33:37,683 [INFO] Rule:225 - rule Change Default Value for ADC ExternalTrigConv Goldfish serie is applicable
2025-06-16 12:33:37,683 [INFO] Rule:225 - rule Change Default Value for ADC ExternalTrigInjecConv Goldfish serie is applicable
2025-06-16 12:33:37,683 [INFO] Rule:225 - rule Change Default Value for ADC ExternalTrigConv L0 family is applicable
2025-06-16 12:33:37,683 [INFO] Rule:225 - rule Change Default Value for ADC ExternalTrigConv F0 family is applicable
2025-06-16 12:33:37,683 [INFO] Rule:225 - rule Change Default Value for ADC ExternalTrigConvn L1 family is applicable
2025-06-16 12:33:37,683 [INFO] Rule:225 - rule Change Default Value for ADC ExternalTrigInjecConv L1 family is applicable
2025-06-16 12:33:37,683 [INFO] Rule:225 - rule Change Default Value for ADC ExternalTrigConv F1 family is applicable
2025-06-16 12:33:37,683 [INFO] Rule:225 - rule Change Default Value for ADC ExternalTrigInjecConv F1 family is applicable
2025-06-16 12:33:37,683 [INFO] Rule:225 - rule Change Default Value for ADC ExternalTrigConv F7 family is applicable
2025-06-16 12:33:37,683 [INFO] Rule:225 - rule Change Default Value for ADC ExternalTrigInjecConv F7 family is applicable
2025-06-16 12:33:37,684 [INFO] Rule:225 - rule Change Default Value for ADC ExternalTrigConv F4 and F2 family is applicable
2025-06-16 12:33:37,684 [INFO] Rule:225 - rule Change Default Value for ADC ExternalTrigInjecConv F4 and F2 family is applicable
2025-06-16 12:33:37,684 [INFO] Rule:225 - rule ADC SamplingTime fix with FW L0  is applicable
2025-06-16 12:33:37,684 [INFO] Rule:225 - rule ADC SamplingTime fix with FW L0  is applicable
2025-06-16 12:33:37,684 [INFO] Rule:225 - rule ADC SamplingTime fix with FW L0 is applicable
2025-06-16 12:33:37,684 [INFO] Rule:225 - rule ADC SamplingTime fix with FW L0 is applicable
2025-06-16 12:33:37,684 [INFO] Rule:225 - rule ADC SamplingTime fix with FW L0  is applicable
2025-06-16 12:33:37,684 [INFO] Rule:225 - rule ADC SamplingTime fix with FW L0 is applicable
2025-06-16 12:33:37,684 [INFO] Rule:225 - rule Rename USB_OE Signal is applicable
2025-06-16 12:33:37,684 [INFO] Rule:225 - rule Rename Activate_OE Mode is applicable
2025-06-16 12:33:37,684 [INFO] Rule:225 - rule Rename DIE462/DIE415 pin PC14/OSC32_IN -> PC14-OSC32_IN (PC14) is applicable
2025-06-16 12:33:37,684 [INFO] Rule:225 - rule Rename DIE462/DIE415 pin PC15/OSC32_OUT -> PC15-OSC32_OUT (PC15) is applicable
2025-06-16 12:33:37,684 [INFO] Rule:225 - rule Rename DIE462/DIE415 pin PH0/OSC_IN -> PH0-OSC_IN (PH0) is applicable
2025-06-16 12:33:37,685 [INFO] Rule:225 - rule Rename DIE462/DIE415 pin PH1/OSC_OUT -> PH1-OSC_OUT (PH1) is applicable
2025-06-16 12:33:37,685 [INFO] Rule:225 - rule Rename DIE462 pin PA13 -> PA13 (JTMS/SWDIO) is applicable
2025-06-16 12:33:37,685 [INFO] Rule:225 - rule Rename DIE415 pin PA13 -> PA13 (JTMS/SWDIO) is applicable
2025-06-16 12:33:37,685 [INFO] Rule:225 - rule Rename DIE462 pin PA14 -> PA14 (JTCK/SWCLK) is applicable
2025-06-16 12:33:37,685 [INFO] Rule:225 - rule Rename DIE415 pin PA14 -> PA14 (JTCK/SWCLK) is applicable
2025-06-16 12:33:37,685 [INFO] Rule:225 - rule Rename DIE462/DIE415 pin PA15 -> PA15 (JTDI) is applicable
2025-06-16 12:33:37,685 [INFO] Rule:225 - rule Rename DIE462 pin PB3 -> PB3 (JTD0/TRACESWO) is applicable
2025-06-16 12:33:37,685 [INFO] Rule:225 - rule Rename DIE415 pin PB3 -> PB3 (JTD0-TRACESWO) is applicable
2025-06-16 12:33:37,685 [INFO] Rule:225 - rule Rename DIE462/DIE415 pin PB4 -> PB4 (NJTRST) is applicable
2025-06-16 12:33:37,685 [INFO] Rule:225 - rule Rename DIE462 pin PH3/BOOT0 -> PH3-BOOT0 (BOOT0) is applicable
2025-06-16 12:33:37,685 [INFO] Rule:225 - rule Rename CRYP DataEncryptionTypesList to Algorithm is applicable
2025-06-16 12:33:37,686 [INFO] Rule:225 - rule Rename AES DataEncryptionTypesList to Algorithm is applicable
2025-06-16 12:33:37,686 [INFO] Rule:225 - rule Rename TDESECB to CRYP_TDES_ECB is applicable
2025-06-16 12:33:37,686 [INFO] Rule:225 - rule Rename TDESCBC to CRYP_TDES_CBC is applicable
2025-06-16 12:33:37,686 [INFO] Rule:225 - rule Rename DESECB to CRYP_DES_ECB is applicable
2025-06-16 12:33:37,686 [INFO] Rule:225 - rule Rename DESCBC to CRYP_DES_CBC is applicable
2025-06-16 12:33:37,686 [INFO] Rule:225 - rule Rename AESECB to CRYP_AES_ECB is applicable
2025-06-16 12:33:37,686 [INFO] Rule:225 - rule Rename AESCBC to CRYP_AES_CBC is applicable
2025-06-16 12:33:37,686 [INFO] Rule:225 - rule Rename AESCTR to CRYP_AES_CTR is applicable
2025-06-16 12:33:37,686 [INFO] Rule:225 - rule Rename AESGCM to CRYP_AES_GCM is applicable
2025-06-16 12:33:37,687 [INFO] Rule:225 - rule Rename AESCCM to CRYP_AES_CCM is applicable
2025-06-16 12:33:37,687 [INFO] Rule:225 - rule Rename CAN TimeSeg1 to BS1 is applicable
2025-06-16 12:33:37,687 [INFO] Rule:225 - rule Rename CAN TimeSeg2 to BS2 is applicable
2025-06-16 12:33:37,687 [INFO] Rule:225 - rule Rename CAN SyncJumpWidth to SJW is applicable
2025-06-16 12:33:37,687 [INFO] Rule:225 - rule TimeTriggeredMode to TTCM is applicable
2025-06-16 12:33:37,687 [INFO] Rule:225 - rule Rename CAN AutoBusOff to ABOM is applicable
2025-06-16 12:33:37,687 [INFO] Rule:225 - rule Rename CAN AutoWakeUp to AWUM is applicable
2025-06-16 12:33:37,687 [INFO] Rule:225 - rule Rename CAN AutoRetransmission to NART is applicable
2025-06-16 12:33:37,687 [INFO] Rule:225 - rule Rename CAN ReceiveFifoLocked to RFLM is applicable
2025-06-16 12:33:37,687 [INFO] Rule:225 - rule Rename CAN TransmitFifoPriority to TXFP is applicable
2025-06-16 12:33:37,687 [INFO] Rule:225 - rule Rename HRTIMER HRTIM_OUTPUTFAULTLEVEL_HIGH in HRTIMER HRTIM_OUTPUTFAULTLEVEL_HIGHZ is applicable
2025-06-16 12:33:37,687 [INFO] Rule:225 - rule Rename TIMER TIM_CLEARINPUTSOURCE_OCREFCLR in  TIMER TIM_CLEARINPUTSOURCE_NONE for F7 family is applicable
2025-06-16 12:33:37,687 [INFO] Rule:225 - rule FDCAN_R1 - Rename FDCAN mode Master into Classic is applicable
2025-06-16 12:33:37,687 [INFO] Rule:225 - rule FDCAN_R2 - Rename FDCAN mode Slave into Classic is applicable
2025-06-16 12:33:37,687 [INFO] Rule:225 - rule FDCAN1_R3 - if PA10.Mode=FullDuplex, add Pin PA12 is applicable
2025-06-16 12:33:37,689 [INFO] Rule:225 - rule FDCAN1_R3 - if PA9.Mode=FullDuplex, add Pin PA11 is applicable
2025-06-16 12:33:37,689 [INFO] Rule:225 - rule FDCAN1_R3 - Alternatepin_1 - if PE1.Mode=FullDuplex, add Pin PB9 is applicable
2025-06-16 12:33:37,689 [INFO] Rule:225 - rule FDCAN1_R3 - Alternatepin_1 - if PE0.Mode=FullDuplex, add Pin PB8 is applicable
2025-06-16 12:33:37,689 [INFO] Rule:225 - rule FDCAN1_R3 - Alternatepin_2 - if PD5.Mode=FullDuplex, add Pin PD1 is applicable
2025-06-16 12:33:37,689 [INFO] Rule:225 - rule FDCAN1_R3 - Alternatepin_2 - if PD4.Mode=FullDuplex, add Pin PD0 is applicable
2025-06-16 12:33:37,689 [INFO] Rule:225 - rule FDCAN1_R4 - Rename Mode FullDuplex into Enable FDCAN_TXFD for pin PA10 is applicable
2025-06-16 12:33:37,689 [INFO] Rule:225 - rule FDCAN1_R4 - Rename Mode FullDuplex into Enable FDCAN_TXFD for pin PA9 is applicable
2025-06-16 12:33:37,689 [INFO] Rule:225 - rule FDCAN1_R4 - Alternatepin_1 - Rename Mode FullDuplex into Enable FDCAN_TXFD for pin PE1 is applicable
2025-06-16 12:33:37,689 [INFO] Rule:225 - rule FDCAN1_R4 - Alternatepin_1 - Rename Mode FullDuplex into Enable FDCAN_TXFD for pin PE0 is applicable
2025-06-16 12:33:37,689 [INFO] Rule:225 - rule FDCAN1_R4 - Alternatepin_2 - Rename Mode FullDuplex into Enable FDCAN_TXFD for pin PD5 is applicable
2025-06-16 12:33:37,689 [INFO] Rule:225 - rule FDCAN1_R4 - Alternatepin_2 - Rename Mode FullDuplex into Enable FDCAN_TXFD for pin PD4 is applicable
2025-06-16 12:33:37,690 [INFO] Rule:225 - rule FDCAN2_R3 - if PD10.Mode=FullDuplex, add Pin PB13 is applicable
2025-06-16 12:33:37,690 [INFO] Rule:225 - rule FDCAN2_R3 - if PD9.Mode=FullDuplex, add Pin PB12 is applicable
2025-06-16 12:33:37,690 [INFO] Rule:225 - rule FDCAN2_R3 - Alternatepin_1 - if PB7.Mode=FullDuplex, add Pin PB6 is applicable
2025-06-16 12:33:37,690 [INFO] Rule:225 - rule FDCAN2_R3 - Alternatepin_1 - if PD9.Mode=FullDuplex, add Pin PB12 is applicable
2025-06-16 12:33:37,690 [INFO] Rule:225 - rule FDCAN2_R4 - Rename Mode FullDuplex into Enable FDCAN_TXFD for pin PD10 is applicable
2025-06-16 12:33:37,690 [INFO] Rule:225 - rule FDCAN2_R4 - Rename Mode FullDuplex into Enable FDCAN_TXFD for pin PD9 is applicable
2025-06-16 12:33:37,690 [INFO] Rule:225 - rule FDCAN2_R4 - Alternatepin_1 - Rename Mode FullDuplex into Enable FDCAN_TXFD for pin PB7 is applicable
2025-06-16 12:33:37,690 [INFO] Rule:225 - rule FDCAN2_R4 - Alternatepin_1 - Rename Mode FullDuplex into Enable FDCAN_TXFD for pin PD6 is applicable
2025-06-16 12:33:37,690 [INFO] Rule:225 - rule USART TxPinLevelInvertParam Mode is applicable
2025-06-16 12:33:37,690 [INFO] Rule:225 - rule USART RxPinLevelInvertParam Mode is applicable
2025-06-16 12:33:37,691 [INFO] Rule:225 - rule USART DataInvertParam Mode is applicable
2025-06-16 12:33:37,691 [INFO] Rule:225 - rule USART SwapParam Mode is applicable
2025-06-16 12:33:37,691 [INFO] Rule:225 - rule USART OverrunDisableParam Mode is applicable
2025-06-16 12:33:37,691 [INFO] Rule:225 - rule USART DMADisableonRxErrorParam Mode is applicable
2025-06-16 12:33:37,691 [INFO] Rule:225 - rule USART MSBFirstParam Mode is applicable
2025-06-16 12:33:37,691 [INFO] Rule:225 - rule Update MwName for USB_DEVICE is applicable
2025-06-16 12:33:37,691 [INFO] Rule:225 - rule Change PWR_Regulator_Voltage_Scale Default Value for RCC  H7 family is applicable
2025-06-16 12:33:37,691 [INFO] Rule:225 - rule UART/USART IPParameter rename Prescaler parameter to ClockPrescaler is applicable
2025-06-16 12:33:37,691 [INFO] Rule:225 - rule UART/USART Prescaler rename Prescaler parameter to ClockPrescaler is applicable
2025-06-16 12:33:37,691 [INFO] Rule:225 - rule TIM1CLockSelection is applicable
2025-06-16 12:33:37,691 [INFO] Rule:225 - rule TIM15CLockSelection is applicable
2025-06-16 12:33:37,691 [INFO] Rule:225 - rule align RCC SDMMC3CLockSelection default value on MP1 is applicable
2025-06-16 12:33:37,691 [INFO] Rule:225 - rule align RCC SDMMC12CLockSelection default value on MP1 is applicable
2025-06-16 12:33:37,692 [INFO] Rule:225 - rule align RCC QSPICLockSelection default value on MP1 is applicable
2025-06-16 12:33:37,692 [INFO] Rule:225 - rule align RCC QSPICLockSelection default value on MP1 is applicable
2025-06-16 12:33:37,692 [INFO] Rule:225 - rule align RCC SPI6CLockSelection default value on MP1 is applicable
2025-06-16 12:33:37,692 [INFO] Rule:225 - rule align RCC LPTIM23CLockSelection default value on MP1 is applicable
2025-06-16 12:33:37,692 [INFO] Rule:225 - rule align RCC LPTIM1CLockSelection default value on MP1 is applicable
2025-06-16 12:33:37,692 [INFO] Rule:225 - rule align RCC USART1CLockSelection default value on MP1 is applicable
2025-06-16 12:33:37,693 [INFO] Rule:225 - rule align RCC USART24CLockSelection default value on MP1 is applicable
2025-06-16 12:33:37,693 [INFO] Rule:225 - rule align RCC USART6CLockSelection default value on MP1 is applicable
2025-06-16 12:33:37,693 [INFO] Rule:225 - rule align RCC UART78CLockSelection default value on MP1 is applicable
2025-06-16 12:33:37,693 [INFO] Rule:225 - rule align RCC USART35CLockSelection default value on MP1 is applicable
2025-06-16 12:33:37,693 [INFO] Rule:225 - rule align RCC SPI45CLockSelection default value on MP1 is applicable
2025-06-16 12:33:37,693 [INFO] Rule:225 - rule align RCC I2C46CLockSelection BCLK value on MP1 is applicable
2025-06-16 12:33:37,693 [INFO] Rule:225 - rule align RCC SPI45CLockSelection default value on MP1 is applicable
2025-06-16 12:33:37,694 [INFO] Rule:225 - rule align RCC I2C12CLockSelection default value on MP1 is applicable
2025-06-16 12:33:37,694 [INFO] Rule:225 - rule align RCC I2C35CLockSelection default value on MP1 is applicable
2025-06-16 12:33:37,694 [INFO] Rule:225 - rule align RCC LPTIM45CLockSelection default value on MP1 is applicable
2025-06-16 12:33:37,694 [INFO] Rule:225 - rule Rename DCMI PIXCK signal is applicable
2025-06-16 12:33:37,694 [INFO] Rule:225 - rule Change Default Value for I2C46CLockSelection MP1 family is applicable
2025-06-16 12:33:37,694 [INFO] Rule:225 - rule Change Default Value for UART for G4, G0 and WB families is applicable
2025-06-16 12:33:37,694 [INFO] Rule:225 - rule Change Default Value for USART for G4, G0 and WB families is applicable
2025-06-16 12:33:37,694 [INFO] Rule:225 - rule Change Default Value for USART for G4 family is applicable
2025-06-16 12:33:37,694 [INFO] Rule:225 - rule Change USART1CLockSelection refparam name for MP1 is applicable
2025-06-16 12:33:37,695 [INFO] Rule:225 - rule Change USART2CLockSelection refparam name for MP1 is applicable
2025-06-16 12:33:37,695 [INFO] Rule:225 - rule Change USART3CLockSelection refparam name for MP1 is applicable
2025-06-16 12:33:37,695 [INFO] Rule:225 - rule Change UART4CLockSelection refparam name for MP1 is applicable
2025-06-16 12:33:37,695 [INFO] Rule:225 - rule Change UART5CLockSelection refparam name for MP1 is applicable
2025-06-16 12:33:37,695 [INFO] Rule:225 - rule Change LPUART1CLockSelection refparam name for MP1 is applicable
2025-06-16 12:33:37,695 [INFO] Rule:225 - rule Change LPTIM1CLockSelection refparam name for MP1 is applicable
2025-06-16 12:33:37,695 [INFO] Rule:225 - rule Change LPTIM2CLockSelection refparam name for MP1 is applicable
2025-06-16 12:33:37,695 [INFO] Rule:225 - rule Change RCC_MCO1Source refparam name for MP1 is applicable
2025-06-16 12:33:37,695 [INFO] Rule:225 - rule Change LSCOSource1 refparam name for MP1 is applicable
2025-06-16 12:33:37,696 [INFO] Rule:225 - rule Change SMPSCLockSelection refparam name for MP1 is applicable
2025-06-16 12:33:37,696 [INFO] Rule:225 - rule Change LPTIM3CLockSelection refparam name for MP1 is applicable
2025-06-16 12:33:37,696 [INFO] Rule:225 - rule Change MPCBB* Default Template Mode to Parameters is applicable
2025-06-16 12:33:37,696 [INFO] Rule:225 - rule Change MPCWM* or MPCBB* Secure Mode to Parameters is applicable
2025-06-16 12:33:37,696 [INFO] Rule:225 - rule Change MPCWM* or MPCBB* No Secure Mode to Parameters is applicable
2025-06-16 12:33:37,696 [INFO] Rule:225 - rule Change TZSC IP Secure Mode to Parameters is applicable
2025-06-16 12:33:37,696 [INFO] Rule:225 - rule Change TZSC IP No Secure Mode to Parameters is applicable
2025-06-16 12:33:37,696 [INFO] Rule:225 - rule Change TZSC IP Privilege Mode to Parameters is applicable
2025-06-16 12:33:37,696 [INFO] Rule:225 - rule Change TZSC IP No Privilege Mode to Parameters is applicable
2025-06-16 12:33:37,696 [INFO] Rule:225 - rule Change TZIC IT Secure Mode to Parameters is applicable
2025-06-16 12:33:37,696 [INFO] Rule:225 - rule Change TZIC IT No Secure Mode to Parameters is applicable
2025-06-16 12:33:37,696 [INFO] Rule:225 - rule Add MPCBB1_NonSecureArea_Start_Address value with referenced to MPCBB1_NonSecureArea_Start value is applicable
2025-06-16 12:33:37,697 [INFO] Rule:225 - rule Add MPCBB2_NonSecureArea_Start_Address value with referenced to MPCBB2_NonSecureArea_Start value is applicable
2025-06-16 12:33:37,697 [INFO] Rule:225 - rule Add MPCWM1_NonSecureArea*_Start_Address value with referenced to MPCWM1_NonSecureArea*_Start value is applicable
2025-06-16 12:33:37,697 [INFO] Rule:225 - rule Add MPCWM2_NonSecureArea*_Start_Address value with referenced to MPCWM2_NonSecureArea*_Start value is applicable
2025-06-16 12:33:37,697 [INFO] Rule:225 - rule Add MPCWM3_NonSecureArea_Start_Address value with referenced to MPCWM3_NonSecureArea_Start value is applicable
2025-06-16 12:33:37,697 [INFO] Rule:225 - rule Change Default Value for PLL1UserDefinedConfig is applicable
2025-06-16 12:33:37,697 [INFO] Rule:225 - rule Change GPIO_PuPd Default Value for USART in async mode is applicable
2025-06-16 12:33:37,697 [INFO] Rule:225 - rule Change SMPSDivider Default Value is applicable
2025-06-16 12:33:37,697 [INFO] Rule:225 - rule OPAMP is applicable
2025-06-16 12:33:37,697 [INFO] Rule:225 - rule LPUART IPParameter rename Prescaler parameter to ClockPrescaler for STM32H7 is applicable
2025-06-16 12:33:37,697 [INFO] Rule:225 - rule LPUART IPParameter rename Prescaler parameter to ClockPrescaler for STM32H7 is applicable
2025-06-16 12:33:37,697 [INFO] Rule:225 - rule LPUART IPParameter rename Prescaler parameter to ClockPrescaler for STM32WB is applicable
2025-06-16 12:33:37,697 [INFO] Rule:225 - rule LPUART IPParameter rename Prescaler parameter to ClockPrescaler for STM32WB is applicable
2025-06-16 12:33:37,697 [INFO] Rule:225 - rule LPUART IPParameter rename Prescaler parameter to ClockPrescaler for STM32G4 is applicable
2025-06-16 12:33:37,697 [INFO] Rule:225 - rule LPUART IPParameter rename Prescaler parameter to ClockPrescaler for STM32G4 is applicable
2025-06-16 12:33:37,697 [INFO] Rule:225 - rule LPUART IPParameter rename Prescaler parameter to ClockPrescaler for STM32L5 is applicable
2025-06-16 12:33:37,698 [INFO] Rule:225 - rule LPUART IPParameter rename Prescaler parameter to ClockPrescaler for STM32L5 is applicable
2025-06-16 12:33:37,698 [INFO] Rule:225 - rule LPUART IPParameter rename Prescaler parameter to ClockPrescaler for STM32G4 is applicable
2025-06-16 12:33:37,698 [INFO] Rule:225 - rule LPUART IPParameter rename Prescaler parameter to ClockPrescaler for STM32G4 is applicable
2025-06-16 12:33:37,698 [INFO] Rule:225 - rule USB device lib V2.5.3 for L0 rename USBD_SUPPORT_USER_STRING parameter to USBD_SUPPORT_USER_STRING_DESC4 is applicable
2025-06-16 12:33:37,698 [INFO] Rule:225 - rule I2SCLockSelection clock entry align is applicable
2025-06-16 12:33:37,698 [INFO] Rule:225 - rule Assign TIMx context if used as SYS timebase is applicable
2025-06-16 12:33:37,698 [INFO] Rule:225 - rule Change GPIO_Pu Default Value for I2C is applicable
2025-06-16 12:33:37,698 [INFO] Rule:225 - rule Change GPIO_Pu Default Value for SMBus is applicable
2025-06-16 12:33:37,698 [INFO] Rule:225 - rule change FDCAN default value is applicable
2025-06-16 12:33:37,698 [INFO] Rule:225 - rule Change mode sai is applicable
2025-06-16 12:33:37,698 [INFO] Rule:225 - rule **Change sai mode is applicable
2025-06-16 12:33:37,698 [INFO] Rule:225 - rule Rename STM32WPAN CFG_BLE_IRK to CFG_BLE_IR is applicable
2025-06-16 12:33:37,698 [INFO] Rule:225 - rule Rename STM32WPAN CFG_BLE_ERK to CFG_BLE_ER is applicable
2025-06-16 12:33:37,698 [INFO] Rule:225 - rule Rename STM32WPAN CFG_BLE_IRK_HEX to CFG_BLE_IR_HEX is applicable
2025-06-16 12:33:37,698 [INFO] Rule:225 - rule Rename STM32WPAN CFG_BLE_ERK_HEX to CFG_BLE_ER_HEX is applicable
2025-06-16 12:33:37,698 [INFO] Rule:225 - rule Adapt Old IOC before rework replace old CORTEX_M33/CORTEX_M55 attributes by the new one. is applicable
2025-06-16 12:33:37,698 [INFO] Rule:225 - rule Rename parametre of RCC RCC_APBDBG_DIV2 to RCC_TIMPRES_DIV2 is applicable
2025-06-16 12:33:37,698 [INFO] Rule:225 - rule Rename DIE493 pin PA10 [PA12] -> PA10 is applicable
2025-06-16 12:33:37,698 [INFO] Rule:225 - rule Rename DIE493 pin PA9 [PA11] -> PA9 is applicable
2025-06-16 12:33:37,698 [INFO] Rule:225 - rule Adapt Old IOC CSI. is applicable
2025-06-16 12:33:37,716 [INFO] DbConfProperties:307 - Apply Compatibility (49/267 Rules)
2025-06-16 12:33:37,738 [INFO] ImportTextPane:218 - (OptionalMessage_ERROR) Unable to find key (Mcu.ThirdPartyNb) in loaded IOC file
2025-06-16 12:33:37,739 [INFO] ImportTextPane:218 - (OptionalMessage_ERROR) Pin12 (VP_RIF_VS_RIF1) cannot be retrieved for this MCU
2025-06-16 12:33:37,794 [INFO] RtosManager:558 - Registered RTOS mode: class=CMSIS, group=RTOS, mode=CMSIS_V1, owner=FREERTOS
2025-06-16 12:33:37,794 [INFO] RtosManager:558 - Registered RTOS mode: class=CMSIS, group=RTOS2, mode=CMSIS_V2, owner=FREERTOS
2025-06-16 12:33:37,794 [INFO] RtosManager:558 - Registered RTOS mode: class=RTOS, group=Core, mode=CMSIS_V1, owner=FREERTOS
2025-06-16 12:33:37,794 [INFO] RtosManager:558 - Registered RTOS mode: class=RTOS, group=Core, mode=CMSIS_V2, owner=FREERTOS
2025-06-16 12:33:37,794 [WARN] ModelIntegratedComponent:184 - Missing modes for component STMicroelectronics:FreeRTOS:0.0.1:STMicroelectronics:RTOS:FreeRTOS:Core:::10.2.0:
2025-06-16 12:33:37,816 [WARN] ModelIntegratedComponent:182 - Modes not found for component STMicroelectronics:USB_HOST:1.0.0:STMicroelectronics:USB::USB Host:Audio HS::1.0:USB_HOST_1_0_RESTRICTED_HS
2025-06-16 12:33:37,816 [WARN] ModelIntegratedComponent:188 - Modes not found for component STMicroelectronics:USB_HOST:1.0.0:STMicroelectronics:USB::USB Host:Audio HS::1.0:USB_HOST_1_0_RESTRICTED_HS
2025-06-16 12:33:37,816 [WARN] ModelIntegratedComponent:182 - Modes not found for component STMicroelectronics:USB_HOST:1.0.0:STMicroelectronics:USB::USB Host:CDC HS::1.0:USB_HOST_1_0_RESTRICTED_HS
2025-06-16 12:33:37,816 [WARN] ModelIntegratedComponent:188 - Modes not found for component STMicroelectronics:USB_HOST:1.0.0:STMicroelectronics:USB::USB Host:CDC HS::1.0:USB_HOST_1_0_RESTRICTED_HS
2025-06-16 12:33:37,817 [WARN] ModelIntegratedComponent:182 - Modes not found for component STMicroelectronics:USB_HOST:1.0.0:STMicroelectronics:USB::USB Host:MSC HS::1.0:USB_HOST_1_0_RESTRICTED_HS
2025-06-16 12:33:37,817 [WARN] ModelIntegratedComponent:188 - Modes not found for component STMicroelectronics:USB_HOST:1.0.0:STMicroelectronics:USB::USB Host:MSC HS::1.0:USB_HOST_1_0_RESTRICTED_HS
2025-06-16 12:33:37,817 [WARN] ModelIntegratedComponent:182 - Modes not found for component STMicroelectronics:USB_HOST:1.0.0:STMicroelectronics:USB::USB Host:HID HS::1.0:USB_HOST_1_0_RESTRICTED_HS
2025-06-16 12:33:37,817 [WARN] ModelIntegratedComponent:188 - Modes not found for component STMicroelectronics:USB_HOST:1.0.0:STMicroelectronics:USB::USB Host:HID HS::1.0:USB_HOST_1_0_RESTRICTED_HS
2025-06-16 12:33:37,817 [WARN] ModelIntegratedComponent:182 - Modes not found for component STMicroelectronics:USB_HOST:1.0.0:STMicroelectronics:USB::USB Host:MTP HS::1.0:USB_HOST_1_0_RESTRICTED_HS
2025-06-16 12:33:37,817 [WARN] ModelIntegratedComponent:188 - Modes not found for component STMicroelectronics:USB_HOST:1.0.0:STMicroelectronics:USB::USB Host:MTP HS::1.0:USB_HOST_1_0_RESTRICTED_HS
2025-06-16 12:33:37,835 [WARN] ModelIntegratedComponent:63 - No mode defined for component null
2025-06-16 12:33:37,836 [WARN] ModelIntegratedComponent:63 - No mode defined for component null
2025-06-16 12:33:37,836 [WARN] ModelIntegratedComponent:63 - No mode defined for component null
2025-06-16 12:33:37,836 [WARN] ModelIntegratedComponent:63 - No mode defined for component null
2025-06-16 12:33:37,836 [WARN] ModelIntegratedComponent:63 - No mode defined for component null
2025-06-16 12:33:37,836 [WARN] ModelIntegratedComponent:63 - No mode defined for component null
2025-06-16 12:33:37,836 [WARN] ModelIntegratedComponent:63 - No mode defined for component null
2025-06-16 12:33:37,836 [WARN] ModelIntegratedComponent:63 - No mode defined for component null
2025-06-16 12:33:37,836 [WARN] ModelIntegratedComponent:63 - No mode defined for component null
2025-06-16 12:33:37,836 [WARN] ModelIntegratedComponent:63 - No mode defined for component null
2025-06-16 12:33:37,836 [WARN] ModelIntegratedComponent:63 - No mode defined for component null
2025-06-16 12:33:37,836 [WARN] ModelIntegratedComponent:63 - No mode defined for component null
2025-06-16 12:33:37,836 [WARN] ModelIntegratedComponent:63 - No mode defined for component null
2025-06-16 12:33:37,836 [WARN] ModelIntegratedComponent:63 - No mode defined for component null
2025-06-16 12:33:37,836 [WARN] ModelIntegratedComponent:63 - No mode defined for component null
2025-06-16 12:33:37,836 [WARN] ModelIntegratedComponent:63 - No mode defined for component null
2025-06-16 12:33:37,837 [WARN] ModelIntegratedComponent:63 - No mode defined for component null
2025-06-16 12:33:37,837 [WARN] ModelIntegratedComponent:63 - No mode defined for component null
2025-06-16 12:33:37,837 [WARN] ModelIntegratedComponent:63 - No mode defined for component null
2025-06-16 12:33:37,837 [WARN] ModelIntegratedComponent:63 - No mode defined for component null
2025-06-16 12:33:37,837 [WARN] ModelIntegratedComponent:63 - No mode defined for component null
2025-06-16 12:33:37,837 [WARN] ModelIntegratedComponent:63 - No mode defined for component null
2025-06-16 12:33:37,837 [WARN] ModelIntegratedComponent:63 - No mode defined for component null
2025-06-16 12:33:37,837 [WARN] ModelIntegratedComponent:63 - No mode defined for component null
2025-06-16 12:33:37,837 [WARN] ModelIntegratedComponent:63 - No mode defined for component null
2025-06-16 12:33:37,837 [WARN] ModelIntegratedComponent:63 - No mode defined for component null
2025-06-16 12:33:37,837 [WARN] ModelIntegratedComponent:63 - No mode defined for component null
2025-06-16 12:33:37,837 [WARN] ModelIntegratedComponent:63 - No mode defined for component null
2025-06-16 12:33:37,837 [WARN] ModelIntegratedComponent:63 - No mode defined for component null
2025-06-16 12:33:37,837 [WARN] ModelIntegratedComponent:63 - No mode defined for component null
2025-06-16 12:33:37,838 [WARN] ModelIntegratedComponent:63 - No mode defined for component null
2025-06-16 12:33:37,838 [WARN] ModelIntegratedComponent:63 - No mode defined for component null
2025-06-16 12:33:37,838 [WARN] ModelIntegratedComponent:63 - No mode defined for component null
2025-06-16 12:33:37,838 [WARN] ModelIntegratedComponent:63 - No mode defined for component null
2025-06-16 12:33:37,838 [WARN] ModelIntegratedComponent:63 - No mode defined for component null
2025-06-16 12:33:37,839 [WARN] ModelPack:524 - Component already loaded: STMicroelectronics:HAL Drivers:0.0.0:STMicroelectronics:Device:STMicro_Driver:XSPI:HAL::0.0.1:HAL_XSPI
2025-06-16 12:33:38,032 [WARN] ModelIntegratedComponent:182 - Modes not found for component STMicroelectronics:USB_DEVICE:1.0.0:STMicroelectronics:USB::USB Device:Audio HS::1.0:USB_DEVICE_1_0_RESTRICTED_HS
2025-06-16 12:33:38,032 [WARN] ModelIntegratedComponent:188 - Modes not found for component STMicroelectronics:USB_DEVICE:1.0.0:STMicroelectronics:USB::USB Device:Audio HS::1.0:USB_DEVICE_1_0_RESTRICTED_HS
2025-06-16 12:33:38,033 [WARN] ModelIntegratedComponent:182 - Modes not found for component STMicroelectronics:USB_DEVICE:1.0.0:STMicroelectronics:USB::USB Device:CDC HS::1.0:USB_DEVICE_1_0_RESTRICTED_HS
2025-06-16 12:33:38,033 [WARN] ModelIntegratedComponent:188 - Modes not found for component STMicroelectronics:USB_DEVICE:1.0.0:STMicroelectronics:USB::USB Device:CDC HS::1.0:USB_DEVICE_1_0_RESTRICTED_HS
2025-06-16 12:33:38,033 [WARN] ModelIntegratedComponent:182 - Modes not found for component STMicroelectronics:USB_DEVICE:1.0.0:STMicroelectronics:USB::USB Device:DFU HS::1.0:USB_DEVICE_1_0_RESTRICTED_HS
2025-06-16 12:33:38,033 [WARN] ModelIntegratedComponent:188 - Modes not found for component STMicroelectronics:USB_DEVICE:1.0.0:STMicroelectronics:USB::USB Device:DFU HS::1.0:USB_DEVICE_1_0_RESTRICTED_HS
2025-06-16 12:33:38,033 [WARN] ModelIntegratedComponent:182 - Modes not found for component STMicroelectronics:USB_DEVICE:1.0.0:STMicroelectronics:USB::USB Device:HID HS::1.0:USB_DEVICE_1_0_RESTRICTED_HS
2025-06-16 12:33:38,033 [WARN] ModelIntegratedComponent:188 - Modes not found for component STMicroelectronics:USB_DEVICE:1.0.0:STMicroelectronics:USB::USB Device:HID HS::1.0:USB_DEVICE_1_0_RESTRICTED_HS
2025-06-16 12:33:38,033 [WARN] ModelIntegratedComponent:182 - Modes not found for component STMicroelectronics:USB_DEVICE:1.0.0:STMicroelectronics:USB::USB Device:Custom HID HS::1.0:USB_DEVICE_1_0_RESTRICTED_HS
2025-06-16 12:33:38,033 [WARN] ModelIntegratedComponent:188 - Modes not found for component STMicroelectronics:USB_DEVICE:1.0.0:STMicroelectronics:USB::USB Device:Custom HID HS::1.0:USB_DEVICE_1_0_RESTRICTED_HS
2025-06-16 12:33:38,033 [WARN] ModelIntegratedComponent:182 - Modes not found for component STMicroelectronics:USB_DEVICE:1.0.0:STMicroelectronics:USB::USB Device:MSC HS::1.0:USB_DEVICE_1_0_RESTRICTED_HS
2025-06-16 12:33:38,033 [WARN] ModelIntegratedComponent:188 - Modes not found for component STMicroelectronics:USB_DEVICE:1.0.0:STMicroelectronics:USB::USB Device:MSC HS::1.0:USB_DEVICE_1_0_RESTRICTED_HS
2025-06-16 12:33:38,052 [INFO] ThirdPartyModel:298 - Start build external matchings
2025-06-16 12:33:38,988 [INFO] ThirdPartyModel:316 - End build external matchings
2025-06-16 12:33:39,010 [INFO] ImportTextPane:218 - (OptionalMessage_ERROR) IP (RCC) : Parameter (48MHZClocksFreq_Value) has invalid value (84000000)
2025-06-16 12:33:39,019 [INFO] ImportTextPane:218 - (OptionalMessage_ERROR) IP (RCC) : Parameter (FLatency) has Id (AdvancedSettings) currently not set
2025-06-16 12:33:39,021 [INFO] ImportTextPane:218 - (OptionalMessage_ERROR) IP (RCC) : Parameter (RTCHSEDivFreq_Value) has invalid value (4000000)
2025-06-16 12:33:39,368 [INFO] UtilMem:75 - End LoadConfig() Used Memory: 437193136 Bytes (1000341504)
2025-06-16 12:33:39,662 [WARN] ThirdParty:833 - waiting for thirdparty lock release [change project]
2025-06-16 12:33:39,663 [INFO] ThirdParty:835 - entering critical section [change project]
2025-06-16 12:33:39,663 [INFO] ThirdParty:1030 - CMSIS Pack Vendor :STMicroelectronics USBPD 4.1
2025-06-16 12:33:39,663 [INFO] ThirdParty:1030 - CMSIS Pack Vendor :STMicroelectronics X-CUBE-AZRTOS-H7 3.3.0
2025-06-16 12:33:39,663 [INFO] ThirdParty:1030 - CMSIS Pack Vendor :STMicroelectronics X-CUBE-NFC9 1.0.0
2025-06-16 12:33:39,663 [INFO] ThirdParty:1030 - CMSIS Pack Vendor :wolfSSL I-CUBE-wolfSSL 5.8.0
2025-06-16 12:33:39,663 [INFO] ThirdParty:1030 - CMSIS Pack Vendor :STMicroelectronics USB_HOST 2.0.0
2025-06-16 12:33:39,663 [INFO] ThirdParty:1030 - CMSIS Pack Vendor :STMicroelectronics FP-SNS-MOTENVWB1 1.4.0
2025-06-16 12:33:39,663 [INFO] ThirdParty:1030 - CMSIS Pack Vendor :STMicroelectronics X-CUBE-AZRTOS-F4 1.1.0
2025-06-16 12:33:39,664 [INFO] ThirdParty:1030 - CMSIS Pack Vendor :STMicroelectronics LIBJPEG 8.0.0
2025-06-16 12:33:39,664 [INFO] ThirdParty:1030 - CMSIS Pack Vendor :STMicroelectronics FP-ATR-ASTRA1 2.0.2
2025-06-16 12:33:39,664 [INFO] ThirdParty:1030 - CMSIS Pack Vendor :STMicroelectronics X-CUBE-BLE1 7.1.0
2025-06-16 12:33:39,664 [INFO] ThirdParty:1030 - CMSIS Pack Vendor :Avnet-IotConnect X-CUBE-IoTC-DA16k-PMOD 1.0.0
2025-06-16 12:33:39,664 [INFO] ThirdParty:1030 - CMSIS Pack Vendor :STMicroelectronics X-CUBE-SMBUS 2.1.0
2025-06-16 12:33:39,664 [INFO] ThirdParty:1030 - CMSIS Pack Vendor :wolfSSL I-CUBE-wolfMQTT 1.19.2
2025-06-16 12:33:39,664 [INFO] ThirdParty:1030 - CMSIS Pack Vendor :STMicroelectronics USB_DEVICE 3.0.0
2025-06-16 12:33:39,664 [INFO] ThirdParty:1030 - CMSIS Pack Vendor :STMicroelectronics X-CUBE-ISPU 2.1.0
2025-06-16 12:33:39,664 [INFO] ThirdParty:1030 - CMSIS Pack Vendor :STMicroelectronics X-CUBE-AZRTOS-WB 2.0.0
2025-06-16 12:33:39,664 [INFO] ThirdParty:1030 - CMSIS Pack Vendor :STMicroelectronics X-CUBE-ST60 1.0.0
2025-06-16 12:33:39,664 [INFO] ThirdParty:1030 - CMSIS Pack Vendor :STMicroelectronics X-CUBE-GNSS1 7.0.1
2025-06-16 12:33:39,664 [INFO] ThirdParty:1030 - CMSIS Pack Vendor :STMicroelectronics X-CUBE-AZRTOS-F7 1.1.0
2025-06-16 12:33:39,664 [INFO] ThirdParty:1030 - CMSIS Pack Vendor :STMicroelectronics X-CUBE-AZRTOS-L5 2.0.0
2025-06-16 12:33:39,664 [INFO] ThirdParty:1030 - CMSIS Pack Vendor :STMicroelectronics X-CUBE-TOUCHGFX 4.25.0
2025-06-16 12:33:39,664 [INFO] ThirdParty:1030 - CMSIS Pack Vendor :STMicroelectronics USB_DEVICE 2.0.0
2025-06-16 12:33:39,664 [INFO] ThirdParty:1030 - CMSIS Pack Vendor :STMicroelectronics X-CUBE-NFC6 3.1.0
2025-06-16 12:33:39,664 [INFO] ThirdParty:1030 - CMSIS Pack Vendor :STMicroelectronics X-CUBE-AI 10.1.0
2025-06-16 12:33:39,664 [INFO] ThirdParty:1030 - CMSIS Pack Vendor :STMicroelectronics FP-SNS-STBOX1 2.0.0
2025-06-16 12:33:39,664 [INFO] ThirdParty:1030 - CMSIS Pack Vendor :STMicroelectronics FreeRTOS 0.0.1
2025-06-16 12:33:39,664 [INFO] ThirdParty:1030 - CMSIS Pack Vendor :STMicroelectronics X-CUBE-AZRTOS-G0 1.1.0
2025-06-16 12:33:39,664 [INFO] ThirdParty:1030 - CMSIS Pack Vendor :STMicroelectronics X-CUBE-SAFEA1 1.2.2
2025-06-16 12:33:39,666 [INFO] ThirdParty:1030 - CMSIS Pack Vendor :STMicroelectronics X-CUBE-NFC4 3.0.0
2025-06-16 12:33:39,666 [INFO] ThirdParty:1030 - CMSIS Pack Vendor :STMicroelectronics X-CUBE-SUBG2 5.0.0
2025-06-16 12:33:39,666 [INFO] ThirdParty:1030 - CMSIS Pack Vendor :STMicroelectronics X-CUBE-AZRTOS-H7RS 1.1.0
2025-06-16 12:33:39,666 [INFO] ThirdParty:1030 - CMSIS Pack Vendor :STMicroelectronics STM32_WPAN 1.0.0
2025-06-16 12:33:39,666 [INFO] ThirdParty:1030 - CMSIS Pack Vendor :EmbeddedOffice I-CUBE-FS-RTOS 1.0.1
2025-06-16 12:33:39,666 [INFO] ThirdParty:1030 - CMSIS Pack Vendor :STMicroelectronics lwIP 2.0.3
2025-06-16 12:33:39,666 [INFO] ThirdParty:1030 - CMSIS Pack Vendor :Cesanta I-CUBE-Mongoose 7.13.0
2025-06-16 12:33:39,666 [INFO] ThirdParty:1030 - CMSIS Pack Vendor :STMicroelectronics USB_HOST 1.0.0
2025-06-16 12:33:39,666 [INFO] ThirdParty:1030 - CMSIS Pack Vendor :Infineon AIROC-Wi-Fi-Bluetooth-STM32 1.7.0
2025-06-16 12:33:39,666 [INFO] ThirdParty:1030 - CMSIS Pack Vendor :STMicroelectronics X-CUBE-AZRTOS-G4 2.0.0
2025-06-16 12:33:39,666 [INFO] ThirdParty:1030 - CMSIS Pack Vendor :STMicroelectronics X-CUBE-WB05N 2.0.0
2025-06-16 12:33:39,666 [INFO] ThirdParty:1030 - CMSIS Pack Vendor :STMicroelectronics PDM2PCM 3.1.0
2025-06-16 12:33:39,666 [INFO] ThirdParty:1030 - CMSIS Pack Vendor :STMicroelectronics PDM2PCM 3.3.0
2025-06-16 12:33:39,666 [INFO] ThirdParty:1030 - CMSIS Pack Vendor :wolfSSL I-CUBE-wolfTPM 3.8.0
2025-06-16 12:33:39,666 [INFO] ThirdParty:1030 - CMSIS Pack Vendor :STMicroelectronics X-CUBE-DISPLAY 3.0.0
2025-06-16 12:33:39,666 [INFO] ThirdParty:1030 - CMSIS Pack Vendor :wolfSSL I-CUBE-wolfSSH 1.4.20
2025-06-16 12:33:39,666 [INFO] ThirdParty:1030 - CMSIS Pack Vendor :STMicroelectronics X-CUBE-NFC7 2.0.0
2025-06-16 12:33:39,666 [INFO] ThirdParty:1030 - CMSIS Pack Vendor :STMicroelectronics X-CUBE-TCPP 4.2.0
2025-06-16 12:33:39,666 [INFO] ThirdParty:1030 - CMSIS Pack Vendor :RealThread X-CUBE-RT-Thread_Nano 4.1.1
2025-06-16 12:33:39,666 [INFO] ThirdParty:1030 - CMSIS Pack Vendor :STMicroelectronics FP-ATR-SIGFOX1 3.2.0
2025-06-16 12:33:39,666 [INFO] ThirdParty:1030 - CMSIS Pack Vendor :STMicroelectronics X-CUBE-NFC10 1.0.0
2025-06-16 12:33:39,667 [INFO] ThirdParty:1030 - CMSIS Pack Vendor :STMicroelectronics X-CUBE-BLEMGR 4.0.0
2025-06-16 12:33:39,667 [INFO] ThirdParty:1030 - CMSIS Pack Vendor :STMicroelectronics X-CUBE-EEPRMA1 5.1.0
2025-06-16 12:33:39,667 [INFO] ThirdParty:1030 - CMSIS Pack Vendor :STMicroelectronics X-CUBE-FREERTOS 1.3.1
2025-06-16 12:33:39,667 [INFO] ThirdParty:1030 - CMSIS Pack Vendor :STMicroelectronics HAL Drivers 0.0.0
2025-06-16 12:33:39,667 [INFO] ThirdParty:1030 - CMSIS Pack Vendor :STMicroelectronics MBEDTLS 2.16.2
2025-06-16 12:33:39,667 [INFO] ThirdParty:1030 - CMSIS Pack Vendor :STMicroelectronics X-CUBE-IPS 3.1.0
2025-06-16 12:33:39,668 [INFO] ThirdParty:1030 - CMSIS Pack Vendor :STMicroelectronics X-CUBE-ALS 1.0.2
2025-06-16 12:33:39,668 [INFO] ThirdParty:1030 - CMSIS Pack Vendor :emotas I-CUBE-CANOPEN 1.3.0
2025-06-16 12:33:39,668 [INFO] ThirdParty:1030 - CMSIS Pack Vendor :STMicroelectronics MBEDTLS 2.14.1
2025-06-16 12:33:39,668 [INFO] ThirdParty:1030 - CMSIS Pack Vendor :ITTIA_DB I-CUBE-ITTIADB 8.9.0
2025-06-16 12:33:39,668 [INFO] ThirdParty:1030 - CMSIS Pack Vendor :portGmbH I-Cube-SoM-uGOAL 1.1.0
2025-06-16 12:33:39,668 [INFO] ThirdParty:1030 - CMSIS Pack Vendor :quantropi X-CUBE-qispace-sdk-base 2.0.0
2025-06-16 12:33:39,668 [INFO] ThirdParty:1030 - CMSIS Pack Vendor :STMicroelectronics X-CUBE-ST67W61 1.0.0
2025-06-16 12:33:39,668 [INFO] ThirdParty:1030 - CMSIS Pack Vendor :STMicroelectronics ThreadX 1.0.0
2025-06-16 12:33:39,668 [INFO] ThirdParty:1030 - CMSIS Pack Vendor :STMicroelectronics FP-SNS-SMARTAG2 1.2.0
2025-06-16 12:33:39,668 [INFO] ThirdParty:1030 - CMSIS Pack Vendor :STMicroelectronics FP-SNS-FLIGHT1 5.1.0
2025-06-16 12:33:39,668 [INFO] ThirdParty:1030 - CMSIS Pack Vendor :STMicroelectronics X-CUBE-AZRTOS-WL 2.0.0
2025-06-16 12:33:39,668 [INFO] ThirdParty:1030 - CMSIS Pack Vendor :SEGGER I-CUBE-embOS 1.3.1
2025-06-16 12:33:39,668 [INFO] ThirdParty:1030 - CMSIS Pack Vendor :STMicroelectronics X-CUBE-ALGOBUILD 1.4.0
2025-06-16 12:33:39,669 [INFO] ThirdParty:1030 - CMSIS Pack Vendor :STMicroelectronics X-CUBE-DPower 1.3.0
2025-06-16 12:33:39,669 [INFO] ThirdParty:1030 - CMSIS Pack Vendor :STMicroelectronics X-CUBE-MEMS1 11.3.0
2025-06-16 12:33:39,669 [INFO] ThirdParty:1030 - CMSIS Pack Vendor :STMicroelectronics FP-SNS-MOTENV1 5.0.0
2025-06-16 12:33:39,669 [INFO] ThirdParty:1030 - CMSIS Pack Vendor :STMicroelectronics USB_DEVICE 1.0.0
2025-06-16 12:33:39,669 [INFO] ThirdParty:1030 - CMSIS Pack Vendor :STMicroelectronics X-CUBE-AZRTOS-L4 2.0.0
2025-06-16 12:33:39,669 [INFO] ThirdParty:1030 - CMSIS Pack Vendor :STMicroelectronics ThreadX 0.0.2
2025-06-16 12:33:39,669 [INFO] ThirdParty:1030 - CMSIS Pack Vendor :WES I-CUBE-Cesium 1.3.0
2025-06-16 12:33:39,669 [INFO] ThirdParty:1030 - CMSIS Pack Vendor :STMicroelectronics lwIP 2.1.2
2025-06-16 12:33:39,669 [INFO] ThirdParty:1030 - CMSIS Pack Vendor :STMicroelectronics X-CUBE-SFXS2LP1 4.0.0
2025-06-16 12:33:39,669 [INFO] ThirdParty:1030 - CMSIS Pack Vendor :STMicroelectronics X-CUBE-BLE2 3.3.0
2025-06-16 12:33:39,669 [INFO] ThirdParty:1030 - CMSIS Pack Vendor :STMicroelectronics X-CUBE-TOF1 3.4.3
2025-06-16 12:33:39,669 [INFO] ThirdParty:1030 - CMSIS Pack Vendor :STMicroelectronics PDM2PCM 3.2.0
2025-06-16 12:33:39,669 [INFO] ThirdParty:841 - exiting critical section [change project]
2025-06-16 12:33:39,999 [INFO] PinOutPanel:1589 - setPackage(No Configuration,No Configuration)
2025-06-16 12:33:40,002 [INFO] PinOutPanel:1589 - setPackage(STM32F411RETx,LQFP64)
2025-06-16 12:33:40,361 [INFO] UtilMem:75 - Before build in PCC Used Memory: 599200176 Bytes (1000341504)
2025-06-16 12:33:40,715 [INFO] UtilMem:75 - After build in PCC Used Memory: 642714032 Bytes (1000341504)
2025-06-16 12:33:40,745 [INFO] IPUIPlugin:80 - create IPUIPlugin
2025-06-16 12:33:40,745 [INFO] IPUIPlugin:80 - create IPUIPlugin
2025-06-16 12:33:40,746 [INFO] IPUIPlugin:80 - create IPUIPlugin
2025-06-16 12:33:40,746 [INFO] IPUIPlugin:80 - create IPUIPlugin
2025-06-16 12:33:40,746 [INFO] IPUIPlugin:80 - create IPUIPlugin
2025-06-16 12:33:40,746 [INFO] IPUIPlugin:80 - create IPUIPlugin
2025-06-16 12:33:40,747 [INFO] IPUIPlugin:80 - create IPUIPlugin
2025-06-16 12:33:40,747 [INFO] IPUIPlugin:80 - create IPUIPlugin
2025-06-16 12:33:40,747 [INFO] IPUIPlugin:80 - create IPUIPlugin
2025-06-16 12:33:40,747 [INFO] IPUIPlugin:80 - create IPUIPlugin
2025-06-16 12:33:40,747 [INFO] IPUIPlugin:80 - create IPUIPlugin
2025-06-16 12:33:40,748 [INFO] IPUIPlugin:80 - create IPUIPlugin
2025-06-16 12:33:40,748 [INFO] IPUIPlugin:80 - create IPUIPlugin
2025-06-16 12:33:40,748 [INFO] IPUIPlugin:80 - create IPUIPlugin
2025-06-16 12:33:40,748 [INFO] IPUIPlugin:80 - create IPUIPlugin
2025-06-16 12:33:40,749 [INFO] IPUIPlugin:80 - create IPUIPlugin
2025-06-16 12:33:40,749 [INFO] IPUIPlugin:80 - create IPUIPlugin
2025-06-16 12:33:40,749 [INFO] IPUIPlugin:80 - create IPUIPlugin
2025-06-16 12:33:40,749 [INFO] IPUIPlugin:80 - create IPUIPlugin
2025-06-16 12:33:40,749 [INFO] IPUIPlugin:80 - create IPUIPlugin
2025-06-16 12:33:40,750 [INFO] IPUIPlugin:80 - create IPUIPlugin
2025-06-16 12:33:40,750 [INFO] IPUIPlugin:80 - create IPUIPlugin
2025-06-16 12:33:40,751 [INFO] IPUIPlugin:80 - create IPUIPlugin
2025-06-16 12:33:40,751 [INFO] IPUIPlugin:80 - create IPUIPlugin
2025-06-16 12:33:40,751 [INFO] IPUIPlugin:80 - create IPUIPlugin
2025-06-16 12:33:40,752 [INFO] IPUIPlugin:80 - create IPUIPlugin
2025-06-16 12:33:40,752 [INFO] IPUIPlugin:80 - create IPUIPlugin
2025-06-16 12:33:40,752 [INFO] IPUIPlugin:80 - create IPUIPlugin
2025-06-16 12:33:40,753 [INFO] IPUIPlugin:80 - create IPUIPlugin
2025-06-16 12:33:40,753 [INFO] IPUIPlugin:80 - create IPUIPlugin
2025-06-16 12:33:40,754 [INFO] IPUIPlugin:80 - create IPUIPlugin
2025-06-16 12:33:40,754 [INFO] IPUIPlugin:80 - create IPUIPlugin
2025-06-16 12:33:40,754 [INFO] IPUIPlugin:80 - create IPUIPlugin
2025-06-16 12:33:40,754 [INFO] IPUIPlugin:80 - create IPUIPlugin
2025-06-16 12:33:40,755 [INFO] IPUIPlugin:80 - create IPUIPlugin
2025-06-16 12:33:40,757 [INFO] IPUIPlugin:80 - create IPUIPlugin
2025-06-16 12:33:40,757 [INFO] IPUIPlugin:80 - create IPUIPlugin
2025-06-16 12:33:40,758 [INFO] IPUIPlugin:80 - create IPUIPlugin
2025-06-16 12:33:40,758 [INFO] IPUIPlugin:80 - create IPUIPlugin
2025-06-16 12:33:40,759 [INFO] IPUIPlugin:80 - create IPUIPlugin
2025-06-16 12:33:40,759 [INFO] IPUIPlugin:80 - create IPUIPlugin
2025-06-16 12:33:40,759 [INFO] IPUIPlugin:80 - create IPUIPlugin
2025-06-16 12:33:40,761 [INFO] IPUIPlugin:80 - create IPUIPlugin
2025-06-16 12:33:40,774 [INFO] ApiDbMcu:508 - Load IP Config File for PDM2PCM
2025-06-16 12:33:40,864 [INFO] CADModel:165 - CPN selected for project levelSTM32F411RET6
2025-06-16 12:33:40,864 [INFO] CADModel:114 - Register for checkConnection events
2025-06-16 12:33:40,937 [INFO] OpenFileManager:385 - Restore cursor
2025-06-16 12:33:41,670 [INFO] UtilMem:75 - End SaveConfig() Used Memory: 738660784 Bytes (1000341504)
2025-06-16 12:33:42,316 [INFO] ServerAccessManage:473 - Download File stm32cube_fw_f4_v1280.zip
2025-06-16 12:37:31,630 [INFO] AnalyticsPlugin:368 - Accepted License(s): [FW.F4.1.28.0]
2025-06-16 12:37:31,631 [INFO] FileExtend:242 - Unzip File : stm32cube_fw_f4_v1280.zip
2025-06-16 12:37:31,632 [INFO] FileExtend:257 - Standard Zip Deflate
2025-06-16 12:38:23,388 [INFO] ServerAccessManage:473 - Download File stm32cube_fw_f4_v1282.zip
2025-06-16 12:38:31,785 [INFO] FileExtend:242 - Unzip File : stm32cube_fw_f4_v1282.zip
2025-06-16 12:38:31,786 [INFO] FileExtend:257 - Standard Zip Deflate
2025-06-16 12:39:09,267 [INFO] LoadServerPackagesThread:196 - End of LoadServerPackages Thread
2025-06-16 12:39:09,641 [INFO] ThirdPartyModel:298 - Start build external matchings
2025-06-16 12:39:09,703 [INFO] UtilMem:75 - End SaveConfig() Used Memory: 923664272 Bytes (1073741824)
2025-06-16 12:39:10,511 [INFO] BlockDiagram:2775 - set Specific Code input for plugin: SYS
2025-06-16 12:39:10,511 [INFO] BlockDiagram:2775 - set Specific Code input for plugin: RCC
2025-06-16 12:39:10,512 [INFO] BlockDiagram:2775 - set Specific Code input for plugin: NVIC
2025-06-16 12:39:10,512 [INFO] BlockDiagram:2775 - set Specific Code input for plugin: USART
2025-06-16 12:39:10,513 [INFO] BlockDiagram:2775 - set Specific Code input for plugin: GPIO
2025-06-16 12:39:10,515 [INFO] CodeGenerator:882 - code generatio: config db path: C:\ST\STM32CubeIDE_1.18.1\STM32CubeIDE\plugins\com.st.stm32cube.common.mx_6.14.1.202504091515\\db\
2025-06-16 12:39:11,329 [INFO] CodeEngine:263 - oldGeneratedFile, C:\Users\arumu\STM32CubeIDE\workspace_1.18.1\f_motion_interface\MXTmpFiles\license.tmp_save
2025-06-16 12:39:12,132 [INFO] CodeEngine:287 - Generated code: C:\Users\arumu\STM32CubeIDE\workspace_1.18.1\f_motion_interface\MXTmpFiles\license.tmp
2025-06-16 12:39:12,321 [INFO] CodeEngine:263 - oldGeneratedFile, C:\Users\arumu\STM32CubeIDE\workspace_1.18.1\f_motion_interface\MXTmpFiles\gpio.tmp_save
2025-06-16 12:39:12,682 [INFO] CodeEngine:287 - Generated code: C:\Users\arumu\STM32CubeIDE\workspace_1.18.1\f_motion_interface\MXTmpFiles\gpio.tmp
2025-06-16 12:39:12,945 [INFO] CodeEngine:263 - oldGeneratedFile, C:\Users\arumu\STM32CubeIDE\workspace_1.18.1\f_motion_interface\Core\Src\stm32f4xx_it.c_save
2025-06-16 12:39:13,158 [INFO] ThirdPartyModel:316 - End build external matchings
2025-06-16 12:39:13,187 [INFO] CheckServerUpdateThread:120 - End of CheckServer Thread
2025-06-16 12:39:13,651 [INFO] CodeEngine:287 - Generated code: C:\Users\arumu\STM32CubeIDE\workspace_1.18.1\f_motion_interface\Core\Src\stm32f4xx_it.c
2025-06-16 12:39:13,671 [INFO] CodeEngine:263 - oldGeneratedFile, C:\Users\arumu\STM32CubeIDE\workspace_1.18.1\f_motion_interface\Core\Inc\stm32f4xx_it.h_save
2025-06-16 12:39:13,850 [INFO] CodeEngine:287 - Generated code: C:\Users\arumu\STM32CubeIDE\workspace_1.18.1\f_motion_interface\Core\Inc\stm32f4xx_it.h
2025-06-16 12:39:13,887 [INFO] CodeEngine:263 - oldGeneratedFile, C:\Users\arumu\STM32CubeIDE\workspace_1.18.1\f_motion_interface\Core\Src\stm32f4xx_hal_msp.c_save
2025-06-16 12:39:14,186 [INFO] CodeEngine:287 - Generated code: C:\Users\arumu\STM32CubeIDE\workspace_1.18.1\f_motion_interface\Core\Src\stm32f4xx_hal_msp.c
2025-06-16 12:39:14,202 [INFO] CodeEngine:263 - oldGeneratedFile, C:\Users\arumu\STM32CubeIDE\workspace_1.18.1\f_motion_interface\MXTmpFiles\system.tmp_save
2025-06-16 12:39:14,357 [INFO] CodeEngine:287 - Generated code: C:\Users\arumu\STM32CubeIDE\workspace_1.18.1\f_motion_interface\MXTmpFiles\system.tmp
2025-06-16 12:39:14,385 [INFO] CodeEngine:319 - oldGeneratedFile, C:\Users\arumu\STM32CubeIDE\workspace_1.18.1\f_motion_interface\Core\Inc\stm32f4xx_hal_conf.h_save
2025-06-16 12:39:14,556 [INFO] CodeEngine:343 - Generated code: C:\Users\arumu\STM32CubeIDE\workspace_1.18.1\f_motion_interface\Core\Inc\stm32f4xx_hal_conf.h
2025-06-16 12:39:14,637 [INFO] ApiDbMcu:508 - Load IP Config File for USART2
2025-06-16 12:39:14,650 [INFO] ApiDbMcu:508 - Load IP Config File for RCC
2025-06-16 12:39:14,672 [INFO] CodeEngine:263 - oldGeneratedFile, C:\Users\arumu\STM32CubeIDE\workspace_1.18.1\f_motion_interface\Core\Inc\main.h_save
2025-06-16 12:39:14,887 [INFO] CodeEngine:287 - Generated code: C:\Users\arumu\STM32CubeIDE\workspace_1.18.1\f_motion_interface\Core\Inc\main.h
2025-06-16 12:39:14,902 [INFO] CodeEngine:263 - oldGeneratedFile, C:\Users\arumu\STM32CubeIDE\workspace_1.18.1\f_motion_interface\Core\Src\main.c_save
2025-06-16 12:39:15,138 [INFO] CodeEngine:287 - Generated code: C:\Users\arumu\STM32CubeIDE\workspace_1.18.1\f_motion_interface\Core\Src\main.c
2025-06-16 12:39:16,175 [INFO] ProjectBuilder:3324 - Time for Copy HAL[1] : 450mS.
2025-06-16 12:39:16,187 [INFO] ProjectBuilder:4912 - Project Generator version: 4.6.0.1-B1
2025-06-16 12:39:16,383 [INFO] ConfigFileManager:1590 - The Die is : DIE431
2025-06-16 12:39:16,393 [INFO] ApiDbMcu:508 - Load IP Config File for FATFS
2025-06-16 12:39:16,408 [INFO] ApiDbMcu:508 - Load IP Config File for FREERTOS
2025-06-16 12:39:16,416 [INFO] ApiDbMcu:508 - Load IP Config File for LIBJPEG
2025-06-16 12:39:16,444 [INFO] ApiDbMcu:508 - Load IP Config File for MBEDTLS
2025-06-16 12:39:16,461 [INFO] ApiDbMcu:508 - Load IP Config File for USB_DEVICE
2025-06-16 12:39:16,469 [INFO] ApiDbMcu:508 - Load IP Config File for USB_HOST
2025-06-16 12:39:23,082 [INFO] ProjectBuilder:5191 - Time for Generating toolchain IDE Files: 6897mS.
2025-06-16 12:39:23,085 [INFO] ProjectBuilder:3181 - Time for Copy CMSIS : 1mS.
2025-06-16 12:39:23,093 [INFO] ProjectBuilder:3181 - Time for Copy CMSIS : 2mS.
2025-06-16 12:39:24,863 [INFO] McuFinderGlobals:76 - Set McuFinderConnectedMode to true
2025-06-16 12:39:24,882 [INFO] ApiDb:448 - Save user favorites file C:\Users\arumu/.stm32cubeide/favorites.mcus.txt: 0 item(s)
2025-06-16 12:39:24,882 [INFO] ApiDb:452 - User favorites MCUs=[]
2025-06-16 12:39:24,891 [INFO] ApiDb:448 - Save user favorites file C:\Users\arumu/.stm32cubeide/favorites.boards.txt: 0 item(s)
2025-06-16 12:39:24,892 [INFO] ApiDb:452 - User favorites Boards=[]
2025-06-16 13:06:57,572 [INFO] WebApp:194 - Connection lost
2025-06-16 14:05:19,766 [INFO] WebApp:191 - Connection restablished
2025-06-16 14:05:21,345 [INFO] WebApp:194 - Connection lost
2025-06-16 14:05:21,583 [INFO] WebApp:191 - Connection restablished
2025-06-16 14:05:24,442 [INFO] WebApp:194 - Connection lost
2025-06-16 14:05:24,837 [INFO] WebApp:191 - Connection restablished
2025-06-16 14:07:10,736 [INFO] WebApp:194 - Connection lost
2025-06-16 14:07:11,119 [INFO] WebApp:191 - Connection restablished
2025-06-16 14:42:24,120 [INFO] WebApp:194 - Connection lost
2025-06-16 14:42:24,963 [INFO] WebApp:191 - Connection restablished
2025-06-16 14:42:26,798 [INFO] WebApp:194 - Connection lost
2025-06-16 14:42:27,034 [INFO] WebApp:191 - Connection restablished
2025-06-16 14:47:54,235 [INFO] WebApp:194 - Connection lost
2025-06-16 14:47:54,784 [INFO] WebApp:191 - Connection restablished
2025-06-16 14:48:18,471 [INFO] WebApp:194 - Connection lost
2025-06-16 14:48:19,061 [INFO] WebApp:191 - Connection restablished
2025-06-16 14:48:20,644 [INFO] WebApp:194 - Connection lost
2025-06-16 14:48:20,977 [INFO] WebApp:191 - Connection restablished
2025-06-16 14:48:23,871 [INFO] WebApp:194 - Connection lost
2025-06-16 14:48:24,171 [INFO] WebApp:191 - Connection restablished
2025-06-16 16:02:37,545 [INFO] WebApp:194 - Connection lost
2025-06-16 16:02:41,382 [INFO] WebApp:191 - Connection restablished
2025-06-16 16:02:43,215 [INFO] WebApp:194 - Connection lost
2025-06-16 16:02:44,011 [INFO] WebApp:191 - Connection restablished
2025-06-16 16:27:18,241 [INFO] WebApp:194 - Connection lost
2025-06-16 16:27:31,486 [INFO] WebApp:191 - Connection restablished
2025-06-16 16:41:19,312 [ERROR] LogOutputStream:75 - [STDERR_REDIRECT] 
