2025-06-12 10:33:12,835 [INFO] Activator:176 - 


2025-06-12 10:33:12,842 [INFO] Activator:177 - !SESSION log4j initialized
2025-06-12 10:33:19,578 [INFO] LogOutputStream:77 - [STDOUT_REDIRECT] 
2025-06-12 10:33:20,984 [INFO] ApplicationProperties:184 - Using Application install path: C:\ST\STM32CubeIDE_1.18.1\STM32CubeIDE\plugins\com.st.stm32cube.common.mx_6.14.1.202504091515
2025-06-12 10:33:21,004 [INFO] DbMcusXml:78 - Set database path to: C:\ST\STM32CubeIDE_1.18.1\STM32CubeIDE\plugins\com.st.stm32cube.common.mx_6.14.1.202504091515\\db\/mcu/
2025-06-12 10:33:21,004 [INFO] ApiDb:274 - Set plugin database path to: C:\ST\STM32CubeIDE_1.18.1\STM32CubeIDE\plugins\com.st.stm32cube.common.mx_6.14.1.202504091515\\db\/plugins/boardmanager/
2025-06-12 10:33:21,005 [WARN] ApiDb:259 - Overriding images path with different value:  => C:\ST\STM32CubeIDE_1.18.1\STM32CubeIDE\plugins\com.st.stm32cube.common.mx_6.14.1.202504091515\\db\/plugins/mcufinder/images/
2025-06-12 10:33:21,017 [INFO] ApiDb:250 - Set database path to: C:\Users\arumu\.stmcufinder\plugins\mcufinder//mcu/
2025-06-12 10:33:21,019 [INFO] DbMcusAds:125 - Set database path to: C:\Users\arumu\.stmcufinder\plugins\mcufinder//mcu/
2025-06-12 10:33:21,021 [INFO] CrossReferenceDbSqlite:203 - Set database path to: C:\Users\arumu\.stmcufinder\plugins\mcufinder//mcu/cs/
2025-06-12 10:33:21,144 [INFO] RulesReader:64 - Compatibility file has been processed (302 Rules)
2025-06-12 10:33:21,237 [INFO] DbMcusXml:78 - Set database path to: C:\ST\STM32CubeIDE_1.18.1\STM32CubeIDE\plugins\com.st.stm32cube.common.mx_6.14.1.202504091515\\db\/mcu/
2025-06-12 10:33:21,237 [INFO] ApiDb:274 - Set plugin database path to: C:\ST\STM32CubeIDE_1.18.1\STM32CubeIDE\plugins\com.st.stm32cube.common.mx_6.14.1.202504091515\\db\/plugins/boardmanager/
2025-06-12 10:33:21,237 [INFO] ApiDb:261 - Set plugin images path to: C:\ST\STM32CubeIDE_1.18.1\STM32CubeIDE\plugins\com.st.stm32cube.common.mx_6.14.1.202504091515\\db\/plugins/mcufinder/images/
2025-06-12 10:33:21,237 [WARN] DbFile:41 - Overriding database path with different value: C:\Users\arumu\.stmcufinder\plugins\mcufinder/ => C:\Users\arumu\.stmcufinder\plugins\mcufinder
2025-06-12 10:33:21,237 [INFO] ApiDb:250 - Set database path to: C:\Users\arumu\.stmcufinder\plugins\mcufinder//mcu/
2025-06-12 10:33:21,237 [WARN] DbFile:41 - Overriding database path with different value: C:\Users\arumu\.stmcufinder\plugins\mcufinder/ => C:\Users\arumu\.stmcufinder\plugins\mcufinder
2025-06-12 10:33:21,237 [INFO] DbMcusAds:125 - Set database path to: C:\Users\arumu\.stmcufinder\plugins\mcufinder//mcu/
2025-06-12 10:33:21,238 [WARN] DbFile:41 - Overriding database path with different value: C:\Users\arumu\.stmcufinder\plugins\mcufinder/ => C:\Users\arumu\.stmcufinder\plugins\mcufinder
2025-06-12 10:33:21,238 [WARN] DbFile:41 - Overriding database path with different value: C:\Users\arumu\.stmcufinder\plugins\mcufinder/ => C:\Users\arumu\.stmcufinder\plugins\mcufinder
2025-06-12 10:33:21,238 [INFO] CrossReferenceDbSqlite:203 - Set database path to: C:\Users\arumu\.stmcufinder\plugins\mcufinder//mcu/cs/
2025-06-12 10:33:21,325 [INFO] MainPanel:272 - HeapMemory: 268435456
2025-06-12 10:33:21,455 [INFO] DbMcusXml:78 - Set database path to: C:\ST\STM32CubeIDE_1.18.1\STM32CubeIDE\plugins\com.st.stm32cube.common.mx_6.14.1.202504091515\\db\/mcu/
2025-06-12 10:33:21,455 [INFO] ApiDb:274 - Set plugin database path to: C:\ST\STM32CubeIDE_1.18.1\STM32CubeIDE\plugins\com.st.stm32cube.common.mx_6.14.1.202504091515\\db\/plugins/boardmanager/
2025-06-12 10:33:21,456 [INFO] ApiDb:261 - Set plugin images path to: C:\ST\STM32CubeIDE_1.18.1\STM32CubeIDE\plugins\com.st.stm32cube.common.mx_6.14.1.202504091515\\db\/plugins/mcufinder/images/
2025-06-12 10:33:21,456 [WARN] DbFile:41 - Overriding database path with different value: C:\Users\arumu\.stmcufinder\plugins\mcufinder/ => C:\Users\arumu\.stmcufinder\plugins\mcufinder
2025-06-12 10:33:21,456 [INFO] ApiDb:250 - Set database path to: C:\Users\arumu\.stmcufinder\plugins\mcufinder//mcu/
2025-06-12 10:33:21,456 [WARN] DbFile:41 - Overriding database path with different value: C:\Users\arumu\.stmcufinder\plugins\mcufinder/ => C:\Users\arumu\.stmcufinder\plugins\mcufinder
2025-06-12 10:33:21,456 [INFO] DbMcusAds:125 - Set database path to: C:\Users\arumu\.stmcufinder\plugins\mcufinder//mcu/
2025-06-12 10:33:21,457 [WARN] DbFile:41 - Overriding database path with different value: C:\Users\arumu\.stmcufinder\plugins\mcufinder/ => C:\Users\arumu\.stmcufinder\plugins\mcufinder
2025-06-12 10:33:21,457 [WARN] DbFile:41 - Overriding database path with different value: C:\Users\arumu\.stmcufinder\plugins\mcufinder/ => C:\Users\arumu\.stmcufinder\plugins\mcufinder
2025-06-12 10:33:21,457 [INFO] CrossReferenceDbSqlite:203 - Set database path to: C:\Users\arumu\.stmcufinder\plugins\mcufinder//mcu/cs/
2025-06-12 10:33:21,479 [INFO] ApplicationProperties:184 - Using Application install path: C:\ST\STM32CubeIDE_1.18.1\STM32CubeIDE\plugins\com.st.stm32cube.common.mx_6.14.1.202504091515
2025-06-12 10:33:21,481 [INFO] PluginManage:196 - Search for loadable plugins [exclusion list=, ]
2025-06-12 10:33:21,483 [INFO] PluginManage:310 - Check plugin analytics
2025-06-12 10:33:21,676 [INFO] AnalyticsPlugin:253 - Accepted Software Licenses: 
2025-06-12 10:33:21,676 [INFO] AnalyticsPlugin:255 - Accepted CMSIS Pack Licenses: 
2025-06-12 10:33:21,677 [INFO] AnalyticsPlugin:257 - Accepted Firmware Licenses: FW.L4.1.18.0
2025-06-12 10:33:21,681 [INFO] PluginManage:359 - Loaded plugin analytics (category:tool,tabindex:-1)
2025-06-12 10:33:21,681 [INFO] PluginManage:310 - Check plugin cadmodel
2025-06-12 10:33:21,690 [INFO] CADModel:105 - Init CAD model plugin
2025-06-12 10:33:21,690 [INFO] PluginManage:359 - Loaded plugin cadmodel (category:power,tabindex:5)
2025-06-12 10:33:21,690 [INFO] PluginManage:310 - Check plugin clock
2025-06-12 10:33:21,703 [INFO] PluginManage:359 - Loaded plugin clock (category:base,tabindex:2)
2025-06-12 10:33:21,703 [INFO] PluginManage:310 - Check plugin ddr
2025-06-12 10:33:21,707 [INFO] PluginManage:359 - Loaded plugin ddr (category:tool,tabindex:6)
2025-06-12 10:33:21,707 [INFO] PluginManage:310 - Check plugin filemanager
2025-06-12 10:33:21,881 [INFO] PluginManage:359 - Loaded plugin filemanager (category:base,tabindex:10)
2025-06-12 10:33:21,881 [INFO] PluginManage:310 - Check plugin ipmanager
2025-06-12 10:33:21,890 [INFO] PluginManage:359 - Loaded plugin ipmanager (category:base,tabindex:5)
2025-06-12 10:33:21,890 [INFO] PluginManage:310 - Check plugin lpbam
2025-06-12 10:33:21,899 [INFO] PluginManage:359 - Loaded plugin lpbam (category:base,tabindex:0)
2025-06-12 10:33:21,899 [INFO] PluginManage:310 - Check plugin memorymap
2025-06-12 10:33:21,917 [INFO] PluginManage:359 - Loaded plugin memorymap (category:base,tabindex:4)
2025-06-12 10:33:21,917 [INFO] PluginManage:310 - Check plugin pinoutandconfiguration
2025-06-12 10:33:21,929 [INFO] PluginManage:359 - Loaded plugin pinoutandconfiguration (category:base,tabindex:1)
2025-06-12 10:33:21,929 [INFO] PluginManage:310 - Check plugin pinoutconfig
2025-06-12 10:33:22,026 [WARN] SupportedApi:132 - Cannot load RTOS API schema: s4s-elt-must-match.1: The content of 'definitions' must match (annotation?, (simpleType | complexType)?, (unique | key | keyref)*)). A problem was found starting at: attribute.
2025-06-12 10:33:22,232 [INFO] PluginManage:359 - Loaded plugin pinoutconfig (category:base,tabindex:0)
2025-06-12 10:33:22,232 [INFO] PluginManage:310 - Check plugin power
2025-06-12 10:33:22,248 [INFO] PluginManage:359 - Loaded plugin power (category:power,tabindex:4)
2025-06-12 10:33:22,248 [INFO] PluginManage:310 - Check plugin projectmanager
2025-06-12 10:33:22,270 [INFO] PluginManage:359 - Loaded plugin projectmanager (category:projectmanager,tabindex:4)
2025-06-12 10:33:22,271 [INFO] PluginManage:310 - Check plugin rif
2025-06-12 10:33:22,285 [INFO] PluginManage:359 - Loaded plugin rif (category:base,tabindex:3)
2025-06-12 10:33:22,286 [INFO] PluginManage:310 - Check plugin thirdparty
2025-06-12 10:33:22,441 [INFO] PluginManage:359 - Loaded plugin thirdparty (category:base,tabindex:-1)
2025-06-12 10:33:22,441 [WARN] IntegrityCheckThread:84 - waiting for thirdparty lock release [integrity check]
2025-06-12 10:33:22,441 [INFO] PluginManage:310 - Check plugin tools
2025-06-12 10:33:22,441 [INFO] IntegrityCheckThread:86 - entering critical section [integrity check]
2025-06-12 10:33:22,442 [INFO] ThirdPartyUpdaterWithRetryManager:70 - Updater plugin not ready yet. [1/15]
2025-06-12 10:33:22,445 [INFO] PluginManage:359 - Loaded plugin tools (category:base,tabindex:7)
2025-06-12 10:33:22,445 [INFO] PluginManage:310 - Check plugin tutovideos
2025-06-12 10:33:22,677 [INFO] PluginManage:359 - Loaded plugin tutovideos (category:base,tabindex:-1)
2025-06-12 10:33:22,677 [INFO] PluginManage:310 - Check plugin updater
2025-06-12 10:33:22,701 [INFO] PluginManage:359 - Loaded plugin updater (category:base,tabindex:12)
2025-06-12 10:33:22,701 [INFO] PluginManage:310 - Check plugin userauth
2025-06-12 10:33:22,704 [INFO] UserAuth:118 - Init User Auth plugin
2025-06-12 10:33:22,705 [INFO] PluginManage:359 - Loaded plugin userauth (category:base,tabindex:14)
2025-06-12 10:33:22,706 [INFO] PluginManage:283 - PluginManage : Loaded plugins [18]
2025-06-12 10:33:22,933 [INFO] PinOutPanel:1589 - setPackage(No Configuration,No Configuration)
2025-06-12 10:33:23,032 [INFO] CADModel:165 - CPN selected for project level
2025-06-12 10:33:23,032 [INFO] CADModel:114 - Register for checkConnection events
2025-06-12 10:33:23,052 [INFO] IPUIPlugin:80 - create IPUIPlugin
2025-06-12 10:33:23,052 [INFO] PluginManager:220 - loadIPPluginJar : add adc
2025-06-12 10:33:23,056 [INFO] IPUIPlugin:80 - create IPUIPlugin
2025-06-12 10:33:23,056 [INFO] PluginManager:220 - loadIPPluginJar : add aes
2025-06-12 10:33:23,058 [INFO] IPUIPlugin:80 - create IPUIPlugin
2025-06-12 10:33:23,058 [INFO] PluginManager:220 - loadIPPluginJar : add can
2025-06-12 10:33:23,060 [INFO] IPUIPlugin:80 - create IPUIPlugin
2025-06-12 10:33:23,060 [INFO] PluginManager:220 - loadIPPluginJar : add comp
2025-06-12 10:33:23,063 [INFO] IPUIPlugin:80 - create IPUIPlugin
2025-06-12 10:33:23,063 [INFO] PluginManager:220 - loadIPPluginJar : add cryp
2025-06-12 10:33:23,067 [INFO] IPUIPlugin:80 - create IPUIPlugin
2025-06-12 10:33:23,067 [INFO] PluginManager:220 - loadIPPluginJar : add ddr_ctrl_phy
2025-06-12 10:33:23,071 [INFO] IPUIPlugin:80 - create IPUIPlugin
2025-06-12 10:33:23,071 [INFO] PluginManager:220 - loadIPPluginJar : add dfsdm
2025-06-12 10:33:23,077 [INFO] IPUIPlugin:80 - create IPUIPlugin
2025-06-12 10:33:23,077 [INFO] PluginManager:220 - loadIPPluginJar : add dma
2025-06-12 10:33:23,081 [INFO] IPUIPlugin:80 - create IPUIPlugin
2025-06-12 10:33:23,081 [INFO] PluginManager:220 - loadIPPluginJar : add dma3
2025-06-12 10:33:23,083 [INFO] IPUIPlugin:80 - create IPUIPlugin
2025-06-12 10:33:23,083 [INFO] PluginManager:220 - loadIPPluginJar : add extmemmanager
2025-06-12 10:33:23,085 [INFO] IPUIPlugin:80 - create IPUIPlugin
2025-06-12 10:33:23,085 [INFO] PluginManager:220 - loadIPPluginJar : add fatfs
2025-06-12 10:33:23,089 [INFO] IPUIPlugin:80 - create IPUIPlugin
2025-06-12 10:33:23,090 [INFO] PluginManager:220 - loadIPPluginJar : add fmc
2025-06-12 10:33:23,097 [INFO] IPUIPlugin:80 - create IPUIPlugin
2025-06-12 10:33:23,098 [INFO] PluginManager:220 - loadIPPluginJar : add freertos
2025-06-12 10:33:23,100 [INFO] IPUIPlugin:80 - create IPUIPlugin
2025-06-12 10:33:23,100 [INFO] PluginManager:220 - loadIPPluginJar : add genericplugin
2025-06-12 10:33:23,103 [INFO] IPUIPlugin:80 - create IPUIPlugin
2025-06-12 10:33:23,103 [INFO] PluginManager:220 - loadIPPluginJar : add gfxmmu
2025-06-12 10:33:23,107 [INFO] IPUIPlugin:80 - create IPUIPlugin
2025-06-12 10:33:23,107 [INFO] PluginManager:220 - loadIPPluginJar : add gic
2025-06-12 10:33:23,111 [INFO] IPUIPlugin:80 - create IPUIPlugin
2025-06-12 10:33:23,111 [INFO] PluginManager:220 - loadIPPluginJar : add gpio
2025-06-12 10:33:23,113 [INFO] IPUIPlugin:80 - create IPUIPlugin
2025-06-12 10:33:23,114 [INFO] PluginManager:220 - loadIPPluginJar : add gtzc
2025-06-12 10:33:23,117 [INFO] IPUIPlugin:80 - create IPUIPlugin
2025-06-12 10:33:23,117 [INFO] PluginManager:220 - loadIPPluginJar : add hash
2025-06-12 10:33:23,120 [INFO] IPUIPlugin:80 - create IPUIPlugin
2025-06-12 10:33:23,120 [INFO] PluginManager:220 - loadIPPluginJar : add i2c
2025-06-12 10:33:23,122 [INFO] IPUIPlugin:80 - create IPUIPlugin
2025-06-12 10:33:23,122 [INFO] PluginManager:220 - loadIPPluginJar : add i2s
2025-06-12 10:33:23,125 [INFO] IPUIPlugin:80 - create IPUIPlugin
2025-06-12 10:33:23,125 [INFO] PluginManager:220 - loadIPPluginJar : add i3c
2025-06-12 10:33:23,129 [INFO] IPUIPlugin:80 - create IPUIPlugin
2025-06-12 10:33:23,129 [INFO] PluginManager:220 - loadIPPluginJar : add ipddr
2025-06-12 10:33:23,135 [INFO] IPUIPlugin:80 - create IPUIPlugin
2025-06-12 10:33:23,136 [INFO] PluginManager:220 - loadIPPluginJar : add linkedlist
2025-06-12 10:33:23,138 [INFO] IPUIPlugin:80 - create IPUIPlugin
2025-06-12 10:33:23,138 [INFO] PluginManager:220 - loadIPPluginJar : add lorawan
2025-06-12 10:33:23,140 [INFO] IPUIPlugin:80 - create IPUIPlugin
2025-06-12 10:33:23,141 [INFO] PluginManager:220 - loadIPPluginJar : add ltdc
2025-06-12 10:33:23,147 [INFO] IPUIPlugin:80 - create IPUIPlugin
2025-06-12 10:33:23,147 [INFO] PluginManager:220 - loadIPPluginJar : add mdma
2025-06-12 10:33:23,150 [INFO] IPUIPlugin:80 - create IPUIPlugin
2025-06-12 10:33:23,152 [INFO] PluginManager:220 - loadIPPluginJar : add nvic
2025-06-12 10:33:23,155 [INFO] IPUIPlugin:80 - create IPUIPlugin
2025-06-12 10:33:23,155 [INFO] PluginManager:220 - loadIPPluginJar : add opamp
2025-06-12 10:33:23,159 [INFO] IPUIPlugin:80 - create IPUIPlugin
2025-06-12 10:33:23,159 [INFO] PluginManager:220 - loadIPPluginJar : add openamp
2025-06-12 10:33:23,163 [INFO] IPUIPlugin:80 - create IPUIPlugin
2025-06-12 10:33:23,163 [INFO] PluginManager:220 - loadIPPluginJar : add pdm2pcm
2025-06-12 10:33:23,170 [INFO] IPUIPlugin:80 - create IPUIPlugin
2025-06-12 10:33:23,172 [INFO] PluginManager:220 - loadIPPluginJar : add plateformsettings
2025-06-12 10:33:23,174 [INFO] IPUIPlugin:80 - create IPUIPlugin
2025-06-12 10:33:23,174 [INFO] PluginManager:220 - loadIPPluginJar : add quadspi
2025-06-12 10:33:23,178 [INFO] IPUIPlugin:80 - create IPUIPlugin
2025-06-12 10:33:23,179 [INFO] PluginManager:220 - loadIPPluginJar : add radio
2025-06-12 10:33:23,184 [INFO] IPUIPlugin:80 - create IPUIPlugin
2025-06-12 10:33:23,184 [INFO] PluginManager:220 - loadIPPluginJar : add resmgrutility
2025-06-12 10:33:23,188 [INFO] IPUIPlugin:80 - create IPUIPlugin
2025-06-12 10:33:23,188 [INFO] PluginManager:220 - loadIPPluginJar : add sai
2025-06-12 10:33:23,191 [INFO] IPUIPlugin:80 - create IPUIPlugin
2025-06-12 10:33:23,192 [INFO] PluginManager:220 - loadIPPluginJar : add spi
2025-06-12 10:33:23,198 [INFO] IPUIPlugin:80 - create IPUIPlugin
2025-06-12 10:33:23,198 [INFO] PluginManager:220 - loadIPPluginJar : add stm32_wpan
2025-06-12 10:33:23,201 [INFO] IPUIPlugin:80 - create IPUIPlugin
2025-06-12 10:33:23,201 [INFO] PluginManager:220 - loadIPPluginJar : add tim
2025-06-12 10:33:23,204 [INFO] IPUIPlugin:80 - create IPUIPlugin
2025-06-12 10:33:23,205 [INFO] PluginManager:220 - loadIPPluginJar : add touchsensing
2025-06-12 10:33:23,208 [INFO] IPUIPlugin:80 - create IPUIPlugin
2025-06-12 10:33:23,208 [INFO] PluginManager:220 - loadIPPluginJar : add tracer_emb
2025-06-12 10:33:23,211 [INFO] IPUIPlugin:80 - create IPUIPlugin
2025-06-12 10:33:23,211 [INFO] PluginManager:220 - loadIPPluginJar : add ts
2025-06-12 10:33:23,213 [INFO] IPUIPlugin:80 - create IPUIPlugin
2025-06-12 10:33:23,213 [INFO] PluginManager:220 - loadIPPluginJar : add tsc
2025-06-12 10:33:23,214 [INFO] IPUIPlugin:80 - create IPUIPlugin
2025-06-12 10:33:23,215 [INFO] PluginManager:220 - loadIPPluginJar : add ucpd
2025-06-12 10:33:23,218 [INFO] IPUIPlugin:80 - create IPUIPlugin
2025-06-12 10:33:23,218 [INFO] PluginManager:220 - loadIPPluginJar : add usart
2025-06-12 10:33:23,222 [INFO] IPUIPlugin:80 - create IPUIPlugin
2025-06-12 10:33:23,222 [INFO] PluginManager:220 - loadIPPluginJar : add usbx
2025-06-12 10:33:23,356 [FATAL] Updater:351 - Updater called before beeing initialized
2025-06-12 10:33:23,383 [INFO] RulesReader:64 - Compatibility file has been processed (302 Rules)
2025-06-12 10:33:23,395 [INFO] RulesReader:64 - Compatibility file has been processed (302 Rules)
2025-06-12 10:33:23,402 [INFO] CADModel:165 - CPN selected for project level
2025-06-12 10:33:23,402 [INFO] CADModel:114 - Register for checkConnection events
2025-06-12 10:33:23,402 [FATAL] Updater:351 - Updater called before beeing initialized
2025-06-12 10:33:23,402 [ERROR] CADModel:125 - Updater not yet initialized, retry later 
2025-06-12 10:33:23,577 [FATAL] Updater:351 - Updater called before beeing initialized
2025-06-12 10:33:23,579 [INFO] CADModel:165 - CPN selected for project level
2025-06-12 10:33:23,579 [INFO] CADModel:114 - Register for checkConnection events
2025-06-12 10:33:23,579 [FATAL] Updater:351 - Updater called before beeing initialized
2025-06-12 10:33:23,580 [ERROR] CADModel:125 - Updater not yet initialized, retry later 
2025-06-12 10:33:23,584 [FATAL] Updater:351 - Updater called before beeing initialized
2025-06-12 10:33:23,697 [FATAL] Updater:351 - Updater called before beeing initialized
2025-06-12 10:33:23,701 [INFO] DbMcusAds:53 - JSON generation date=Wed May 07 14:37:55 IST 2025 (1746608875484)
2025-06-12 10:33:23,701 [FATAL] Updater:351 - Updater called before beeing initialized
2025-06-12 10:33:23,744 [WARN] DetailPanel:346 - Failed to get advertising image, set to default
2025-06-12 10:33:24,002 [FATAL] Updater:351 - Updater called before beeing initialized
2025-06-12 10:33:24,005 [FATAL] Updater:351 - Updater called before beeing initialized
2025-06-12 10:33:24,005 [FATAL] Updater:351 - Updater called before beeing initialized
2025-06-12 10:33:24,005 [WARN] DetailPanel:346 - Failed to get advertising image, set to default
2025-06-12 10:33:24,006 [FATAL] Updater:351 - Updater called before beeing initialized
2025-06-12 10:33:24,064 [ERROR] Updater:1198 - MainUpdater not yet initialized. External WinMGr cannot be set.
2025-06-12 10:33:24,066 [INFO] Updater:1134 - Updater Version found : 6.14.1
2025-06-12 10:33:24,087 [INFO] ApplicationProperties:184 - Using Application install path: C:\ST\STM32CubeIDE_1.18.1\STM32CubeIDE\plugins\com.st.stm32cube.common.mx_6.14.1.202504091515
2025-06-12 10:33:25,449 [INFO] ThirdPartyUpdaterWithRetryManager:70 - Updater plugin not ready yet. [2/15]
2025-06-12 10:33:25,697 [ERROR] LogOutputStream:75 - [STDERR_REDIRECT] Jun 12, 2025 10:33:25 AM java.util.prefs.WindowsPreferences <init>
2025-06-12 10:33:25,700 [ERROR] LogOutputStream:75 - [STDERR_REDIRECT] WARNING: Could not open/create prefs root node Software\JavaSoft\Prefs at root 0xffffffff80000002. Windows RegCreateKeyEx(...) returned error code 5.
2025-06-12 10:33:25,701 [ERROR] LogOutputStream:75 - [STDERR_REDIRECT] 
2025-06-12 10:33:26,281 [INFO] MainUpdater:2872 - connection check result : 10
2025-06-12 10:33:26,282 [INFO] MainUpdater:289 - Updater Check For Update Now.
2025-06-12 10:33:26,282 [INFO] MicroXplorer:498 - Change Database Version : DB.6.0.141
2025-06-12 10:33:26,309 [INFO] McuFinderGlobals:63 - Set McuFinder mode to 2 (CubeIDE integrated)
2025-06-12 10:33:26,314 [INFO] UserAuth:484 - Internet connection configuration mode: 1
2025-06-12 10:33:26,356 [INFO] JxBrowserEngine:152 - Initiate JxBrowser Engine with user profile folder
2025-06-12 10:33:26,577 [INFO] CheckServerUpdateThread:120 - End of CheckServer Thread
2025-06-12 10:33:28,948 [WARN] PackLoader:240 - Cannot read IP mode file for STMicroelectronics.FP-SNS-MOTENVWB1.1.4.0
2025-06-12 10:33:28,966 [WARN] PackLoader:240 - Cannot read IP mode file for STMicroelectronics.FP-ATR-ASTRA1.2.0.2
2025-06-12 10:33:28,977 [WARN] PackLoader:240 - Cannot read IP mode file for STMicroelectronics.X-CUBE-SMBUS.2.1.0
2025-06-12 10:33:28,985 [WARN] PackLoader:240 - Cannot read IP mode file for STMicroelectronics.X-CUBE-ST60.1.0.0
2025-06-12 10:33:29,039 [WARN] PackLoader:240 - Cannot read IP mode file for STMicroelectronics.X-CUBE-AZRTOS-F7.1.1.0
2025-06-12 10:33:29,086 [WARN] PackLoader:240 - Cannot read IP mode file for Infineon.AIROC-Wi-Fi-Bluetooth-STM32.1.7.0
2025-06-12 10:33:29,098 [WARN] PackLoader:240 - Cannot read IP mode file for STMicroelectronics.X-CUBE-DISPLAY.3.0.0
2025-06-12 10:33:29,122 [WARN] PackLoader:240 - Cannot read IP mode file for STMicroelectronics.X-CUBE-NFC10.1.0.0
2025-06-12 10:33:29,148 [WARN] PackLoader:240 - Cannot read IP mode file for STMicroelectronics.X-CUBE-BLEMGR.4.0.0
2025-06-12 10:33:29,174 [WARN] PackLoader:240 - Cannot read IP mode file for emotas.I-CUBE-CANOPEN.1.3.0
2025-06-12 10:33:29,190 [WARN] ConditionMgr:438 - getConditionDescription Invalid condition id : Cortex-A Device cause : null
2025-06-12 10:33:29,217 [WARN] ConditionMgr:1044 - genDependencies : Invalid condition id : Cortex-A Device cause : null
2025-06-12 10:33:29,217 [WARN] ConditionMgr:1044 - genDependencies : Invalid condition id : Cortex-A Device cause : null
2025-06-12 10:33:29,217 [WARN] ConditionMgr:1044 - genDependencies : Invalid condition id : Cortex-A Device cause : null
2025-06-12 10:33:29,227 [WARN] PackLoader:240 - Cannot read IP mode file for STMicroelectronics.FP-SNS-SMARTAG2.1.2.0
2025-06-12 10:33:29,238 [WARN] PackLoader:240 - Cannot read IP mode file for STMicroelectronics.FP-SNS-FLIGHT1.5.1.0
2025-06-12 10:33:29,262 [INFO] LogOutputStream:77 - [STDOUT_REDIRECT] 1 : Invalid condition id : UX_CORESTACK_Condition cause : null
2025-06-12 10:33:29,263 [INFO] LogOutputStream:77 - [STDOUT_REDIRECT] 1 : Invalid condition id : UX_CORESTACK_Condition cause : null
2025-06-12 10:33:29,265 [INFO] LogOutputStream:77 - [STDOUT_REDIRECT] 1 : Invalid condition id : UX_CORESTACK_Condition cause : null
2025-06-12 10:33:29,265 [INFO] LogOutputStream:77 - [STDOUT_REDIRECT] 1 : Invalid condition id : UX_CORESTACK_Condition cause : null
2025-06-12 10:33:29,269 [INFO] LogOutputStream:77 - [STDOUT_REDIRECT] 1 : Invalid condition id : UX_CORESTACK_Condition cause : null
2025-06-12 10:33:29,274 [WARN] PackLoader:240 - Cannot read IP mode file for STMicroelectronics.X-CUBE-AZRTOS-WL.2.0.0
2025-06-12 10:33:29,284 [WARN] PackLoader:240 - Cannot read IP mode file for STMicroelectronics.FP-SNS-MOTENV1.5.0.0
2025-06-12 10:33:29,295 [WARN] PackLoader:240 - Cannot read IP mode file for WES.I-CUBE-Cesium.1.3.0
2025-06-12 10:33:29,308 [WARN] PackLoader:240 - Cannot read IP mode file for STMicroelectronics.X-CUBE-BLE2.3.3.0
2025-06-12 10:33:29,319 [WARN] PackLoader:240 - Cannot read IP mode file for STMicroelectronics.X-CUBE-NFC9.1.0.0
2025-06-12 10:33:29,321 [WARN] PackLoader:240 - Cannot read IP mode file for wolfSSL.I-CUBE-wolfSSL.5.8.0
2025-06-12 10:33:29,330 [WARN] PackLoader:240 - Cannot read IP mode file for STMicroelectronics.X-CUBE-BLE1.7.1.0
2025-06-12 10:33:29,338 [WARN] PackLoader:240 - Cannot read IP mode file for wolfSSL.I-CUBE-wolfMQTT.1.19.2
2025-06-12 10:33:29,347 [WARN] PackLoader:240 - Cannot read IP mode file for STMicroelectronics.X-CUBE-AI.10.1.0
2025-06-12 10:33:29,385 [WARN] PackLoader:240 - Cannot read IP mode file for STMicroelectronics.X-CUBE-AZRTOS-G0.1.1.0
2025-06-12 10:33:29,404 [WARN] PackLoader:240 - Cannot read IP mode file for STMicroelectronics.X-CUBE-SAFEA1.1.2.2
2025-06-12 10:33:29,417 [WARN] PackLoader:240 - Cannot read IP mode file for STMicroelectronics.X-CUBE-NFC4.3.0.0
2025-06-12 10:33:29,449 [WARN] PackLoader:240 - Cannot read IP mode file for EmbeddedOffice.I-CUBE-FS-RTOS.1.0.1
2025-06-12 10:33:29,471 [WARN] PackLoader:240 - Cannot read IP mode file for STMicroelectronics.X-CUBE-WB05N.2.0.0
2025-06-12 10:33:29,533 [WARN] PackLoader:240 - Cannot read IP mode file for wolfSSL.I-CUBE-wolfTPM.3.8.0
2025-06-12 10:33:29,554 [WARN] PackLoader:240 - Cannot read IP mode file for STMicroelectronics.X-CUBE-TCPP.4.2.0
2025-06-12 10:33:29,569 [WARN] PackLoader:240 - Cannot read IP mode file for RealThread.X-CUBE-RT-Thread_Nano.4.1.1
2025-06-12 10:33:29,580 [WARN] PackLoader:240 - Cannot read IP mode file for STMicroelectronics.FP-ATR-SIGFOX1.3.2.0
2025-06-12 10:33:29,593 [WARN] PackLoader:240 - Cannot read IP mode file for STMicroelectronics.X-CUBE-EEPRMA1.5.1.0
2025-06-12 10:33:29,606 [WARN] PackLoader:240 - Cannot read IP mode file for ITTIA_DB.I-CUBE-ITTIADB.8.9.0
2025-06-12 10:33:29,614 [WARN] PackLoader:240 - Cannot read IP mode file for STMicroelectronics.X-CUBE-ST67W61.1.0.0
2025-06-12 10:33:29,644 [INFO] WebApp:169 - Instantiating new browser for Auth
2025-06-12 10:33:29,655 [WARN] PackLoader:240 - Cannot read IP mode file for SEGGER.I-CUBE-embOS.1.3.1
2025-06-12 10:33:29,734 [WARN] PackLoader:240 - Cannot read IP mode file for STMicroelectronics.X-CUBE-ALGOBUILD.1.4.0
2025-06-12 10:33:29,815 [WARN] PackLoader:240 - Cannot read IP mode file for STMicroelectronics.X-CUBE-MEMS1.11.3.0
2025-06-12 10:33:30,009 [WARN] PackLoader:240 - Cannot read IP mode file for STMicroelectronics.X-CUBE-AZRTOS-F4.1.1.0
2025-06-12 10:33:30,025 [WARN] PackLoader:240 - Cannot read IP mode file for Avnet-IotConnect.X-CUBE-IoTC-DA16k-PMOD.1.0.0
2025-06-12 10:33:30,034 [WARN] PackLoader:240 - Cannot read IP mode file for STMicroelectronics.X-CUBE-ISPU.2.1.0
2025-06-12 10:33:30,059 [WARN] PackLoader:240 - Cannot read IP mode file for STMicroelectronics.X-CUBE-AZRTOS-L5.2.0.0
2025-06-12 10:33:30,081 [WARN] PackLoader:240 - Cannot read IP mode file for STMicroelectronics.X-CUBE-NFC6.3.1.0
2025-06-12 10:33:30,094 [WARN] PackLoader:240 - Cannot read IP mode file for STMicroelectronics.X-CUBE-FREERTOS.1.3.1
2025-06-12 10:33:30,104 [WARN] PackLoader:240 - Cannot read IP mode file for STMicroelectronics.X-CUBE-DPower.1.3.0
2025-06-12 10:33:30,131 [WARN] ConditionMgr:438 - getConditionDescription Invalid condition id : LAN8742 Phy interface Condition cause : null
2025-06-12 10:33:30,134 [WARN] PackLoader:240 - Cannot read IP mode file for STMicroelectronics.X-CUBE-AZRTOS-L4.2.0.0
2025-06-12 10:33:30,134 [WARN] ConditionMgr:1044 - genDependencies : Invalid condition id : LAN8742 Phy interface Condition cause : null
2025-06-12 10:33:30,137 [WARN] ConditionMgr:1044 - genDependencies : Invalid condition id : LAN8742 Phy interface Condition cause : null
2025-06-12 10:33:30,137 [WARN] ConditionMgr:1044 - genDependencies : Invalid condition id : LAN8742 Phy interface Condition cause : null
2025-06-12 10:33:30,151 [WARN] PackLoader:240 - Cannot read IP mode file for STMicroelectronics.X-CUBE-SFXS2LP1.4.0.0
2025-06-12 10:33:30,183 [WARN] PackLoader:240 - Cannot read IP mode file for STMicroelectronics.X-CUBE-AZRTOS-H7.3.3.0
2025-06-12 10:33:30,208 [WARN] ConditionMgr:438 - getConditionDescription Invalid condition id : UX DEVICE CLASS RTOS Condition cause : null
2025-06-12 10:33:30,208 [WARN] ConditionMgr:438 - getConditionDescription Invalid condition id : UX DEVICE CLASS RTOS Condition cause : null
2025-06-12 10:33:30,211 [WARN] PackLoader:240 - Cannot read IP mode file for STMicroelectronics.X-CUBE-AZRTOS-WB.2.0.0
2025-06-12 10:33:30,211 [WARN] ConditionMgr:1044 - genDependencies : Invalid condition id : UX DEVICE CLASS RTOS Condition cause : null
2025-06-12 10:33:30,211 [WARN] ConditionMgr:1044 - genDependencies : Invalid condition id : UX DEVICE CLASS RTOS Condition cause : null
2025-06-12 10:33:30,215 [WARN] ConditionMgr:1044 - genDependencies : Invalid condition id : UX DEVICE CLASS RTOS Condition cause : null
2025-06-12 10:33:30,215 [WARN] ConditionMgr:1044 - genDependencies : Invalid condition id : UX DEVICE CLASS RTOS Condition cause : null
2025-06-12 10:33:30,215 [WARN] ConditionMgr:1044 - genDependencies : Invalid condition id : UX DEVICE CLASS RTOS Condition cause : null
2025-06-12 10:33:30,223 [WARN] PackLoader:240 - Cannot read IP mode file for STMicroelectronics.X-CUBE-GNSS1.7.0.1
2025-06-12 10:33:30,233 [WARN] PackLoader:240 - Cannot read IP mode file for STMicroelectronics.X-CUBE-TOUCHGFX.4.25.0
2025-06-12 10:33:30,243 [WARN] PackLoader:240 - Cannot read IP mode file for STMicroelectronics.FP-SNS-STBOX1.2.0.0
2025-06-12 10:33:30,264 [WARN] PackLoader:240 - Cannot read IP mode file for STMicroelectronics.X-CUBE-SUBG2.5.0.0
2025-06-12 10:33:30,290 [WARN] PackLoader:240 - Cannot read IP mode file for STMicroelectronics.X-CUBE-AZRTOS-H7RS.1.1.0
2025-06-12 10:33:30,302 [WARN] PackLoader:240 - Cannot read IP mode file for Cesanta.I-CUBE-Mongoose.7.13.0
2025-06-12 10:33:30,327 [WARN] PackLoader:240 - Cannot read IP mode file for STMicroelectronics.X-CUBE-AZRTOS-G4.2.0.0
2025-06-12 10:33:30,336 [WARN] PackLoader:240 - Cannot read IP mode file for wolfSSL.I-CUBE-wolfSSH.1.4.20
2025-06-12 10:33:30,340 [WARN] PackLoader:240 - Cannot read IP mode file for STMicroelectronics.X-CUBE-NFC7.2.0.0
2025-06-12 10:33:30,355 [WARN] PackLoader:240 - Cannot read IP mode file for STMicroelectronics.X-CUBE-IPS.3.1.0
2025-06-12 10:33:30,376 [WARN] PackLoader:240 - Cannot read IP mode file for STMicroelectronics.X-CUBE-ALS.1.0.2
2025-06-12 10:33:30,410 [WARN] PackLoader:240 - Cannot read IP mode file for portGmbH.I-Cube-SoM-uGOAL.1.1.0
2025-06-12 10:33:30,433 [WARN] PackLoader:240 - Cannot read IP mode file for STMicroelectronics.X-CUBE-TOF1.3.4.3
2025-06-12 10:33:30,457 [INFO] ThirdParty:978 - Integrity check success = true
2025-06-12 10:33:30,459 [INFO] IntegrityCheckThread:100 - exiting critical section [integrity check]
2025-06-12 10:33:30,459 [INFO] IntegrityCheckThread:103 - End integrity checks thread
2025-06-12 10:33:31,151 [INFO] WebApp:463 - Apply proxy settings
2025-06-12 10:33:31,152 [INFO] WebApp:548 - Chromium requires no authentication
2025-06-12 10:33:31,166 [INFO] WebApp:491 - Direct internet connection detected
2025-06-12 10:33:31,204 [INFO] WebApp:894 - Register for checkConnection events
2025-06-12 10:33:31,204 [INFO] WebApp:463 - Apply proxy settings
2025-06-12 10:33:31,204 [INFO] WebApp:548 - Chromium requires no authentication
2025-06-12 10:33:31,205 [INFO] WebApp:491 - Direct internet connection detected
2025-06-12 10:33:31,469 [INFO] WebApp:225 - Starting web application
2025-06-12 10:33:31,469 [INFO] WebApp:593 - Web application path used C:\ST\STM32CubeIDE_1.18.1\STM32CubeIDE\plugins\com.st.stm32cube.common.mx_6.14.1.202504091515\db\plugins\mcufinder\reactClient1\index.html
2025-06-12 10:33:31,748 [INFO] UserAuth:484 - Internet connection configuration mode: 1
2025-06-12 10:33:32,735 [INFO] WebApp:191 - Connection restablished
2025-06-12 10:36:49,692 [INFO] McuFinderGlobals:63 - Set McuFinder mode to 2 (CubeIDE integrated)
2025-06-12 10:36:49,698 [INFO] MainUpdater:2872 - connection check result : 10
2025-06-12 10:36:50,398 [INFO] ApiDb:581 - Connected to CubeFinder SQLite database (C:\Users\arumu\.stmcufinder\plugins\mcufinder\mcu\cube-finder-db.db)
2025-06-12 10:36:50,594 [INFO] ApiDb:668 - CubeFinder database Data Model version=2.1
2025-06-12 10:36:50,594 [INFO] ApiDb:669 - CubeFinder database Configuration version=3.0.39
2025-06-12 10:36:50,595 [INFO] ApiDb:670 - CubeFinder database generation date=2025-05-20 (1747743314)
2025-06-12 10:36:50,595 [INFO] ApiDb:671 - CubeFinder database FW Pack versions=[FP-ATR-ASTRA1_V2.0.0, FP-SNS-FLIGHT1_V5.1.0, FP-SNS-MOTENV1_V5.0.0, FP-SNS-MOTENVWB1_V1.4.0, FP-SNS-SMARTAG2_V1.2.0, FP-SNS-STBOX1_V2.0.0, STM32Cube_FW_C0_V1.4.0, STM32Cube_FW_F4_V1.28.2, STM32Cube_FW_F7_V1.17.3, STM32Cube_FW_G0_V1.6.2, STM32Cube_FW_G4_V1.6.1, STM32Cube_FW_H5_V1.5.0, STM32Cube_FW_H7RS_V1.2.0, STM32Cube_FW_H7_V1.12.1, STM32Cube_FW_L0_V1.12.2, STM32Cube_FW_L4_V1.18.1, STM32Cube_FW_L5_V1.5.1, STM32Cube_FW_N6_V1.1.1, STM32Cube_FW_U0_V1.2.0, STM32Cube_FW_U3_V1.1.0, STM32Cube_FW_U5_V1.7.0, STM32Cube_FW_WB0_V1.2.0, STM32Cube_FW_WBA_V1.6.0, STM32Cube_FW_WB_V1.22.0, STM32Cube_FW_WL3_V1.1.0, STM32Cube_FW_WL_V1.3.1, X-CUBE-ALGOBUILD_V1.4.0, X-CUBE-ALS_V1.0.2, X-CUBE-AZRTOS-F4_V1.1.0, X-CUBE-AZRTOS-F7_V1.1.0, X-CUBE-AZRTOS-G0_V1.1.0, X-CUBE-AZRTOS-G4_V2.0.0, X-CUBE-AZRTOS-H7RS_V1.1.0, X-CUBE-AZRTOS-H7_V3.3.0, X-CUBE-AZRTOS-L4_V2.0.0, X-CUBE-AZRTOS-L5_V2.0.0, X-CUBE-AZRTOS-WB_V2.0.0, X-CUBE-AZRTOS-WL_V2.0.0, X-CUBE-BLE1_V7.1.0, X-CUBE-BLE2_V3.3.0, X-CUBE-BLEMGR_V4.0.0, X-CUBE-EEPRMA1_V5.1.0, X-CUBE-FREERTOS_V1.3.1, X-CUBE-GNSS1_V6.0.0, X-CUBE-MEMS1_V11.2.0, X-CUBE-NFC4_V3.0.0, X-CUBE-NFC7_V2.0.0, X-CUBE-SFXS2LP1_V4.0.0, X-CUBE-SUBG2_V5.0.0, X-CUBE-TOF1_V3.4.3]
2025-06-12 10:36:50,822 [INFO] DbBoardsSqlite:226 - include board P-NUCLEO-WB55-NUCLEO as a kit item of type 'Nucleo-64'
2025-06-12 10:36:50,823 [INFO] DbBoardsSqlite:226 - include board P-NUCLEO-WB55-USBDONGLE as a kit item of type 'Nucleo USB Dongle'
2025-06-12 10:36:50,825 [INFO] DbBoardsSqlite:226 - include board STEVAL-IDP005V1 as a kit item of type 'Evaluation Board'
2025-06-12 10:36:50,825 [INFO] DbBoardsSqlite:226 - include board STEVAL-IDP005V2 as a kit item of type 'Evaluation Board'
2025-06-12 10:36:51,748 [INFO] ApiDb:240 - Found 895 in-development CPN: [B-G473E-ZEST1S, B-WB1M-WPAN1, B-WBA5M-WPAN, B-WL5M-SUBG1, NUCLEO-C031C6, NUCLEO-C051C8, NUCLEO-C071RB, NUCLEO-C092RC, NUCLEO-H503RB, NUCLEO-H533RE, NUCLEO-H563ZI, NUCLEO-H7S3L8, NUCLEO-N657X0-Q, NUCLEO-U031R8, NUCLEO-U083RC, NUCLEO-U385RG-Q, NUCLEO-U545RE-Q, NUCLEO-U5A5ZJ-Q, NUCLEO-WB05KZ, NUCLEO-WB07CC, NUCLEO-WB09KE, NUCLEO-WBA52CG, NUCLEO-WBA55CG, NUCLEO-WBA65RI, NUCLEO-WL33CC1, NUCLEO-WL33CC2, STEVAL-PROTEUS1, STEVAL-SMARTAG2, STEVAL-STWINBX1, STM320518-EVAL, STM32C0116-DK, STM32C011D6Y3TR, STM32C011D6Y6TR, STM32C011F4P3, STM32C011F4P6, STM32C011F4U3, STM32C011F4U6TR, STM32C011F6P3, STM32C011F6P6, STM32C011F6U3, STM32C011F6U6TR, STM32C011J4M3, STM32C011J4M6, STM32C011J6M3, STM32C011J6M6, STM32C0316-DK, STM32C031C4T3, STM32C031C4T6, STM32C031C4U3, STM32C031C4U6, STM32C031C6T3, STM32C031C6T6, STM32C031C6U3, STM32C031C6U6, STM32C031F4P3, STM32C031F4P6, STM32C031F6P3, STM32C031F6P6, STM32C031G4U3, STM32C031G4U6, STM32C031G6U3, STM32C031G6U6, STM32C031K4T3, STM32C031K4T6, STM32C031K4U3, STM32C031K4U6, STM32C031K6T3, STM32C031K6T6, STM32C031K6U3, STM32C031K6U6, STM32C051C6T6, STM32C051C6U6, STM32C051C8T6, STM32C051C8U6, STM32C051D8Y6TR, STM32C051F6P6, STM32C051F8P6, STM32C051G6U6, STM32C051G8U6, STM32C051K6T6, STM32C051K6U6, STM32C051K8T6, STM32C071C8T6, STM32C071C8T6N, STM32C071C8U6, STM32C071C8U6N, STM32C071CBT6, STM32C071CBT6N, STM32C071CBU6, STM32C071CBU6N, STM32C071F8P6, STM32C071F8P6N, STM32C071FBP6, STM32C071FBP6N, STM32C071FBY6TR, STM32C071G8U6, STM32C071G8U6N, STM32C071GBU6, STM32C071GBU6N, STM32C071K8T6, STM32C071K8T6N, STM32C071K8U6, STM32C071K8U6N, STM32C071KBT6, STM32C071KBT6N, STM32C071KBU6, STM32C071KBU6N, STM32C071R8T6, STM32C071R8T6N, STM32C071RBI6N, STM32C071RBT6, STM32C071RBT6N, STM32C091CBT6, STM32C091CBU6, STM32C091CCT6, STM32C091CCU6, STM32C091ECY6TR, STM32C091FBP6, STM32C091FCP6, STM32C091GBU6, STM32C091GCU6, STM32C091KBT6, STM32C091KBU6, STM32C091KCT6, STM32C091KCU6, STM32C091RBT6, STM32C091RCI6, STM32C091RCT6, STM32C092CBT6, STM32C092CBU6, STM32C092CCT6, STM32C092CCU6, STM32C092ECY6TR, STM32C092FBP6, STM32C092FCP6, STM32C092GBU6, STM32C092GCU6, STM32C092KBT6, STM32C092KBU6, STM32C092KCT6, STM32C092KCU6, STM32C092RBT6, STM32C092RCI6, STM32C092RCT6, STM32G071K8TXN, STM32G071K8UXN, STM32G081GBU6N, STM32G081KBT6N, STM32G081KBUXN, STM32G0B1CCT6N, STM32G0B1KCT6, STM32G0B1NEY6TR, STM32G0B1RCT6N, STM32G0C1CCT6, STM32G0C1CCT6N, STM32G0C1CCU6N, STM32G0C1CET6N, STM32G0C1CEU6N, STM32G0C1KCT6, STM32G0C1NEY6TR, STM32G0C1RCI6N, STM32G0C1RCT6N, STM32G0C1REI6N, STM32G0C1RET6N, STM32G0C1VCI6, STM32G0C1VEI6, STM32G411C6T3, STM32G411C6T6, STM32G411C6U3, STM32G411C6U6, STM32G411C8T3, STM32G411C8T6, STM32G411C8U3, STM32G411C8U6, STM32G411CBT3, STM32G411CBT6, STM32G411CBU3, STM32G411CBU6, STM32G411CCT3, STM32G411CCT6, STM32G411CCU3, STM32G411CCU6, STM32G411K6T3, STM32G411K6T6, STM32G411K6U3, STM32G411K6U6, STM32G411K8T3, STM32G411K8T6, STM32G411K8U3, STM32G411K8U6, STM32G411KBT3, STM32G411KBT6, STM32G411KBU3, STM32G411KBU6, STM32G411M6T3, STM32G411M6T6, STM32G411M8T3, STM32G411M8T6, STM32G411MBT3, STM32G411MBT6, STM32G411MCT3, STM32G411MCT6, STM32G411R6T3, STM32G411R6T6, STM32G411R8T3, STM32G411R8T6, STM32G411RBT3, STM32G411RBT6, STM32G411RCT3, STM32G411RCT6, STM32G414CBT3, STM32G414CBT6, STM32G414CBU3, STM32G414CBU6, STM32G414CCT3, STM32G414CCT6, STM32G414CCU3, STM32G414CCU6, STM32G414MBT3, STM32G414MBT6, STM32G414MCT3, STM32G414MCT6, STM32G414RBT3, STM32G414RBT6, STM32G414RCT3, STM32G414RCT6, STM32G414VBT3, STM32G414VBT6, STM32G414VCT3, STM32G414VCT6, STM32G431CBT3Z, STM32G431RBT3Z, STM32G471CCT6, STM32G471CCU6, STM32G471CET3, STM32G471CET6, STM32G471CEU3, STM32G471CEU6, STM32G471MCT6, STM32G471MET3, STM32G471MET6, STM32G471MEY6TR, STM32G471QCT6, STM32G471QET3, STM32G471RCT6, STM32G471RET3, STM32G471RET6, STM32G471VCH6, STM32G471VCI6, STM32G471VCT6, STM32G471VEH3, STM32G471VEH6, STM32G471VEI3, STM32G471VEI6, STM32G471VET3, STM32G471VET6, STM32G473QET3Z, STM32G473RET3Z, STM32G474CCT6, STM32G491RET3Z, STM32H503CBT6, STM32H503CBU6, STM32H503EBY6TR, STM32H503KBU6, STM32H503RBT6, STM32H523CCT6, STM32H523CCU6, STM32H523CET6, STM32H523CEU6, STM32H523HEY6TR, STM32H523RCT6, STM32H523RET6, STM32H523VCI6, STM32H523VCT6, STM32H523VEI6, STM32H523VET6, STM32H523ZCJ6, STM32H523ZCT6, STM32H523ZEJ6, STM32H523ZET6, STM32H533CET6, STM32H533CEU6, STM32H533HEY6TR, STM32H533RET6, STM32H533VEI6, STM32H533VET6, STM32H533ZEJ6, STM32H533ZET6, STM32H562AGI6, STM32H562AII6, STM32H562IGK6, STM32H562IGT6, STM32H562IIK6, STM32H562IIT6, STM32H562RGT6, STM32H562RGV6, STM32H562RIT6, STM32H562RIV6, STM32H562VGT6, STM32H562VIT6, STM32H562ZGT6, STM32H562ZIT6, STM32H563AGI6, STM32H563AII3Q, STM32H563AII6, STM32H563IGK6, STM32H563IGT6, STM32H563IIK3Q, STM32H563IIK6, STM32H563IIT3Q, STM32H563IIT6, STM32H563MIY3QTR, STM32H563RGT6, STM32H563RGV6, STM32H563RIT6, STM32H563RIV6, STM32H563VGT6, STM32H563VIT3Q, STM32H563VIT6, STM32H563ZGT6, STM32H563ZIT3Q, STM32H563ZIT6, STM32H573AII3Q, STM32H573AII6, STM32H573I-DK, STM32H573IIK3Q, STM32H573IIK6, STM32H573IIT3Q, STM32H573IIT6, STM32H573MIY3QTR, STM32H573RIT6, STM32H573RIV6, STM32H573VIT3Q, STM32H573VIT6, STM32H573ZIT3Q, STM32H573ZIT6, STM32H7R3A8I6, STM32H7R3I8K6, STM32H7R3I8T6, STM32H7R3L8H6, STM32H7R3L8H6H, STM32H7R3R8V6, STM32H7R3V8H6, STM32H7R3V8T6, STM32H7R3V8Y6TR, STM32H7R3Z8J6, STM32H7R3Z8T6, STM32H7R7A8I6, STM32H7R7I8K6, STM32H7R7I8T6, STM32H7R7L8H6, STM32H7R7L8H6H, STM32H7R7Z8J6, STM32H7S3A8I6, STM32H7S3I8K6, STM32H7S3I8T6, STM32H7S3L8H6, STM32H7S3L8H6H, STM32H7S3R8V6, STM32H7S3V8H6, STM32H7S3V8T6, STM32H7S3V8Y6TR, STM32H7S3Z8J6, STM32H7S3Z8T6, STM32H7S78-DK, STM32H7S7A8I6, STM32H7S7I8K6, STM32H7S7I8T6, STM32H7S7L8H6, STM32H7S7L8H6H, STM32H7S7Z8J6, STM32L4R5QGI6STR, STM32MP131AAE3, STM32MP131AAF3, STM32MP131AAG3, STM32MP131CAE3, STM32MP131CAF3, STM32MP131CAG3, STM32MP131DAE7, STM32MP131DAF7, STM32MP131DAG7, STM32MP131FAE7, STM32MP131FAF7, STM32MP131FAG7, STM32MP133AAE3, STM32MP133AAF3, STM32MP133AAG3, STM32MP133CAE3, STM32MP133CAF3, STM32MP133CAG3, STM32MP133DAE7, STM32MP133DAF7, STM32MP133DAG7, STM32MP133FAE7, STM32MP133FAF7, STM32MP133FAG7, STM32MP135AAE3, STM32MP135AAF3, STM32MP135AAG3, STM32MP135CAE3, STM32MP135CAF3, STM32MP135CAG3, STM32MP135DAE7, STM32MP135DAF7, STM32MP135DAG7, STM32MP135F-DK, STM32MP135FAE7, STM32MP135FAF7, STM32MP135FAF7T, STM32MP135FAF7U, STM32MP135FAG7, STM32MP231AAJ3, STM32MP231AAK3, STM32MP231AAL3, STM32MP231CAJ3, STM32MP231CAK3, STM32MP231CAL3, STM32MP231DAJ3, STM32MP231DAK3, STM32MP231DAL3, STM32MP231FAJ3, STM32MP231FAK3, STM32MP231FAL3, STM32MP233AAJ3, STM32MP233AAK3, STM32MP233AAL3, STM32MP233CAJ3, STM32MP233CAK3, STM32MP233CAL3, STM32MP233DAJ3, STM32MP233DAK3, STM32MP233DAL3, STM32MP233FAJ3, STM32MP233FAK3, STM32MP233FAL3, STM32MP235AAJ3, STM32MP235AAK3, STM32MP235AAL3, STM32MP235CAJ3, STM32MP235CAK3, STM32MP235CAL3, STM32MP235DAJ3, STM32MP235DAK3, STM32MP235DAL3, STM32MP235FAJ3, STM32MP235FAK3, STM32MP235FAL3, STM32MP251AAI3, STM32MP251AAJ3, STM32MP251AAK3, STM32MP251AAL3, STM32MP251CAI3, STM32MP251CAJ3, STM32MP251CAK3, STM32MP251CAL3, STM32MP251DAI3, STM32MP251DAJ3, STM32MP251DAK3, STM32MP251DAL3, STM32MP251FAI3, STM32MP251FAJ3, STM32MP251FAK3, STM32MP251FAL3, STM32MP253AAI3, STM32MP253AAJ3, STM32MP253AAK3, STM32MP253AAL3, STM32MP253CAI3, STM32MP253CAJ3, STM32MP253CAK3, STM32MP253CAL3, STM32MP253DAI3, STM32MP253DAJ3, STM32MP253DAK3, STM32MP253DAL3, STM32MP253FAI3, STM32MP253FAJ3, STM32MP253FAK3, STM32MP253FAL3, STM32MP255AAI3, STM32MP255AAJ3, STM32MP255AAK3, STM32MP255AAL3, STM32MP255CAI3, STM32MP255CAJ3, STM32MP255CAK3, STM32MP255CAL3, STM32MP255DAI3, STM32MP255DAJ3, STM32MP255DAK3, STM32MP255DAL3, STM32MP255FAI3, STM32MP255FAJ3, STM32MP255FAK3, STM32MP255FAL3, STM32MP257AAI3, STM32MP257AAJ3, STM32MP257AAK3, STM32MP257AAL3, STM32MP257CAI3, STM32MP257CAJ3, STM32MP257CAK3, STM32MP257CAL3, STM32MP257DAI3, STM32MP257DAJ3, STM32MP257DAK3, STM32MP257DAL3, STM32MP257F-DK, STM32MP257F-EV1, STM32MP257FAI3, STM32MP257FAJ3, STM32MP257FAK3, STM32MP257FAL3, STM32N645A0H3Q, STM32N645B0H3Q, STM32N645I0H3Q, STM32N645L0H3Q, STM32N645X0H3Q, STM32N645Z0H3Q, STM32N647A0H3Q, STM32N647B0H3Q, STM32N647I0H3Q, STM32N647L0H3Q, STM32N647X0H3Q, STM32N647Z0H3Q, STM32N655A0H3Q, STM32N655B0H3Q, STM32N655I0H3Q, STM32N655L0H3Q, STM32N655X0H3Q, STM32N655Z0H3Q, STM32N6570-DK, STM32N657A0H3Q, STM32N657B0H3Q, STM32N657I0H3Q, STM32N657L0H3Q, STM32N657X0H3Q, STM32N657Z0H3Q, STM32U031C6T6, STM32U031C6U6, STM32U031C8T6, STM32U031C8U6, STM32U031F4P6, STM32U031F6P6, STM32U031F8P6, STM32U031G6Y6TR, STM32U031G8Y6TR, STM32U031K4U6, STM32U031K6U6, STM32U031K8U6, STM32U031R6I6, STM32U031R6T6, STM32U031R8I6, STM32U031R8T6, STM32U073C8T6, STM32U073C8U6, STM32U073CBT6, STM32U073CBU6, STM32U073CCT6, STM32U073CCU6, STM32U073H8Y6TR, STM32U073HBY6TR, STM32U073HCY6TR, STM32U073K8U6, STM32U073KBU6, STM32U073KCU6, STM32U073M8I6, STM32U073M8T6, STM32U073MBI6, STM32U073MBT6, STM32U073MCI6, STM32U073MCT6, STM32U073R8I6, STM32U073R8T6, STM32U073RBI6, STM32U073RBT6, STM32U073RCI6, STM32U073RCT6, STM32U083C-DK, STM32U083CCT6, STM32U083CCU6, STM32U083HCY6TR, STM32U083KCU6, STM32U083MCI6, STM32U083MCT6, STM32U083RCI6, STM32U083RCT6, STM32U375CET6, STM32U375CET6Q, STM32U375CEU6, STM32U375CEU6Q, STM32U375CEY6QTR, STM32U375CGT6, STM32U375CGT6Q, STM32U375CGU6, STM32U375CGU6Q, STM32U375CGY6QTR, STM32U375KEU6, STM32U375KGU6, STM32U375REI6, STM32U375REI6Q, STM32U375RET6, STM32U375RET6Q, STM32U375REY6GTR, STM32U375REY6QTR, STM32U375RGI6, STM32U375RGI6Q, STM32U375RGT6, STM32U375RGT6Q, STM32U375RGY6GTR, STM32U375RGY6QTR, STM32U375VEI6, STM32U375VEI6Q, STM32U375VET6, STM32U375VET6Q, STM32U375VGI6, STM32U375VGI6Q, STM32U375VGT6, STM32U375VGT6Q, STM32U385CGT6, STM32U385CGT6Q, STM32U385CGU6, STM32U385CGU6Q, STM32U385CGY6QTR, STM32U385KGU6, STM32U385RGI6, STM32U385RGI6Q, STM32U385RGT6, STM32U385RGT6Q, STM32U385RGY6GTR, STM32U385RGY6QTR, STM32U385VGI6, STM32U385VGI6Q, STM32U385VGT6, STM32U385VGT6Q, STM32U535CBT6, STM32U535CBT6Q, STM32U535CBU6, STM32U535CBU6Q, STM32U535CCT6, STM32U535CCT6Q, STM32U535CCU6, STM32U535CCU6Q, STM32U535CET6, STM32U535CET6Q, STM32U535CEU6, STM32U535CEU6Q, STM32U535JEY6QTR, STM32U535NCY6QTR, STM32U535NEY6QTR, STM32U535RBI6, STM32U535RBI6Q, STM32U535RBT6, STM32U535RBT6Q, STM32U535RCI6, STM32U535RCI6Q, STM32U535RCT6, STM32U535RCT6Q, STM32U535REI6, STM32U535REI6Q, STM32U535RET6, STM32U535RET6Q, STM32U535VCI6, STM32U535VCI6Q, STM32U535VCT6, STM32U535VCT6Q, STM32U535VEI6, STM32U535VEI6Q, STM32U535VET6, STM32U535VET6Q, STM32U545CET6, STM32U545CET6Q, STM32U545CEU6, STM32U545CEU6Q, STM32U545JEY6QTR, STM32U545NEY6QTR, STM32U545REI6, STM32U545REI6Q, STM32U545RET6, STM32U545RET6Q, STM32U545VEI6, STM32U545VEI6Q, STM32U545VET6, STM32U545VET6Q, STM32U595AIH6, STM32U595AIH6Q, STM32U595AJH6, STM32U595AJH6Q, STM32U595QII6, STM32U595QII6Q, STM32U595QJI6, STM32U595QJI6Q, STM32U595RIT6, STM32U595RIT6Q, STM32U595RJT6, STM32U595RJT6Q, STM32U595VIT6, STM32U595VIT6Q, STM32U595VJT6, STM32U595VJT6Q, STM32U595ZIT6, STM32U595ZIT6Q, STM32U595ZIY6QTR, STM32U595ZJT6, STM32U595ZJT6Q, STM32U595ZJY6QTR, STM32U599BJY6QTR, STM32U599NIH6Q, STM32U599NJH6Q, STM32U599VIT6Q, STM32U599VJT6, STM32U599VJT6Q, STM32U599ZIT6Q, STM32U599ZIY6QTR, STM32U599ZJT6Q, STM32U599ZJY6QTR, STM32U5A5AJH6, STM32U5A5AJH6Q, STM32U5A5QII3Q , STM32U5A5QJI6, STM32U5A5QJI6Q, STM32U5A5RJT6, STM32U5A5RJT6Q, STM32U5A5VJT6, STM32U5A5VJT6Q, STM32U5A5ZJT6, STM32U5A5ZJT6Q, STM32U5A5ZJY6QTR, STM32U5A9BJY6QTR, STM32U5A9J-DK, STM32U5A9NJH6Q, STM32U5A9VJT6Q, STM32U5A9ZJT6Q, STM32U5A9ZJY6QTR, STM32U5F7VIT6, STM32U5F7VIT6Q, STM32U5F7VJT6, STM32U5F7VJT6Q, STM32U5F9BJY6QTR, STM32U5F9NJH6Q, STM32U5F9VIT6Q, STM32U5F9VJT6Q, STM32U5F9ZIJ6QTR, STM32U5F9ZIT6Q, STM32U5F9ZJJ6QTR, STM32U5F9ZJT6Q, STM32U5G7VJT6, STM32U5G7VJT6Q, STM32U5G9BJY6QTR, STM32U5G9J-DK1, STM32U5G9J-DK2, STM32U5G9NJH6Q, STM32U5G9VJT6Q, STM32U5G9ZJJ6QTR, STM32U5G9ZJT6Q, STM32WB05KZV6TR, STM32WB05KZV7TR, STM32WB05TZF6TR, STM32WB05TZF7TR, STM32WB06CCF6TR, STM32WB06CCF7TR, STM32WB06CCV6TR, STM32WB06CCV7TR, STM32WB06KCV6TR, STM32WB06KCV7TR, STM32WB07CCF6TR, STM32WB07CCF7TR, STM32WB07CCV6TR, STM32WB07CCV7TR, STM32WB07KCV6TR, STM32WB07KCV7TR, STM32WB09KEV6TR, STM32WB09KEV7TR, STM32WB09TEF6TR, STM32WB09TEF7TR, STM32WB1MMCH6, STM32WBA50KGU6, STM32WBA50KGU6TR, STM32WBA52CEU6, STM32WBA52CEU6TR, STM32WBA52CEU7, STM32WBA52CEU7TR, STM32WBA52CGU6, STM32WBA52CGU6TR, STM32WBA52CGU6U, STM32WBA52CGU7, STM32WBA52CGU7TR, STM32WBA52KEU6, STM32WBA52KEU6TR, STM32WBA52KGU6, STM32WBA52KGU6TR, STM32WBA54CEU6, STM32WBA54CEU6TR, STM32WBA54CEU7, STM32WBA54CEU7TR, STM32WBA54CGU6, STM32WBA54CGU6TR, STM32WBA54CGU7, STM32WBA54CGU7TR, STM32WBA54KEU6, STM32WBA54KEU6TR, STM32WBA54KEU7, STM32WBA54KEU7TR, STM32WBA54KGU6, STM32WBA54KGU6TR, STM32WBA54KGU7, STM32WBA54KGU7TR, STM32WBA55CEU6, STM32WBA55CEU6TR, STM32WBA55CEU7, STM32WBA55CEU7TR, STM32WBA55CGU6, STM32WBA55CGU6TR, STM32WBA55CGU6U, STM32WBA55CGU7, STM32WBA55CGU7TR, STM32WBA55G-DK1, STM32WBA55HEF6, STM32WBA55HEF7, STM32WBA55HGF6, STM32WBA55HGF7, STM32WBA55UEI6, STM32WBA55UEI6TR, STM32WBA55UEI7, STM32WBA55UEI7TR, STM32WBA55UGI6, STM32WBA55UGI6TR, STM32WBA55UGI7, STM32WBA55UGI7TR, STM32WBA5MJGH6TR, STM32WBA62CGU6, STM32WBA62CIU6, STM32WBA62MGF6, STM32WBA62MIF6, STM32WBA62PGI6, STM32WBA62PII6, STM32WBA63CGU6, STM32WBA63CGU7, STM32WBA63CIU6, STM32WBA63CIU7, STM32WBA64CGU6, STM32WBA64CGU7, STM32WBA64CIU6, STM32WBA64CIU7, STM32WBA65CGU6, STM32WBA65CGU7, STM32WBA65CIU6, STM32WBA65CIU7, STM32WBA65I-DK1, STM32WBA65MGF6, STM32WBA65MGF7, STM32WBA65MIF6, STM32WBA65MIF7, STM32WBA65PGI6, STM32WBA65PGI7, STM32WBA65PII6, STM32WBA65PII7, STM32WBA65RGV6, STM32WBA65RGV7, STM32WBA65RIV6, STM32WBA65RIV7, STM32WL30K8V6, STM32WL30KBV6, STM32WL31C8V6, STM32WL31CBV6, STM32WL31K8V6, STM32WL31KBV6, STM32WL33C8V6, STM32WL33C8V6TR, STM32WL33C8V7, STM32WL33C8V7TR, STM32WL33CBV6, STM32WL33CBV6TR, STM32WL33CBV7, STM32WL33CBV7TR, STM32WL33CCV6, STM32WL33CCV6TR, STM32WL33CCV7, STM32WL33CCV7A, STM32WL33CCV7ATR, STM32WL33CCV7TR, STM32WL33K8V6, STM32WL33K8V6TR, STM32WL33K8V7, STM32WL33K8V7TR, STM32WL33KBV6, STM32WL33KBV6TR, STM32WL33KBV7, STM32WL33KBV7TR, STM32WL33KCV6, STM32WL33KCV6TR, STM32WL33KCV7, STM32WL33KCV7TR, STM32WL5MOCH6, STM32WL5MOCH6TR]
2025-06-12 10:36:52,168 [INFO] BoardInfo:889 - No configuration file found for board P-NUCLEO-WB55
2025-06-12 10:36:52,170 [INFO] DbBoards:161 - Kit is not supported: P-NUCLEO-WB55
2025-06-12 10:36:52,183 [INFO] BoardInfo:889 - No configuration file found for board STEVAL-BFA001V1B
2025-06-12 10:36:52,184 [INFO] DbBoards:161 - Kit is not supported: STEVAL-BFA001V1B
2025-06-12 10:36:52,186 [INFO] BoardInfo:889 - No configuration file found for board STEVAL-BFA001V2B
2025-06-12 10:36:52,189 [INFO] DbBoards:161 - Kit is not supported: STEVAL-BFA001V2B
2025-06-12 10:36:52,667 [INFO] DbBoards:168 - Found 211 boards, 208 are supported
2025-06-12 10:36:52,668 [INFO] DbBoards:169 - Found 211 boards, 43 of them is supported for  Bsp
2025-06-12 10:36:52,682 [INFO] ApiDb:668 - CubeFinder database Data Model version=2.1
2025-06-12 10:36:52,682 [INFO] ApiDb:669 - CubeFinder database Configuration version=3.0.39
2025-06-12 10:36:52,682 [INFO] ApiDb:670 - CubeFinder database generation date=2025-05-20 (1747743314)
2025-06-12 10:36:52,682 [INFO] ApiDb:671 - CubeFinder database FW Pack versions=[FP-ATR-ASTRA1_V2.0.0, FP-SNS-FLIGHT1_V5.1.0, FP-SNS-MOTENV1_V5.0.0, FP-SNS-MOTENVWB1_V1.4.0, FP-SNS-SMARTAG2_V1.2.0, FP-SNS-STBOX1_V2.0.0, STM32Cube_FW_C0_V1.4.0, STM32Cube_FW_F4_V1.28.2, STM32Cube_FW_F7_V1.17.3, STM32Cube_FW_G0_V1.6.2, STM32Cube_FW_G4_V1.6.1, STM32Cube_FW_H5_V1.5.0, STM32Cube_FW_H7RS_V1.2.0, STM32Cube_FW_H7_V1.12.1, STM32Cube_FW_L0_V1.12.2, STM32Cube_FW_L4_V1.18.1, STM32Cube_FW_L5_V1.5.1, STM32Cube_FW_N6_V1.1.1, STM32Cube_FW_U0_V1.2.0, STM32Cube_FW_U3_V1.1.0, STM32Cube_FW_U5_V1.7.0, STM32Cube_FW_WB0_V1.2.0, STM32Cube_FW_WBA_V1.6.0, STM32Cube_FW_WB_V1.22.0, STM32Cube_FW_WL3_V1.1.0, STM32Cube_FW_WL_V1.3.1, X-CUBE-ALGOBUILD_V1.4.0, X-CUBE-ALS_V1.0.2, X-CUBE-AZRTOS-F4_V1.1.0, X-CUBE-AZRTOS-F7_V1.1.0, X-CUBE-AZRTOS-G0_V1.1.0, X-CUBE-AZRTOS-G4_V2.0.0, X-CUBE-AZRTOS-H7RS_V1.1.0, X-CUBE-AZRTOS-H7_V3.3.0, X-CUBE-AZRTOS-L4_V2.0.0, X-CUBE-AZRTOS-L5_V2.0.0, X-CUBE-AZRTOS-WB_V2.0.0, X-CUBE-AZRTOS-WL_V2.0.0, X-CUBE-BLE1_V7.1.0, X-CUBE-BLE2_V3.3.0, X-CUBE-BLEMGR_V4.0.0, X-CUBE-EEPRMA1_V5.1.0, X-CUBE-FREERTOS_V1.3.1, X-CUBE-GNSS1_V6.0.0, X-CUBE-MEMS1_V11.2.0, X-CUBE-NFC4_V3.0.0, X-CUBE-NFC7_V2.0.0, X-CUBE-SFXS2LP1_V4.0.0, X-CUBE-SUBG2_V5.0.0, X-CUBE-TOF1_V3.4.3]
2025-06-12 10:36:55,949 [INFO] ApiDb:240 - Found 895 in-development CPN: [B-G473E-ZEST1S, B-WB1M-WPAN1, B-WBA5M-WPAN, B-WL5M-SUBG1, NUCLEO-C031C6, NUCLEO-C051C8, NUCLEO-C071RB, NUCLEO-C092RC, NUCLEO-H503RB, NUCLEO-H533RE, NUCLEO-H563ZI, NUCLEO-H7S3L8, NUCLEO-N657X0-Q, NUCLEO-U031R8, NUCLEO-U083RC, NUCLEO-U385RG-Q, NUCLEO-U545RE-Q, NUCLEO-U5A5ZJ-Q, NUCLEO-WB05KZ, NUCLEO-WB07CC, NUCLEO-WB09KE, NUCLEO-WBA52CG, NUCLEO-WBA55CG, NUCLEO-WBA65RI, NUCLEO-WL33CC1, NUCLEO-WL33CC2, STEVAL-PROTEUS1, STEVAL-SMARTAG2, STEVAL-STWINBX1, STM320518-EVAL, STM32C0116-DK, STM32C011D6Y3TR, STM32C011D6Y6TR, STM32C011F4P3, STM32C011F4P6, STM32C011F4U3, STM32C011F4U6TR, STM32C011F6P3, STM32C011F6P6, STM32C011F6U3, STM32C011F6U6TR, STM32C011J4M3, STM32C011J4M6, STM32C011J6M3, STM32C011J6M6, STM32C0316-DK, STM32C031C4T3, STM32C031C4T6, STM32C031C4U3, STM32C031C4U6, STM32C031C6T3, STM32C031C6T6, STM32C031C6U3, STM32C031C6U6, STM32C031F4P3, STM32C031F4P6, STM32C031F6P3, STM32C031F6P6, STM32C031G4U3, STM32C031G4U6, STM32C031G6U3, STM32C031G6U6, STM32C031K4T3, STM32C031K4T6, STM32C031K4U3, STM32C031K4U6, STM32C031K6T3, STM32C031K6T6, STM32C031K6U3, STM32C031K6U6, STM32C051C6T6, STM32C051C6U6, STM32C051C8T6, STM32C051C8U6, STM32C051D8Y6TR, STM32C051F6P6, STM32C051F8P6, STM32C051G6U6, STM32C051G8U6, STM32C051K6T6, STM32C051K6U6, STM32C051K8T6, STM32C071C8T6, STM32C071C8T6N, STM32C071C8U6, STM32C071C8U6N, STM32C071CBT6, STM32C071CBT6N, STM32C071CBU6, STM32C071CBU6N, STM32C071F8P6, STM32C071F8P6N, STM32C071FBP6, STM32C071FBP6N, STM32C071FBY6TR, STM32C071G8U6, STM32C071G8U6N, STM32C071GBU6, STM32C071GBU6N, STM32C071K8T6, STM32C071K8T6N, STM32C071K8U6, STM32C071K8U6N, STM32C071KBT6, STM32C071KBT6N, STM32C071KBU6, STM32C071KBU6N, STM32C071R8T6, STM32C071R8T6N, STM32C071RBI6N, STM32C071RBT6, STM32C071RBT6N, STM32C091CBT6, STM32C091CBU6, STM32C091CCT6, STM32C091CCU6, STM32C091ECY6TR, STM32C091FBP6, STM32C091FCP6, STM32C091GBU6, STM32C091GCU6, STM32C091KBT6, STM32C091KBU6, STM32C091KCT6, STM32C091KCU6, STM32C091RBT6, STM32C091RCI6, STM32C091RCT6, STM32C092CBT6, STM32C092CBU6, STM32C092CCT6, STM32C092CCU6, STM32C092ECY6TR, STM32C092FBP6, STM32C092FCP6, STM32C092GBU6, STM32C092GCU6, STM32C092KBT6, STM32C092KBU6, STM32C092KCT6, STM32C092KCU6, STM32C092RBT6, STM32C092RCI6, STM32C092RCT6, STM32G071K8TXN, STM32G071K8UXN, STM32G081GBU6N, STM32G081KBT6N, STM32G081KBUXN, STM32G0B1CCT6N, STM32G0B1KCT6, STM32G0B1NEY6TR, STM32G0B1RCT6N, STM32G0C1CCT6, STM32G0C1CCT6N, STM32G0C1CCU6N, STM32G0C1CET6N, STM32G0C1CEU6N, STM32G0C1KCT6, STM32G0C1NEY6TR, STM32G0C1RCI6N, STM32G0C1RCT6N, STM32G0C1REI6N, STM32G0C1RET6N, STM32G0C1VCI6, STM32G0C1VEI6, STM32G411C6T3, STM32G411C6T6, STM32G411C6U3, STM32G411C6U6, STM32G411C8T3, STM32G411C8T6, STM32G411C8U3, STM32G411C8U6, STM32G411CBT3, STM32G411CBT6, STM32G411CBU3, STM32G411CBU6, STM32G411CCT3, STM32G411CCT6, STM32G411CCU3, STM32G411CCU6, STM32G411K6T3, STM32G411K6T6, STM32G411K6U3, STM32G411K6U6, STM32G411K8T3, STM32G411K8T6, STM32G411K8U3, STM32G411K8U6, STM32G411KBT3, STM32G411KBT6, STM32G411KBU3, STM32G411KBU6, STM32G411M6T3, STM32G411M6T6, STM32G411M8T3, STM32G411M8T6, STM32G411MBT3, STM32G411MBT6, STM32G411MCT3, STM32G411MCT6, STM32G411R6T3, STM32G411R6T6, STM32G411R8T3, STM32G411R8T6, STM32G411RBT3, STM32G411RBT6, STM32G411RCT3, STM32G411RCT6, STM32G414CBT3, STM32G414CBT6, STM32G414CBU3, STM32G414CBU6, STM32G414CCT3, STM32G414CCT6, STM32G414CCU3, STM32G414CCU6, STM32G414MBT3, STM32G414MBT6, STM32G414MCT3, STM32G414MCT6, STM32G414RBT3, STM32G414RBT6, STM32G414RCT3, STM32G414RCT6, STM32G414VBT3, STM32G414VBT6, STM32G414VCT3, STM32G414VCT6, STM32G431CBT3Z, STM32G431RBT3Z, STM32G471CCT6, STM32G471CCU6, STM32G471CET3, STM32G471CET6, STM32G471CEU3, STM32G471CEU6, STM32G471MCT6, STM32G471MET3, STM32G471MET6, STM32G471MEY6TR, STM32G471QCT6, STM32G471QET3, STM32G471RCT6, STM32G471RET3, STM32G471RET6, STM32G471VCH6, STM32G471VCI6, STM32G471VCT6, STM32G471VEH3, STM32G471VEH6, STM32G471VEI3, STM32G471VEI6, STM32G471VET3, STM32G471VET6, STM32G473QET3Z, STM32G473RET3Z, STM32G474CCT6, STM32G491RET3Z, STM32H503CBT6, STM32H503CBU6, STM32H503EBY6TR, STM32H503KBU6, STM32H503RBT6, STM32H523CCT6, STM32H523CCU6, STM32H523CET6, STM32H523CEU6, STM32H523HEY6TR, STM32H523RCT6, STM32H523RET6, STM32H523VCI6, STM32H523VCT6, STM32H523VEI6, STM32H523VET6, STM32H523ZCJ6, STM32H523ZCT6, STM32H523ZEJ6, STM32H523ZET6, STM32H533CET6, STM32H533CEU6, STM32H533HEY6TR, STM32H533RET6, STM32H533VEI6, STM32H533VET6, STM32H533ZEJ6, STM32H533ZET6, STM32H562AGI6, STM32H562AII6, STM32H562IGK6, STM32H562IGT6, STM32H562IIK6, STM32H562IIT6, STM32H562RGT6, STM32H562RGV6, STM32H562RIT6, STM32H562RIV6, STM32H562VGT6, STM32H562VIT6, STM32H562ZGT6, STM32H562ZIT6, STM32H563AGI6, STM32H563AII3Q, STM32H563AII6, STM32H563IGK6, STM32H563IGT6, STM32H563IIK3Q, STM32H563IIK6, STM32H563IIT3Q, STM32H563IIT6, STM32H563MIY3QTR, STM32H563RGT6, STM32H563RGV6, STM32H563RIT6, STM32H563RIV6, STM32H563VGT6, STM32H563VIT3Q, STM32H563VIT6, STM32H563ZGT6, STM32H563ZIT3Q, STM32H563ZIT6, STM32H573AII3Q, STM32H573AII6, STM32H573I-DK, STM32H573IIK3Q, STM32H573IIK6, STM32H573IIT3Q, STM32H573IIT6, STM32H573MIY3QTR, STM32H573RIT6, STM32H573RIV6, STM32H573VIT3Q, STM32H573VIT6, STM32H573ZIT3Q, STM32H573ZIT6, STM32H7R3A8I6, STM32H7R3I8K6, STM32H7R3I8T6, STM32H7R3L8H6, STM32H7R3L8H6H, STM32H7R3R8V6, STM32H7R3V8H6, STM32H7R3V8T6, STM32H7R3V8Y6TR, STM32H7R3Z8J6, STM32H7R3Z8T6, STM32H7R7A8I6, STM32H7R7I8K6, STM32H7R7I8T6, STM32H7R7L8H6, STM32H7R7L8H6H, STM32H7R7Z8J6, STM32H7S3A8I6, STM32H7S3I8K6, STM32H7S3I8T6, STM32H7S3L8H6, STM32H7S3L8H6H, STM32H7S3R8V6, STM32H7S3V8H6, STM32H7S3V8T6, STM32H7S3V8Y6TR, STM32H7S3Z8J6, STM32H7S3Z8T6, STM32H7S78-DK, STM32H7S7A8I6, STM32H7S7I8K6, STM32H7S7I8T6, STM32H7S7L8H6, STM32H7S7L8H6H, STM32H7S7Z8J6, STM32L4R5QGI6STR, STM32MP131AAE3, STM32MP131AAF3, STM32MP131AAG3, STM32MP131CAE3, STM32MP131CAF3, STM32MP131CAG3, STM32MP131DAE7, STM32MP131DAF7, STM32MP131DAG7, STM32MP131FAE7, STM32MP131FAF7, STM32MP131FAG7, STM32MP133AAE3, STM32MP133AAF3, STM32MP133AAG3, STM32MP133CAE3, STM32MP133CAF3, STM32MP133CAG3, STM32MP133DAE7, STM32MP133DAF7, STM32MP133DAG7, STM32MP133FAE7, STM32MP133FAF7, STM32MP133FAG7, STM32MP135AAE3, STM32MP135AAF3, STM32MP135AAG3, STM32MP135CAE3, STM32MP135CAF3, STM32MP135CAG3, STM32MP135DAE7, STM32MP135DAF7, STM32MP135DAG7, STM32MP135F-DK, STM32MP135FAE7, STM32MP135FAF7, STM32MP135FAF7T, STM32MP135FAF7U, STM32MP135FAG7, STM32MP231AAJ3, STM32MP231AAK3, STM32MP231AAL3, STM32MP231CAJ3, STM32MP231CAK3, STM32MP231CAL3, STM32MP231DAJ3, STM32MP231DAK3, STM32MP231DAL3, STM32MP231FAJ3, STM32MP231FAK3, STM32MP231FAL3, STM32MP233AAJ3, STM32MP233AAK3, STM32MP233AAL3, STM32MP233CAJ3, STM32MP233CAK3, STM32MP233CAL3, STM32MP233DAJ3, STM32MP233DAK3, STM32MP233DAL3, STM32MP233FAJ3, STM32MP233FAK3, STM32MP233FAL3, STM32MP235AAJ3, STM32MP235AAK3, STM32MP235AAL3, STM32MP235CAJ3, STM32MP235CAK3, STM32MP235CAL3, STM32MP235DAJ3, STM32MP235DAK3, STM32MP235DAL3, STM32MP235FAJ3, STM32MP235FAK3, STM32MP235FAL3, STM32MP251AAI3, STM32MP251AAJ3, STM32MP251AAK3, STM32MP251AAL3, STM32MP251CAI3, STM32MP251CAJ3, STM32MP251CAK3, STM32MP251CAL3, STM32MP251DAI3, STM32MP251DAJ3, STM32MP251DAK3, STM32MP251DAL3, STM32MP251FAI3, STM32MP251FAJ3, STM32MP251FAK3, STM32MP251FAL3, STM32MP253AAI3, STM32MP253AAJ3, STM32MP253AAK3, STM32MP253AAL3, STM32MP253CAI3, STM32MP253CAJ3, STM32MP253CAK3, STM32MP253CAL3, STM32MP253DAI3, STM32MP253DAJ3, STM32MP253DAK3, STM32MP253DAL3, STM32MP253FAI3, STM32MP253FAJ3, STM32MP253FAK3, STM32MP253FAL3, STM32MP255AAI3, STM32MP255AAJ3, STM32MP255AAK3, STM32MP255AAL3, STM32MP255CAI3, STM32MP255CAJ3, STM32MP255CAK3, STM32MP255CAL3, STM32MP255DAI3, STM32MP255DAJ3, STM32MP255DAK3, STM32MP255DAL3, STM32MP255FAI3, STM32MP255FAJ3, STM32MP255FAK3, STM32MP255FAL3, STM32MP257AAI3, STM32MP257AAJ3, STM32MP257AAK3, STM32MP257AAL3, STM32MP257CAI3, STM32MP257CAJ3, STM32MP257CAK3, STM32MP257CAL3, STM32MP257DAI3, STM32MP257DAJ3, STM32MP257DAK3, STM32MP257DAL3, STM32MP257F-DK, STM32MP257F-EV1, STM32MP257FAI3, STM32MP257FAJ3, STM32MP257FAK3, STM32MP257FAL3, STM32N645A0H3Q, STM32N645B0H3Q, STM32N645I0H3Q, STM32N645L0H3Q, STM32N645X0H3Q, STM32N645Z0H3Q, STM32N647A0H3Q, STM32N647B0H3Q, STM32N647I0H3Q, STM32N647L0H3Q, STM32N647X0H3Q, STM32N647Z0H3Q, STM32N655A0H3Q, STM32N655B0H3Q, STM32N655I0H3Q, STM32N655L0H3Q, STM32N655X0H3Q, STM32N655Z0H3Q, STM32N6570-DK, STM32N657A0H3Q, STM32N657B0H3Q, STM32N657I0H3Q, STM32N657L0H3Q, STM32N657X0H3Q, STM32N657Z0H3Q, STM32U031C6T6, STM32U031C6U6, STM32U031C8T6, STM32U031C8U6, STM32U031F4P6, STM32U031F6P6, STM32U031F8P6, STM32U031G6Y6TR, STM32U031G8Y6TR, STM32U031K4U6, STM32U031K6U6, STM32U031K8U6, STM32U031R6I6, STM32U031R6T6, STM32U031R8I6, STM32U031R8T6, STM32U073C8T6, STM32U073C8U6, STM32U073CBT6, STM32U073CBU6, STM32U073CCT6, STM32U073CCU6, STM32U073H8Y6TR, STM32U073HBY6TR, STM32U073HCY6TR, STM32U073K8U6, STM32U073KBU6, STM32U073KCU6, STM32U073M8I6, STM32U073M8T6, STM32U073MBI6, STM32U073MBT6, STM32U073MCI6, STM32U073MCT6, STM32U073R8I6, STM32U073R8T6, STM32U073RBI6, STM32U073RBT6, STM32U073RCI6, STM32U073RCT6, STM32U083C-DK, STM32U083CCT6, STM32U083CCU6, STM32U083HCY6TR, STM32U083KCU6, STM32U083MCI6, STM32U083MCT6, STM32U083RCI6, STM32U083RCT6, STM32U375CET6, STM32U375CET6Q, STM32U375CEU6, STM32U375CEU6Q, STM32U375CEY6QTR, STM32U375CGT6, STM32U375CGT6Q, STM32U375CGU6, STM32U375CGU6Q, STM32U375CGY6QTR, STM32U375KEU6, STM32U375KGU6, STM32U375REI6, STM32U375REI6Q, STM32U375RET6, STM32U375RET6Q, STM32U375REY6GTR, STM32U375REY6QTR, STM32U375RGI6, STM32U375RGI6Q, STM32U375RGT6, STM32U375RGT6Q, STM32U375RGY6GTR, STM32U375RGY6QTR, STM32U375VEI6, STM32U375VEI6Q, STM32U375VET6, STM32U375VET6Q, STM32U375VGI6, STM32U375VGI6Q, STM32U375VGT6, STM32U375VGT6Q, STM32U385CGT6, STM32U385CGT6Q, STM32U385CGU6, STM32U385CGU6Q, STM32U385CGY6QTR, STM32U385KGU6, STM32U385RGI6, STM32U385RGI6Q, STM32U385RGT6, STM32U385RGT6Q, STM32U385RGY6GTR, STM32U385RGY6QTR, STM32U385VGI6, STM32U385VGI6Q, STM32U385VGT6, STM32U385VGT6Q, STM32U535CBT6, STM32U535CBT6Q, STM32U535CBU6, STM32U535CBU6Q, STM32U535CCT6, STM32U535CCT6Q, STM32U535CCU6, STM32U535CCU6Q, STM32U535CET6, STM32U535CET6Q, STM32U535CEU6, STM32U535CEU6Q, STM32U535JEY6QTR, STM32U535NCY6QTR, STM32U535NEY6QTR, STM32U535RBI6, STM32U535RBI6Q, STM32U535RBT6, STM32U535RBT6Q, STM32U535RCI6, STM32U535RCI6Q, STM32U535RCT6, STM32U535RCT6Q, STM32U535REI6, STM32U535REI6Q, STM32U535RET6, STM32U535RET6Q, STM32U535VCI6, STM32U535VCI6Q, STM32U535VCT6, STM32U535VCT6Q, STM32U535VEI6, STM32U535VEI6Q, STM32U535VET6, STM32U535VET6Q, STM32U545CET6, STM32U545CET6Q, STM32U545CEU6, STM32U545CEU6Q, STM32U545JEY6QTR, STM32U545NEY6QTR, STM32U545REI6, STM32U545REI6Q, STM32U545RET6, STM32U545RET6Q, STM32U545VEI6, STM32U545VEI6Q, STM32U545VET6, STM32U545VET6Q, STM32U595AIH6, STM32U595AIH6Q, STM32U595AJH6, STM32U595AJH6Q, STM32U595QII6, STM32U595QII6Q, STM32U595QJI6, STM32U595QJI6Q, STM32U595RIT6, STM32U595RIT6Q, STM32U595RJT6, STM32U595RJT6Q, STM32U595VIT6, STM32U595VIT6Q, STM32U595VJT6, STM32U595VJT6Q, STM32U595ZIT6, STM32U595ZIT6Q, STM32U595ZIY6QTR, STM32U595ZJT6, STM32U595ZJT6Q, STM32U595ZJY6QTR, STM32U599BJY6QTR, STM32U599NIH6Q, STM32U599NJH6Q, STM32U599VIT6Q, STM32U599VJT6, STM32U599VJT6Q, STM32U599ZIT6Q, STM32U599ZIY6QTR, STM32U599ZJT6Q, STM32U599ZJY6QTR, STM32U5A5AJH6, STM32U5A5AJH6Q, STM32U5A5QII3Q , STM32U5A5QJI6, STM32U5A5QJI6Q, STM32U5A5RJT6, STM32U5A5RJT6Q, STM32U5A5VJT6, STM32U5A5VJT6Q, STM32U5A5ZJT6, STM32U5A5ZJT6Q, STM32U5A5ZJY6QTR, STM32U5A9BJY6QTR, STM32U5A9J-DK, STM32U5A9NJH6Q, STM32U5A9VJT6Q, STM32U5A9ZJT6Q, STM32U5A9ZJY6QTR, STM32U5F7VIT6, STM32U5F7VIT6Q, STM32U5F7VJT6, STM32U5F7VJT6Q, STM32U5F9BJY6QTR, STM32U5F9NJH6Q, STM32U5F9VIT6Q, STM32U5F9VJT6Q, STM32U5F9ZIJ6QTR, STM32U5F9ZIT6Q, STM32U5F9ZJJ6QTR, STM32U5F9ZJT6Q, STM32U5G7VJT6, STM32U5G7VJT6Q, STM32U5G9BJY6QTR, STM32U5G9J-DK1, STM32U5G9J-DK2, STM32U5G9NJH6Q, STM32U5G9VJT6Q, STM32U5G9ZJJ6QTR, STM32U5G9ZJT6Q, STM32WB05KZV6TR, STM32WB05KZV7TR, STM32WB05TZF6TR, STM32WB05TZF7TR, STM32WB06CCF6TR, STM32WB06CCF7TR, STM32WB06CCV6TR, STM32WB06CCV7TR, STM32WB06KCV6TR, STM32WB06KCV7TR, STM32WB07CCF6TR, STM32WB07CCF7TR, STM32WB07CCV6TR, STM32WB07CCV7TR, STM32WB07KCV6TR, STM32WB07KCV7TR, STM32WB09KEV6TR, STM32WB09KEV7TR, STM32WB09TEF6TR, STM32WB09TEF7TR, STM32WB1MMCH6, STM32WBA50KGU6, STM32WBA50KGU6TR, STM32WBA52CEU6, STM32WBA52CEU6TR, STM32WBA52CEU7, STM32WBA52CEU7TR, STM32WBA52CGU6, STM32WBA52CGU6TR, STM32WBA52CGU6U, STM32WBA52CGU7, STM32WBA52CGU7TR, STM32WBA52KEU6, STM32WBA52KEU6TR, STM32WBA52KGU6, STM32WBA52KGU6TR, STM32WBA54CEU6, STM32WBA54CEU6TR, STM32WBA54CEU7, STM32WBA54CEU7TR, STM32WBA54CGU6, STM32WBA54CGU6TR, STM32WBA54CGU7, STM32WBA54CGU7TR, STM32WBA54KEU6, STM32WBA54KEU6TR, STM32WBA54KEU7, STM32WBA54KEU7TR, STM32WBA54KGU6, STM32WBA54KGU6TR, STM32WBA54KGU7, STM32WBA54KGU7TR, STM32WBA55CEU6, STM32WBA55CEU6TR, STM32WBA55CEU7, STM32WBA55CEU7TR, STM32WBA55CGU6, STM32WBA55CGU6TR, STM32WBA55CGU6U, STM32WBA55CGU7, STM32WBA55CGU7TR, STM32WBA55G-DK1, STM32WBA55HEF6, STM32WBA55HEF7, STM32WBA55HGF6, STM32WBA55HGF7, STM32WBA55UEI6, STM32WBA55UEI6TR, STM32WBA55UEI7, STM32WBA55UEI7TR, STM32WBA55UGI6, STM32WBA55UGI6TR, STM32WBA55UGI7, STM32WBA55UGI7TR, STM32WBA5MJGH6TR, STM32WBA62CGU6, STM32WBA62CIU6, STM32WBA62MGF6, STM32WBA62MIF6, STM32WBA62PGI6, STM32WBA62PII6, STM32WBA63CGU6, STM32WBA63CGU7, STM32WBA63CIU6, STM32WBA63CIU7, STM32WBA64CGU6, STM32WBA64CGU7, STM32WBA64CIU6, STM32WBA64CIU7, STM32WBA65CGU6, STM32WBA65CGU7, STM32WBA65CIU6, STM32WBA65CIU7, STM32WBA65I-DK1, STM32WBA65MGF6, STM32WBA65MGF7, STM32WBA65MIF6, STM32WBA65MIF7, STM32WBA65PGI6, STM32WBA65PGI7, STM32WBA65PII6, STM32WBA65PII7, STM32WBA65RGV6, STM32WBA65RGV7, STM32WBA65RIV6, STM32WBA65RIV7, STM32WL30K8V6, STM32WL30KBV6, STM32WL31C8V6, STM32WL31CBV6, STM32WL31K8V6, STM32WL31KBV6, STM32WL33C8V6, STM32WL33C8V6TR, STM32WL33C8V7, STM32WL33C8V7TR, STM32WL33CBV6, STM32WL33CBV6TR, STM32WL33CBV7, STM32WL33CBV7TR, STM32WL33CCV6, STM32WL33CCV6TR, STM32WL33CCV7, STM32WL33CCV7A, STM32WL33CCV7ATR, STM32WL33CCV7TR, STM32WL33K8V6, STM32WL33K8V6TR, STM32WL33K8V7, STM32WL33K8V7TR, STM32WL33KBV6, STM32WL33KBV6TR, STM32WL33KBV7, STM32WL33KBV7TR, STM32WL33KCV6, STM32WL33KCV6TR, STM32WL33KCV7, STM32WL33KCV7TR, STM32WL5MOCH6, STM32WL5MOCH6TR]
2025-06-12 10:36:55,957 [INFO] DbMcus:218 - Found 4686 MCUs, 4686 are supported
2025-06-12 10:36:55,959 [INFO] ApiDb:423 - Load user favorites file C:\Users\arumu/.stm32cubeide/favorites.mcus.txt: 0 item(s)
2025-06-12 10:36:55,959 [INFO] ApiDb:427 - User favorites MCUs=[]
2025-06-12 10:36:55,959 [INFO] DbMcus:224 - Set 0 / 0 favorites MCUs
2025-06-12 10:36:56,598 [INFO] ApiDb:423 - Load user favorites file C:\Users\arumu/.stm32cubeide/favorites.boards.txt: 0 item(s)
2025-06-12 10:36:56,598 [INFO] ApiDb:427 - User favorites Boards=[]
2025-06-12 10:36:56,598 [INFO] DbBoards:198 - Set 0 / 0 favorites Boards
2025-06-12 10:36:56,598 [INFO] McuFinderGlobals:76 - Set McuFinderConnectedMode to true
2025-06-12 10:36:56,609 [INFO] MultiScanPanel:200 - Auto-refresh data requested => check proxy status ongoing
2025-06-12 10:36:56,609 [INFO] FinderPluginLoader:95 - Searching for filters in installed packs
2025-06-12 10:36:58,637 [INFO] LoadUrlFilesThread:185 - End of LoadServerUrlFiles without Thread
2025-06-12 10:36:58,652 [INFO] DetailPanel:341 - Set advertising image to C:/Users/arumu/STM32Cube/Repository/\en.summit-h1-25-promotion.jpg
2025-06-12 10:37:03,059 [INFO] MultiScanPanel:200 - Auto-refresh data requested => check proxy status ongoing
2025-06-12 10:37:03,222 [INFO] LoadUrlFilesThread:185 - End of LoadServerUrlFiles without Thread
2025-06-12 10:37:03,222 [INFO] DetailPanel:341 - Set advertising image to C:/Users/arumu/STM32Cube/Repository/\en.summit-h1-25-promotion.jpg
2025-06-12 10:37:03,238 [INFO] DbBoards:642 - Loading board mini-images...
2025-06-12 10:37:03,414 [ERROR] DbBoards:659 - Image file not found for board B-WBA5M-WPAN: C:\Users\arumu\.stmcufinder\plugins\mcufinder//mcu//boards_images/B-WBA5M-WPAN.jpg
2025-06-12 10:37:05,511 [INFO] DbBoards:665 - Loaded 210 board mini-images
2025-06-12 10:40:16,222 [INFO] MainUpdater:2872 - connection check result : 10
2025-06-12 10:40:16,223 [INFO] MainUpdater:2872 - connection check result : 10
2025-06-12 10:40:16,259 [INFO] MicroXplorer:468 - Change Database Path : 
2025-06-12 10:40:16,259 [INFO] MicroXplorer:498 - Change Database Version : DB.6.0.141
2025-06-12 10:40:16,277 [WARN] ThirdParty:871 - waiting for thirdparty lock release [close project]
2025-06-12 10:40:16,277 [INFO] ThirdParty:873 - entering critical section [close project]
2025-06-12 10:40:16,279 [INFO] ThirdParty:883 - exiting critical section [close project]
2025-06-12 10:40:16,283 [INFO] PinOutPanel:1589 - setPackage(No Configuration,No Configuration)
2025-06-12 10:40:16,295 [INFO] UtilMem:75 - Begin LoadConfig() Used Memory: 954374128 Bytes (1059061760)
2025-06-12 10:40:16,305 [INFO] OpenFileManager:354 - Change cursor
2025-06-12 10:40:16,387 [INFO] ProjectFactory:442 - No CPN specified for board NUCLEO-L476RG => set CPN to STM32L476RGT3
2025-06-12 10:40:16,389 [INFO] Mcu:2011 - Initializing MCU STM32L476R(C-E-G)Tx STM32L476RGTx STM32L476RGT3
2025-06-12 10:40:19,812 [INFO] Context:756 - Trying to add GPIOservice into a context  which must be forbidden
2025-06-12 10:40:20,558 [INFO] Rule:225 - rule 117617 - U5Cobra4M][GTZC] default value MPCBB3 and MPCBB5 - Not Secured memory - MPCBB1 is applicable
2025-06-12 10:40:20,559 [INFO] Rule:225 - rule 117617 - U5Cobra4M][GTZC] default value MPCBB3 and MPCBB5 - Not Secured memory - MPCBB1 is applicable
2025-06-12 10:40:20,559 [INFO] Rule:225 - rule 117617 - U5Cobra4M][GTZC] default value MPCBB3 and MPCBB5 - Not Secured memory - MPCBB2 is applicable
2025-06-12 10:40:20,559 [INFO] Rule:225 - rule 117617 - U5Cobra4M][GTZC] default value MPCBB3 and MPCBB5 - Not Secured memory - MPCBB2 is applicable
2025-06-12 10:40:20,559 [INFO] Rule:225 - rule 117617 - U5Cobra4M][GTZC] default value MPCBB3 and MPCBB5 - Not Secured memory - MPCBB3 is applicable
2025-06-12 10:40:20,559 [INFO] Rule:225 - rule 117617 - U5Cobra4M][GTZC] default value MPCBB3 and MPCBB5 - Not Secured memory - MPCBB3 is applicable
2025-06-12 10:40:20,559 [INFO] Rule:225 - rule 117617 - U5Cobra4M][GTZC] default value MPCBB3 and MPCBB5 - Not Secured memory - MPCBB4 is applicable
2025-06-12 10:40:20,559 [INFO] Rule:225 - rule 117617 - U5Cobra4M][GTZC] default value MPCBB3 and MPCBB5 - Not Secured memory - MPCBB4 is applicable
2025-06-12 10:40:20,559 [INFO] Rule:225 - rule 117617 - U5Cobra4M][GTZC] default value MPCBB3 and MPCBB5 - Secured memory - MPCBB1 is applicable
2025-06-12 10:40:20,559 [INFO] Rule:225 - rule 117617 - U5Cobra4M][GTZC] default value MPCBB3 and MPCBB5 - Secured memory - MPCBB2 is applicable
2025-06-12 10:40:20,559 [INFO] Rule:225 - rule 117617 - U5Cobra4M][GTZC] default value MPCBB3 and MPCBB5 - Secured memory - MPCBB3 is applicable
2025-06-12 10:40:20,559 [INFO] Rule:225 - rule 117617 - U5Cobra4M][GTZC] default value MPCBB3 and MPCBB5 - Secured memory - MPCBB4 is applicable
2025-06-12 10:40:20,559 [INFO] Rule:225 - rule 117617 - U5Cobra4M][GTZC] default value MPCBB3 and MPCBB5 - Privileged memory - MPCBB1 is applicable
2025-06-12 10:40:20,559 [INFO] Rule:225 - rule 117617 - U5Cobra4M][GTZC] default value MPCBB3 and MPCBB5 - Privileged memory - MPCBB2 is applicable
2025-06-12 10:40:20,559 [INFO] Rule:225 - rule 117617 - U5Cobra4M][GTZC] default value MPCBB3 and MPCBB5 - Privileged memory - MPCBB3 is applicable
2025-06-12 10:40:20,560 [INFO] Rule:225 - rule 117617 - U5Cobra4M][GTZC] default value MPCBB3 and MPCBB5 - Privileged memory - MPCBB4 is applicable
2025-06-12 10:40:20,560 [INFO] Rule:225 - rule 117617 - U5Cobra4M][GTZC] default value MPCBB3 and MPCBB5 - Not Privileged memory - MPCBB1 is applicable
2025-06-12 10:40:20,560 [INFO] Rule:225 - rule 117617 - U5Cobra4M][GTZC] default value MPCBB3 and MPCBB5 - Not Privileged memory - MPCBB2 is applicable
2025-06-12 10:40:20,560 [INFO] Rule:225 - rule 117617 - U5Cobra4M][GTZC] default value MPCBB3 and MPCBB5 - Not Privileged memory - MPCBB3 is applicable
2025-06-12 10:40:20,560 [INFO] Rule:225 - rule 117617 - U5Cobra4M][GTZC] default value MPCBB3 and MPCBB5 - Not Privileged memory - MPCBB4 is applicable
2025-06-12 10:40:20,560 [INFO] Rule:225 - rule 117617 - U5Cobra4M][GTZC] default value MPCBB3 and MPCBB5 - Privileged memory - MPCBB1 is applicable
2025-06-12 10:40:20,560 [INFO] Rule:225 - rule 117617 - U5Cobra4M][GTZC] default value MPCBB3 and MPCBB5 - Privileged memory - MPCBB2 is applicable
2025-06-12 10:40:20,561 [INFO] Rule:225 - rule 117617 - U5Cobra4M][GTZC] default value MPCBB3 and MPCBB5 - Privileged memory - MPCBB3 is applicable
2025-06-12 10:40:20,561 [INFO] Rule:225 - rule 117617 - U5Cobra4M][GTZC] default value MPCBB3 and MPCBB5 - Privileged memory - MPCBB4 is applicable
2025-06-12 10:40:20,561 [INFO] Rule:225 - rule 117617 - U5Cobra4M][GTZC] default value MPCBB3 and MPCBB5 - Privileged memory - MPCBB1 is applicable
2025-06-12 10:40:20,561 [INFO] Rule:225 - rule 117617 - U5Cobra4M][GTZC] default value MPCBB3 and MPCBB5 - Privileged memory - MPCBB2 is applicable
2025-06-12 10:40:20,561 [INFO] Rule:225 - rule 117617 - U5Cobra4M][GTZC] default value MPCBB3 and MPCBB5 - Privileged memory - MPCBB3 is applicable
2025-06-12 10:40:20,561 [INFO] Rule:225 - rule 117617 - U5Cobra4M][GTZC] default value MPCBB3 and MPCBB5 - Privileged memory - MPCBB4 is applicable
2025-06-12 10:40:20,561 [INFO] Rule:225 - rule 117617 - U5Cobra4M][GTZC] default value MPCBB3 and MPCBB5 - Not Privileged memory - MPCBB1 is applicable
2025-06-12 10:40:20,561 [INFO] Rule:225 - rule 117617 - U5Cobra4M][GTZC] default value MPCBB3 and MPCBB5 - Not Privileged memory - MPCBB2 is applicable
2025-06-12 10:40:20,561 [INFO] Rule:225 - rule 117617 - U5Cobra4M][GTZC] default value MPCBB3 and MPCBB5 - Not Privileged memory - MPCBB3 is applicable
2025-06-12 10:40:20,561 [INFO] Rule:225 - rule 117617 - U5Cobra4M][GTZC] default value MPCBB3 and MPCBB5 - Not Privileged memory - MPCBB4 is applicable
2025-06-12 10:40:20,562 [INFO] Rule:225 - rule 117617 - U5Cobra4M][GTZC] default value MPCBB3 and MPCBB5 - Privileged memory - MPCBB1 is applicable
2025-06-12 10:40:20,562 [INFO] Rule:225 - rule 117617 - U5Cobra4M][GTZC] default value MPCBB3 and MPCBB5 - Privileged memory - MPCBB2 is applicable
2025-06-12 10:40:20,562 [INFO] Rule:225 - rule 117617 - U5Cobra4M][GTZC] default value MPCBB3 and MPCBB5 - Privileged memory - MPCBB3 is applicable
2025-06-12 10:40:20,562 [INFO] Rule:225 - rule 117617 - U5Cobra4M][GTZC] default value MPCBB3 and MPCBB5 - Privileged memory - MPCBB4 is applicable
2025-06-12 10:40:20,562 [INFO] Rule:225 - rule Rename SubGHz_Phy SUBGHZ_APPLICATION SUBGHZ_PINGPONG to SUBGHZ_ADV_APPLICATION is applicable
2025-06-12 10:40:20,562 [INFO] Rule:225 - rule Rename Enabled to IBEACON is applicable
2025-06-12 10:40:20,562 [INFO] Rule:225 - rule GTZC_S instance for project manager is applicable
2025-06-12 10:40:20,562 [INFO] Rule:225 - rule GTZC_S instance for context M33S is applicable
2025-06-12 10:40:20,562 [INFO] Rule:225 - rule GTZC_S instance value for IP GTZC is applicable
2025-06-12 10:40:20,562 [INFO] Rule:225 - rule GTZC_S instance for mcu.IP is applicable
2025-06-12 10:40:20,562 [INFO] Rule:225 - rule GTZC_S instance for VP is applicable
2025-06-12 10:40:20,562 [INFO] Rule:225 - rule GTZC_S instance for signal is applicable
2025-06-12 10:40:20,562 [INFO] Rule:225 - rule GTZC_S instance for mcu.Pin is applicable
2025-06-12 10:40:20,562 [INFO] Rule:225 - rule GTZC_S instance for VP is applicable
2025-06-12 10:40:20,563 [INFO] Rule:225 - rule GTZC_S instance for signal is applicable
2025-06-12 10:40:20,563 [INFO] Rule:225 - rule GTZC_S instance for mcu is applicable
2025-06-12 10:40:20,563 [INFO] Rule:225 - rule GTZC_S instance for mcu.Pin is applicable
2025-06-12 10:40:20,563 [INFO] Rule:225 - rule GTZC_S instance value for IP GTZC is applicable
2025-06-12 10:40:20,563 [INFO] Rule:225 - rule GTZC_S instance for project manager is applicable
2025-06-12 10:40:20,563 [INFO] Rule:225 - rule GTZC_S instance for context M33S is applicable
2025-06-12 10:40:20,563 [INFO] Rule:225 - rule GTZC_S instance for VP is applicable
2025-06-12 10:40:20,563 [INFO] Rule:225 - rule GTZC_S instance for signal is applicable
2025-06-12 10:40:20,563 [INFO] Rule:225 - rule SPDIFRX instance for mcu is applicable
2025-06-12 10:40:20,563 [INFO] Rule:225 - rule Rename Tracer Mode is applicable
2025-06-12 10:40:20,563 [INFO] Rule:225 - rule SPDIFRX instance value for IP SPDIFRX is applicable
2025-06-12 10:40:20,563 [INFO] Rule:225 - rule SPDIFRX instance for signal is applicable
2025-06-12 10:40:20,563 [INFO] Rule:225 - rule SPDIFRX instance for project manager is applicable
2025-06-12 10:40:20,563 [INFO] Rule:225 - rule SPDIFRX instance for project manager is applicable
2025-06-12 10:40:20,564 [INFO] Rule:225 - rule ADC Scan  fix with FW F7 is applicable
2025-06-12 10:40:20,564 [INFO] Rule:225 - rule ADC Scan  fix with FW F7 is applicable
2025-06-12 10:40:20,564 [INFO] Rule:225 - rule WakeUp0 Mode is applicable
2025-06-12 10:40:20,564 [INFO] Rule:225 - rule WakeUp0 SIGNAL is applicable
2025-06-12 10:40:20,564 [INFO] Rule:225 - rule WakeUp1 Mode is applicable
2025-06-12 10:40:20,564 [INFO] Rule:225 - rule WakeUp1 SIGNAL is applicable
2025-06-12 10:40:20,564 [INFO] Rule:225 - rule WakeUp2 Mode is applicable
2025-06-12 10:40:20,564 [INFO] Rule:225 - rule WakeUp2 SIGNAL is applicable
2025-06-12 10:40:20,564 [INFO] Rule:225 - rule WakeUp4 Mode is applicable
2025-06-12 10:40:20,564 [INFO] Rule:225 - rule WakeUp4 SIGNAL is applicable
2025-06-12 10:40:20,564 [INFO] Rule:225 - rule WakeUp5 Mode is applicable
2025-06-12 10:40:20,564 [INFO] Rule:225 - rule WakeUp5 SIGNAL is applicable
2025-06-12 10:40:20,564 [INFO] Rule:225 - rule Add RTC Activate Clock Source is applicable
2025-06-12 10:40:20,564 [INFO] Rule:225 - rule Add RTC Activate Calendar 1 is applicable
2025-06-12 10:40:20,564 [INFO] Rule:225 - rule Add RTC Activate Calendar 2 is applicable
2025-06-12 10:40:20,565 [INFO] Rule:225 - rule Add RTC Activate Calendar 3 is applicable
2025-06-12 10:40:20,565 [INFO] Rule:225 - rule UART/USART TX Mode is applicable
2025-06-12 10:40:20,565 [INFO] Rule:225 - rule UART/USART RX Mode is applicable
2025-06-12 10:40:20,565 [INFO] Rule:225 - rule UART/USART RX TX Mode is applicable
2025-06-12 10:40:20,565 [INFO] Rule:225 - rule UART/USART PARITY NONE is applicable
2025-06-12 10:40:20,565 [INFO] Rule:225 - rule UART/USART PARITY EVEN is applicable
2025-06-12 10:40:20,565 [INFO] Rule:225 - rule UART/USART PARITY ODD is applicable
2025-06-12 10:40:20,565 [INFO] Rule:225 - rule USART StopBits 1 is applicable
2025-06-12 10:40:20,565 [INFO] Rule:225 - rule USART StopBits 2 is applicable
2025-06-12 10:40:20,565 [INFO] Rule:225 - rule USART StopBits 1.5 is applicable
2025-06-12 10:40:20,565 [INFO] Rule:225 - rule USART StopBits 0.5 is applicable
2025-06-12 10:40:20,565 [INFO] Rule:225 - rule UART/USART WORD LENGTH 7 is applicable
2025-06-12 10:40:20,565 [INFO] Rule:225 - rule UART/USART WORD LENGTH 8 is applicable
2025-06-12 10:40:20,565 [INFO] Rule:225 - rule UART/USART WORD LENGTH 9 is applicable
2025-06-12 10:40:20,565 [INFO] Rule:225 - rule Rename FMC NAND NCE signal is applicable
2025-06-12 10:40:20,566 [INFO] Rule:225 - rule Rename FMC NAND INT signal is applicable
2025-06-12 10:40:20,566 [INFO] Rule:225 - rule Change Default Value for LSE Drive Capability for WB family is applicable
2025-06-12 10:40:20,566 [INFO] Rule:225 - rule Change Default Value for ADC Clock Prescaler G0 family is applicable
2025-06-12 10:40:20,566 [INFO] Rule:225 - rule Change Default Value for ADC ExternalTrigConv L4 family is applicable
2025-06-12 10:40:20,566 [INFO] Rule:225 - rule Change Default Value for ADC ExternalTrigInjecConv L4 family is applicable
2025-06-12 10:40:20,566 [INFO] Rule:225 - rule Change Default Value for ADC ExternalTrigConv F3 family is applicable
2025-06-12 10:40:20,566 [INFO] Rule:225 - rule Change Default Value for ADC ExternalTrigInjecConv F3 family is applicable
2025-06-12 10:40:20,566 [INFO] Rule:225 - rule Change Default Value for ADC ExternalTrigConv Goldfish serie is applicable
2025-06-12 10:40:20,566 [INFO] Rule:225 - rule Change Default Value for ADC ExternalTrigInjecConv Goldfish serie is applicable
2025-06-12 10:40:20,566 [INFO] Rule:225 - rule Change Default Value for ADC ExternalTrigConv L0 family is applicable
2025-06-12 10:40:20,566 [INFO] Rule:225 - rule Change Default Value for ADC ExternalTrigConv F0 family is applicable
2025-06-12 10:40:20,566 [INFO] Rule:225 - rule Change Default Value for ADC ExternalTrigConvn L1 family is applicable
2025-06-12 10:40:20,566 [INFO] Rule:225 - rule Change Default Value for ADC ExternalTrigInjecConv L1 family is applicable
2025-06-12 10:40:20,566 [INFO] Rule:225 - rule Change Default Value for ADC ExternalTrigConv F1 family is applicable
2025-06-12 10:40:20,566 [INFO] Rule:225 - rule Change Default Value for ADC ExternalTrigInjecConv F1 family is applicable
2025-06-12 10:40:20,567 [INFO] Rule:225 - rule Change Default Value for ADC ExternalTrigConv F7 family is applicable
2025-06-12 10:40:20,567 [INFO] Rule:225 - rule Change Default Value for ADC ExternalTrigInjecConv F7 family is applicable
2025-06-12 10:40:20,567 [INFO] Rule:225 - rule Change Default Value for ADC ExternalTrigConv F4 and F2 family is applicable
2025-06-12 10:40:20,567 [INFO] Rule:225 - rule Change Default Value for ADC ExternalTrigInjecConv F4 and F2 family is applicable
2025-06-12 10:40:20,567 [INFO] Rule:225 - rule ADC SamplingTime fix with FW L0  is applicable
2025-06-12 10:40:20,567 [INFO] Rule:225 - rule ADC SamplingTime fix with FW L0  is applicable
2025-06-12 10:40:20,567 [INFO] Rule:225 - rule ADC SamplingTime fix with FW L0 is applicable
2025-06-12 10:40:20,567 [INFO] Rule:225 - rule ADC SamplingTime fix with FW L0 is applicable
2025-06-12 10:40:20,567 [INFO] Rule:225 - rule ADC SamplingTime fix with FW L0  is applicable
2025-06-12 10:40:20,567 [INFO] Rule:225 - rule ADC SamplingTime fix with FW L0 is applicable
2025-06-12 10:40:20,568 [INFO] Rule:225 - rule Rename USB_OE Signal is applicable
2025-06-12 10:40:20,568 [INFO] Rule:225 - rule Rename Activate_OE Mode is applicable
2025-06-12 10:40:20,568 [INFO] Rule:225 - rule Rename DIE462/DIE415 pin PC14/OSC32_IN -> PC14-OSC32_IN (PC14) is applicable
2025-06-12 10:40:20,568 [INFO] Rule:225 - rule Rename DIE462/DIE415 pin PC15/OSC32_OUT -> PC15-OSC32_OUT (PC15) is applicable
2025-06-12 10:40:20,568 [INFO] Rule:225 - rule Rename DIE462/DIE415 pin PH0/OSC_IN -> PH0-OSC_IN (PH0) is applicable
2025-06-12 10:40:20,568 [INFO] Rule:225 - rule Rename DIE462/DIE415 pin PH1/OSC_OUT -> PH1-OSC_OUT (PH1) is applicable
2025-06-12 10:40:20,568 [INFO] Rule:225 - rule Rename DIE462 pin PA13 -> PA13 (JTMS/SWDIO) is applicable
2025-06-12 10:40:20,569 [INFO] Rule:225 - rule Rename DIE415 pin PA13 -> PA13 (JTMS/SWDIO) is applicable
2025-06-12 10:40:20,569 [INFO] Rule:225 - rule Rename DIE462 pin PA14 -> PA14 (JTCK/SWCLK) is applicable
2025-06-12 10:40:20,569 [INFO] Rule:225 - rule Rename DIE415 pin PA14 -> PA14 (JTCK/SWCLK) is applicable
2025-06-12 10:40:20,569 [INFO] Rule:225 - rule Rename DIE462/DIE415 pin PA15 -> PA15 (JTDI) is applicable
2025-06-12 10:40:20,569 [INFO] Rule:225 - rule Rename DIE462 pin PB3 -> PB3 (JTD0/TRACESWO) is applicable
2025-06-12 10:40:20,569 [INFO] Rule:225 - rule Rename DIE415 pin PB3 -> PB3 (JTD0-TRACESWO) is applicable
2025-06-12 10:40:20,569 [INFO] Rule:225 - rule Rename DIE462/DIE415 pin PB4 -> PB4 (NJTRST) is applicable
2025-06-12 10:40:20,569 [INFO] Rule:225 - rule Rename DIE462 pin PH3/BOOT0 -> PH3-BOOT0 (BOOT0) is applicable
2025-06-12 10:40:20,569 [INFO] Rule:225 - rule Rename CRYP DataEncryptionTypesList to Algorithm is applicable
2025-06-12 10:40:20,569 [INFO] Rule:225 - rule Rename AES DataEncryptionTypesList to Algorithm is applicable
2025-06-12 10:40:20,569 [INFO] Rule:225 - rule Rename TDESECB to CRYP_TDES_ECB is applicable
2025-06-12 10:40:20,569 [INFO] Rule:225 - rule Rename TDESCBC to CRYP_TDES_CBC is applicable
2025-06-12 10:40:20,569 [INFO] Rule:225 - rule Rename DESECB to CRYP_DES_ECB is applicable
2025-06-12 10:40:20,569 [INFO] Rule:225 - rule Rename DESCBC to CRYP_DES_CBC is applicable
2025-06-12 10:40:20,570 [INFO] Rule:225 - rule Rename AESECB to CRYP_AES_ECB is applicable
2025-06-12 10:40:20,570 [INFO] Rule:225 - rule Rename AESCBC to CRYP_AES_CBC is applicable
2025-06-12 10:40:20,570 [INFO] Rule:225 - rule Rename AESCTR to CRYP_AES_CTR is applicable
2025-06-12 10:40:20,570 [INFO] Rule:225 - rule Rename AESGCM to CRYP_AES_GCM is applicable
2025-06-12 10:40:20,570 [INFO] Rule:225 - rule Rename AESCCM to CRYP_AES_CCM is applicable
2025-06-12 10:40:20,570 [INFO] Rule:225 - rule Rename CAN TimeSeg1 to BS1 is applicable
2025-06-12 10:40:20,570 [INFO] Rule:225 - rule Rename CAN TimeSeg2 to BS2 is applicable
2025-06-12 10:40:20,570 [INFO] Rule:225 - rule Rename CAN SyncJumpWidth to SJW is applicable
2025-06-12 10:40:20,570 [INFO] Rule:225 - rule TimeTriggeredMode to TTCM is applicable
2025-06-12 10:40:20,570 [INFO] Rule:225 - rule Rename CAN AutoBusOff to ABOM is applicable
2025-06-12 10:40:20,570 [INFO] Rule:225 - rule Rename CAN AutoWakeUp to AWUM is applicable
2025-06-12 10:40:20,570 [INFO] Rule:225 - rule Rename CAN AutoRetransmission to NART is applicable
2025-06-12 10:40:20,570 [INFO] Rule:225 - rule Rename CAN ReceiveFifoLocked to RFLM is applicable
2025-06-12 10:40:20,570 [INFO] Rule:225 - rule Rename CAN TransmitFifoPriority to TXFP is applicable
2025-06-12 10:40:20,570 [INFO] Rule:225 - rule Rename HRTIMER HRTIM_OUTPUTFAULTLEVEL_HIGH in HRTIMER HRTIM_OUTPUTFAULTLEVEL_HIGHZ is applicable
2025-06-12 10:40:20,570 [INFO] Rule:225 - rule Rename TIMER TIM_CLEARINPUTSOURCE_OCREFCLR in  TIMER TIM_CLEARINPUTSOURCE_NONE for F7 family is applicable
2025-06-12 10:40:20,571 [INFO] Rule:225 - rule FDCAN_R1 - Rename FDCAN mode Master into Classic is applicable
2025-06-12 10:40:20,571 [INFO] Rule:225 - rule FDCAN_R2 - Rename FDCAN mode Slave into Classic is applicable
2025-06-12 10:40:20,571 [INFO] Rule:225 - rule FDCAN1_R3 - if PA10.Mode=FullDuplex, add Pin PA12 is applicable
2025-06-12 10:40:20,571 [INFO] Rule:225 - rule FDCAN1_R3 - if PA9.Mode=FullDuplex, add Pin PA11 is applicable
2025-06-12 10:40:20,571 [INFO] Rule:225 - rule FDCAN1_R3 - Alternatepin_1 - if PE1.Mode=FullDuplex, add Pin PB9 is applicable
2025-06-12 10:40:20,571 [INFO] Rule:225 - rule FDCAN1_R3 - Alternatepin_1 - if PE0.Mode=FullDuplex, add Pin PB8 is applicable
2025-06-12 10:40:20,571 [INFO] Rule:225 - rule FDCAN1_R3 - Alternatepin_2 - if PD5.Mode=FullDuplex, add Pin PD1 is applicable
2025-06-12 10:40:20,571 [INFO] Rule:225 - rule FDCAN1_R3 - Alternatepin_2 - if PD4.Mode=FullDuplex, add Pin PD0 is applicable
2025-06-12 10:40:20,571 [INFO] Rule:225 - rule FDCAN1_R4 - Rename Mode FullDuplex into Enable FDCAN_TXFD for pin PA10 is applicable
2025-06-12 10:40:20,572 [INFO] Rule:225 - rule FDCAN1_R4 - Rename Mode FullDuplex into Enable FDCAN_TXFD for pin PA9 is applicable
2025-06-12 10:40:20,572 [INFO] Rule:225 - rule FDCAN1_R4 - Alternatepin_1 - Rename Mode FullDuplex into Enable FDCAN_TXFD for pin PE1 is applicable
2025-06-12 10:40:20,572 [INFO] Rule:225 - rule FDCAN1_R4 - Alternatepin_1 - Rename Mode FullDuplex into Enable FDCAN_TXFD for pin PE0 is applicable
2025-06-12 10:40:20,572 [INFO] Rule:225 - rule FDCAN1_R4 - Alternatepin_2 - Rename Mode FullDuplex into Enable FDCAN_TXFD for pin PD5 is applicable
2025-06-12 10:40:20,572 [INFO] Rule:225 - rule FDCAN1_R4 - Alternatepin_2 - Rename Mode FullDuplex into Enable FDCAN_TXFD for pin PD4 is applicable
2025-06-12 10:40:20,572 [INFO] Rule:225 - rule FDCAN2_R3 - if PD10.Mode=FullDuplex, add Pin PB13 is applicable
2025-06-12 10:40:20,572 [INFO] Rule:225 - rule FDCAN2_R3 - if PD9.Mode=FullDuplex, add Pin PB12 is applicable
2025-06-12 10:40:20,572 [INFO] Rule:225 - rule FDCAN2_R3 - Alternatepin_1 - if PB7.Mode=FullDuplex, add Pin PB6 is applicable
2025-06-12 10:40:20,573 [INFO] Rule:225 - rule FDCAN2_R3 - Alternatepin_1 - if PD9.Mode=FullDuplex, add Pin PB12 is applicable
2025-06-12 10:40:20,573 [INFO] Rule:225 - rule FDCAN2_R4 - Rename Mode FullDuplex into Enable FDCAN_TXFD for pin PD10 is applicable
2025-06-12 10:40:20,573 [INFO] Rule:225 - rule FDCAN2_R4 - Rename Mode FullDuplex into Enable FDCAN_TXFD for pin PD9 is applicable
2025-06-12 10:40:20,573 [INFO] Rule:225 - rule FDCAN2_R4 - Alternatepin_1 - Rename Mode FullDuplex into Enable FDCAN_TXFD for pin PB7 is applicable
2025-06-12 10:40:20,573 [INFO] Rule:225 - rule FDCAN2_R4 - Alternatepin_1 - Rename Mode FullDuplex into Enable FDCAN_TXFD for pin PD6 is applicable
2025-06-12 10:40:20,573 [INFO] Rule:225 - rule USART TxPinLevelInvertParam Mode is applicable
2025-06-12 10:40:20,573 [INFO] Rule:225 - rule USART RxPinLevelInvertParam Mode is applicable
2025-06-12 10:40:20,573 [INFO] Rule:225 - rule USART DataInvertParam Mode is applicable
2025-06-12 10:40:20,573 [INFO] Rule:225 - rule USART SwapParam Mode is applicable
2025-06-12 10:40:20,573 [INFO] Rule:225 - rule USART OverrunDisableParam Mode is applicable
2025-06-12 10:40:20,573 [INFO] Rule:225 - rule USART DMADisableonRxErrorParam Mode is applicable
2025-06-12 10:40:20,573 [INFO] Rule:225 - rule USART MSBFirstParam Mode is applicable
2025-06-12 10:40:20,573 [INFO] Rule:225 - rule Update MwName for USB_DEVICE is applicable
2025-06-12 10:40:20,574 [INFO] Rule:225 - rule Change PWR_Regulator_Voltage_Scale Default Value for RCC  H7 family is applicable
2025-06-12 10:40:20,574 [INFO] Rule:225 - rule UART/USART IPParameter rename Prescaler parameter to ClockPrescaler is applicable
2025-06-12 10:40:20,574 [INFO] Rule:225 - rule UART/USART Prescaler rename Prescaler parameter to ClockPrescaler is applicable
2025-06-12 10:40:20,574 [INFO] Rule:225 - rule TIM1CLockSelection is applicable
2025-06-12 10:40:20,574 [INFO] Rule:225 - rule TIM15CLockSelection is applicable
2025-06-12 10:40:20,574 [INFO] Rule:225 - rule align RCC SDMMC3CLockSelection default value on MP1 is applicable
2025-06-12 10:40:20,574 [INFO] Rule:225 - rule align RCC SDMMC12CLockSelection default value on MP1 is applicable
2025-06-12 10:40:20,574 [INFO] Rule:225 - rule align RCC QSPICLockSelection default value on MP1 is applicable
2025-06-12 10:40:20,574 [INFO] Rule:225 - rule align RCC QSPICLockSelection default value on MP1 is applicable
2025-06-12 10:40:20,574 [INFO] Rule:225 - rule align RCC SPI6CLockSelection default value on MP1 is applicable
2025-06-12 10:40:20,575 [INFO] Rule:225 - rule align RCC LPTIM23CLockSelection default value on MP1 is applicable
2025-06-12 10:40:20,575 [INFO] Rule:225 - rule align RCC LPTIM1CLockSelection default value on MP1 is applicable
2025-06-12 10:40:20,575 [INFO] Rule:225 - rule align RCC USART1CLockSelection default value on MP1 is applicable
2025-06-12 10:40:20,575 [INFO] Rule:225 - rule align RCC USART24CLockSelection default value on MP1 is applicable
2025-06-12 10:40:20,575 [INFO] Rule:225 - rule align RCC USART6CLockSelection default value on MP1 is applicable
2025-06-12 10:40:20,575 [INFO] Rule:225 - rule align RCC UART78CLockSelection default value on MP1 is applicable
2025-06-12 10:40:20,575 [INFO] Rule:225 - rule align RCC USART35CLockSelection default value on MP1 is applicable
2025-06-12 10:40:20,575 [INFO] Rule:225 - rule align RCC SPI45CLockSelection default value on MP1 is applicable
2025-06-12 10:40:20,575 [INFO] Rule:225 - rule align RCC I2C46CLockSelection BCLK value on MP1 is applicable
2025-06-12 10:40:20,576 [INFO] Rule:225 - rule align RCC SPI45CLockSelection default value on MP1 is applicable
2025-06-12 10:40:20,576 [INFO] Rule:225 - rule align RCC I2C12CLockSelection default value on MP1 is applicable
2025-06-12 10:40:20,576 [INFO] Rule:225 - rule align RCC I2C35CLockSelection default value on MP1 is applicable
2025-06-12 10:40:20,576 [INFO] Rule:225 - rule align RCC LPTIM45CLockSelection default value on MP1 is applicable
2025-06-12 10:40:20,576 [INFO] Rule:225 - rule Rename DCMI PIXCK signal is applicable
2025-06-12 10:40:20,576 [INFO] Rule:225 - rule Change Default Value for I2C46CLockSelection MP1 family is applicable
2025-06-12 10:40:20,576 [INFO] Rule:225 - rule Change Default Value for UART for G4, G0 and WB families is applicable
2025-06-12 10:40:20,576 [INFO] Rule:225 - rule Change Default Value for USART for G4, G0 and WB families is applicable
2025-06-12 10:40:20,576 [INFO] Rule:225 - rule Change Default Value for USART for G4 family is applicable
2025-06-12 10:40:20,576 [INFO] Rule:225 - rule Change USART1CLockSelection refparam name for MP1 is applicable
2025-06-12 10:40:20,576 [INFO] Rule:225 - rule Change USART2CLockSelection refparam name for MP1 is applicable
2025-06-12 10:40:20,576 [INFO] Rule:225 - rule Change USART3CLockSelection refparam name for MP1 is applicable
2025-06-12 10:40:20,576 [INFO] Rule:225 - rule Change UART4CLockSelection refparam name for MP1 is applicable
2025-06-12 10:40:20,576 [INFO] Rule:225 - rule Change UART5CLockSelection refparam name for MP1 is applicable
2025-06-12 10:40:20,576 [INFO] Rule:225 - rule Change LPUART1CLockSelection refparam name for MP1 is applicable
2025-06-12 10:40:20,577 [INFO] Rule:225 - rule Change LPTIM1CLockSelection refparam name for MP1 is applicable
2025-06-12 10:40:20,577 [INFO] Rule:225 - rule Change LPTIM2CLockSelection refparam name for MP1 is applicable
2025-06-12 10:40:20,577 [INFO] Rule:225 - rule Change RCC_MCO1Source refparam name for MP1 is applicable
2025-06-12 10:40:20,577 [INFO] Rule:225 - rule Change LSCOSource1 refparam name for MP1 is applicable
2025-06-12 10:40:20,577 [INFO] Rule:225 - rule Change SMPSCLockSelection refparam name for MP1 is applicable
2025-06-12 10:40:20,577 [INFO] Rule:225 - rule Change LPTIM3CLockSelection refparam name for MP1 is applicable
2025-06-12 10:40:20,577 [INFO] Rule:225 - rule Change MPCBB* Default Template Mode to Parameters is applicable
2025-06-12 10:40:20,577 [INFO] Rule:225 - rule Change MPCWM* or MPCBB* Secure Mode to Parameters is applicable
2025-06-12 10:40:20,577 [INFO] Rule:225 - rule Change MPCWM* or MPCBB* No Secure Mode to Parameters is applicable
2025-06-12 10:40:20,577 [INFO] Rule:225 - rule Change TZSC IP Secure Mode to Parameters is applicable
2025-06-12 10:40:20,577 [INFO] Rule:225 - rule Change TZSC IP No Secure Mode to Parameters is applicable
2025-06-12 10:40:20,577 [INFO] Rule:225 - rule Change TZSC IP Privilege Mode to Parameters is applicable
2025-06-12 10:40:20,577 [INFO] Rule:225 - rule Change TZSC IP No Privilege Mode to Parameters is applicable
2025-06-12 10:40:20,577 [INFO] Rule:225 - rule Change TZIC IT Secure Mode to Parameters is applicable
2025-06-12 10:40:20,578 [INFO] Rule:225 - rule Change TZIC IT No Secure Mode to Parameters is applicable
2025-06-12 10:40:20,578 [INFO] Rule:225 - rule Add MPCBB1_NonSecureArea_Start_Address value with referenced to MPCBB1_NonSecureArea_Start value is applicable
2025-06-12 10:40:20,578 [INFO] Rule:225 - rule Add MPCBB2_NonSecureArea_Start_Address value with referenced to MPCBB2_NonSecureArea_Start value is applicable
2025-06-12 10:40:20,578 [INFO] Rule:225 - rule Add MPCWM1_NonSecureArea*_Start_Address value with referenced to MPCWM1_NonSecureArea*_Start value is applicable
2025-06-12 10:40:20,578 [INFO] Rule:225 - rule Add MPCWM2_NonSecureArea*_Start_Address value with referenced to MPCWM2_NonSecureArea*_Start value is applicable
2025-06-12 10:40:20,578 [INFO] Rule:225 - rule Add MPCWM3_NonSecureArea_Start_Address value with referenced to MPCWM3_NonSecureArea_Start value is applicable
2025-06-12 10:40:20,578 [INFO] Rule:225 - rule Change Default Value for PLL1UserDefinedConfig is applicable
2025-06-12 10:40:20,578 [INFO] Rule:225 - rule Change GPIO_PuPd Default Value for USART in async mode is applicable
2025-06-12 10:40:20,578 [INFO] Rule:225 - rule Change SMPSDivider Default Value is applicable
2025-06-12 10:40:20,578 [INFO] Rule:225 - rule OPAMP is applicable
2025-06-12 10:40:20,578 [INFO] Rule:225 - rule LPUART IPParameter rename Prescaler parameter to ClockPrescaler for STM32H7 is applicable
2025-06-12 10:40:20,578 [INFO] Rule:225 - rule LPUART IPParameter rename Prescaler parameter to ClockPrescaler for STM32H7 is applicable
2025-06-12 10:40:20,578 [INFO] Rule:225 - rule LPUART IPParameter rename Prescaler parameter to ClockPrescaler for STM32WB is applicable
2025-06-12 10:40:20,578 [INFO] Rule:225 - rule LPUART IPParameter rename Prescaler parameter to ClockPrescaler for STM32WB is applicable
2025-06-12 10:40:20,578 [INFO] Rule:225 - rule LPUART IPParameter rename Prescaler parameter to ClockPrescaler for STM32G4 is applicable
2025-06-12 10:40:20,579 [INFO] Rule:225 - rule LPUART IPParameter rename Prescaler parameter to ClockPrescaler for STM32G4 is applicable
2025-06-12 10:40:20,579 [INFO] Rule:225 - rule LPUART IPParameter rename Prescaler parameter to ClockPrescaler for STM32L5 is applicable
2025-06-12 10:40:20,579 [INFO] Rule:225 - rule LPUART IPParameter rename Prescaler parameter to ClockPrescaler for STM32L5 is applicable
2025-06-12 10:40:20,579 [INFO] Rule:225 - rule LPUART IPParameter rename Prescaler parameter to ClockPrescaler for STM32G4 is applicable
2025-06-12 10:40:20,579 [INFO] Rule:225 - rule LPUART IPParameter rename Prescaler parameter to ClockPrescaler for STM32G4 is applicable
2025-06-12 10:40:20,579 [INFO] Rule:225 - rule USB device lib V2.5.3 for L0 rename USBD_SUPPORT_USER_STRING parameter to USBD_SUPPORT_USER_STRING_DESC4 is applicable
2025-06-12 10:40:20,579 [INFO] Rule:225 - rule I2SCLockSelection clock entry align is applicable
2025-06-12 10:40:20,579 [INFO] Rule:225 - rule Assign TIMx context if used as SYS timebase is applicable
2025-06-12 10:40:20,579 [INFO] Rule:225 - rule Change GPIO_Pu Default Value for I2C is applicable
2025-06-12 10:40:20,579 [INFO] Rule:225 - rule Change GPIO_Pu Default Value for SMBus is applicable
2025-06-12 10:40:20,579 [INFO] Rule:225 - rule change FDCAN default value is applicable
2025-06-12 10:40:20,579 [INFO] Rule:225 - rule Change mode sai is applicable
2025-06-12 10:40:20,580 [INFO] Rule:225 - rule **Change sai mode is applicable
2025-06-12 10:40:20,580 [INFO] Rule:225 - rule Rename STM32WPAN CFG_BLE_IRK to CFG_BLE_IR is applicable
2025-06-12 10:40:20,580 [INFO] Rule:225 - rule Rename STM32WPAN CFG_BLE_ERK to CFG_BLE_ER is applicable
2025-06-12 10:40:20,580 [INFO] Rule:225 - rule Rename STM32WPAN CFG_BLE_IRK_HEX to CFG_BLE_IR_HEX is applicable
2025-06-12 10:40:20,580 [INFO] Rule:225 - rule Rename STM32WPAN CFG_BLE_ERK_HEX to CFG_BLE_ER_HEX is applicable
2025-06-12 10:40:20,580 [INFO] Rule:225 - rule Adapt Old IOC before rework replace old CORTEX_M33/CORTEX_M55 attributes by the new one. is applicable
2025-06-12 10:40:20,580 [INFO] Rule:225 - rule Rename parametre of RCC RCC_APBDBG_DIV2 to RCC_TIMPRES_DIV2 is applicable
2025-06-12 10:40:20,580 [INFO] Rule:225 - rule Rename DIE493 pin PA10 [PA12] -> PA10 is applicable
2025-06-12 10:40:20,580 [INFO] Rule:225 - rule Rename DIE493 pin PA9 [PA11] -> PA9 is applicable
2025-06-12 10:40:20,580 [INFO] Rule:225 - rule Adapt Old IOC CSI. is applicable
2025-06-12 10:40:20,602 [INFO] DbConfProperties:307 - Apply Compatibility (49/267 Rules)
2025-06-12 10:40:20,626 [INFO] ImportTextPane:218 - (OptionalMessage_ERROR) Unable to find key (Mcu.ThirdPartyNb) in loaded IOC file
2025-06-12 10:40:20,633 [INFO] ImportTextPane:218 - (OptionalMessage_ERROR) Pin12 (VP_RIF_VS_RIF1) cannot be retrieved for this MCU
2025-06-12 10:40:20,784 [INFO] RtosManager:558 - Registered RTOS mode: class=CMSIS, group=RTOS, mode=CMSIS_V1, owner=FREERTOS
2025-06-12 10:40:20,784 [INFO] RtosManager:558 - Registered RTOS mode: class=CMSIS, group=RTOS2, mode=CMSIS_V2, owner=FREERTOS
2025-06-12 10:40:20,784 [INFO] RtosManager:558 - Registered RTOS mode: class=RTOS, group=Core, mode=CMSIS_V1, owner=FREERTOS
2025-06-12 10:40:20,785 [INFO] RtosManager:558 - Registered RTOS mode: class=RTOS, group=Core, mode=CMSIS_V2, owner=FREERTOS
2025-06-12 10:40:20,785 [WARN] ModelIntegratedComponent:184 - Missing modes for component STMicroelectronics:FreeRTOS:0.0.1:STMicroelectronics:RTOS:FreeRTOS:Core:::10.2.0:
2025-06-12 10:40:20,809 [WARN] ModelIntegratedComponent:63 - No mode defined for component null
2025-06-12 10:40:20,809 [WARN] ModelIntegratedComponent:63 - No mode defined for component null
2025-06-12 10:40:20,809 [WARN] ModelIntegratedComponent:63 - No mode defined for component null
2025-06-12 10:40:20,809 [WARN] ModelIntegratedComponent:63 - No mode defined for component null
2025-06-12 10:40:20,809 [WARN] ModelIntegratedComponent:63 - No mode defined for component null
2025-06-12 10:40:20,809 [WARN] ModelIntegratedComponent:63 - No mode defined for component null
2025-06-12 10:40:20,811 [WARN] ModelIntegratedComponent:63 - No mode defined for component null
2025-06-12 10:40:20,811 [WARN] ModelIntegratedComponent:63 - No mode defined for component null
2025-06-12 10:40:20,811 [WARN] ModelIntegratedComponent:63 - No mode defined for component null
2025-06-12 10:40:20,811 [WARN] ModelIntegratedComponent:63 - No mode defined for component null
2025-06-12 10:40:20,811 [WARN] ModelIntegratedComponent:63 - No mode defined for component null
2025-06-12 10:40:20,811 [WARN] ModelIntegratedComponent:63 - No mode defined for component null
2025-06-12 10:40:20,811 [WARN] ModelIntegratedComponent:63 - No mode defined for component null
2025-06-12 10:40:20,811 [WARN] ModelIntegratedComponent:63 - No mode defined for component null
2025-06-12 10:40:20,811 [WARN] ModelIntegratedComponent:63 - No mode defined for component null
2025-06-12 10:40:20,811 [WARN] ModelIntegratedComponent:63 - No mode defined for component null
2025-06-12 10:40:20,812 [WARN] ModelIntegratedComponent:63 - No mode defined for component null
2025-06-12 10:40:20,812 [WARN] ModelIntegratedComponent:63 - No mode defined for component null
2025-06-12 10:40:20,812 [WARN] ModelIntegratedComponent:63 - No mode defined for component null
2025-06-12 10:40:20,812 [WARN] ModelIntegratedComponent:63 - No mode defined for component null
2025-06-12 10:40:20,812 [WARN] ModelIntegratedComponent:63 - No mode defined for component null
2025-06-12 10:40:20,812 [WARN] ModelIntegratedComponent:63 - No mode defined for component null
2025-06-12 10:40:20,812 [WARN] ModelIntegratedComponent:63 - No mode defined for component null
2025-06-12 10:40:20,812 [WARN] ModelIntegratedComponent:63 - No mode defined for component null
2025-06-12 10:40:20,812 [WARN] ModelIntegratedComponent:63 - No mode defined for component null
2025-06-12 10:40:20,812 [WARN] ModelIntegratedComponent:63 - No mode defined for component null
2025-06-12 10:40:20,812 [WARN] ModelIntegratedComponent:63 - No mode defined for component null
2025-06-12 10:40:20,812 [WARN] ModelIntegratedComponent:63 - No mode defined for component null
2025-06-12 10:40:20,812 [WARN] ModelIntegratedComponent:63 - No mode defined for component null
2025-06-12 10:40:20,812 [WARN] ModelIntegratedComponent:63 - No mode defined for component null
2025-06-12 10:40:20,812 [WARN] ModelIntegratedComponent:63 - No mode defined for component null
2025-06-12 10:40:20,812 [WARN] ModelIntegratedComponent:63 - No mode defined for component null
2025-06-12 10:40:20,813 [WARN] ModelIntegratedComponent:63 - No mode defined for component null
2025-06-12 10:40:20,813 [WARN] ModelIntegratedComponent:63 - No mode defined for component null
2025-06-12 10:40:20,813 [WARN] ModelIntegratedComponent:63 - No mode defined for component null
2025-06-12 10:40:20,813 [WARN] ModelPack:524 - Component already loaded: STMicroelectronics:HAL Drivers:0.0.0:STMicroelectronics:Device:STMicro_Driver:XSPI:HAL::0.0.1:HAL_XSPI
2025-06-12 10:40:20,959 [INFO] ThirdPartyModel:298 - Start build external matchings
2025-06-12 10:40:21,656 [INFO] ThirdPartyModel:316 - End build external matchings
2025-06-12 10:40:21,678 [INFO] ImportTextPane:218 - (OptionalMessage_ERROR) IP (RCC) : Invalid parameter (FamilyName)
2025-06-12 10:40:21,681 [INFO] ImportTextPane:218 - (OptionalMessage_ERROR) IP (RCC) : Parameter (RNGFreq_Value) has invalid value (64000000)
2025-06-12 10:40:21,681 [INFO] ImportTextPane:218 - (OptionalMessage_ERROR) IP (RCC) : Parameter (SDMMCFreq_Value) has invalid value (64000000)
2025-06-12 10:40:21,681 [INFO] ImportTextPane:218 - (OptionalMessage_ERROR) IP (RCC) : Parameter (USBFreq_Value) has invalid value (64000000)
2025-06-12 10:40:22,296 [INFO] UtilMem:75 - End LoadConfig() Used Memory: 844902448 Bytes (1066401792)
2025-06-12 10:40:22,512 [WARN] ThirdParty:833 - waiting for thirdparty lock release [change project]
2025-06-12 10:40:22,512 [INFO] ThirdParty:835 - entering critical section [change project]
2025-06-12 10:40:22,513 [INFO] ThirdParty:1030 - CMSIS Pack Vendor :STMicroelectronics USBPD 4.1
2025-06-12 10:40:22,513 [INFO] ThirdParty:1030 - CMSIS Pack Vendor :STMicroelectronics X-CUBE-AZRTOS-H7 3.3.0
2025-06-12 10:40:22,513 [INFO] ThirdParty:1030 - CMSIS Pack Vendor :STMicroelectronics X-CUBE-NFC9 1.0.0
2025-06-12 10:40:22,513 [INFO] ThirdParty:1030 - CMSIS Pack Vendor :wolfSSL I-CUBE-wolfSSL 5.8.0
2025-06-12 10:40:22,513 [INFO] ThirdParty:1030 - CMSIS Pack Vendor :STMicroelectronics USB_HOST 2.0.0
2025-06-12 10:40:22,513 [INFO] ThirdParty:1030 - CMSIS Pack Vendor :STMicroelectronics FP-SNS-MOTENVWB1 1.4.0
2025-06-12 10:40:22,513 [INFO] ThirdParty:1030 - CMSIS Pack Vendor :STMicroelectronics X-CUBE-AZRTOS-F4 1.1.0
2025-06-12 10:40:22,513 [INFO] ThirdParty:1030 - CMSIS Pack Vendor :STMicroelectronics LIBJPEG 8.0.0
2025-06-12 10:40:22,513 [INFO] ThirdParty:1030 - CMSIS Pack Vendor :STMicroelectronics FP-ATR-ASTRA1 2.0.2
2025-06-12 10:40:22,513 [INFO] ThirdParty:1030 - CMSIS Pack Vendor :STMicroelectronics X-CUBE-BLE1 7.1.0
2025-06-12 10:40:22,513 [INFO] ThirdParty:1030 - CMSIS Pack Vendor :Avnet-IotConnect X-CUBE-IoTC-DA16k-PMOD 1.0.0
2025-06-12 10:40:22,513 [INFO] ThirdParty:1030 - CMSIS Pack Vendor :STMicroelectronics X-CUBE-SMBUS 2.1.0
2025-06-12 10:40:22,513 [INFO] ThirdParty:1030 - CMSIS Pack Vendor :wolfSSL I-CUBE-wolfMQTT 1.19.2
2025-06-12 10:40:22,513 [INFO] ThirdParty:1030 - CMSIS Pack Vendor :STMicroelectronics USB_DEVICE 3.0.0
2025-06-12 10:40:22,513 [INFO] ThirdParty:1030 - CMSIS Pack Vendor :STMicroelectronics X-CUBE-ISPU 2.1.0
2025-06-12 10:40:22,513 [INFO] ThirdParty:1030 - CMSIS Pack Vendor :STMicroelectronics X-CUBE-AZRTOS-WB 2.0.0
2025-06-12 10:40:22,513 [INFO] ThirdParty:1030 - CMSIS Pack Vendor :STMicroelectronics X-CUBE-ST60 1.0.0
2025-06-12 10:40:22,513 [INFO] ThirdParty:1030 - CMSIS Pack Vendor :STMicroelectronics X-CUBE-GNSS1 7.0.1
2025-06-12 10:40:22,513 [INFO] ThirdParty:1030 - CMSIS Pack Vendor :STMicroelectronics X-CUBE-AZRTOS-F7 1.1.0
2025-06-12 10:40:22,513 [INFO] ThirdParty:1030 - CMSIS Pack Vendor :STMicroelectronics X-CUBE-AZRTOS-L5 2.0.0
2025-06-12 10:40:22,513 [INFO] ThirdParty:1030 - CMSIS Pack Vendor :STMicroelectronics X-CUBE-TOUCHGFX 4.25.0
2025-06-12 10:40:22,513 [INFO] ThirdParty:1030 - CMSIS Pack Vendor :STMicroelectronics USB_DEVICE 2.0.0
2025-06-12 10:40:22,513 [INFO] ThirdParty:1030 - CMSIS Pack Vendor :STMicroelectronics X-CUBE-NFC6 3.1.0
2025-06-12 10:40:22,514 [INFO] ThirdParty:1030 - CMSIS Pack Vendor :STMicroelectronics X-CUBE-AI 10.1.0
2025-06-12 10:40:22,514 [INFO] ThirdParty:1030 - CMSIS Pack Vendor :STMicroelectronics FP-SNS-STBOX1 2.0.0
2025-06-12 10:40:22,514 [INFO] ThirdParty:1030 - CMSIS Pack Vendor :STMicroelectronics FreeRTOS 0.0.1
2025-06-12 10:40:22,514 [INFO] ThirdParty:1030 - CMSIS Pack Vendor :STMicroelectronics X-CUBE-AZRTOS-G0 1.1.0
2025-06-12 10:40:22,514 [INFO] ThirdParty:1030 - CMSIS Pack Vendor :STMicroelectronics X-CUBE-SAFEA1 1.2.2
2025-06-12 10:40:22,514 [INFO] ThirdParty:1030 - CMSIS Pack Vendor :STMicroelectronics X-CUBE-NFC4 3.0.0
2025-06-12 10:40:22,514 [INFO] ThirdParty:1030 - CMSIS Pack Vendor :STMicroelectronics X-CUBE-SUBG2 5.0.0
2025-06-12 10:40:22,514 [INFO] ThirdParty:1030 - CMSIS Pack Vendor :STMicroelectronics X-CUBE-AZRTOS-H7RS 1.1.0
2025-06-12 10:40:22,514 [INFO] ThirdParty:1030 - CMSIS Pack Vendor :STMicroelectronics STM32_WPAN 1.0.0
2025-06-12 10:40:22,514 [INFO] ThirdParty:1030 - CMSIS Pack Vendor :EmbeddedOffice I-CUBE-FS-RTOS 1.0.1
2025-06-12 10:40:22,514 [INFO] ThirdParty:1030 - CMSIS Pack Vendor :STMicroelectronics lwIP 2.0.3
2025-06-12 10:40:22,514 [INFO] ThirdParty:1030 - CMSIS Pack Vendor :Cesanta I-CUBE-Mongoose 7.13.0
2025-06-12 10:40:22,514 [INFO] ThirdParty:1030 - CMSIS Pack Vendor :STMicroelectronics USB_HOST 1.0.0
2025-06-12 10:40:22,514 [INFO] ThirdParty:1030 - CMSIS Pack Vendor :Infineon AIROC-Wi-Fi-Bluetooth-STM32 1.7.0
2025-06-12 10:40:22,514 [INFO] ThirdParty:1030 - CMSIS Pack Vendor :STMicroelectronics X-CUBE-AZRTOS-G4 2.0.0
2025-06-12 10:40:22,514 [INFO] ThirdParty:1030 - CMSIS Pack Vendor :STMicroelectronics X-CUBE-WB05N 2.0.0
2025-06-12 10:40:22,514 [INFO] ThirdParty:1030 - CMSIS Pack Vendor :STMicroelectronics PDM2PCM 3.1.0
2025-06-12 10:40:22,514 [INFO] ThirdParty:1030 - CMSIS Pack Vendor :STMicroelectronics PDM2PCM 3.3.0
2025-06-12 10:40:22,514 [INFO] ThirdParty:1030 - CMSIS Pack Vendor :wolfSSL I-CUBE-wolfTPM 3.8.0
2025-06-12 10:40:22,514 [INFO] ThirdParty:1030 - CMSIS Pack Vendor :STMicroelectronics X-CUBE-DISPLAY 3.0.0
2025-06-12 10:40:22,514 [INFO] ThirdParty:1030 - CMSIS Pack Vendor :wolfSSL I-CUBE-wolfSSH 1.4.20
2025-06-12 10:40:22,514 [INFO] ThirdParty:1030 - CMSIS Pack Vendor :STMicroelectronics X-CUBE-NFC7 2.0.0
2025-06-12 10:40:22,515 [INFO] ThirdParty:1030 - CMSIS Pack Vendor :STMicroelectronics X-CUBE-TCPP 4.2.0
2025-06-12 10:40:22,515 [INFO] ThirdParty:1030 - CMSIS Pack Vendor :RealThread X-CUBE-RT-Thread_Nano 4.1.1
2025-06-12 10:40:22,515 [INFO] ThirdParty:1030 - CMSIS Pack Vendor :STMicroelectronics FP-ATR-SIGFOX1 3.2.0
2025-06-12 10:40:22,515 [INFO] ThirdParty:1030 - CMSIS Pack Vendor :STMicroelectronics X-CUBE-NFC10 1.0.0
2025-06-12 10:40:22,515 [INFO] ThirdParty:1030 - CMSIS Pack Vendor :STMicroelectronics X-CUBE-BLEMGR 4.0.0
2025-06-12 10:40:22,515 [INFO] ThirdParty:1030 - CMSIS Pack Vendor :STMicroelectronics X-CUBE-EEPRMA1 5.1.0
2025-06-12 10:40:22,515 [INFO] ThirdParty:1030 - CMSIS Pack Vendor :STMicroelectronics X-CUBE-FREERTOS 1.3.1
2025-06-12 10:40:22,515 [INFO] ThirdParty:1030 - CMSIS Pack Vendor :STMicroelectronics HAL Drivers 0.0.0
2025-06-12 10:40:22,515 [INFO] ThirdParty:1030 - CMSIS Pack Vendor :STMicroelectronics MBEDTLS 2.16.2
2025-06-12 10:40:22,515 [INFO] ThirdParty:1030 - CMSIS Pack Vendor :STMicroelectronics X-CUBE-IPS 3.1.0
2025-06-12 10:40:22,515 [INFO] ThirdParty:1030 - CMSIS Pack Vendor :STMicroelectronics X-CUBE-ALS 1.0.2
2025-06-12 10:40:22,515 [INFO] ThirdParty:1030 - CMSIS Pack Vendor :emotas I-CUBE-CANOPEN 1.3.0
2025-06-12 10:40:22,515 [INFO] ThirdParty:1030 - CMSIS Pack Vendor :STMicroelectronics MBEDTLS 2.14.1
2025-06-12 10:40:22,515 [INFO] ThirdParty:1030 - CMSIS Pack Vendor :ITTIA_DB I-CUBE-ITTIADB 8.9.0
2025-06-12 10:40:22,515 [INFO] ThirdParty:1030 - CMSIS Pack Vendor :portGmbH I-Cube-SoM-uGOAL 1.1.0
2025-06-12 10:40:22,515 [INFO] ThirdParty:1030 - CMSIS Pack Vendor :quantropi X-CUBE-qispace-sdk-base 2.0.0
2025-06-12 10:40:22,515 [INFO] ThirdParty:1030 - CMSIS Pack Vendor :STMicroelectronics X-CUBE-ST67W61 1.0.0
2025-06-12 10:40:22,515 [INFO] ThirdParty:1030 - CMSIS Pack Vendor :STMicroelectronics ThreadX 1.0.0
2025-06-12 10:40:22,515 [INFO] ThirdParty:1030 - CMSIS Pack Vendor :STMicroelectronics FP-SNS-SMARTAG2 1.2.0
2025-06-12 10:40:22,515 [INFO] ThirdParty:1030 - CMSIS Pack Vendor :STMicroelectronics FP-SNS-FLIGHT1 5.1.0
2025-06-12 10:40:22,515 [INFO] ThirdParty:1030 - CMSIS Pack Vendor :STMicroelectronics X-CUBE-AZRTOS-WL 2.0.0
2025-06-12 10:40:22,516 [INFO] ThirdParty:1030 - CMSIS Pack Vendor :SEGGER I-CUBE-embOS 1.3.1
2025-06-12 10:40:22,516 [INFO] ThirdParty:1030 - CMSIS Pack Vendor :STMicroelectronics X-CUBE-ALGOBUILD 1.4.0
2025-06-12 10:40:22,516 [INFO] ThirdParty:1030 - CMSIS Pack Vendor :STMicroelectronics X-CUBE-DPower 1.3.0
2025-06-12 10:40:22,516 [INFO] ThirdParty:1030 - CMSIS Pack Vendor :STMicroelectronics X-CUBE-MEMS1 11.3.0
2025-06-12 10:40:22,516 [INFO] ThirdParty:1030 - CMSIS Pack Vendor :STMicroelectronics FP-SNS-MOTENV1 5.0.0
2025-06-12 10:40:22,516 [INFO] ThirdParty:1030 - CMSIS Pack Vendor :STMicroelectronics USB_DEVICE 1.0.0
2025-06-12 10:40:22,516 [INFO] ThirdParty:1030 - CMSIS Pack Vendor :STMicroelectronics X-CUBE-AZRTOS-L4 2.0.0
2025-06-12 10:40:22,516 [INFO] ThirdParty:1030 - CMSIS Pack Vendor :STMicroelectronics ThreadX 0.0.2
2025-06-12 10:40:22,516 [INFO] ThirdParty:1030 - CMSIS Pack Vendor :WES I-CUBE-Cesium 1.3.0
2025-06-12 10:40:22,516 [INFO] ThirdParty:1030 - CMSIS Pack Vendor :STMicroelectronics lwIP 2.1.2
2025-06-12 10:40:22,516 [INFO] ThirdParty:1030 - CMSIS Pack Vendor :STMicroelectronics X-CUBE-SFXS2LP1 4.0.0
2025-06-12 10:40:22,516 [INFO] ThirdParty:1030 - CMSIS Pack Vendor :STMicroelectronics X-CUBE-BLE2 3.3.0
2025-06-12 10:40:22,516 [INFO] ThirdParty:1030 - CMSIS Pack Vendor :STMicroelectronics X-CUBE-TOF1 3.4.3
2025-06-12 10:40:22,516 [INFO] ThirdParty:1030 - CMSIS Pack Vendor :STMicroelectronics PDM2PCM 3.2.0
2025-06-12 10:40:22,516 [INFO] ThirdParty:841 - exiting critical section [change project]
2025-06-12 10:40:23,210 [INFO] PinOutPanel:1589 - setPackage(No Configuration,No Configuration)
2025-06-12 10:40:23,212 [INFO] PinOutPanel:1589 - setPackage(STM32L476RGTx,LQFP64)
2025-06-12 10:40:24,272 [INFO] UtilMem:75 - Before build in PCC Used Memory: 695803152 Bytes (1066401792)
2025-06-12 10:40:25,196 [INFO] UtilMem:75 - After build in PCC Used Memory: 803812640 Bytes (1066401792)
2025-06-12 10:40:25,231 [INFO] IPUIPlugin:80 - create IPUIPlugin
2025-06-12 10:40:25,232 [INFO] IPUIPlugin:80 - create IPUIPlugin
2025-06-12 10:40:25,232 [INFO] IPUIPlugin:80 - create IPUIPlugin
2025-06-12 10:40:25,232 [INFO] IPUIPlugin:80 - create IPUIPlugin
2025-06-12 10:40:25,232 [INFO] IPUIPlugin:80 - create IPUIPlugin
2025-06-12 10:40:25,232 [INFO] IPUIPlugin:80 - create IPUIPlugin
2025-06-12 10:40:25,232 [INFO] IPUIPlugin:80 - create IPUIPlugin
2025-06-12 10:40:25,232 [INFO] IPUIPlugin:80 - create IPUIPlugin
2025-06-12 10:40:25,232 [INFO] IPUIPlugin:80 - create IPUIPlugin
2025-06-12 10:40:25,233 [INFO] IPUIPlugin:80 - create IPUIPlugin
2025-06-12 10:40:25,233 [INFO] IPUIPlugin:80 - create IPUIPlugin
2025-06-12 10:40:25,233 [INFO] IPUIPlugin:80 - create IPUIPlugin
2025-06-12 10:40:25,233 [INFO] IPUIPlugin:80 - create IPUIPlugin
2025-06-12 10:40:25,233 [INFO] IPUIPlugin:80 - create IPUIPlugin
2025-06-12 10:40:25,233 [INFO] IPUIPlugin:80 - create IPUIPlugin
2025-06-12 10:40:25,233 [INFO] IPUIPlugin:80 - create IPUIPlugin
2025-06-12 10:40:25,234 [INFO] IPUIPlugin:80 - create IPUIPlugin
2025-06-12 10:40:25,234 [INFO] IPUIPlugin:80 - create IPUIPlugin
2025-06-12 10:40:25,234 [INFO] IPUIPlugin:80 - create IPUIPlugin
2025-06-12 10:40:25,234 [INFO] IPUIPlugin:80 - create IPUIPlugin
2025-06-12 10:40:25,234 [INFO] IPUIPlugin:80 - create IPUIPlugin
2025-06-12 10:40:25,235 [INFO] IPUIPlugin:80 - create IPUIPlugin
2025-06-12 10:40:25,235 [INFO] IPUIPlugin:80 - create IPUIPlugin
2025-06-12 10:40:25,235 [INFO] IPUIPlugin:80 - create IPUIPlugin
2025-06-12 10:40:25,236 [INFO] IPUIPlugin:80 - create IPUIPlugin
2025-06-12 10:40:25,236 [INFO] IPUIPlugin:80 - create IPUIPlugin
2025-06-12 10:40:25,236 [INFO] IPUIPlugin:80 - create IPUIPlugin
2025-06-12 10:40:25,236 [INFO] IPUIPlugin:80 - create IPUIPlugin
2025-06-12 10:40:25,237 [INFO] IPUIPlugin:80 - create IPUIPlugin
2025-06-12 10:40:25,237 [INFO] IPUIPlugin:80 - create IPUIPlugin
2025-06-12 10:40:25,237 [INFO] IPUIPlugin:80 - create IPUIPlugin
2025-06-12 10:40:25,237 [INFO] IPUIPlugin:80 - create IPUIPlugin
2025-06-12 10:40:25,237 [INFO] IPUIPlugin:80 - create IPUIPlugin
2025-06-12 10:40:25,238 [INFO] IPUIPlugin:80 - create IPUIPlugin
2025-06-12 10:40:25,238 [INFO] IPUIPlugin:80 - create IPUIPlugin
2025-06-12 10:40:25,238 [INFO] IPUIPlugin:80 - create IPUIPlugin
2025-06-12 10:40:25,238 [INFO] IPUIPlugin:80 - create IPUIPlugin
2025-06-12 10:40:25,238 [INFO] IPUIPlugin:80 - create IPUIPlugin
2025-06-12 10:40:25,239 [INFO] IPUIPlugin:80 - create IPUIPlugin
2025-06-12 10:40:25,239 [INFO] IPUIPlugin:80 - create IPUIPlugin
2025-06-12 10:40:25,239 [INFO] IPUIPlugin:80 - create IPUIPlugin
2025-06-12 10:40:25,239 [INFO] IPUIPlugin:80 - create IPUIPlugin
2025-06-12 10:40:25,239 [INFO] IPUIPlugin:80 - create IPUIPlugin
2025-06-12 10:40:25,240 [INFO] IPUIPlugin:80 - create IPUIPlugin
2025-06-12 10:40:25,240 [INFO] IPUIPlugin:80 - create IPUIPlugin
2025-06-12 10:40:25,240 [INFO] IPUIPlugin:80 - create IPUIPlugin
2025-06-12 10:40:25,240 [INFO] IPUIPlugin:80 - create IPUIPlugin
2025-06-12 10:40:25,240 [INFO] IPUIPlugin:80 - create IPUIPlugin
2025-06-12 10:40:25,240 [INFO] IPUIPlugin:80 - create IPUIPlugin
2025-06-12 10:40:25,241 [INFO] IPUIPlugin:80 - create IPUIPlugin
2025-06-12 10:40:25,241 [INFO] IPUIPlugin:80 - create IPUIPlugin
2025-06-12 10:40:25,241 [INFO] IPUIPlugin:80 - create IPUIPlugin
2025-06-12 10:40:25,243 [INFO] IPUIPlugin:80 - create IPUIPlugin
2025-06-12 10:40:25,243 [INFO] IPUIPlugin:80 - create IPUIPlugin
2025-06-12 10:40:25,244 [INFO] IPUIPlugin:80 - create IPUIPlugin
2025-06-12 10:40:25,244 [INFO] IPUIPlugin:80 - create IPUIPlugin
2025-06-12 10:40:25,245 [INFO] IPUIPlugin:80 - create IPUIPlugin
2025-06-12 10:40:25,245 [INFO] IPUIPlugin:80 - create IPUIPlugin
2025-06-12 10:40:25,245 [INFO] IPUIPlugin:80 - create IPUIPlugin
2025-06-12 10:40:25,501 [INFO] CADModel:165 - CPN selected for project levelSTM32L476RGT3
2025-06-12 10:40:25,501 [INFO] CADModel:114 - Register for checkConnection events
2025-06-12 10:40:25,558 [INFO] OpenFileManager:385 - Restore cursor
2025-06-12 10:40:26,610 [INFO] UtilMem:75 - End SaveConfig() Used Memory: 517593712 Bytes (1066401792)
2025-06-12 10:40:26,708 [INFO] UtilMem:75 - End SaveConfig() Used Memory: 541662480 Bytes (1066401792)
2025-06-12 10:40:27,137 [INFO] BlockDiagram:2775 - set Specific Code input for plugin: SYS
2025-06-12 10:40:27,138 [INFO] BlockDiagram:2775 - set Specific Code input for plugin: RCC
2025-06-12 10:40:27,138 [INFO] BlockDiagram:2775 - set Specific Code input for plugin: NVIC
2025-06-12 10:40:27,138 [INFO] BlockDiagram:2775 - set Specific Code input for plugin: USART
2025-06-12 10:40:27,139 [INFO] BlockDiagram:2775 - set Specific Code input for plugin: GPIO
2025-06-12 10:40:27,140 [INFO] CodeGenerator:882 - code generatio: config db path: C:\ST\STM32CubeIDE_1.18.1\STM32CubeIDE\plugins\com.st.stm32cube.common.mx_6.14.1.202504091515\\db\
2025-06-12 10:40:27,351 [INFO] CodeEngine:263 - oldGeneratedFile, C:\Users\arumu\STM32CubeIDE\workspace_1.18.1\interface_mic_sensor\MXTmpFiles\license.tmp_save
2025-06-12 10:40:27,767 [INFO] CodeEngine:287 - Generated code: C:\Users\arumu\STM32CubeIDE\workspace_1.18.1\interface_mic_sensor\MXTmpFiles\license.tmp
2025-06-12 10:40:27,862 [INFO] CodeEngine:263 - oldGeneratedFile, C:\Users\arumu\STM32CubeIDE\workspace_1.18.1\interface_mic_sensor\MXTmpFiles\gpio.tmp_save
2025-06-12 10:40:28,011 [INFO] CodeEngine:287 - Generated code: C:\Users\arumu\STM32CubeIDE\workspace_1.18.1\interface_mic_sensor\MXTmpFiles\gpio.tmp
2025-06-12 10:40:28,167 [INFO] CodeEngine:263 - oldGeneratedFile, C:\Users\arumu\STM32CubeIDE\workspace_1.18.1\interface_mic_sensor\Core\Src\stm32l4xx_it.c_save
2025-06-12 10:40:28,304 [INFO] CodeEngine:287 - Generated code: C:\Users\arumu\STM32CubeIDE\workspace_1.18.1\interface_mic_sensor\Core\Src\stm32l4xx_it.c
2025-06-12 10:40:28,311 [INFO] CodeEngine:263 - oldGeneratedFile, C:\Users\arumu\STM32CubeIDE\workspace_1.18.1\interface_mic_sensor\Core\Inc\stm32l4xx_it.h_save
2025-06-12 10:40:28,401 [INFO] CodeEngine:287 - Generated code: C:\Users\arumu\STM32CubeIDE\workspace_1.18.1\interface_mic_sensor\Core\Inc\stm32l4xx_it.h
2025-06-12 10:40:28,421 [INFO] CodeEngine:263 - oldGeneratedFile, C:\Users\arumu\STM32CubeIDE\workspace_1.18.1\interface_mic_sensor\Core\Src\stm32l4xx_hal_msp.c_save
2025-06-12 10:40:28,573 [INFO] CodeEngine:287 - Generated code: C:\Users\arumu\STM32CubeIDE\workspace_1.18.1\interface_mic_sensor\Core\Src\stm32l4xx_hal_msp.c
2025-06-12 10:40:28,579 [INFO] CodeEngine:263 - oldGeneratedFile, C:\Users\arumu\STM32CubeIDE\workspace_1.18.1\interface_mic_sensor\MXTmpFiles\system.tmp_save
2025-06-12 10:40:28,655 [INFO] CodeEngine:287 - Generated code: C:\Users\arumu\STM32CubeIDE\workspace_1.18.1\interface_mic_sensor\MXTmpFiles\system.tmp
2025-06-12 10:40:28,671 [INFO] CodeEngine:319 - oldGeneratedFile, C:\Users\arumu\STM32CubeIDE\workspace_1.18.1\interface_mic_sensor\Core\Inc\stm32l4xx_hal_conf.h_save
2025-06-12 10:40:28,754 [INFO] CodeEngine:343 - Generated code: C:\Users\arumu\STM32CubeIDE\workspace_1.18.1\interface_mic_sensor\Core\Inc\stm32l4xx_hal_conf.h
2025-06-12 10:40:28,819 [INFO] ApiDbMcu:508 - Load IP Config File for USART2
2025-06-12 10:40:28,825 [INFO] ApiDbMcu:508 - Load IP Config File for RCC
2025-06-12 10:40:28,842 [INFO] CodeEngine:263 - oldGeneratedFile, C:\Users\arumu\STM32CubeIDE\workspace_1.18.1\interface_mic_sensor\Core\Inc\main.h_save
2025-06-12 10:40:28,950 [INFO] CodeEngine:287 - Generated code: C:\Users\arumu\STM32CubeIDE\workspace_1.18.1\interface_mic_sensor\Core\Inc\main.h
2025-06-12 10:40:28,956 [INFO] CodeEngine:263 - oldGeneratedFile, C:\Users\arumu\STM32CubeIDE\workspace_1.18.1\interface_mic_sensor\Core\Src\main.c_save
2025-06-12 10:40:29,090 [INFO] CodeEngine:287 - Generated code: C:\Users\arumu\STM32CubeIDE\workspace_1.18.1\interface_mic_sensor\Core\Src\main.c
2025-06-12 10:40:29,541 [INFO] ProjectBuilder:3324 - Time for Copy HAL[1] : 244mS.
2025-06-12 10:40:29,550 [INFO] ProjectBuilder:4912 - Project Generator version: 4.6.0.1-B1
2025-06-12 10:40:29,624 [INFO] ConfigFileManager:1590 - The Die is : DIE415
2025-06-12 10:40:29,634 [INFO] ApiDbMcu:508 - Load IP Config File for FATFS
2025-06-12 10:40:29,639 [INFO] ApiDbMcu:508 - Load IP Config File for FREERTOS
2025-06-12 10:40:29,653 [INFO] ApiDbMcu:508 - Load IP Config File for TOUCHSENSING
2025-06-12 10:40:29,661 [INFO] ApiDbMcu:508 - Load IP Config File for USB_DEVICE
2025-06-12 10:40:29,666 [INFO] ApiDbMcu:508 - Load IP Config File for USB_HOST
2025-06-12 10:40:30,142 [INFO] LogOutputStream:77 - [STDOUT_REDIRECT] 
2025-06-12 10:40:33,037 [INFO] ProjectBuilder:5191 - Time for Generating toolchain IDE Files: 3487mS.
2025-06-12 10:40:33,038 [INFO] ProjectBuilder:3181 - Time for Copy CMSIS : 1mS.
2025-06-12 10:40:33,041 [INFO] ProjectBuilder:3181 - Time for Copy CMSIS : 0mS.
2025-06-12 10:40:34,062 [INFO] McuFinderGlobals:76 - Set McuFinderConnectedMode to true
2025-06-12 10:40:34,068 [INFO] ApiDb:448 - Save user favorites file C:\Users\arumu/.stm32cubeide/favorites.mcus.txt: 0 item(s)
2025-06-12 10:40:34,068 [INFO] ApiDb:452 - User favorites MCUs=[]
2025-06-12 10:40:34,071 [INFO] ApiDb:448 - Save user favorites file C:\Users\arumu/.stm32cubeide/favorites.boards.txt: 0 item(s)
2025-06-12 10:40:34,071 [INFO] ApiDb:452 - User favorites Boards=[]
2025-06-12 10:47:47,583 [INFO] ParamManager:896 - [Generic UI] PropertyChangeEvent: TAB_STATUS_CHANGED , "dont care", "never mind"
2025-06-12 10:47:47,628 [INFO] ParamManager:896 - [Generic UI] PropertyChangeEvent: TAB_STATUS_CHANGED , "dont care", "never mind"
2025-06-12 10:47:47,649 [INFO] ADCParametersView:116 -                Rank 1 : false
2025-06-12 10:47:47,791 [INFO] ADCParametersView:116 -                Rank 1 : false
2025-06-12 10:47:47,791 [INFO] ADCParametersView:116 -                Rank 1 : false
2025-06-12 10:47:47,792 [INFO] ADCParametersView:116 -                Rank 1 : false
2025-06-12 10:47:47,792 [INFO] ADCParametersView:116 -                Rank 1 : false
2025-06-12 10:47:47,792 [INFO] ADCParametersView:116 -                Rank 1 : false
2025-06-12 10:47:47,792 [INFO] ADCParametersView:116 -                Rank 1 : false
2025-06-12 10:47:47,793 [INFO] ADCParametersView:116 -                Rank 1 : false
2025-06-12 10:47:47,793 [INFO] ADCParametersView:116 -                Rank 1 : false
2025-06-12 10:47:47,793 [INFO] ADCParametersView:116 -                Rank 1 : false
2025-06-12 10:47:47,793 [INFO] ADCParametersView:116 -                Rank 1 : false
2025-06-12 10:47:47,794 [INFO] ADCParametersView:116 -                Rank 1 : false
2025-06-12 10:47:47,794 [INFO] ADCParametersView:116 -                Rank 1 : false
2025-06-12 10:47:47,794 [INFO] ADCParametersView:116 -                Rank 1 : false
2025-06-12 10:47:47,794 [INFO] ADCParametersView:116 -                Rank 1 : false
2025-06-12 10:47:47,794 [INFO] ADCParametersView:116 -                Rank 1 : false
2025-06-12 10:47:47,795 [INFO] ADCParametersView:116 -                Rank 1 : false
2025-06-12 10:47:47,795 [INFO] ADCParametersView:116 -                Rank 1 : false
2025-06-12 10:47:47,795 [INFO] ADCParametersView:116 -                Rank 1 : false
2025-06-12 10:47:47,796 [INFO] ADCParametersView:116 -                Rank 1 : false
2025-06-12 10:47:47,796 [INFO] ADCParametersView:116 -                Rank 1 : false
2025-06-12 10:47:47,813 [INFO] ADCParametersView:116 -                Rank 1 : false
2025-06-12 10:47:48,054 [INFO] NvicIntPanel:101 - NVIC parent = com.st.microxplorer.plugins.ip.nvic.MultiNvicIntPanel[,0,0,0x0,invalid,layout=javax.swing.BoxLayout,alignmentX=0.0,alignmentY=0.0,border=,flags=9,maximumSize=,minimumSize=,preferredSize=]
2025-06-12 10:47:48,263 [INFO] NvicIntPanel:101 - NVIC parent = com.st.microxplorer.plugins.ip.nvic.MultiNvicIntPanel[,0,0,0x0,invalid,layout=javax.swing.BoxLayout,alignmentX=0.0,alignmentY=0.0,border=,flags=9,maximumSize=,minimumSize=,preferredSize=]
2025-06-12 10:47:48,481 [INFO] NvicIntPanel:101 - NVIC parent = com.st.microxplorer.plugins.ip.nvic.MultiNvicIntPanel[,0,0,0x0,invalid,layout=javax.swing.BoxLayout,alignmentX=0.0,alignmentY=0.0,border=,flags=9,maximumSize=,minimumSize=,preferredSize=]
2025-06-12 10:47:48,590 [INFO] ADCParametersView:116 -                Rank 1 : false
2025-06-12 10:47:48,591 [INFO] ADCParametersView:116 -                Rank 1 : false
2025-06-12 10:47:48,591 [INFO] ADCParametersView:116 -                Rank 1 : false
2025-06-12 10:47:48,591 [INFO] ADCParametersView:116 -                Rank 1 : false
2025-06-12 10:47:48,592 [INFO] ADCParametersView:116 -                Rank 1 : false
2025-06-12 10:47:48,592 [INFO] ADCParametersView:116 -                Rank 1 : false
2025-06-12 10:47:48,592 [INFO] ADCParametersView:116 -                Rank 1 : false
2025-06-12 10:47:48,592 [INFO] ADCParametersView:116 -                Rank 1 : false
2025-06-12 10:47:48,594 [INFO] ADCParametersView:116 -                Rank 1 : false
2025-06-12 10:47:48,594 [INFO] ADCParametersView:116 -                Rank 1 : false
2025-06-12 10:47:48,594 [INFO] ADCParametersView:116 -                Rank 1 : false
2025-06-12 10:47:48,594 [INFO] ADCParametersView:116 -                Rank 1 : false
2025-06-12 10:47:48,595 [INFO] ADCParametersView:116 -                Rank 1 : false
2025-06-12 10:47:48,595 [INFO] ADCParametersView:116 -                Rank 1 : false
2025-06-12 10:47:48,595 [INFO] ADCParametersView:116 -                Rank 1 : false
2025-06-12 10:47:48,595 [INFO] ADCParametersView:116 -                Rank 1 : false
2025-06-12 10:47:48,595 [INFO] ADCParametersView:116 -                Rank 1 : false
2025-06-12 10:47:48,595 [INFO] ADCParametersView:116 -                Rank 1 : false
2025-06-12 10:47:48,596 [INFO] ADCParametersView:116 -                Rank 1 : false
2025-06-12 10:47:48,596 [INFO] ADCParametersView:116 -                Rank 1 : false
2025-06-12 10:47:48,656 [INFO] ADCParametersView:116 -                Rank 1 : false
2025-06-12 10:47:48,733 [INFO] ADCParametersView:116 -                Rank 1 : false
2025-06-12 10:47:48,733 [INFO] ADCParametersView:116 -                Rank 1 : false
2025-06-12 10:47:48,733 [INFO] ADCParametersView:116 -                Rank 1 : false
2025-06-12 10:47:48,734 [INFO] ADCParametersView:116 -                Rank 1 : false
2025-06-12 10:47:48,734 [INFO] ADCParametersView:116 -                Rank 1 : false
2025-06-12 10:47:48,734 [INFO] ADCParametersView:116 -                Rank 1 : false
2025-06-12 10:47:48,734 [INFO] ADCParametersView:116 -                Rank 1 : false
2025-06-12 10:47:48,734 [INFO] ADCParametersView:116 -                Rank 1 : false
2025-06-12 10:47:48,734 [INFO] ADCParametersView:116 -                Rank 1 : false
2025-06-12 10:47:48,735 [INFO] ADCParametersView:116 -                Rank 1 : false
2025-06-12 10:47:48,735 [INFO] ADCParametersView:116 -                Rank 1 : false
2025-06-12 10:47:48,735 [INFO] ADCParametersView:116 -                Rank 1 : false
2025-06-12 10:47:48,735 [INFO] ADCParametersView:116 -                Rank 1 : false
2025-06-12 10:47:48,735 [INFO] ADCParametersView:116 -                Rank 1 : false
2025-06-12 10:47:48,736 [INFO] ADCParametersView:116 -                Rank 1 : false
2025-06-12 10:47:48,736 [INFO] ADCParametersView:116 -                Rank 1 : false
2025-06-12 10:47:48,736 [INFO] ADCParametersView:116 -                Rank 1 : false
2025-06-12 10:47:48,736 [INFO] ADCParametersView:116 -                Rank 1 : false
2025-06-12 10:47:48,736 [INFO] ADCParametersView:116 -                Rank 1 : false
2025-06-12 10:47:48,736 [INFO] ADCParametersView:116 -                Rank 1 : false
2025-06-12 10:47:48,796 [INFO] ADCParametersView:116 -                Rank 1 : false
2025-06-12 10:48:19,606 [INFO] ADCParametersView:116 -                Rank 1 : false
2025-06-12 10:48:19,606 [INFO] ADCParametersView:116 -                Rank 1 : false
2025-06-12 10:48:19,606 [INFO] ADCParametersView:116 -                Rank 1 : false
2025-06-12 10:48:19,608 [INFO] ADCParametersView:116 -                Rank 1 : false
2025-06-12 10:48:19,608 [INFO] ADCParametersView:116 -                Rank 1 : false
2025-06-12 10:48:19,608 [INFO] ADCParametersView:116 -                Rank 1 : false
2025-06-12 10:48:19,608 [INFO] ADCParametersView:116 -                Rank 1 : false
2025-06-12 10:48:19,609 [INFO] ADCParametersView:116 -                Rank 1 : false
2025-06-12 10:48:19,609 [INFO] ADCParametersView:116 -                Rank 1 : false
2025-06-12 10:48:19,609 [INFO] ADCParametersView:116 -                Rank 1 : false
2025-06-12 10:48:19,610 [INFO] ADCParametersView:116 -                Rank 1 : false
2025-06-12 10:48:19,610 [INFO] ADCParametersView:116 -                Rank 1 : false
2025-06-12 10:48:19,610 [INFO] ADCParametersView:116 -                Rank 1 : false
2025-06-12 10:48:19,611 [INFO] ADCParametersView:116 -                Rank 1 : false
2025-06-12 10:48:19,611 [INFO] ADCParametersView:116 -                Rank 1 : false
2025-06-12 10:48:19,611 [INFO] ADCParametersView:116 -                Rank 1 : false
2025-06-12 10:48:19,611 [INFO] ADCParametersView:116 -                Rank 1 : false
2025-06-12 10:48:19,612 [INFO] ADCParametersView:116 -                Rank 1 : false
2025-06-12 10:48:19,612 [INFO] ADCParametersView:116 -                Rank 1 : false
2025-06-12 10:48:19,612 [INFO] ADCParametersView:116 -                Rank 1 : false
2025-06-12 10:48:19,682 [INFO] ADCParametersView:116 -                Rank 1 : false
2025-06-12 10:48:19,760 [INFO] ADCParametersView:116 -                Rank 1 : false
2025-06-12 10:48:19,760 [INFO] ADCParametersView:116 -                Rank 1 : false
2025-06-12 10:48:19,760 [INFO] ADCParametersView:116 -                Rank 1 : false
2025-06-12 10:48:19,760 [INFO] ADCParametersView:116 -                Rank 1 : false
2025-06-12 10:48:19,761 [INFO] ADCParametersView:116 -                Rank 1 : false
2025-06-12 10:48:19,761 [INFO] ADCParametersView:116 -                Rank 1 : false
2025-06-12 10:48:19,761 [INFO] ADCParametersView:116 -                Rank 1 : false
2025-06-12 10:48:19,761 [INFO] ADCParametersView:116 -                Rank 1 : false
2025-06-12 10:48:19,761 [INFO] ADCParametersView:116 -                Rank 1 : false
2025-06-12 10:48:19,761 [INFO] ADCParametersView:116 -                Rank 1 : false
2025-06-12 10:48:19,762 [INFO] ADCParametersView:116 -                Rank 1 : false
2025-06-12 10:48:19,762 [INFO] ADCParametersView:116 -                Rank 1 : false
2025-06-12 10:48:19,762 [INFO] ADCParametersView:116 -                Rank 1 : false
2025-06-12 10:48:19,762 [INFO] ADCParametersView:116 -                Rank 1 : false
2025-06-12 10:48:19,762 [INFO] ADCParametersView:116 -                Rank 1 : false
2025-06-12 10:48:19,764 [INFO] ADCParametersView:116 -                Rank 1 : false
2025-06-12 10:48:19,764 [INFO] ADCParametersView:116 -                Rank 1 : false
2025-06-12 10:48:19,764 [INFO] ADCParametersView:116 -                Rank 1 : false
2025-06-12 10:48:19,764 [INFO] ADCParametersView:116 -                Rank 1 : false
2025-06-12 10:48:19,764 [INFO] ADCParametersView:116 -                Rank 1 : false
2025-06-12 10:48:19,818 [INFO] ADCParametersView:116 -                Rank 1 : false
2025-06-12 10:48:44,539 [INFO] UtilMem:75 - End SaveConfig() Used Memory: 733435000 Bytes (954204160)
2025-06-12 10:48:46,772 [INFO] UtilMem:75 - End SaveConfig() Used Memory: 286869192 Bytes (951058432)
2025-06-12 10:48:49,634 [INFO] UtilMem:75 - End SaveConfig() Used Memory: 388054728 Bytes (951058432)
2025-06-12 10:48:49,993 [INFO] BlockDiagram:2775 - set Specific Code input for plugin: SYS
2025-06-12 10:48:49,993 [INFO] BlockDiagram:2775 - set Specific Code input for plugin: ADC
2025-06-12 10:48:49,993 [INFO] BlockDiagram:2775 - set Specific Code input for plugin: RCC
2025-06-12 10:48:49,993 [INFO] BlockDiagram:2775 - set Specific Code input for plugin: NVIC
2025-06-12 10:48:49,993 [INFO] BlockDiagram:2775 - set Specific Code input for plugin: USART
2025-06-12 10:48:49,995 [INFO] BlockDiagram:2775 - set Specific Code input for plugin: GPIO
2025-06-12 10:48:49,997 [INFO] CodeGenerator:882 - code generatio: config db path: C:\ST\STM32CubeIDE_1.18.1\STM32CubeIDE\plugins\com.st.stm32cube.common.mx_6.14.1.202504091515\\db\
2025-06-12 10:48:50,129 [INFO] CodeEngine:263 - oldGeneratedFile, C:\Users\arumu\STM32CubeIDE\workspace_1.18.1\interface_mic_sensor\MXTmpFiles\license.tmp_save
2025-06-12 10:48:50,336 [INFO] CodeEngine:287 - Generated code: C:\Users\arumu\STM32CubeIDE\workspace_1.18.1\interface_mic_sensor\MXTmpFiles\license.tmp
2025-06-12 10:48:50,399 [INFO] CodeEngine:263 - oldGeneratedFile, C:\Users\arumu\STM32CubeIDE\workspace_1.18.1\interface_mic_sensor\MXTmpFiles\gpio.tmp_save
2025-06-12 10:48:50,514 [INFO] CodeEngine:287 - Generated code: C:\Users\arumu\STM32CubeIDE\workspace_1.18.1\interface_mic_sensor\MXTmpFiles\gpio.tmp
2025-06-12 10:48:50,856 [INFO] CodeEngine:263 - oldGeneratedFile, C:\Users\arumu\STM32CubeIDE\workspace_1.18.1\interface_mic_sensor\Core\Src\stm32l4xx_it.c_save
2025-06-12 10:48:50,984 [INFO] CodeEngine:287 - Generated code: C:\Users\arumu\STM32CubeIDE\workspace_1.18.1\interface_mic_sensor\Core\Src\stm32l4xx_it.c
2025-06-12 10:48:50,997 [INFO] CodeEngine:263 - oldGeneratedFile, C:\Users\arumu\STM32CubeIDE\workspace_1.18.1\interface_mic_sensor\Core\Inc\stm32l4xx_it.h_save
2025-06-12 10:48:51,094 [INFO] CodeEngine:287 - Generated code: C:\Users\arumu\STM32CubeIDE\workspace_1.18.1\interface_mic_sensor\Core\Inc\stm32l4xx_it.h
2025-06-12 10:48:51,117 [INFO] CodeEngine:263 - oldGeneratedFile, C:\Users\arumu\STM32CubeIDE\workspace_1.18.1\interface_mic_sensor\Core\Src\stm32l4xx_hal_msp.c_save
2025-06-12 10:48:51,269 [INFO] CodeEngine:287 - Generated code: C:\Users\arumu\STM32CubeIDE\workspace_1.18.1\interface_mic_sensor\Core\Src\stm32l4xx_hal_msp.c
2025-06-12 10:48:51,276 [INFO] CodeEngine:263 - oldGeneratedFile, C:\Users\arumu\STM32CubeIDE\workspace_1.18.1\interface_mic_sensor\MXTmpFiles\system.tmp_save
2025-06-12 10:48:51,350 [INFO] CodeEngine:287 - Generated code: C:\Users\arumu\STM32CubeIDE\workspace_1.18.1\interface_mic_sensor\MXTmpFiles\system.tmp
2025-06-12 10:48:51,365 [INFO] CodeEngine:319 - oldGeneratedFile, C:\Users\arumu\STM32CubeIDE\workspace_1.18.1\interface_mic_sensor\Core\Inc\stm32l4xx_hal_conf.h_save
2025-06-12 10:48:51,451 [INFO] CodeEngine:343 - Generated code: C:\Users\arumu\STM32CubeIDE\workspace_1.18.1\interface_mic_sensor\Core\Inc\stm32l4xx_hal_conf.h
2025-06-12 10:48:51,486 [INFO] ApiDbMcu:508 - Load IP Config File for ADC1
2025-06-12 10:48:51,500 [INFO] CodeEngine:263 - oldGeneratedFile, C:\Users\arumu\STM32CubeIDE\workspace_1.18.1\interface_mic_sensor\Core\Inc\main.h_save
2025-06-12 10:48:51,590 [INFO] CodeEngine:287 - Generated code: C:\Users\arumu\STM32CubeIDE\workspace_1.18.1\interface_mic_sensor\Core\Inc\main.h
2025-06-12 10:48:51,602 [INFO] CodeEngine:263 - oldGeneratedFile, C:\Users\arumu\STM32CubeIDE\workspace_1.18.1\interface_mic_sensor\Core\Src\main.c_save
2025-06-12 10:48:51,747 [INFO] CodeEngine:287 - Generated code: C:\Users\arumu\STM32CubeIDE\workspace_1.18.1\interface_mic_sensor\Core\Src\main.c
2025-06-12 10:48:52,228 [INFO] ProjectBuilder:3324 - Time for Copy HAL[1] : 261mS.
2025-06-12 10:48:52,232 [INFO] ProjectBuilder:4912 - Project Generator version: 4.6.0.1-B1
2025-06-12 10:48:52,320 [INFO] ConfigFileManager:1590 - The Die is : DIE415
2025-06-12 10:48:53,581 [INFO] ProjectBuilder:5191 - Time for Generating toolchain IDE Files: 1349mS.
2025-06-12 10:48:53,582 [INFO] ProjectBuilder:3181 - Time for Copy CMSIS : 1mS.
2025-06-12 10:48:53,586 [INFO] ProjectBuilder:3181 - Time for Copy CMSIS : 0mS.
2025-06-12 11:07:47,043 [INFO] WebApp:194 - Connection lost
2025-06-12 11:09:23,650 [INFO] WebApp:191 - Connection restablished
2025-06-12 11:09:50,741 [INFO] WebApp:194 - Connection lost
2025-06-12 11:09:51,179 [INFO] WebApp:191 - Connection restablished
2025-06-12 11:09:54,120 [INFO] WebApp:194 - Connection lost
2025-06-12 11:09:54,545 [INFO] WebApp:191 - Connection restablished
2025-06-12 11:10:39,614 [INFO] WebApp:194 - Connection lost
2025-06-12 11:10:40,180 [INFO] WebApp:191 - Connection restablished
2025-06-12 11:42:15,496 [ERROR] LogOutputStream:75 - [STDERR_REDIRECT] Jun 12, 2025 11:42:15 AM org.apache.lucene.internal.vectorization.VectorizationProvider lookup
2025-06-12 11:42:15,504 [ERROR] LogOutputStream:75 - [STDERR_REDIRECT] WARNING: Java vector incubator module is not readable. For optimal vector performance, pass '--add-modules jdk.incubator.vector' to enable Vector API.
2025-06-12 11:42:15,505 [ERROR] LogOutputStream:75 - [STDERR_REDIRECT] 
2025-06-12 12:04:10,560 [ERROR] ConfigurationRetriever:142 - IOException on connection: Connect timed out
2025-06-12 12:04:12,565 [ERROR] ConfigurationRetriever:142 - IOException on connection: Connect timed out
2025-06-12 12:04:14,568 [ERROR] ConfigurationRetriever:142 - IOException on connection: Connect timed out
2025-06-12 12:21:01,851 [INFO] MainUpdater:2872 - connection check result : 10
2025-06-12 12:21:02,344 [INFO] McuFinderGlobals:76 - Set McuFinderConnectedMode to true
2025-06-12 12:21:02,362 [INFO] MultiScanPanel:200 - Auto-refresh data requested => check proxy status ongoing
2025-06-12 12:21:02,368 [INFO] FinderPluginLoader:95 - Searching for filters in installed packs
2025-06-12 12:21:06,010 [INFO] LoadUrlFilesThread:185 - End of LoadServerUrlFiles without Thread
2025-06-12 12:21:06,011 [INFO] DetailPanel:341 - Set advertising image to C:/Users/arumu/STM32Cube/Repository/\en.summit-h1-25-promotion.jpg
2025-06-12 12:21:10,851 [INFO] MultiScanPanel:200 - Auto-refresh data requested => check proxy status ongoing
2025-06-12 12:21:10,963 [INFO] LoadUrlFilesThread:185 - End of LoadServerUrlFiles without Thread
2025-06-12 12:21:10,964 [INFO] DetailPanel:341 - Set advertising image to C:/Users/arumu/STM32Cube/Repository/\en.summit-h1-25-promotion.jpg
2025-06-12 12:21:36,808 [INFO] MainUpdater:2872 - connection check result : 10
2025-06-12 12:21:36,808 [INFO] MainUpdater:2872 - connection check result : 10
2025-06-12 12:21:37,004 [INFO] MicroXplorer:468 - Change Database Path : 
2025-06-12 12:21:37,005 [INFO] MicroXplorer:498 - Change Database Version : DB.6.0.141
2025-06-12 12:21:37,120 [ERROR] ProjectManagerView:395 - 
java.lang.NullPointerException: Cannot invoke "javax.swing.JTextField.getText()" because the return value of "java.util.List.get(int)" is null
	at com.st.microxplorer.plugins.projectmanager.gui.ProjectChoiceTab$9.caretUpdate(ProjectChoiceTab.java:2678) ~[filemanager.jar:?]
	at javax.swing.text.JTextComponent.fireCaretUpdate(JTextComponent.java:408) ~[?:?]
	at javax.swing.text.JTextComponent$MutableCaretEvent.fire(JTextComponent.java:4484) ~[?:?]
	at javax.swing.text.JTextComponent$MutableCaretEvent.stateChanged(JTextComponent.java:4506) ~[?:?]
	at javax.swing.text.DefaultCaret.fireStateChanged(DefaultCaret.java:857) ~[?:?]
	at javax.swing.text.DefaultCaret.changeCaretPosition(DefaultCaret.java:1343) ~[?:?]
	at javax.swing.text.DefaultCaret.handleSetDot(DefaultCaret.java:1242) ~[?:?]
	at javax.swing.text.DefaultCaret.setDot(DefaultCaret.java:1223) ~[?:?]
	at javax.swing.text.DefaultCaret$Handler.insertUpdate(DefaultCaret.java:1819) ~[?:?]
	at javax.swing.text.AbstractDocument.fireInsertUpdate(AbstractDocument.java:227) ~[?:?]
	at javax.swing.text.AbstractDocument.handleInsertString(AbstractDocument.java:781) ~[?:?]
	at javax.swing.text.AbstractDocument.insertString(AbstractDocument.java:740) ~[?:?]
	at javax.swing.text.PlainDocument.insertString(PlainDocument.java:131) ~[?:?]
	at javax.swing.text.AbstractDocument.replace(AbstractDocument.java:699) ~[?:?]
	at javax.swing.text.JTextComponent.setText(JTextComponent.java:1725) ~[?:?]
	at com.st.microxplorer.plugins.projectmanager.gui.ProjectChoiceTab.createHeapStackFields(ProjectChoiceTab.java:979) ~[filemanager.jar:?]
	at com.st.microxplorer.plugins.projectmanager.gui.ProjectChoiceTab.buildLinkSettingsPanel(ProjectChoiceTab.java:3766) ~[filemanager.jar:?]
	at com.st.microxplorer.plugins.projectmanager.gui.ProjectChoiceTab.defineWindowsFields(ProjectChoiceTab.java:1962) ~[filemanager.jar:?]
	at com.st.microxplorer.plugins.projectmanager.gui.ProjectChoiceTab.updateSettings(ProjectChoiceTab.java:555) ~[filemanager.jar:?]
	at com.st.microxplorer.plugins.projectmanager.gui.ProjectSettingsPanel.UpdateDialog(ProjectSettingsPanel.java:245) ~[filemanager.jar:?]
	at com.st.microxplorer.plugins.projectmanager.ProjectManagerView.propertyChange(ProjectManagerView.java:392) ~[filemanager.jar:?]
	at java.beans.PropertyChangeSupport.fire(PropertyChangeSupport.java:343) ~[?:?]
	at java.beans.PropertyChangeSupport.firePropertyChange(PropertyChangeSupport.java:335) ~[?:?]
	at java.beans.PropertyChangeSupport.firePropertyChange(PropertyChangeSupport.java:268) ~[?:?]
	at com.st.microxplorer.util.MXPropertyChangeSupport.firePropertyChange(MXPropertyChangeSupport.java:54) ~[STM32CubeMX.jar:?]
	at com.st.microxplorer.mxsystem.MxSystem.closeConfig(MxSystem.java:899) ~[STM32CubeMX.jar:?]
	at com.st.microxplorer.maingui.MainPanel.closeConfig(MainPanel.java:789) ~[STM32CubeMX.jar:?]
	at com.st.microxplorer.plugins.filemanager.engine.OpenFileManager.loadConfigurationFile(OpenFileManager.java:287) ~[filemanager.jar:?]
	at com.st.microxplorer.plugins.filemanager.engine.MainFileManager.userLoadConfig(MainFileManager.java:341) ~[filemanager.jar:?]
	at com.st.microxplorer.plugins.filemanager.FileManagerView.getSpecificTask(FileManagerView.java:250) ~[filemanager.jar:?]
	at com.st.stm32cube.common.mx.editor.CubeMxEditor.getMxTabbedPaneInstance(CubeMxEditor.java:1191) ~[com.st.stm32cube.common.mx_6.14.1.202504091515/:?]
	at com.st.stm32cube.common.mx.editor.CubeMxEditor$12$1.createSwingComponent(CubeMxEditor.java:1068) ~[com.st.stm32cube.common.mx_6.14.1.202504091515/:?]
	at com.st.stm32cube.common.mx.oss.core.awtswtbridge.EmbeddedSwingComposite.doComponentCreation(EmbeddedSwingComposite.java:492) ~[com.st.stm32cube.common.mx.oss_6.14.1.202504091515/:?]
	at com.st.stm32cube.common.mx.oss.core.awtswtbridge.EmbeddedSwingComposite$4.run(EmbeddedSwingComposite.java:291) ~[com.st.stm32cube.common.mx.oss_6.14.1.202504091515/:?]
	at com.st.stm32cube.common.mx.oss.core.awtswtbridge.AwtEnvironment$2.run(AwtEnvironment.java:166) ~[com.st.stm32cube.common.mx.oss_6.14.1.202504091515/:?]
	at java.awt.event.InvocationEvent.dispatch(InvocationEvent.java:318) ~[?:?]
	at java.awt.EventQueue.dispatchEventImpl(EventQueue.java:773) ~[?:?]
	at java.awt.EventQueue$4.run(EventQueue.java:720) ~[?:?]
	at java.awt.EventQueue$4.run(EventQueue.java:714) ~[?:?]
	at java.security.AccessController.doPrivileged(AccessController.java:400) ~[?:?]
	at java.security.ProtectionDomain$JavaSecurityAccessImpl.doIntersectionPrivilege(ProtectionDomain.java:87) ~[?:?]
	at java.awt.EventQueue.dispatchEvent(EventQueue.java:742) ~[?:?]
	at java.awt.EventDispatchThread.pumpOneEventForFilters(EventDispatchThread.java:203) ~[?:?]
	at java.awt.EventDispatchThread.pumpEventsForFilter(EventDispatchThread.java:124) ~[?:?]
	at java.awt.EventDispatchThread.pumpEventsForHierarchy(EventDispatchThread.java:113) ~[?:?]
	at java.awt.EventDispatchThread.pumpEvents(EventDispatchThread.java:109) ~[?:?]
	at java.awt.EventDispatchThread.pumpEvents(EventDispatchThread.java:101) ~[?:?]
	at java.awt.EventDispatchThread.run(EventDispatchThread.java:90) ~[?:?]
2025-06-12 12:21:37,169 [WARN] ThirdParty:871 - waiting for thirdparty lock release [close project]
2025-06-12 12:21:37,169 [INFO] ThirdParty:873 - entering critical section [close project]
2025-06-12 12:21:37,170 [INFO] ThirdParty:883 - exiting critical section [close project]
2025-06-12 12:21:37,176 [INFO] PinOutPanel:1589 - setPackage(No Configuration,No Configuration)
2025-06-12 12:21:37,215 [INFO] UtilMem:75 - Begin LoadConfig() Used Memory: 550657648 Bytes (955252736)
2025-06-12 12:21:37,219 [INFO] OpenFileManager:354 - Change cursor
2025-06-12 12:21:37,286 [INFO] RulesReader:64 - Compatibility file has been processed (302 Rules)
2025-06-12 12:21:37,305 [INFO] ProjectFactory:442 - No CPN specified for board NUCLEO-L476RG => set CPN to STM32L476RGT3
2025-06-12 12:21:37,306 [INFO] Mcu:2011 - Initializing MCU STM32L476R(C-E-G)Tx STM32L476RGTx STM32L476RGT3
2025-06-12 12:21:41,139 [INFO] Context:756 - Trying to add GPIOservice into a context  which must be forbidden
2025-06-12 12:21:42,530 [INFO] Rule:225 - rule 117617 - U5Cobra4M][GTZC] default value MPCBB3 and MPCBB5 - Not Secured memory - MPCBB1 is applicable
2025-06-12 12:21:42,530 [INFO] Rule:225 - rule 117617 - U5Cobra4M][GTZC] default value MPCBB3 and MPCBB5 - Not Secured memory - MPCBB1 is applicable
2025-06-12 12:21:42,530 [INFO] Rule:225 - rule 117617 - U5Cobra4M][GTZC] default value MPCBB3 and MPCBB5 - Not Secured memory - MPCBB2 is applicable
2025-06-12 12:21:42,530 [INFO] Rule:225 - rule 117617 - U5Cobra4M][GTZC] default value MPCBB3 and MPCBB5 - Not Secured memory - MPCBB2 is applicable
2025-06-12 12:21:42,530 [INFO] Rule:225 - rule 117617 - U5Cobra4M][GTZC] default value MPCBB3 and MPCBB5 - Not Secured memory - MPCBB3 is applicable
2025-06-12 12:21:42,531 [INFO] Rule:225 - rule 117617 - U5Cobra4M][GTZC] default value MPCBB3 and MPCBB5 - Not Secured memory - MPCBB3 is applicable
2025-06-12 12:21:42,531 [INFO] Rule:225 - rule 117617 - U5Cobra4M][GTZC] default value MPCBB3 and MPCBB5 - Not Secured memory - MPCBB4 is applicable
2025-06-12 12:21:42,531 [INFO] Rule:225 - rule 117617 - U5Cobra4M][GTZC] default value MPCBB3 and MPCBB5 - Not Secured memory - MPCBB4 is applicable
2025-06-12 12:21:42,531 [INFO] Rule:225 - rule 117617 - U5Cobra4M][GTZC] default value MPCBB3 and MPCBB5 - Secured memory - MPCBB1 is applicable
2025-06-12 12:21:42,531 [INFO] Rule:225 - rule 117617 - U5Cobra4M][GTZC] default value MPCBB3 and MPCBB5 - Secured memory - MPCBB2 is applicable
2025-06-12 12:21:42,531 [INFO] Rule:225 - rule 117617 - U5Cobra4M][GTZC] default value MPCBB3 and MPCBB5 - Secured memory - MPCBB3 is applicable
2025-06-12 12:21:42,531 [INFO] Rule:225 - rule 117617 - U5Cobra4M][GTZC] default value MPCBB3 and MPCBB5 - Secured memory - MPCBB4 is applicable
2025-06-12 12:21:42,531 [INFO] Rule:225 - rule 117617 - U5Cobra4M][GTZC] default value MPCBB3 and MPCBB5 - Privileged memory - MPCBB1 is applicable
2025-06-12 12:21:42,531 [INFO] Rule:225 - rule 117617 - U5Cobra4M][GTZC] default value MPCBB3 and MPCBB5 - Privileged memory - MPCBB2 is applicable
2025-06-12 12:21:42,531 [INFO] Rule:225 - rule 117617 - U5Cobra4M][GTZC] default value MPCBB3 and MPCBB5 - Privileged memory - MPCBB3 is applicable
2025-06-12 12:21:42,531 [INFO] Rule:225 - rule 117617 - U5Cobra4M][GTZC] default value MPCBB3 and MPCBB5 - Privileged memory - MPCBB4 is applicable
2025-06-12 12:21:42,532 [INFO] Rule:225 - rule 117617 - U5Cobra4M][GTZC] default value MPCBB3 and MPCBB5 - Not Privileged memory - MPCBB1 is applicable
2025-06-12 12:21:42,532 [INFO] Rule:225 - rule 117617 - U5Cobra4M][GTZC] default value MPCBB3 and MPCBB5 - Not Privileged memory - MPCBB2 is applicable
2025-06-12 12:21:42,532 [INFO] Rule:225 - rule 117617 - U5Cobra4M][GTZC] default value MPCBB3 and MPCBB5 - Not Privileged memory - MPCBB3 is applicable
2025-06-12 12:21:42,532 [INFO] Rule:225 - rule 117617 - U5Cobra4M][GTZC] default value MPCBB3 and MPCBB5 - Not Privileged memory - MPCBB4 is applicable
2025-06-12 12:21:42,532 [INFO] Rule:225 - rule 117617 - U5Cobra4M][GTZC] default value MPCBB3 and MPCBB5 - Privileged memory - MPCBB1 is applicable
2025-06-12 12:21:42,532 [INFO] Rule:225 - rule 117617 - U5Cobra4M][GTZC] default value MPCBB3 and MPCBB5 - Privileged memory - MPCBB2 is applicable
2025-06-12 12:21:42,532 [INFO] Rule:225 - rule 117617 - U5Cobra4M][GTZC] default value MPCBB3 and MPCBB5 - Privileged memory - MPCBB3 is applicable
2025-06-12 12:21:42,532 [INFO] Rule:225 - rule 117617 - U5Cobra4M][GTZC] default value MPCBB3 and MPCBB5 - Privileged memory - MPCBB4 is applicable
2025-06-12 12:21:42,532 [INFO] Rule:225 - rule 117617 - U5Cobra4M][GTZC] default value MPCBB3 and MPCBB5 - Privileged memory - MPCBB1 is applicable
2025-06-12 12:21:42,532 [INFO] Rule:225 - rule 117617 - U5Cobra4M][GTZC] default value MPCBB3 and MPCBB5 - Privileged memory - MPCBB2 is applicable
2025-06-12 12:21:42,532 [INFO] Rule:225 - rule 117617 - U5Cobra4M][GTZC] default value MPCBB3 and MPCBB5 - Privileged memory - MPCBB3 is applicable
2025-06-12 12:21:42,533 [INFO] Rule:225 - rule 117617 - U5Cobra4M][GTZC] default value MPCBB3 and MPCBB5 - Privileged memory - MPCBB4 is applicable
2025-06-12 12:21:42,533 [INFO] Rule:225 - rule 117617 - U5Cobra4M][GTZC] default value MPCBB3 and MPCBB5 - Not Privileged memory - MPCBB1 is applicable
2025-06-12 12:21:42,533 [INFO] Rule:225 - rule 117617 - U5Cobra4M][GTZC] default value MPCBB3 and MPCBB5 - Not Privileged memory - MPCBB2 is applicable
2025-06-12 12:21:42,533 [INFO] Rule:225 - rule 117617 - U5Cobra4M][GTZC] default value MPCBB3 and MPCBB5 - Not Privileged memory - MPCBB3 is applicable
2025-06-12 12:21:42,533 [INFO] Rule:225 - rule 117617 - U5Cobra4M][GTZC] default value MPCBB3 and MPCBB5 - Not Privileged memory - MPCBB4 is applicable
2025-06-12 12:21:42,534 [INFO] Rule:225 - rule 117617 - U5Cobra4M][GTZC] default value MPCBB3 and MPCBB5 - Privileged memory - MPCBB1 is applicable
2025-06-12 12:21:42,534 [INFO] Rule:225 - rule 117617 - U5Cobra4M][GTZC] default value MPCBB3 and MPCBB5 - Privileged memory - MPCBB2 is applicable
2025-06-12 12:21:42,534 [INFO] Rule:225 - rule 117617 - U5Cobra4M][GTZC] default value MPCBB3 and MPCBB5 - Privileged memory - MPCBB3 is applicable
2025-06-12 12:21:42,534 [INFO] Rule:225 - rule 117617 - U5Cobra4M][GTZC] default value MPCBB3 and MPCBB5 - Privileged memory - MPCBB4 is applicable
2025-06-12 12:21:42,534 [INFO] Rule:225 - rule Rename SubGHz_Phy SUBGHZ_APPLICATION SUBGHZ_PINGPONG to SUBGHZ_ADV_APPLICATION is applicable
2025-06-12 12:21:42,534 [INFO] Rule:225 - rule Rename Enabled to IBEACON is applicable
2025-06-12 12:21:42,534 [INFO] Rule:225 - rule GTZC_S instance for project manager is applicable
2025-06-12 12:21:42,534 [INFO] Rule:225 - rule GTZC_S instance for context M33S is applicable
2025-06-12 12:21:42,535 [INFO] Rule:225 - rule GTZC_S instance value for IP GTZC is applicable
2025-06-12 12:21:42,535 [INFO] Rule:225 - rule GTZC_S instance for mcu.IP is applicable
2025-06-12 12:21:42,535 [INFO] Rule:225 - rule GTZC_S instance for VP is applicable
2025-06-12 12:21:42,535 [INFO] Rule:225 - rule GTZC_S instance for signal is applicable
2025-06-12 12:21:42,535 [INFO] Rule:225 - rule GTZC_S instance for mcu.Pin is applicable
2025-06-12 12:21:42,535 [INFO] Rule:225 - rule GTZC_S instance for VP is applicable
2025-06-12 12:21:42,535 [INFO] Rule:225 - rule GTZC_S instance for signal is applicable
2025-06-12 12:21:42,535 [INFO] Rule:225 - rule GTZC_S instance for mcu is applicable
2025-06-12 12:21:42,535 [INFO] Rule:225 - rule GTZC_S instance for mcu.Pin is applicable
2025-06-12 12:21:42,535 [INFO] Rule:225 - rule GTZC_S instance value for IP GTZC is applicable
2025-06-12 12:21:42,535 [INFO] Rule:225 - rule GTZC_S instance for project manager is applicable
2025-06-12 12:21:42,535 [INFO] Rule:225 - rule GTZC_S instance for context M33S is applicable
2025-06-12 12:21:42,536 [INFO] Rule:225 - rule GTZC_S instance for VP is applicable
2025-06-12 12:21:42,536 [INFO] Rule:225 - rule GTZC_S instance for signal is applicable
2025-06-12 12:21:42,536 [INFO] Rule:225 - rule SPDIFRX instance for mcu is applicable
2025-06-12 12:21:42,537 [INFO] Rule:225 - rule Rename Tracer Mode is applicable
2025-06-12 12:21:42,537 [INFO] Rule:225 - rule SPDIFRX instance value for IP SPDIFRX is applicable
2025-06-12 12:21:42,538 [INFO] Rule:225 - rule SPDIFRX instance for signal is applicable
2025-06-12 12:21:42,538 [INFO] Rule:225 - rule SPDIFRX instance for project manager is applicable
2025-06-12 12:21:42,538 [INFO] Rule:225 - rule SPDIFRX instance for project manager is applicable
2025-06-12 12:21:42,538 [INFO] Rule:225 - rule ADC Scan  fix with FW F7 is applicable
2025-06-12 12:21:42,538 [INFO] Rule:225 - rule ADC Scan  fix with FW F7 is applicable
2025-06-12 12:21:42,538 [INFO] Rule:225 - rule WakeUp0 Mode is applicable
2025-06-12 12:21:42,538 [INFO] Rule:225 - rule WakeUp0 SIGNAL is applicable
2025-06-12 12:21:42,538 [INFO] Rule:225 - rule WakeUp1 Mode is applicable
2025-06-12 12:21:42,538 [INFO] Rule:225 - rule WakeUp1 SIGNAL is applicable
2025-06-12 12:21:42,540 [INFO] Rule:225 - rule WakeUp2 Mode is applicable
2025-06-12 12:21:42,540 [INFO] Rule:225 - rule WakeUp2 SIGNAL is applicable
2025-06-12 12:21:42,540 [INFO] Rule:225 - rule WakeUp4 Mode is applicable
2025-06-12 12:21:42,540 [INFO] Rule:225 - rule WakeUp4 SIGNAL is applicable
2025-06-12 12:21:42,540 [INFO] Rule:225 - rule WakeUp5 Mode is applicable
2025-06-12 12:21:42,540 [INFO] Rule:225 - rule WakeUp5 SIGNAL is applicable
2025-06-12 12:21:42,540 [INFO] Rule:225 - rule Add RTC Activate Clock Source is applicable
2025-06-12 12:21:42,540 [INFO] Rule:225 - rule Add RTC Activate Calendar 1 is applicable
2025-06-12 12:21:42,540 [INFO] Rule:225 - rule Add RTC Activate Calendar 2 is applicable
2025-06-12 12:21:42,540 [INFO] Rule:225 - rule Add RTC Activate Calendar 3 is applicable
2025-06-12 12:21:42,541 [INFO] Rule:225 - rule UART/USART TX Mode is applicable
2025-06-12 12:21:42,541 [INFO] Rule:225 - rule UART/USART RX Mode is applicable
2025-06-12 12:21:42,541 [INFO] Rule:225 - rule UART/USART RX TX Mode is applicable
2025-06-12 12:21:42,541 [INFO] Rule:225 - rule UART/USART PARITY NONE is applicable
2025-06-12 12:21:42,541 [INFO] Rule:225 - rule UART/USART PARITY EVEN is applicable
2025-06-12 12:21:42,541 [INFO] Rule:225 - rule UART/USART PARITY ODD is applicable
2025-06-12 12:21:42,541 [INFO] Rule:225 - rule USART StopBits 1 is applicable
2025-06-12 12:21:42,542 [INFO] Rule:225 - rule USART StopBits 2 is applicable
2025-06-12 12:21:42,542 [INFO] Rule:225 - rule USART StopBits 1.5 is applicable
2025-06-12 12:21:42,542 [INFO] Rule:225 - rule USART StopBits 0.5 is applicable
2025-06-12 12:21:42,542 [INFO] Rule:225 - rule UART/USART WORD LENGTH 7 is applicable
2025-06-12 12:21:42,542 [INFO] Rule:225 - rule UART/USART WORD LENGTH 8 is applicable
2025-06-12 12:21:42,542 [INFO] Rule:225 - rule UART/USART WORD LENGTH 9 is applicable
2025-06-12 12:21:42,542 [INFO] Rule:225 - rule Rename FMC NAND NCE signal is applicable
2025-06-12 12:21:42,542 [INFO] Rule:225 - rule Rename FMC NAND INT signal is applicable
2025-06-12 12:21:42,542 [INFO] Rule:225 - rule Change Default Value for LSE Drive Capability for WB family is applicable
2025-06-12 12:21:42,542 [INFO] Rule:225 - rule Change Default Value for ADC Clock Prescaler G0 family is applicable
2025-06-12 12:21:42,542 [INFO] Rule:225 - rule Change Default Value for ADC ExternalTrigConv L4 family is applicable
2025-06-12 12:21:42,543 [INFO] Rule:225 - rule Change Default Value for ADC ExternalTrigInjecConv L4 family is applicable
2025-06-12 12:21:42,543 [INFO] Rule:225 - rule Change Default Value for ADC ExternalTrigConv F3 family is applicable
2025-06-12 12:21:42,543 [INFO] Rule:225 - rule Change Default Value for ADC ExternalTrigInjecConv F3 family is applicable
2025-06-12 12:21:42,543 [INFO] Rule:225 - rule Change Default Value for ADC ExternalTrigConv Goldfish serie is applicable
2025-06-12 12:21:42,543 [INFO] Rule:225 - rule Change Default Value for ADC ExternalTrigInjecConv Goldfish serie is applicable
2025-06-12 12:21:42,543 [INFO] Rule:225 - rule Change Default Value for ADC ExternalTrigConv L0 family is applicable
2025-06-12 12:21:42,544 [INFO] Rule:225 - rule Change Default Value for ADC ExternalTrigConv F0 family is applicable
2025-06-12 12:21:42,544 [INFO] Rule:225 - rule Change Default Value for ADC ExternalTrigConvn L1 family is applicable
2025-06-12 12:21:42,544 [INFO] Rule:225 - rule Change Default Value for ADC ExternalTrigInjecConv L1 family is applicable
2025-06-12 12:21:42,544 [INFO] Rule:225 - rule Change Default Value for ADC ExternalTrigConv F1 family is applicable
2025-06-12 12:21:42,544 [INFO] Rule:225 - rule Change Default Value for ADC ExternalTrigInjecConv F1 family is applicable
2025-06-12 12:21:42,544 [INFO] Rule:225 - rule Change Default Value for ADC ExternalTrigConv F7 family is applicable
2025-06-12 12:21:42,544 [INFO] Rule:225 - rule Change Default Value for ADC ExternalTrigInjecConv F7 family is applicable
2025-06-12 12:21:42,544 [INFO] Rule:225 - rule Change Default Value for ADC ExternalTrigConv F4 and F2 family is applicable
2025-06-12 12:21:42,544 [INFO] Rule:225 - rule Change Default Value for ADC ExternalTrigInjecConv F4 and F2 family is applicable
2025-06-12 12:21:42,544 [INFO] Rule:225 - rule ADC SamplingTime fix with FW L0  is applicable
2025-06-12 12:21:42,544 [INFO] Rule:225 - rule ADC SamplingTime fix with FW L0  is applicable
2025-06-12 12:21:42,544 [INFO] Rule:225 - rule ADC SamplingTime fix with FW L0 is applicable
2025-06-12 12:21:42,544 [INFO] Rule:225 - rule ADC SamplingTime fix with FW L0 is applicable
2025-06-12 12:21:42,544 [INFO] Rule:225 - rule ADC SamplingTime fix with FW L0  is applicable
2025-06-12 12:21:42,544 [INFO] Rule:225 - rule ADC SamplingTime fix with FW L0 is applicable
2025-06-12 12:21:42,546 [INFO] Rule:225 - rule Rename USB_OE Signal is applicable
2025-06-12 12:21:42,546 [INFO] Rule:225 - rule Rename Activate_OE Mode is applicable
2025-06-12 12:21:42,546 [INFO] Rule:225 - rule Rename DIE462/DIE415 pin PC14/OSC32_IN -> PC14-OSC32_IN (PC14) is applicable
2025-06-12 12:21:42,546 [INFO] Rule:225 - rule Rename DIE462/DIE415 pin PC15/OSC32_OUT -> PC15-OSC32_OUT (PC15) is applicable
2025-06-12 12:21:42,546 [INFO] Rule:225 - rule Rename DIE462/DIE415 pin PH0/OSC_IN -> PH0-OSC_IN (PH0) is applicable
2025-06-12 12:21:42,546 [INFO] Rule:225 - rule Rename DIE462/DIE415 pin PH1/OSC_OUT -> PH1-OSC_OUT (PH1) is applicable
2025-06-12 12:21:42,546 [INFO] Rule:225 - rule Rename DIE462 pin PA13 -> PA13 (JTMS/SWDIO) is applicable
2025-06-12 12:21:42,546 [INFO] Rule:225 - rule Rename DIE415 pin PA13 -> PA13 (JTMS/SWDIO) is applicable
2025-06-12 12:21:42,546 [INFO] Rule:225 - rule Rename DIE462 pin PA14 -> PA14 (JTCK/SWCLK) is applicable
2025-06-12 12:21:42,547 [INFO] Rule:225 - rule Rename DIE415 pin PA14 -> PA14 (JTCK/SWCLK) is applicable
2025-06-12 12:21:42,547 [INFO] Rule:225 - rule Rename DIE462/DIE415 pin PA15 -> PA15 (JTDI) is applicable
2025-06-12 12:21:42,547 [INFO] Rule:225 - rule Rename DIE462 pin PB3 -> PB3 (JTD0/TRACESWO) is applicable
2025-06-12 12:21:42,547 [INFO] Rule:225 - rule Rename DIE415 pin PB3 -> PB3 (JTD0-TRACESWO) is applicable
2025-06-12 12:21:42,547 [INFO] Rule:225 - rule Rename DIE462/DIE415 pin PB4 -> PB4 (NJTRST) is applicable
2025-06-12 12:21:42,547 [INFO] Rule:225 - rule Rename DIE462 pin PH3/BOOT0 -> PH3-BOOT0 (BOOT0) is applicable
2025-06-12 12:21:42,547 [INFO] Rule:225 - rule Rename CRYP DataEncryptionTypesList to Algorithm is applicable
2025-06-12 12:21:42,547 [INFO] Rule:225 - rule Rename AES DataEncryptionTypesList to Algorithm is applicable
2025-06-12 12:21:42,547 [INFO] Rule:225 - rule Rename TDESECB to CRYP_TDES_ECB is applicable
2025-06-12 12:21:42,547 [INFO] Rule:225 - rule Rename TDESCBC to CRYP_TDES_CBC is applicable
2025-06-12 12:21:42,547 [INFO] Rule:225 - rule Rename DESECB to CRYP_DES_ECB is applicable
2025-06-12 12:21:42,547 [INFO] Rule:225 - rule Rename DESCBC to CRYP_DES_CBC is applicable
2025-06-12 12:21:42,547 [INFO] Rule:225 - rule Rename AESECB to CRYP_AES_ECB is applicable
2025-06-12 12:21:42,548 [INFO] Rule:225 - rule Rename AESCBC to CRYP_AES_CBC is applicable
2025-06-12 12:21:42,548 [INFO] Rule:225 - rule Rename AESCTR to CRYP_AES_CTR is applicable
2025-06-12 12:21:42,548 [INFO] Rule:225 - rule Rename AESGCM to CRYP_AES_GCM is applicable
2025-06-12 12:21:42,548 [INFO] Rule:225 - rule Rename AESCCM to CRYP_AES_CCM is applicable
2025-06-12 12:21:42,548 [INFO] Rule:225 - rule Rename CAN TimeSeg1 to BS1 is applicable
2025-06-12 12:21:42,548 [INFO] Rule:225 - rule Rename CAN TimeSeg2 to BS2 is applicable
2025-06-12 12:21:42,548 [INFO] Rule:225 - rule Rename CAN SyncJumpWidth to SJW is applicable
2025-06-12 12:21:42,548 [INFO] Rule:225 - rule TimeTriggeredMode to TTCM is applicable
2025-06-12 12:21:42,548 [INFO] Rule:225 - rule Rename CAN AutoBusOff to ABOM is applicable
2025-06-12 12:21:42,548 [INFO] Rule:225 - rule Rename CAN AutoWakeUp to AWUM is applicable
2025-06-12 12:21:42,548 [INFO] Rule:225 - rule Rename CAN AutoRetransmission to NART is applicable
2025-06-12 12:21:42,549 [INFO] Rule:225 - rule Rename CAN ReceiveFifoLocked to RFLM is applicable
2025-06-12 12:21:42,549 [INFO] Rule:225 - rule Rename CAN TransmitFifoPriority to TXFP is applicable
2025-06-12 12:21:42,549 [INFO] Rule:225 - rule Rename HRTIMER HRTIM_OUTPUTFAULTLEVEL_HIGH in HRTIMER HRTIM_OUTPUTFAULTLEVEL_HIGHZ is applicable
2025-06-12 12:21:42,549 [INFO] Rule:225 - rule Rename TIMER TIM_CLEARINPUTSOURCE_OCREFCLR in  TIMER TIM_CLEARINPUTSOURCE_NONE for F7 family is applicable
2025-06-12 12:21:42,549 [INFO] Rule:225 - rule FDCAN_R1 - Rename FDCAN mode Master into Classic is applicable
2025-06-12 12:21:42,549 [INFO] Rule:225 - rule FDCAN_R2 - Rename FDCAN mode Slave into Classic is applicable
2025-06-12 12:21:42,549 [INFO] Rule:225 - rule FDCAN1_R3 - if PA10.Mode=FullDuplex, add Pin PA12 is applicable
2025-06-12 12:21:42,549 [INFO] Rule:225 - rule FDCAN1_R3 - if PA9.Mode=FullDuplex, add Pin PA11 is applicable
2025-06-12 12:21:42,550 [INFO] Rule:225 - rule FDCAN1_R3 - Alternatepin_1 - if PE1.Mode=FullDuplex, add Pin PB9 is applicable
2025-06-12 12:21:42,550 [INFO] Rule:225 - rule FDCAN1_R3 - Alternatepin_1 - if PE0.Mode=FullDuplex, add Pin PB8 is applicable
2025-06-12 12:21:42,550 [INFO] Rule:225 - rule FDCAN1_R3 - Alternatepin_2 - if PD5.Mode=FullDuplex, add Pin PD1 is applicable
2025-06-12 12:21:42,550 [INFO] Rule:225 - rule FDCAN1_R3 - Alternatepin_2 - if PD4.Mode=FullDuplex, add Pin PD0 is applicable
2025-06-12 12:21:42,550 [INFO] Rule:225 - rule FDCAN1_R4 - Rename Mode FullDuplex into Enable FDCAN_TXFD for pin PA10 is applicable
2025-06-12 12:21:42,550 [INFO] Rule:225 - rule FDCAN1_R4 - Rename Mode FullDuplex into Enable FDCAN_TXFD for pin PA9 is applicable
2025-06-12 12:21:42,550 [INFO] Rule:225 - rule FDCAN1_R4 - Alternatepin_1 - Rename Mode FullDuplex into Enable FDCAN_TXFD for pin PE1 is applicable
2025-06-12 12:21:42,550 [INFO] Rule:225 - rule FDCAN1_R4 - Alternatepin_1 - Rename Mode FullDuplex into Enable FDCAN_TXFD for pin PE0 is applicable
2025-06-12 12:21:42,550 [INFO] Rule:225 - rule FDCAN1_R4 - Alternatepin_2 - Rename Mode FullDuplex into Enable FDCAN_TXFD for pin PD5 is applicable
2025-06-12 12:21:42,550 [INFO] Rule:225 - rule FDCAN1_R4 - Alternatepin_2 - Rename Mode FullDuplex into Enable FDCAN_TXFD for pin PD4 is applicable
2025-06-12 12:21:42,550 [INFO] Rule:225 - rule FDCAN2_R3 - if PD10.Mode=FullDuplex, add Pin PB13 is applicable
2025-06-12 12:21:42,550 [INFO] Rule:225 - rule FDCAN2_R3 - if PD9.Mode=FullDuplex, add Pin PB12 is applicable
2025-06-12 12:21:42,550 [INFO] Rule:225 - rule FDCAN2_R3 - Alternatepin_1 - if PB7.Mode=FullDuplex, add Pin PB6 is applicable
2025-06-12 12:21:42,550 [INFO] Rule:225 - rule FDCAN2_R3 - Alternatepin_1 - if PD9.Mode=FullDuplex, add Pin PB12 is applicable
2025-06-12 12:21:42,550 [INFO] Rule:225 - rule FDCAN2_R4 - Rename Mode FullDuplex into Enable FDCAN_TXFD for pin PD10 is applicable
2025-06-12 12:21:42,551 [INFO] Rule:225 - rule FDCAN2_R4 - Rename Mode FullDuplex into Enable FDCAN_TXFD for pin PD9 is applicable
2025-06-12 12:21:42,551 [INFO] Rule:225 - rule FDCAN2_R4 - Alternatepin_1 - Rename Mode FullDuplex into Enable FDCAN_TXFD for pin PB7 is applicable
2025-06-12 12:21:42,551 [INFO] Rule:225 - rule FDCAN2_R4 - Alternatepin_1 - Rename Mode FullDuplex into Enable FDCAN_TXFD for pin PD6 is applicable
2025-06-12 12:21:42,551 [INFO] Rule:225 - rule USART TxPinLevelInvertParam Mode is applicable
2025-06-12 12:21:42,551 [INFO] Rule:225 - rule USART RxPinLevelInvertParam Mode is applicable
2025-06-12 12:21:42,551 [INFO] Rule:225 - rule USART DataInvertParam Mode is applicable
2025-06-12 12:21:42,551 [INFO] Rule:225 - rule USART SwapParam Mode is applicable
2025-06-12 12:21:42,551 [INFO] Rule:225 - rule USART OverrunDisableParam Mode is applicable
2025-06-12 12:21:42,551 [INFO] Rule:225 - rule USART DMADisableonRxErrorParam Mode is applicable
2025-06-12 12:21:42,552 [INFO] Rule:225 - rule USART MSBFirstParam Mode is applicable
2025-06-12 12:21:42,552 [INFO] Rule:225 - rule Update MwName for USB_DEVICE is applicable
2025-06-12 12:21:42,552 [INFO] Rule:225 - rule Change PWR_Regulator_Voltage_Scale Default Value for RCC  H7 family is applicable
2025-06-12 12:21:42,552 [INFO] Rule:225 - rule UART/USART IPParameter rename Prescaler parameter to ClockPrescaler is applicable
2025-06-12 12:21:42,552 [INFO] Rule:225 - rule UART/USART Prescaler rename Prescaler parameter to ClockPrescaler is applicable
2025-06-12 12:21:42,552 [INFO] Rule:225 - rule TIM1CLockSelection is applicable
2025-06-12 12:21:42,552 [INFO] Rule:225 - rule TIM15CLockSelection is applicable
2025-06-12 12:21:42,552 [INFO] Rule:225 - rule align RCC SDMMC3CLockSelection default value on MP1 is applicable
2025-06-12 12:21:42,552 [INFO] Rule:225 - rule align RCC SDMMC12CLockSelection default value on MP1 is applicable
2025-06-12 12:21:42,552 [INFO] Rule:225 - rule align RCC QSPICLockSelection default value on MP1 is applicable
2025-06-12 12:21:42,552 [INFO] Rule:225 - rule align RCC QSPICLockSelection default value on MP1 is applicable
2025-06-12 12:21:42,552 [INFO] Rule:225 - rule align RCC SPI6CLockSelection default value on MP1 is applicable
2025-06-12 12:21:42,552 [INFO] Rule:225 - rule align RCC LPTIM23CLockSelection default value on MP1 is applicable
2025-06-12 12:21:42,552 [INFO] Rule:225 - rule align RCC LPTIM1CLockSelection default value on MP1 is applicable
2025-06-12 12:21:42,552 [INFO] Rule:225 - rule align RCC USART1CLockSelection default value on MP1 is applicable
2025-06-12 12:21:42,553 [INFO] Rule:225 - rule align RCC USART24CLockSelection default value on MP1 is applicable
2025-06-12 12:21:42,553 [INFO] Rule:225 - rule align RCC USART6CLockSelection default value on MP1 is applicable
2025-06-12 12:21:42,553 [INFO] Rule:225 - rule align RCC UART78CLockSelection default value on MP1 is applicable
2025-06-12 12:21:42,553 [INFO] Rule:225 - rule align RCC USART35CLockSelection default value on MP1 is applicable
2025-06-12 12:21:42,553 [INFO] Rule:225 - rule align RCC SPI45CLockSelection default value on MP1 is applicable
2025-06-12 12:21:42,553 [INFO] Rule:225 - rule align RCC I2C46CLockSelection BCLK value on MP1 is applicable
2025-06-12 12:21:42,553 [INFO] Rule:225 - rule align RCC SPI45CLockSelection default value on MP1 is applicable
2025-06-12 12:21:42,553 [INFO] Rule:225 - rule align RCC I2C12CLockSelection default value on MP1 is applicable
2025-06-12 12:21:42,553 [INFO] Rule:225 - rule align RCC I2C35CLockSelection default value on MP1 is applicable
2025-06-12 12:21:42,553 [INFO] Rule:225 - rule align RCC LPTIM45CLockSelection default value on MP1 is applicable
2025-06-12 12:21:42,553 [INFO] Rule:225 - rule Rename DCMI PIXCK signal is applicable
2025-06-12 12:21:42,553 [INFO] Rule:225 - rule Change Default Value for I2C46CLockSelection MP1 family is applicable
2025-06-12 12:21:42,553 [INFO] Rule:225 - rule Change Default Value for UART for G4, G0 and WB families is applicable
2025-06-12 12:21:42,553 [INFO] Rule:225 - rule Change Default Value for USART for G4, G0 and WB families is applicable
2025-06-12 12:21:42,553 [INFO] Rule:225 - rule Change Default Value for USART for G4 family is applicable
2025-06-12 12:21:42,553 [INFO] Rule:225 - rule Change USART1CLockSelection refparam name for MP1 is applicable
2025-06-12 12:21:42,553 [INFO] Rule:225 - rule Change USART2CLockSelection refparam name for MP1 is applicable
2025-06-12 12:21:42,554 [INFO] Rule:225 - rule Change USART3CLockSelection refparam name for MP1 is applicable
2025-06-12 12:21:42,554 [INFO] Rule:225 - rule Change UART4CLockSelection refparam name for MP1 is applicable
2025-06-12 12:21:42,554 [INFO] Rule:225 - rule Change UART5CLockSelection refparam name for MP1 is applicable
2025-06-12 12:21:42,554 [INFO] Rule:225 - rule Change LPUART1CLockSelection refparam name for MP1 is applicable
2025-06-12 12:21:42,554 [INFO] Rule:225 - rule Change LPTIM1CLockSelection refparam name for MP1 is applicable
2025-06-12 12:21:42,554 [INFO] Rule:225 - rule Change LPTIM2CLockSelection refparam name for MP1 is applicable
2025-06-12 12:21:42,554 [INFO] Rule:225 - rule Change RCC_MCO1Source refparam name for MP1 is applicable
2025-06-12 12:21:42,554 [INFO] Rule:225 - rule Change LSCOSource1 refparam name for MP1 is applicable
2025-06-12 12:21:42,554 [INFO] Rule:225 - rule Change SMPSCLockSelection refparam name for MP1 is applicable
2025-06-12 12:21:42,554 [INFO] Rule:225 - rule Change LPTIM3CLockSelection refparam name for MP1 is applicable
2025-06-12 12:21:42,554 [INFO] Rule:225 - rule Change MPCBB* Default Template Mode to Parameters is applicable
2025-06-12 12:21:42,554 [INFO] Rule:225 - rule Change MPCWM* or MPCBB* Secure Mode to Parameters is applicable
2025-06-12 12:21:42,554 [INFO] Rule:225 - rule Change MPCWM* or MPCBB* No Secure Mode to Parameters is applicable
2025-06-12 12:21:42,554 [INFO] Rule:225 - rule Change TZSC IP Secure Mode to Parameters is applicable
2025-06-12 12:21:42,555 [INFO] Rule:225 - rule Change TZSC IP No Secure Mode to Parameters is applicable
2025-06-12 12:21:42,555 [INFO] Rule:225 - rule Change TZSC IP Privilege Mode to Parameters is applicable
2025-06-12 12:21:42,555 [INFO] Rule:225 - rule Change TZSC IP No Privilege Mode to Parameters is applicable
2025-06-12 12:21:42,555 [INFO] Rule:225 - rule Change TZIC IT Secure Mode to Parameters is applicable
2025-06-12 12:21:42,555 [INFO] Rule:225 - rule Change TZIC IT No Secure Mode to Parameters is applicable
2025-06-12 12:21:42,556 [INFO] Rule:225 - rule Add MPCBB1_NonSecureArea_Start_Address value with referenced to MPCBB1_NonSecureArea_Start value is applicable
2025-06-12 12:21:42,556 [INFO] Rule:225 - rule Add MPCBB2_NonSecureArea_Start_Address value with referenced to MPCBB2_NonSecureArea_Start value is applicable
2025-06-12 12:21:42,556 [INFO] Rule:225 - rule Add MPCWM1_NonSecureArea*_Start_Address value with referenced to MPCWM1_NonSecureArea*_Start value is applicable
2025-06-12 12:21:42,556 [INFO] Rule:225 - rule Add MPCWM2_NonSecureArea*_Start_Address value with referenced to MPCWM2_NonSecureArea*_Start value is applicable
2025-06-12 12:21:42,556 [INFO] Rule:225 - rule Add MPCWM3_NonSecureArea_Start_Address value with referenced to MPCWM3_NonSecureArea_Start value is applicable
2025-06-12 12:21:42,556 [INFO] Rule:225 - rule Change Default Value for PLL1UserDefinedConfig is applicable
2025-06-12 12:21:42,556 [INFO] Rule:225 - rule Change GPIO_PuPd Default Value for USART in async mode is applicable
2025-06-12 12:21:42,557 [INFO] Rule:225 - rule Change SMPSDivider Default Value is applicable
2025-06-12 12:21:42,557 [INFO] Rule:225 - rule OPAMP is applicable
2025-06-12 12:21:42,557 [INFO] Rule:225 - rule LPUART IPParameter rename Prescaler parameter to ClockPrescaler for STM32H7 is applicable
2025-06-12 12:21:42,557 [INFO] Rule:225 - rule LPUART IPParameter rename Prescaler parameter to ClockPrescaler for STM32H7 is applicable
2025-06-12 12:21:42,557 [INFO] Rule:225 - rule LPUART IPParameter rename Prescaler parameter to ClockPrescaler for STM32WB is applicable
2025-06-12 12:21:42,557 [INFO] Rule:225 - rule LPUART IPParameter rename Prescaler parameter to ClockPrescaler for STM32WB is applicable
2025-06-12 12:21:42,557 [INFO] Rule:225 - rule LPUART IPParameter rename Prescaler parameter to ClockPrescaler for STM32G4 is applicable
2025-06-12 12:21:42,557 [INFO] Rule:225 - rule LPUART IPParameter rename Prescaler parameter to ClockPrescaler for STM32G4 is applicable
2025-06-12 12:21:42,557 [INFO] Rule:225 - rule LPUART IPParameter rename Prescaler parameter to ClockPrescaler for STM32L5 is applicable
2025-06-12 12:21:42,557 [INFO] Rule:225 - rule LPUART IPParameter rename Prescaler parameter to ClockPrescaler for STM32L5 is applicable
2025-06-12 12:21:42,557 [INFO] Rule:225 - rule LPUART IPParameter rename Prescaler parameter to ClockPrescaler for STM32G4 is applicable
2025-06-12 12:21:42,557 [INFO] Rule:225 - rule LPUART IPParameter rename Prescaler parameter to ClockPrescaler for STM32G4 is applicable
2025-06-12 12:21:42,557 [INFO] Rule:225 - rule USB device lib V2.5.3 for L0 rename USBD_SUPPORT_USER_STRING parameter to USBD_SUPPORT_USER_STRING_DESC4 is applicable
2025-06-12 12:21:42,558 [INFO] Rule:225 - rule I2SCLockSelection clock entry align is applicable
2025-06-12 12:21:42,558 [INFO] Rule:225 - rule Assign TIMx context if used as SYS timebase is applicable
2025-06-12 12:21:42,558 [INFO] Rule:225 - rule Change GPIO_Pu Default Value for I2C is applicable
2025-06-12 12:21:42,558 [INFO] Rule:225 - rule Change GPIO_Pu Default Value for SMBus is applicable
2025-06-12 12:21:42,558 [INFO] Rule:225 - rule change FDCAN default value is applicable
2025-06-12 12:21:42,558 [INFO] Rule:225 - rule Change mode sai is applicable
2025-06-12 12:21:42,558 [INFO] Rule:225 - rule **Change sai mode is applicable
2025-06-12 12:21:42,558 [INFO] Rule:225 - rule Rename STM32WPAN CFG_BLE_IRK to CFG_BLE_IR is applicable
2025-06-12 12:21:42,558 [INFO] Rule:225 - rule Rename STM32WPAN CFG_BLE_ERK to CFG_BLE_ER is applicable
2025-06-12 12:21:42,558 [INFO] Rule:225 - rule Rename STM32WPAN CFG_BLE_IRK_HEX to CFG_BLE_IR_HEX is applicable
2025-06-12 12:21:42,558 [INFO] Rule:225 - rule Rename STM32WPAN CFG_BLE_ERK_HEX to CFG_BLE_ER_HEX is applicable
2025-06-12 12:21:42,558 [INFO] Rule:225 - rule Adapt Old IOC before rework replace old CORTEX_M33/CORTEX_M55 attributes by the new one. is applicable
2025-06-12 12:21:42,558 [INFO] Rule:225 - rule Rename parametre of RCC RCC_APBDBG_DIV2 to RCC_TIMPRES_DIV2 is applicable
2025-06-12 12:21:42,558 [INFO] Rule:225 - rule Rename DIE493 pin PA10 [PA12] -> PA10 is applicable
2025-06-12 12:21:42,558 [INFO] Rule:225 - rule Rename DIE493 pin PA9 [PA11] -> PA9 is applicable
2025-06-12 12:21:42,558 [INFO] Rule:225 - rule Adapt Old IOC CSI. is applicable
2025-06-12 12:21:42,579 [INFO] DbConfProperties:307 - Apply Compatibility (49/267 Rules)
2025-06-12 12:21:42,601 [INFO] ImportTextPane:218 - (OptionalMessage_ERROR) Unable to find key (Mcu.ThirdPartyNb) in loaded IOC file
2025-06-12 12:21:42,604 [INFO] ImportTextPane:218 - (OptionalMessage_ERROR) Pin12 (VP_RIF_VS_RIF1) cannot be retrieved for this MCU
2025-06-12 12:21:42,690 [INFO] RtosManager:558 - Registered RTOS mode: class=CMSIS, group=RTOS, mode=CMSIS_V1, owner=FREERTOS
2025-06-12 12:21:42,690 [INFO] RtosManager:558 - Registered RTOS mode: class=CMSIS, group=RTOS2, mode=CMSIS_V2, owner=FREERTOS
2025-06-12 12:21:42,690 [INFO] RtosManager:558 - Registered RTOS mode: class=RTOS, group=Core, mode=CMSIS_V1, owner=FREERTOS
2025-06-12 12:21:42,690 [INFO] RtosManager:558 - Registered RTOS mode: class=RTOS, group=Core, mode=CMSIS_V2, owner=FREERTOS
2025-06-12 12:21:42,691 [WARN] ModelIntegratedComponent:184 - Missing modes for component STMicroelectronics:FreeRTOS:0.0.1:STMicroelectronics:RTOS:FreeRTOS:Core:::10.2.0:
2025-06-12 12:21:42,715 [WARN] ModelIntegratedComponent:63 - No mode defined for component null
2025-06-12 12:21:42,716 [WARN] ModelIntegratedComponent:63 - No mode defined for component null
2025-06-12 12:21:42,716 [WARN] ModelIntegratedComponent:63 - No mode defined for component null
2025-06-12 12:21:42,716 [WARN] ModelIntegratedComponent:63 - No mode defined for component null
2025-06-12 12:21:42,716 [WARN] ModelIntegratedComponent:63 - No mode defined for component null
2025-06-12 12:21:42,716 [WARN] ModelIntegratedComponent:63 - No mode defined for component null
2025-06-12 12:21:42,716 [WARN] ModelIntegratedComponent:63 - No mode defined for component null
2025-06-12 12:21:42,716 [WARN] ModelIntegratedComponent:63 - No mode defined for component null
2025-06-12 12:21:42,716 [WARN] ModelIntegratedComponent:63 - No mode defined for component null
2025-06-12 12:21:42,716 [WARN] ModelIntegratedComponent:63 - No mode defined for component null
2025-06-12 12:21:42,716 [WARN] ModelIntegratedComponent:63 - No mode defined for component null
2025-06-12 12:21:42,716 [WARN] ModelIntegratedComponent:63 - No mode defined for component null
2025-06-12 12:21:42,717 [WARN] ModelIntegratedComponent:63 - No mode defined for component null
2025-06-12 12:21:42,717 [WARN] ModelIntegratedComponent:63 - No mode defined for component null
2025-06-12 12:21:42,717 [WARN] ModelIntegratedComponent:63 - No mode defined for component null
2025-06-12 12:21:42,717 [WARN] ModelIntegratedComponent:63 - No mode defined for component null
2025-06-12 12:21:42,717 [WARN] ModelIntegratedComponent:63 - No mode defined for component null
2025-06-12 12:21:42,717 [WARN] ModelIntegratedComponent:63 - No mode defined for component null
2025-06-12 12:21:42,717 [WARN] ModelIntegratedComponent:63 - No mode defined for component null
2025-06-12 12:21:42,717 [WARN] ModelIntegratedComponent:63 - No mode defined for component null
2025-06-12 12:21:42,717 [WARN] ModelIntegratedComponent:63 - No mode defined for component null
2025-06-12 12:21:42,717 [WARN] ModelIntegratedComponent:63 - No mode defined for component null
2025-06-12 12:21:42,717 [WARN] ModelIntegratedComponent:63 - No mode defined for component null
2025-06-12 12:21:42,717 [WARN] ModelIntegratedComponent:63 - No mode defined for component null
2025-06-12 12:21:42,717 [WARN] ModelIntegratedComponent:63 - No mode defined for component null
2025-06-12 12:21:42,718 [WARN] ModelIntegratedComponent:63 - No mode defined for component null
2025-06-12 12:21:42,718 [WARN] ModelIntegratedComponent:63 - No mode defined for component null
2025-06-12 12:21:42,718 [WARN] ModelIntegratedComponent:63 - No mode defined for component null
2025-06-12 12:21:42,718 [WARN] ModelIntegratedComponent:63 - No mode defined for component null
2025-06-12 12:21:42,718 [WARN] ModelIntegratedComponent:63 - No mode defined for component null
2025-06-12 12:21:42,718 [WARN] ModelIntegratedComponent:63 - No mode defined for component null
2025-06-12 12:21:42,718 [WARN] ModelIntegratedComponent:63 - No mode defined for component null
2025-06-12 12:21:42,718 [WARN] ModelIntegratedComponent:63 - No mode defined for component null
2025-06-12 12:21:42,718 [WARN] ModelIntegratedComponent:63 - No mode defined for component null
2025-06-12 12:21:42,718 [WARN] ModelIntegratedComponent:63 - No mode defined for component null
2025-06-12 12:21:42,719 [WARN] ModelPack:524 - Component already loaded: STMicroelectronics:HAL Drivers:0.0.0:STMicroelectronics:Device:STMicro_Driver:XSPI:HAL::0.0.1:HAL_XSPI
2025-06-12 12:21:42,915 [INFO] ThirdPartyModel:298 - Start build external matchings
2025-06-12 12:21:43,829 [INFO] ThirdPartyModel:316 - End build external matchings
2025-06-12 12:21:43,849 [INFO] ImportTextPane:218 - (OptionalMessage_ERROR) IP (RCC) : Invalid parameter (FamilyName)
2025-06-12 12:21:43,850 [INFO] ImportTextPane:218 - (OptionalMessage_ERROR) IP (RCC) : Parameter (RNGFreq_Value) has invalid value (64000000)
2025-06-12 12:21:43,850 [INFO] ImportTextPane:218 - (OptionalMessage_ERROR) IP (RCC) : Parameter (SDMMCFreq_Value) has invalid value (64000000)
2025-06-12 12:21:43,850 [INFO] ImportTextPane:218 - (OptionalMessage_ERROR) IP (RCC) : Parameter (USBFreq_Value) has invalid value (64000000)
2025-06-12 12:21:44,337 [INFO] UtilMem:75 - End LoadConfig() Used Memory: 468670328 Bytes (1047527424)
2025-06-12 12:21:44,422 [WARN] ThirdParty:833 - waiting for thirdparty lock release [change project]
2025-06-12 12:21:44,424 [INFO] ThirdParty:835 - entering critical section [change project]
2025-06-12 12:21:44,424 [INFO] ThirdParty:1030 - CMSIS Pack Vendor :STMicroelectronics USBPD 4.1
2025-06-12 12:21:44,424 [INFO] ThirdParty:1030 - CMSIS Pack Vendor :STMicroelectronics X-CUBE-AZRTOS-H7 3.3.0
2025-06-12 12:21:44,424 [INFO] ThirdParty:1030 - CMSIS Pack Vendor :STMicroelectronics X-CUBE-NFC9 1.0.0
2025-06-12 12:21:44,424 [INFO] ThirdParty:1030 - CMSIS Pack Vendor :wolfSSL I-CUBE-wolfSSL 5.8.0
2025-06-12 12:21:44,424 [INFO] ThirdParty:1030 - CMSIS Pack Vendor :STMicroelectronics USB_HOST 2.0.0
2025-06-12 12:21:44,424 [INFO] ThirdParty:1030 - CMSIS Pack Vendor :STMicroelectronics FP-SNS-MOTENVWB1 1.4.0
2025-06-12 12:21:44,424 [INFO] ThirdParty:1030 - CMSIS Pack Vendor :STMicroelectronics X-CUBE-AZRTOS-F4 1.1.0
2025-06-12 12:21:44,424 [INFO] ThirdParty:1030 - CMSIS Pack Vendor :STMicroelectronics LIBJPEG 8.0.0
2025-06-12 12:21:44,424 [INFO] ThirdParty:1030 - CMSIS Pack Vendor :STMicroelectronics FP-ATR-ASTRA1 2.0.2
2025-06-12 12:21:44,424 [INFO] ThirdParty:1030 - CMSIS Pack Vendor :STMicroelectronics X-CUBE-BLE1 7.1.0
2025-06-12 12:21:44,424 [INFO] ThirdParty:1030 - CMSIS Pack Vendor :Avnet-IotConnect X-CUBE-IoTC-DA16k-PMOD 1.0.0
2025-06-12 12:21:44,424 [INFO] ThirdParty:1030 - CMSIS Pack Vendor :STMicroelectronics X-CUBE-SMBUS 2.1.0
2025-06-12 12:21:44,424 [INFO] ThirdParty:1030 - CMSIS Pack Vendor :wolfSSL I-CUBE-wolfMQTT 1.19.2
2025-06-12 12:21:44,424 [INFO] ThirdParty:1030 - CMSIS Pack Vendor :STMicroelectronics USB_DEVICE 3.0.0
2025-06-12 12:21:44,424 [INFO] ThirdParty:1030 - CMSIS Pack Vendor :STMicroelectronics X-CUBE-ISPU 2.1.0
2025-06-12 12:21:44,424 [INFO] ThirdParty:1030 - CMSIS Pack Vendor :STMicroelectronics X-CUBE-AZRTOS-WB 2.0.0
2025-06-12 12:21:44,424 [INFO] ThirdParty:1030 - CMSIS Pack Vendor :STMicroelectronics X-CUBE-ST60 1.0.0
2025-06-12 12:21:44,424 [INFO] ThirdParty:1030 - CMSIS Pack Vendor :STMicroelectronics X-CUBE-GNSS1 7.0.1
2025-06-12 12:21:44,425 [INFO] ThirdParty:1030 - CMSIS Pack Vendor :STMicroelectronics X-CUBE-AZRTOS-F7 1.1.0
2025-06-12 12:21:44,425 [INFO] ThirdParty:1030 - CMSIS Pack Vendor :STMicroelectronics X-CUBE-AZRTOS-L5 2.0.0
2025-06-12 12:21:44,425 [INFO] ThirdParty:1030 - CMSIS Pack Vendor :STMicroelectronics X-CUBE-TOUCHGFX 4.25.0
2025-06-12 12:21:44,425 [INFO] ThirdParty:1030 - CMSIS Pack Vendor :STMicroelectronics USB_DEVICE 2.0.0
2025-06-12 12:21:44,425 [INFO] ThirdParty:1030 - CMSIS Pack Vendor :STMicroelectronics X-CUBE-NFC6 3.1.0
2025-06-12 12:21:44,425 [INFO] ThirdParty:1030 - CMSIS Pack Vendor :STMicroelectronics X-CUBE-AI 10.1.0
2025-06-12 12:21:44,425 [INFO] ThirdParty:1030 - CMSIS Pack Vendor :STMicroelectronics FP-SNS-STBOX1 2.0.0
2025-06-12 12:21:44,425 [INFO] ThirdParty:1030 - CMSIS Pack Vendor :STMicroelectronics FreeRTOS 0.0.1
2025-06-12 12:21:44,425 [INFO] ThirdParty:1030 - CMSIS Pack Vendor :STMicroelectronics X-CUBE-AZRTOS-G0 1.1.0
2025-06-12 12:21:44,425 [INFO] ThirdParty:1030 - CMSIS Pack Vendor :STMicroelectronics X-CUBE-SAFEA1 1.2.2
2025-06-12 12:21:44,425 [INFO] ThirdParty:1030 - CMSIS Pack Vendor :STMicroelectronics X-CUBE-NFC4 3.0.0
2025-06-12 12:21:44,425 [INFO] ThirdParty:1030 - CMSIS Pack Vendor :STMicroelectronics X-CUBE-SUBG2 5.0.0
2025-06-12 12:21:44,425 [INFO] ThirdParty:1030 - CMSIS Pack Vendor :STMicroelectronics X-CUBE-AZRTOS-H7RS 1.1.0
2025-06-12 12:21:44,425 [INFO] ThirdParty:1030 - CMSIS Pack Vendor :STMicroelectronics STM32_WPAN 1.0.0
2025-06-12 12:21:44,425 [INFO] ThirdParty:1030 - CMSIS Pack Vendor :EmbeddedOffice I-CUBE-FS-RTOS 1.0.1
2025-06-12 12:21:44,425 [INFO] ThirdParty:1030 - CMSIS Pack Vendor :STMicroelectronics lwIP 2.0.3
2025-06-12 12:21:44,425 [INFO] ThirdParty:1030 - CMSIS Pack Vendor :Cesanta I-CUBE-Mongoose 7.13.0
2025-06-12 12:21:44,425 [INFO] ThirdParty:1030 - CMSIS Pack Vendor :STMicroelectronics USB_HOST 1.0.0
2025-06-12 12:21:44,425 [INFO] ThirdParty:1030 - CMSIS Pack Vendor :Infineon AIROC-Wi-Fi-Bluetooth-STM32 1.7.0
2025-06-12 12:21:44,425 [INFO] ThirdParty:1030 - CMSIS Pack Vendor :STMicroelectronics X-CUBE-AZRTOS-G4 2.0.0
2025-06-12 12:21:44,425 [INFO] ThirdParty:1030 - CMSIS Pack Vendor :STMicroelectronics X-CUBE-WB05N 2.0.0
2025-06-12 12:21:44,425 [INFO] ThirdParty:1030 - CMSIS Pack Vendor :STMicroelectronics PDM2PCM 3.1.0
2025-06-12 12:21:44,425 [INFO] ThirdParty:1030 - CMSIS Pack Vendor :STMicroelectronics PDM2PCM 3.3.0
2025-06-12 12:21:44,425 [INFO] ThirdParty:1030 - CMSIS Pack Vendor :wolfSSL I-CUBE-wolfTPM 3.8.0
2025-06-12 12:21:44,425 [INFO] ThirdParty:1030 - CMSIS Pack Vendor :STMicroelectronics X-CUBE-DISPLAY 3.0.0
2025-06-12 12:21:44,425 [INFO] ThirdParty:1030 - CMSIS Pack Vendor :wolfSSL I-CUBE-wolfSSH 1.4.20
2025-06-12 12:21:44,426 [INFO] ThirdParty:1030 - CMSIS Pack Vendor :STMicroelectronics X-CUBE-NFC7 2.0.0
2025-06-12 12:21:44,426 [INFO] ThirdParty:1030 - CMSIS Pack Vendor :STMicroelectronics X-CUBE-TCPP 4.2.0
2025-06-12 12:21:44,426 [INFO] ThirdParty:1030 - CMSIS Pack Vendor :RealThread X-CUBE-RT-Thread_Nano 4.1.1
2025-06-12 12:21:44,426 [INFO] ThirdParty:1030 - CMSIS Pack Vendor :STMicroelectronics FP-ATR-SIGFOX1 3.2.0
2025-06-12 12:21:44,426 [INFO] ThirdParty:1030 - CMSIS Pack Vendor :STMicroelectronics X-CUBE-NFC10 1.0.0
2025-06-12 12:21:44,426 [INFO] ThirdParty:1030 - CMSIS Pack Vendor :STMicroelectronics X-CUBE-BLEMGR 4.0.0
2025-06-12 12:21:44,426 [INFO] ThirdParty:1030 - CMSIS Pack Vendor :STMicroelectronics X-CUBE-EEPRMA1 5.1.0
2025-06-12 12:21:44,426 [INFO] ThirdParty:1030 - CMSIS Pack Vendor :STMicroelectronics X-CUBE-FREERTOS 1.3.1
2025-06-12 12:21:44,426 [INFO] ThirdParty:1030 - CMSIS Pack Vendor :STMicroelectronics HAL Drivers 0.0.0
2025-06-12 12:21:44,426 [INFO] ThirdParty:1030 - CMSIS Pack Vendor :STMicroelectronics MBEDTLS 2.16.2
2025-06-12 12:21:44,426 [INFO] ThirdParty:1030 - CMSIS Pack Vendor :STMicroelectronics X-CUBE-IPS 3.1.0
2025-06-12 12:21:44,427 [INFO] ThirdParty:1030 - CMSIS Pack Vendor :STMicroelectronics X-CUBE-ALS 1.0.2
2025-06-12 12:21:44,427 [INFO] ThirdParty:1030 - CMSIS Pack Vendor :emotas I-CUBE-CANOPEN 1.3.0
2025-06-12 12:21:44,427 [INFO] ThirdParty:1030 - CMSIS Pack Vendor :STMicroelectronics MBEDTLS 2.14.1
2025-06-12 12:21:44,427 [INFO] ThirdParty:1030 - CMSIS Pack Vendor :ITTIA_DB I-CUBE-ITTIADB 8.9.0
2025-06-12 12:21:44,427 [INFO] ThirdParty:1030 - CMSIS Pack Vendor :portGmbH I-Cube-SoM-uGOAL 1.1.0
2025-06-12 12:21:44,427 [INFO] ThirdParty:1030 - CMSIS Pack Vendor :quantropi X-CUBE-qispace-sdk-base 2.0.0
2025-06-12 12:21:44,427 [INFO] ThirdParty:1030 - CMSIS Pack Vendor :STMicroelectronics X-CUBE-ST67W61 1.0.0
2025-06-12 12:21:44,427 [INFO] ThirdParty:1030 - CMSIS Pack Vendor :STMicroelectronics ThreadX 1.0.0
2025-06-12 12:21:44,428 [INFO] ThirdParty:1030 - CMSIS Pack Vendor :STMicroelectronics FP-SNS-SMARTAG2 1.2.0
2025-06-12 12:21:44,428 [INFO] ThirdParty:1030 - CMSIS Pack Vendor :STMicroelectronics FP-SNS-FLIGHT1 5.1.0
2025-06-12 12:21:44,428 [INFO] ThirdParty:1030 - CMSIS Pack Vendor :STMicroelectronics X-CUBE-AZRTOS-WL 2.0.0
2025-06-12 12:21:44,428 [INFO] ThirdParty:1030 - CMSIS Pack Vendor :SEGGER I-CUBE-embOS 1.3.1
2025-06-12 12:21:44,428 [INFO] ThirdParty:1030 - CMSIS Pack Vendor :STMicroelectronics X-CUBE-ALGOBUILD 1.4.0
2025-06-12 12:21:44,428 [INFO] ThirdParty:1030 - CMSIS Pack Vendor :STMicroelectronics X-CUBE-DPower 1.3.0
2025-06-12 12:21:44,428 [INFO] ThirdParty:1030 - CMSIS Pack Vendor :STMicroelectronics X-CUBE-MEMS1 11.3.0
2025-06-12 12:21:44,428 [INFO] ThirdParty:1030 - CMSIS Pack Vendor :STMicroelectronics FP-SNS-MOTENV1 5.0.0
2025-06-12 12:21:44,428 [INFO] ThirdParty:1030 - CMSIS Pack Vendor :STMicroelectronics USB_DEVICE 1.0.0
2025-06-12 12:21:44,428 [INFO] ThirdParty:1030 - CMSIS Pack Vendor :STMicroelectronics X-CUBE-AZRTOS-L4 2.0.0
2025-06-12 12:21:44,429 [INFO] ThirdParty:1030 - CMSIS Pack Vendor :STMicroelectronics ThreadX 0.0.2
2025-06-12 12:21:44,429 [INFO] ThirdParty:1030 - CMSIS Pack Vendor :WES I-CUBE-Cesium 1.3.0
2025-06-12 12:21:44,429 [INFO] ThirdParty:1030 - CMSIS Pack Vendor :STMicroelectronics lwIP 2.1.2
2025-06-12 12:21:44,429 [INFO] ThirdParty:1030 - CMSIS Pack Vendor :STMicroelectronics X-CUBE-SFXS2LP1 4.0.0
2025-06-12 12:21:44,429 [INFO] ThirdParty:1030 - CMSIS Pack Vendor :STMicroelectronics X-CUBE-BLE2 3.3.0
2025-06-12 12:21:44,429 [INFO] ThirdParty:1030 - CMSIS Pack Vendor :STMicroelectronics X-CUBE-TOF1 3.4.3
2025-06-12 12:21:44,429 [INFO] ThirdParty:1030 - CMSIS Pack Vendor :STMicroelectronics PDM2PCM 3.2.0
2025-06-12 12:21:44,429 [INFO] ThirdParty:841 - exiting critical section [change project]
2025-06-12 12:21:44,828 [INFO] PinOutPanel:1589 - setPackage(No Configuration,No Configuration)
2025-06-12 12:21:44,832 [INFO] PinOutPanel:1589 - setPackage(STM32L476RGTx,LQFP64)
2025-06-12 12:21:45,400 [INFO] UtilMem:75 - Before build in PCC Used Memory: 872981600 Bytes (1047527424)
2025-06-12 12:21:45,911 [INFO] UtilMem:75 - After build in PCC Used Memory: 409251152 Bytes (1047527424)
2025-06-12 12:21:45,952 [INFO] IPUIPlugin:80 - create IPUIPlugin
2025-06-12 12:21:45,952 [INFO] IPUIPlugin:80 - create IPUIPlugin
2025-06-12 12:21:45,952 [INFO] IPUIPlugin:80 - create IPUIPlugin
2025-06-12 12:21:45,952 [INFO] IPUIPlugin:80 - create IPUIPlugin
2025-06-12 12:21:45,952 [INFO] IPUIPlugin:80 - create IPUIPlugin
2025-06-12 12:21:45,952 [INFO] IPUIPlugin:80 - create IPUIPlugin
2025-06-12 12:21:45,952 [INFO] IPUIPlugin:80 - create IPUIPlugin
2025-06-12 12:21:45,952 [INFO] IPUIPlugin:80 - create IPUIPlugin
2025-06-12 12:21:45,952 [INFO] IPUIPlugin:80 - create IPUIPlugin
2025-06-12 12:21:45,952 [INFO] IPUIPlugin:80 - create IPUIPlugin
2025-06-12 12:21:45,952 [INFO] IPUIPlugin:80 - create IPUIPlugin
2025-06-12 12:21:45,954 [INFO] IPUIPlugin:80 - create IPUIPlugin
2025-06-12 12:21:45,954 [INFO] IPUIPlugin:80 - create IPUIPlugin
2025-06-12 12:21:45,954 [INFO] IPUIPlugin:80 - create IPUIPlugin
2025-06-12 12:21:45,954 [INFO] IPUIPlugin:80 - create IPUIPlugin
2025-06-12 12:21:45,955 [INFO] IPUIPlugin:80 - create IPUIPlugin
2025-06-12 12:21:45,955 [INFO] IPUIPlugin:80 - create IPUIPlugin
2025-06-12 12:21:45,955 [INFO] IPUIPlugin:80 - create IPUIPlugin
2025-06-12 12:21:45,956 [INFO] IPUIPlugin:80 - create IPUIPlugin
2025-06-12 12:21:45,956 [INFO] IPUIPlugin:80 - create IPUIPlugin
2025-06-12 12:21:45,956 [INFO] IPUIPlugin:80 - create IPUIPlugin
2025-06-12 12:21:45,957 [INFO] IPUIPlugin:80 - create IPUIPlugin
2025-06-12 12:21:45,957 [INFO] IPUIPlugin:80 - create IPUIPlugin
2025-06-12 12:21:45,957 [INFO] IPUIPlugin:80 - create IPUIPlugin
2025-06-12 12:21:45,957 [INFO] IPUIPlugin:80 - create IPUIPlugin
2025-06-12 12:21:45,958 [INFO] IPUIPlugin:80 - create IPUIPlugin
2025-06-12 12:21:45,958 [INFO] IPUIPlugin:80 - create IPUIPlugin
2025-06-12 12:21:45,958 [INFO] IPUIPlugin:80 - create IPUIPlugin
2025-06-12 12:21:45,959 [INFO] IPUIPlugin:80 - create IPUIPlugin
2025-06-12 12:21:45,959 [INFO] IPUIPlugin:80 - create IPUIPlugin
2025-06-12 12:21:45,959 [INFO] IPUIPlugin:80 - create IPUIPlugin
2025-06-12 12:21:45,959 [INFO] IPUIPlugin:80 - create IPUIPlugin
2025-06-12 12:21:45,959 [INFO] IPUIPlugin:80 - create IPUIPlugin
2025-06-12 12:21:45,960 [INFO] IPUIPlugin:80 - create IPUIPlugin
2025-06-12 12:21:45,960 [INFO] IPUIPlugin:80 - create IPUIPlugin
2025-06-12 12:21:45,960 [INFO] IPUIPlugin:80 - create IPUIPlugin
2025-06-12 12:21:45,960 [INFO] IPUIPlugin:80 - create IPUIPlugin
2025-06-12 12:21:45,961 [INFO] IPUIPlugin:80 - create IPUIPlugin
2025-06-12 12:21:45,961 [INFO] IPUIPlugin:80 - create IPUIPlugin
2025-06-12 12:21:45,962 [INFO] IPUIPlugin:80 - create IPUIPlugin
2025-06-12 12:21:45,962 [INFO] IPUIPlugin:80 - create IPUIPlugin
2025-06-12 12:21:45,962 [INFO] IPUIPlugin:80 - create IPUIPlugin
2025-06-12 12:21:45,962 [INFO] IPUIPlugin:80 - create IPUIPlugin
2025-06-12 12:21:45,963 [INFO] IPUIPlugin:80 - create IPUIPlugin
2025-06-12 12:21:45,963 [INFO] IPUIPlugin:80 - create IPUIPlugin
2025-06-12 12:21:45,963 [INFO] IPUIPlugin:80 - create IPUIPlugin
2025-06-12 12:21:45,964 [INFO] IPUIPlugin:80 - create IPUIPlugin
2025-06-12 12:21:45,964 [INFO] IPUIPlugin:80 - create IPUIPlugin
2025-06-12 12:21:45,965 [INFO] IPUIPlugin:80 - create IPUIPlugin
2025-06-12 12:21:45,966 [INFO] IPUIPlugin:80 - create IPUIPlugin
2025-06-12 12:21:45,966 [INFO] IPUIPlugin:80 - create IPUIPlugin
2025-06-12 12:21:45,966 [INFO] IPUIPlugin:80 - create IPUIPlugin
2025-06-12 12:21:45,967 [INFO] IPUIPlugin:80 - create IPUIPlugin
2025-06-12 12:21:45,967 [INFO] IPUIPlugin:80 - create IPUIPlugin
2025-06-12 12:21:45,968 [INFO] IPUIPlugin:80 - create IPUIPlugin
2025-06-12 12:21:45,968 [INFO] IPUIPlugin:80 - create IPUIPlugin
2025-06-12 12:21:45,968 [INFO] IPUIPlugin:80 - create IPUIPlugin
2025-06-12 12:21:45,969 [INFO] IPUIPlugin:80 - create IPUIPlugin
2025-06-12 12:21:45,969 [INFO] IPUIPlugin:80 - create IPUIPlugin
2025-06-12 12:21:46,077 [INFO] CADModel:165 - CPN selected for project levelSTM32L476RGT3
2025-06-12 12:21:46,077 [INFO] CADModel:114 - Register for checkConnection events
2025-06-12 12:21:46,161 [INFO] OpenFileManager:385 - Restore cursor
2025-06-12 12:21:46,759 [INFO] UtilMem:75 - End SaveConfig() Used Memory: 561789960 Bytes (1047527424)
2025-06-12 12:21:46,866 [INFO] UtilMem:75 - End SaveConfig() Used Memory: 586460496 Bytes (1047527424)
2025-06-12 12:21:47,141 [INFO] BlockDiagram:2775 - set Specific Code input for plugin: SYS
2025-06-12 12:21:47,141 [INFO] BlockDiagram:2775 - set Specific Code input for plugin: RCC
2025-06-12 12:21:47,141 [INFO] BlockDiagram:2775 - set Specific Code input for plugin: NVIC
2025-06-12 12:21:47,142 [INFO] BlockDiagram:2775 - set Specific Code input for plugin: USART
2025-06-12 12:21:47,143 [INFO] BlockDiagram:2775 - set Specific Code input for plugin: GPIO
2025-06-12 12:21:47,145 [INFO] CodeGenerator:882 - code generatio: config db path: C:\ST\STM32CubeIDE_1.18.1\STM32CubeIDE\plugins\com.st.stm32cube.common.mx_6.14.1.202504091515\\db\
2025-06-12 12:21:47,344 [INFO] CodeEngine:263 - oldGeneratedFile, C:\Users\arumu\STM32CubeIDE\workspace_1.18.1\audio_datalogger\MXTmpFiles\license.tmp_save
2025-06-12 12:21:47,638 [INFO] CodeEngine:287 - Generated code: C:\Users\arumu\STM32CubeIDE\workspace_1.18.1\audio_datalogger\MXTmpFiles\license.tmp
2025-06-12 12:21:47,696 [INFO] CodeEngine:263 - oldGeneratedFile, C:\Users\arumu\STM32CubeIDE\workspace_1.18.1\audio_datalogger\MXTmpFiles\gpio.tmp_save
2025-06-12 12:21:47,831 [INFO] CodeEngine:287 - Generated code: C:\Users\arumu\STM32CubeIDE\workspace_1.18.1\audio_datalogger\MXTmpFiles\gpio.tmp
2025-06-12 12:21:47,944 [INFO] CodeEngine:263 - oldGeneratedFile, C:\Users\arumu\STM32CubeIDE\workspace_1.18.1\audio_datalogger\Core\Src\stm32l4xx_it.c_save
2025-06-12 12:21:48,288 [INFO] CodeEngine:287 - Generated code: C:\Users\arumu\STM32CubeIDE\workspace_1.18.1\audio_datalogger\Core\Src\stm32l4xx_it.c
2025-06-12 12:21:48,296 [INFO] CodeEngine:263 - oldGeneratedFile, C:\Users\arumu\STM32CubeIDE\workspace_1.18.1\audio_datalogger\Core\Inc\stm32l4xx_it.h_save
2025-06-12 12:21:48,403 [INFO] CodeEngine:287 - Generated code: C:\Users\arumu\STM32CubeIDE\workspace_1.18.1\audio_datalogger\Core\Inc\stm32l4xx_it.h
2025-06-12 12:21:48,425 [INFO] CodeEngine:263 - oldGeneratedFile, C:\Users\arumu\STM32CubeIDE\workspace_1.18.1\audio_datalogger\Core\Src\stm32l4xx_hal_msp.c_save
2025-06-12 12:21:48,623 [INFO] CodeEngine:287 - Generated code: C:\Users\arumu\STM32CubeIDE\workspace_1.18.1\audio_datalogger\Core\Src\stm32l4xx_hal_msp.c
2025-06-12 12:21:48,630 [INFO] CodeEngine:263 - oldGeneratedFile, C:\Users\arumu\STM32CubeIDE\workspace_1.18.1\audio_datalogger\MXTmpFiles\system.tmp_save
2025-06-12 12:21:48,728 [INFO] CodeEngine:287 - Generated code: C:\Users\arumu\STM32CubeIDE\workspace_1.18.1\audio_datalogger\MXTmpFiles\system.tmp
2025-06-12 12:21:48,743 [INFO] CodeEngine:319 - oldGeneratedFile, C:\Users\arumu\STM32CubeIDE\workspace_1.18.1\audio_datalogger\Core\Inc\stm32l4xx_hal_conf.h_save
2025-06-12 12:21:48,835 [INFO] CodeEngine:343 - Generated code: C:\Users\arumu\STM32CubeIDE\workspace_1.18.1\audio_datalogger\Core\Inc\stm32l4xx_hal_conf.h
2025-06-12 12:21:48,885 [INFO] ApiDbMcu:508 - Load IP Config File for USART2
2025-06-12 12:21:48,892 [INFO] ApiDbMcu:508 - Load IP Config File for RCC
2025-06-12 12:21:48,907 [INFO] CodeEngine:263 - oldGeneratedFile, C:\Users\arumu\STM32CubeIDE\workspace_1.18.1\audio_datalogger\Core\Inc\main.h_save
2025-06-12 12:21:49,022 [INFO] CodeEngine:287 - Generated code: C:\Users\arumu\STM32CubeIDE\workspace_1.18.1\audio_datalogger\Core\Inc\main.h
2025-06-12 12:21:49,027 [INFO] CodeEngine:263 - oldGeneratedFile, C:\Users\arumu\STM32CubeIDE\workspace_1.18.1\audio_datalogger\Core\Src\main.c_save
2025-06-12 12:21:49,129 [INFO] CodeEngine:287 - Generated code: C:\Users\arumu\STM32CubeIDE\workspace_1.18.1\audio_datalogger\Core\Src\main.c
2025-06-12 12:21:49,733 [INFO] ProjectBuilder:3324 - Time for Copy HAL[1] : 335mS.
2025-06-12 12:21:49,742 [INFO] ProjectBuilder:4912 - Project Generator version: 4.6.0.1-B1
2025-06-12 12:21:49,861 [INFO] ConfigFileManager:1590 - The Die is : DIE415
2025-06-12 12:21:49,869 [INFO] ApiDbMcu:508 - Load IP Config File for FATFS
2025-06-12 12:21:49,877 [INFO] ApiDbMcu:508 - Load IP Config File for FREERTOS
2025-06-12 12:21:49,897 [INFO] ApiDbMcu:508 - Load IP Config File for TOUCHSENSING
2025-06-12 12:21:49,906 [INFO] ApiDbMcu:508 - Load IP Config File for USB_DEVICE
2025-06-12 12:21:49,911 [INFO] ApiDbMcu:508 - Load IP Config File for USB_HOST
2025-06-12 12:21:53,545 [INFO] ProjectBuilder:5191 - Time for Generating toolchain IDE Files: 3803mS.
2025-06-12 12:21:53,548 [INFO] ProjectBuilder:3181 - Time for Copy CMSIS : 1mS.
2025-06-12 12:21:53,554 [INFO] ProjectBuilder:3181 - Time for Copy CMSIS : 0mS.
2025-06-12 12:21:55,046 [INFO] McuFinderGlobals:76 - Set McuFinderConnectedMode to true
2025-06-12 12:21:55,050 [INFO] ApiDb:448 - Save user favorites file C:\Users\arumu/.stm32cubeide/favorites.mcus.txt: 0 item(s)
2025-06-12 12:21:55,050 [INFO] ApiDb:452 - User favorites MCUs=[]
2025-06-12 12:21:55,054 [INFO] ApiDb:448 - Save user favorites file C:\Users\arumu/.stm32cubeide/favorites.boards.txt: 0 item(s)
2025-06-12 12:21:55,055 [INFO] ApiDb:452 - User favorites Boards=[]
2025-06-12 12:25:47,827 [INFO] ParamManager:896 - [Generic UI] PropertyChangeEvent: TAB_STATUS_CHANGED , "dont care", "never mind"
2025-06-12 12:25:47,861 [INFO] ParamManager:896 - [Generic UI] PropertyChangeEvent: TAB_STATUS_CHANGED , "dont care", "never mind"
2025-06-12 12:25:47,870 [INFO] ADCParametersView:116 -                Rank 1 : false
2025-06-12 12:25:47,935 [INFO] ADCParametersView:116 -                Rank 1 : false
2025-06-12 12:25:47,936 [INFO] ADCParametersView:116 -                Rank 1 : false
2025-06-12 12:25:47,936 [INFO] ADCParametersView:116 -                Rank 1 : false
2025-06-12 12:25:47,936 [INFO] ADCParametersView:116 -                Rank 1 : false
2025-06-12 12:25:47,936 [INFO] ADCParametersView:116 -                Rank 1 : false
2025-06-12 12:25:47,936 [INFO] ADCParametersView:116 -                Rank 1 : false
2025-06-12 12:25:47,937 [INFO] ADCParametersView:116 -                Rank 1 : false
2025-06-12 12:25:47,937 [INFO] ADCParametersView:116 -                Rank 1 : false
2025-06-12 12:25:47,937 [INFO] ADCParametersView:116 -                Rank 1 : false
2025-06-12 12:25:47,937 [INFO] ADCParametersView:116 -                Rank 1 : false
2025-06-12 12:25:47,937 [INFO] ADCParametersView:116 -                Rank 1 : false
2025-06-12 12:25:47,937 [INFO] ADCParametersView:116 -                Rank 1 : false
2025-06-12 12:25:47,937 [INFO] ADCParametersView:116 -                Rank 1 : false
2025-06-12 12:25:47,937 [INFO] ADCParametersView:116 -                Rank 1 : false
2025-06-12 12:25:47,937 [INFO] ADCParametersView:116 -                Rank 1 : false
2025-06-12 12:25:47,937 [INFO] ADCParametersView:116 -                Rank 1 : false
2025-06-12 12:25:47,938 [INFO] ADCParametersView:116 -                Rank 1 : false
2025-06-12 12:25:47,938 [INFO] ADCParametersView:116 -                Rank 1 : false
2025-06-12 12:25:47,938 [INFO] ADCParametersView:116 -                Rank 1 : false
2025-06-12 12:25:47,938 [INFO] ADCParametersView:116 -                Rank 1 : false
2025-06-12 12:25:47,957 [INFO] ADCParametersView:116 -                Rank 1 : false
2025-06-12 12:25:48,185 [INFO] NvicIntPanel:101 - NVIC parent = com.st.microxplorer.plugins.ip.nvic.MultiNvicIntPanel[,0,0,0x0,invalid,layout=javax.swing.BoxLayout,alignmentX=0.0,alignmentY=0.0,border=,flags=9,maximumSize=,minimumSize=,preferredSize=]
2025-06-12 12:25:48,422 [INFO] NvicIntPanel:101 - NVIC parent = com.st.microxplorer.plugins.ip.nvic.MultiNvicIntPanel[,0,0,0x0,invalid,layout=javax.swing.BoxLayout,alignmentX=0.0,alignmentY=0.0,border=,flags=9,maximumSize=,minimumSize=,preferredSize=]
2025-06-12 12:25:48,678 [INFO] NvicIntPanel:101 - NVIC parent = com.st.microxplorer.plugins.ip.nvic.MultiNvicIntPanel[,0,0,0x0,invalid,layout=javax.swing.BoxLayout,alignmentX=0.0,alignmentY=0.0,border=,flags=9,maximumSize=,minimumSize=,preferredSize=]
2025-06-12 12:25:48,810 [INFO] ADCParametersView:116 -                Rank 1 : false
2025-06-12 12:25:48,810 [INFO] ADCParametersView:116 -                Rank 1 : false
2025-06-12 12:25:48,811 [INFO] ADCParametersView:116 -                Rank 1 : false
2025-06-12 12:25:48,811 [INFO] ADCParametersView:116 -                Rank 1 : false
2025-06-12 12:25:48,811 [INFO] ADCParametersView:116 -                Rank 1 : false
2025-06-12 12:25:48,811 [INFO] ADCParametersView:116 -                Rank 1 : false
2025-06-12 12:25:48,811 [INFO] ADCParametersView:116 -                Rank 1 : false
2025-06-12 12:25:48,811 [INFO] ADCParametersView:116 -                Rank 1 : false
2025-06-12 12:25:48,811 [INFO] ADCParametersView:116 -                Rank 1 : false
2025-06-12 12:25:48,811 [INFO] ADCParametersView:116 -                Rank 1 : false
2025-06-12 12:25:48,811 [INFO] ADCParametersView:116 -                Rank 1 : false
2025-06-12 12:25:48,811 [INFO] ADCParametersView:116 -                Rank 1 : false
2025-06-12 12:25:48,811 [INFO] ADCParametersView:116 -                Rank 1 : false
2025-06-12 12:25:48,811 [INFO] ADCParametersView:116 -                Rank 1 : false
2025-06-12 12:25:48,812 [INFO] ADCParametersView:116 -                Rank 1 : false
2025-06-12 12:25:48,812 [INFO] ADCParametersView:116 -                Rank 1 : false
2025-06-12 12:25:48,812 [INFO] ADCParametersView:116 -                Rank 1 : false
2025-06-12 12:25:48,812 [INFO] ADCParametersView:116 -                Rank 1 : false
2025-06-12 12:25:48,812 [INFO] ADCParametersView:116 -                Rank 1 : false
2025-06-12 12:25:48,812 [INFO] ADCParametersView:116 -                Rank 1 : false
2025-06-12 12:25:48,873 [INFO] ADCParametersView:116 -                Rank 1 : false
2025-06-12 12:25:48,950 [INFO] ADCParametersView:116 -                Rank 1 : false
2025-06-12 12:25:48,950 [INFO] ADCParametersView:116 -                Rank 1 : false
2025-06-12 12:25:48,950 [INFO] ADCParametersView:116 -                Rank 1 : false
2025-06-12 12:25:48,951 [INFO] ADCParametersView:116 -                Rank 1 : false
2025-06-12 12:25:48,951 [INFO] ADCParametersView:116 -                Rank 1 : false
2025-06-12 12:25:48,951 [INFO] ADCParametersView:116 -                Rank 1 : false
2025-06-12 12:25:48,951 [INFO] ADCParametersView:116 -                Rank 1 : false
2025-06-12 12:25:48,951 [INFO] ADCParametersView:116 -                Rank 1 : false
2025-06-12 12:25:48,951 [INFO] ADCParametersView:116 -                Rank 1 : false
2025-06-12 12:25:48,951 [INFO] ADCParametersView:116 -                Rank 1 : false
2025-06-12 12:25:48,952 [INFO] ADCParametersView:116 -                Rank 1 : false
2025-06-12 12:25:48,952 [INFO] ADCParametersView:116 -                Rank 1 : false
2025-06-12 12:25:48,952 [INFO] ADCParametersView:116 -                Rank 1 : false
2025-06-12 12:25:48,952 [INFO] ADCParametersView:116 -                Rank 1 : false
2025-06-12 12:25:48,952 [INFO] ADCParametersView:116 -                Rank 1 : false
2025-06-12 12:25:48,952 [INFO] ADCParametersView:116 -                Rank 1 : false
2025-06-12 12:25:48,952 [INFO] ADCParametersView:116 -                Rank 1 : false
2025-06-12 12:25:48,952 [INFO] ADCParametersView:116 -                Rank 1 : false
2025-06-12 12:25:48,953 [INFO] ADCParametersView:116 -                Rank 1 : false
2025-06-12 12:25:48,953 [INFO] ADCParametersView:116 -                Rank 1 : false
2025-06-12 12:25:49,022 [INFO] ADCParametersView:116 -                Rank 1 : false
2025-06-12 12:25:53,178 [INFO] UtilMem:75 - End SaveConfig() Used Memory: 770230664 Bytes (1047527424)
2025-06-12 12:25:54,941 [INFO] UtilMem:75 - End SaveConfig() Used Memory: 801165704 Bytes (1047527424)
2025-06-12 12:25:58,758 [INFO] UtilMem:75 - End SaveConfig() Used Memory: 897634696 Bytes (1047527424)
2025-06-12 12:25:59,072 [INFO] BlockDiagram:2775 - set Specific Code input for plugin: SYS
2025-06-12 12:25:59,073 [INFO] BlockDiagram:2775 - set Specific Code input for plugin: ADC
2025-06-12 12:25:59,073 [INFO] BlockDiagram:2775 - set Specific Code input for plugin: RCC
2025-06-12 12:25:59,073 [INFO] BlockDiagram:2775 - set Specific Code input for plugin: NVIC
2025-06-12 12:25:59,073 [INFO] BlockDiagram:2775 - set Specific Code input for plugin: USART
2025-06-12 12:25:59,073 [INFO] BlockDiagram:2775 - set Specific Code input for plugin: GPIO
2025-06-12 12:25:59,076 [INFO] CodeGenerator:882 - code generatio: config db path: C:\ST\STM32CubeIDE_1.18.1\STM32CubeIDE\plugins\com.st.stm32cube.common.mx_6.14.1.202504091515\\db\
2025-06-12 12:25:59,392 [INFO] CodeEngine:263 - oldGeneratedFile, C:\Users\arumu\STM32CubeIDE\workspace_1.18.1\audio_datalogger\MXTmpFiles\license.tmp_save
2025-06-12 12:25:59,801 [INFO] CodeEngine:287 - Generated code: C:\Users\arumu\STM32CubeIDE\workspace_1.18.1\audio_datalogger\MXTmpFiles\license.tmp
2025-06-12 12:25:59,895 [INFO] CodeEngine:263 - oldGeneratedFile, C:\Users\arumu\STM32CubeIDE\workspace_1.18.1\audio_datalogger\MXTmpFiles\gpio.tmp_save
2025-06-12 12:26:00,124 [INFO] CodeEngine:287 - Generated code: C:\Users\arumu\STM32CubeIDE\workspace_1.18.1\audio_datalogger\MXTmpFiles\gpio.tmp
2025-06-12 12:26:00,372 [INFO] CodeEngine:263 - oldGeneratedFile, C:\Users\arumu\STM32CubeIDE\workspace_1.18.1\audio_datalogger\Core\Src\stm32l4xx_it.c_save
2025-06-12 12:26:00,561 [INFO] CodeEngine:287 - Generated code: C:\Users\arumu\STM32CubeIDE\workspace_1.18.1\audio_datalogger\Core\Src\stm32l4xx_it.c
2025-06-12 12:26:00,574 [INFO] CodeEngine:263 - oldGeneratedFile, C:\Users\arumu\STM32CubeIDE\workspace_1.18.1\audio_datalogger\Core\Inc\stm32l4xx_it.h_save
2025-06-12 12:26:00,735 [INFO] CodeEngine:287 - Generated code: C:\Users\arumu\STM32CubeIDE\workspace_1.18.1\audio_datalogger\Core\Inc\stm32l4xx_it.h
2025-06-12 12:26:00,759 [INFO] CodeEngine:263 - oldGeneratedFile, C:\Users\arumu\STM32CubeIDE\workspace_1.18.1\audio_datalogger\Core\Src\stm32l4xx_hal_msp.c_save
2025-06-12 12:26:01,019 [INFO] CodeEngine:287 - Generated code: C:\Users\arumu\STM32CubeIDE\workspace_1.18.1\audio_datalogger\Core\Src\stm32l4xx_hal_msp.c
2025-06-12 12:26:01,030 [INFO] CodeEngine:263 - oldGeneratedFile, C:\Users\arumu\STM32CubeIDE\workspace_1.18.1\audio_datalogger\MXTmpFiles\system.tmp_save
2025-06-12 12:26:01,153 [INFO] CodeEngine:287 - Generated code: C:\Users\arumu\STM32CubeIDE\workspace_1.18.1\audio_datalogger\MXTmpFiles\system.tmp
2025-06-12 12:26:01,182 [INFO] CodeEngine:319 - oldGeneratedFile, C:\Users\arumu\STM32CubeIDE\workspace_1.18.1\audio_datalogger\Core\Inc\stm32l4xx_hal_conf.h_save
2025-06-12 12:26:01,312 [INFO] CodeEngine:343 - Generated code: C:\Users\arumu\STM32CubeIDE\workspace_1.18.1\audio_datalogger\Core\Inc\stm32l4xx_hal_conf.h
2025-06-12 12:26:01,364 [INFO] ApiDbMcu:508 - Load IP Config File for ADC1
2025-06-12 12:26:01,386 [INFO] CodeEngine:263 - oldGeneratedFile, C:\Users\arumu\STM32CubeIDE\workspace_1.18.1\audio_datalogger\Core\Inc\main.h_save
2025-06-12 12:26:01,506 [INFO] CodeEngine:287 - Generated code: C:\Users\arumu\STM32CubeIDE\workspace_1.18.1\audio_datalogger\Core\Inc\main.h
2025-06-12 12:26:01,526 [INFO] CodeEngine:263 - oldGeneratedFile, C:\Users\arumu\STM32CubeIDE\workspace_1.18.1\audio_datalogger\Core\Src\main.c_save
2025-06-12 12:26:01,727 [INFO] CodeEngine:287 - Generated code: C:\Users\arumu\STM32CubeIDE\workspace_1.18.1\audio_datalogger\Core\Src\main.c
2025-06-12 12:26:02,457 [INFO] ProjectBuilder:3324 - Time for Copy HAL[1] : 413mS.
2025-06-12 12:26:02,464 [INFO] ProjectBuilder:4912 - Project Generator version: 4.6.0.1-B1
2025-06-12 12:26:02,602 [INFO] ConfigFileManager:1590 - The Die is : DIE415
2025-06-12 12:26:04,115 [INFO] ProjectBuilder:5191 - Time for Generating toolchain IDE Files: 1650mS.
2025-06-12 12:26:04,116 [INFO] ProjectBuilder:3181 - Time for Copy CMSIS : 1mS.
2025-06-12 12:26:04,120 [INFO] ProjectBuilder:3181 - Time for Copy CMSIS : 0mS.
2025-06-12 12:57:38,228 [ERROR] ConfigurationRetriever:142 - IOException on connection: Connect timed out
2025-06-12 12:57:40,234 [ERROR] ConfigurationRetriever:142 - IOException on connection: Connect timed out
2025-06-12 12:57:42,237 [ERROR] ConfigurationRetriever:142 - IOException on connection: Connect timed out
2025-06-12 14:33:51,609 [INFO] WebApp:194 - Connection lost
2025-06-12 14:33:57,812 [INFO] WebApp:191 - Connection restablished
2025-06-12 14:35:47,471 [INFO] WebApp:194 - Connection lost
2025-06-12 14:35:48,299 [INFO] WebApp:191 - Connection restablished
2025-06-12 15:19:18,913 [INFO] WebApp:194 - Connection lost
2025-06-12 15:19:41,772 [INFO] WebApp:191 - Connection restablished
2025-06-12 15:19:44,317 [INFO] WebApp:194 - Connection lost
2025-06-12 15:19:44,740 [INFO] WebApp:191 - Connection restablished
2025-06-12 15:21:28,820 [INFO] WebApp:194 - Connection lost
2025-06-12 15:21:29,643 [INFO] WebApp:191 - Connection restablished
2025-06-12 15:44:30,417 [ERROR] ConfigurationRetriever:142 - IOException on connection: Connect timed out
2025-06-12 15:44:32,435 [ERROR] ConfigurationRetriever:142 - IOException on connection: Connect timed out
2025-06-12 15:44:34,438 [ERROR] ConfigurationRetriever:142 - IOException on connection: Connect timed out
2025-06-12 15:44:36,770 [ERROR] LogOutputStream:75 - [STDERR_REDIRECT] 
2025-06-12 15:44:36,774 [ERROR] LogOutputStream:75 - [STDERR_REDIRECT] 
2025-06-12 15:47:39,798 [INFO] Activator:176 - 


2025-06-12 15:47:39,801 [INFO] Activator:177 - !SESSION log4j initialized
2025-06-12 15:47:46,030 [INFO] LogOutputStream:77 - [STDOUT_REDIRECT] 
2025-06-12 15:47:47,860 [INFO] ApplicationProperties:184 - Using Application install path: C:\ST\STM32CubeIDE_1.18.1\STM32CubeIDE\plugins\com.st.stm32cube.common.mx_6.14.1.202504091515
2025-06-12 15:47:47,871 [INFO] DbMcusXml:78 - Set database path to: C:\ST\STM32CubeIDE_1.18.1\STM32CubeIDE\plugins\com.st.stm32cube.common.mx_6.14.1.202504091515\\db\/mcu/
2025-06-12 15:47:47,871 [INFO] ApiDb:274 - Set plugin database path to: C:\ST\STM32CubeIDE_1.18.1\STM32CubeIDE\plugins\com.st.stm32cube.common.mx_6.14.1.202504091515\\db\/plugins/boardmanager/
2025-06-12 15:47:47,871 [WARN] ApiDb:259 - Overriding images path with different value:  => C:\ST\STM32CubeIDE_1.18.1\STM32CubeIDE\plugins\com.st.stm32cube.common.mx_6.14.1.202504091515\\db\/plugins/mcufinder/images/
2025-06-12 15:47:47,887 [INFO] ApiDb:250 - Set database path to: C:\Users\arumu\.stmcufinder\plugins\mcufinder//mcu/
2025-06-12 15:47:47,887 [INFO] DbMcusAds:125 - Set database path to: C:\Users\arumu\.stmcufinder\plugins\mcufinder//mcu/
2025-06-12 15:47:47,887 [INFO] CrossReferenceDbSqlite:203 - Set database path to: C:\Users\arumu\.stmcufinder\plugins\mcufinder//mcu/cs/
2025-06-12 15:47:47,983 [INFO] RulesReader:64 - Compatibility file has been processed (302 Rules)
2025-06-12 15:47:48,094 [INFO] DbMcusXml:78 - Set database path to: C:\ST\STM32CubeIDE_1.18.1\STM32CubeIDE\plugins\com.st.stm32cube.common.mx_6.14.1.202504091515\\db\/mcu/
2025-06-12 15:47:48,094 [INFO] ApiDb:274 - Set plugin database path to: C:\ST\STM32CubeIDE_1.18.1\STM32CubeIDE\plugins\com.st.stm32cube.common.mx_6.14.1.202504091515\\db\/plugins/boardmanager/
2025-06-12 15:47:48,094 [INFO] ApiDb:261 - Set plugin images path to: C:\ST\STM32CubeIDE_1.18.1\STM32CubeIDE\plugins\com.st.stm32cube.common.mx_6.14.1.202504091515\\db\/plugins/mcufinder/images/
2025-06-12 15:47:48,094 [WARN] DbFile:41 - Overriding database path with different value: C:\Users\arumu\.stmcufinder\plugins\mcufinder/ => C:\Users\arumu\.stmcufinder\plugins\mcufinder
2025-06-12 15:47:48,094 [INFO] ApiDb:250 - Set database path to: C:\Users\arumu\.stmcufinder\plugins\mcufinder//mcu/
2025-06-12 15:47:48,094 [WARN] DbFile:41 - Overriding database path with different value: C:\Users\arumu\.stmcufinder\plugins\mcufinder/ => C:\Users\arumu\.stmcufinder\plugins\mcufinder
2025-06-12 15:47:48,094 [INFO] DbMcusAds:125 - Set database path to: C:\Users\arumu\.stmcufinder\plugins\mcufinder//mcu/
2025-06-12 15:47:48,094 [WARN] DbFile:41 - Overriding database path with different value: C:\Users\arumu\.stmcufinder\plugins\mcufinder/ => C:\Users\arumu\.stmcufinder\plugins\mcufinder
2025-06-12 15:47:48,094 [WARN] DbFile:41 - Overriding database path with different value: C:\Users\arumu\.stmcufinder\plugins\mcufinder/ => C:\Users\arumu\.stmcufinder\plugins\mcufinder
2025-06-12 15:47:48,094 [INFO] CrossReferenceDbSqlite:203 - Set database path to: C:\Users\arumu\.stmcufinder\plugins\mcufinder//mcu/cs/
2025-06-12 15:47:48,188 [INFO] MainPanel:272 - HeapMemory: 268435456
2025-06-12 15:47:48,322 [INFO] DbMcusXml:78 - Set database path to: C:\ST\STM32CubeIDE_1.18.1\STM32CubeIDE\plugins\com.st.stm32cube.common.mx_6.14.1.202504091515\\db\/mcu/
2025-06-12 15:47:48,322 [INFO] ApiDb:274 - Set plugin database path to: C:\ST\STM32CubeIDE_1.18.1\STM32CubeIDE\plugins\com.st.stm32cube.common.mx_6.14.1.202504091515\\db\/plugins/boardmanager/
2025-06-12 15:47:48,322 [INFO] ApiDb:261 - Set plugin images path to: C:\ST\STM32CubeIDE_1.18.1\STM32CubeIDE\plugins\com.st.stm32cube.common.mx_6.14.1.202504091515\\db\/plugins/mcufinder/images/
2025-06-12 15:47:48,322 [WARN] DbFile:41 - Overriding database path with different value: C:\Users\arumu\.stmcufinder\plugins\mcufinder/ => C:\Users\arumu\.stmcufinder\plugins\mcufinder
2025-06-12 15:47:48,322 [INFO] ApiDb:250 - Set database path to: C:\Users\arumu\.stmcufinder\plugins\mcufinder//mcu/
2025-06-12 15:47:48,322 [WARN] DbFile:41 - Overriding database path with different value: C:\Users\arumu\.stmcufinder\plugins\mcufinder/ => C:\Users\arumu\.stmcufinder\plugins\mcufinder
2025-06-12 15:47:48,322 [INFO] DbMcusAds:125 - Set database path to: C:\Users\arumu\.stmcufinder\plugins\mcufinder//mcu/
2025-06-12 15:47:48,322 [WARN] DbFile:41 - Overriding database path with different value: C:\Users\arumu\.stmcufinder\plugins\mcufinder/ => C:\Users\arumu\.stmcufinder\plugins\mcufinder
2025-06-12 15:47:48,322 [WARN] DbFile:41 - Overriding database path with different value: C:\Users\arumu\.stmcufinder\plugins\mcufinder/ => C:\Users\arumu\.stmcufinder\plugins\mcufinder
2025-06-12 15:47:48,322 [INFO] CrossReferenceDbSqlite:203 - Set database path to: C:\Users\arumu\.stmcufinder\plugins\mcufinder//mcu/cs/
2025-06-12 15:47:48,331 [INFO] ApplicationProperties:184 - Using Application install path: C:\ST\STM32CubeIDE_1.18.1\STM32CubeIDE\plugins\com.st.stm32cube.common.mx_6.14.1.202504091515
2025-06-12 15:47:48,331 [INFO] PluginManage:196 - Search for loadable plugins [exclusion list=, ]
2025-06-12 15:47:48,347 [INFO] PluginManage:310 - Check plugin analytics
2025-06-12 15:47:48,521 [INFO] AnalyticsPlugin:253 - Accepted Software Licenses: 
2025-06-12 15:47:48,521 [INFO] AnalyticsPlugin:255 - Accepted CMSIS Pack Licenses: 
2025-06-12 15:47:48,521 [INFO] AnalyticsPlugin:257 - Accepted Firmware Licenses: FW.L4.1.18.0
2025-06-12 15:47:48,521 [INFO] PluginManage:359 - Loaded plugin analytics (category:tool,tabindex:-1)
2025-06-12 15:47:48,537 [INFO] PluginManage:310 - Check plugin cadmodel
2025-06-12 15:47:48,542 [INFO] CADModel:105 - Init CAD model plugin
2025-06-12 15:47:48,542 [INFO] PluginManage:359 - Loaded plugin cadmodel (category:power,tabindex:5)
2025-06-12 15:47:48,542 [INFO] PluginManage:310 - Check plugin clock
2025-06-12 15:47:48,553 [INFO] PluginManage:359 - Loaded plugin clock (category:base,tabindex:2)
2025-06-12 15:47:48,553 [INFO] PluginManage:310 - Check plugin ddr
2025-06-12 15:47:48,553 [INFO] PluginManage:359 - Loaded plugin ddr (category:tool,tabindex:6)
2025-06-12 15:47:48,553 [INFO] PluginManage:310 - Check plugin filemanager
2025-06-12 15:47:48,716 [INFO] PluginManage:359 - Loaded plugin filemanager (category:base,tabindex:10)
2025-06-12 15:47:48,716 [INFO] PluginManage:310 - Check plugin ipmanager
2025-06-12 15:47:48,726 [INFO] PluginManage:359 - Loaded plugin ipmanager (category:base,tabindex:5)
2025-06-12 15:47:48,726 [INFO] PluginManage:310 - Check plugin lpbam
2025-06-12 15:47:48,742 [INFO] PluginManage:359 - Loaded plugin lpbam (category:base,tabindex:0)
2025-06-12 15:47:48,742 [INFO] PluginManage:310 - Check plugin memorymap
2025-06-12 15:47:48,758 [INFO] PluginManage:359 - Loaded plugin memorymap (category:base,tabindex:4)
2025-06-12 15:47:48,758 [INFO] PluginManage:310 - Check plugin pinoutandconfiguration
2025-06-12 15:47:48,775 [INFO] PluginManage:359 - Loaded plugin pinoutandconfiguration (category:base,tabindex:1)
2025-06-12 15:47:48,775 [INFO] PluginManage:310 - Check plugin pinoutconfig
2025-06-12 15:47:48,901 [WARN] SupportedApi:132 - Cannot load RTOS API schema: s4s-elt-must-match.1: The content of 'definitions' must match (annotation?, (simpleType | complexType)?, (unique | key | keyref)*)). A problem was found starting at: attribute.
2025-06-12 15:47:49,143 [INFO] PluginManage:359 - Loaded plugin pinoutconfig (category:base,tabindex:0)
2025-06-12 15:47:49,143 [INFO] PluginManage:310 - Check plugin power
2025-06-12 15:47:49,164 [INFO] PluginManage:359 - Loaded plugin power (category:power,tabindex:4)
2025-06-12 15:47:49,164 [INFO] PluginManage:310 - Check plugin projectmanager
2025-06-12 15:47:49,191 [INFO] PluginManage:359 - Loaded plugin projectmanager (category:projectmanager,tabindex:4)
2025-06-12 15:47:49,191 [INFO] PluginManage:310 - Check plugin rif
2025-06-12 15:47:49,210 [INFO] PluginManage:359 - Loaded plugin rif (category:base,tabindex:3)
2025-06-12 15:47:49,210 [INFO] PluginManage:310 - Check plugin thirdparty
2025-06-12 15:47:49,527 [WARN] IntegrityCheckThread:84 - waiting for thirdparty lock release [integrity check]
2025-06-12 15:47:49,527 [INFO] PluginManage:359 - Loaded plugin thirdparty (category:base,tabindex:-1)
2025-06-12 15:47:49,531 [INFO] IntegrityCheckThread:86 - entering critical section [integrity check]
2025-06-12 15:47:49,531 [INFO] PluginManage:310 - Check plugin tools
2025-06-12 15:47:49,531 [INFO] ThirdPartyUpdaterWithRetryManager:70 - Updater plugin not ready yet. [1/15]
2025-06-12 15:47:49,537 [INFO] PluginManage:359 - Loaded plugin tools (category:base,tabindex:7)
2025-06-12 15:47:49,537 [INFO] PluginManage:310 - Check plugin tutovideos
2025-06-12 15:47:49,790 [INFO] PluginManage:359 - Loaded plugin tutovideos (category:base,tabindex:-1)
2025-06-12 15:47:49,790 [INFO] PluginManage:310 - Check plugin updater
2025-06-12 15:47:49,822 [INFO] PluginManage:359 - Loaded plugin updater (category:base,tabindex:12)
2025-06-12 15:47:49,822 [INFO] PluginManage:310 - Check plugin userauth
2025-06-12 15:47:49,828 [INFO] UserAuth:118 - Init User Auth plugin
2025-06-12 15:47:49,828 [INFO] PluginManage:359 - Loaded plugin userauth (category:base,tabindex:14)
2025-06-12 15:47:49,830 [INFO] PluginManage:283 - PluginManage : Loaded plugins [18]
2025-06-12 15:47:50,212 [INFO] PinOutPanel:1589 - setPackage(No Configuration,No Configuration)
2025-06-12 15:47:50,349 [INFO] CADModel:165 - CPN selected for project level
2025-06-12 15:47:50,351 [INFO] CADModel:114 - Register for checkConnection events
2025-06-12 15:47:50,394 [INFO] IPUIPlugin:80 - create IPUIPlugin
2025-06-12 15:47:50,396 [INFO] PluginManager:220 - loadIPPluginJar : add adc
2025-06-12 15:47:50,402 [INFO] IPUIPlugin:80 - create IPUIPlugin
2025-06-12 15:47:50,402 [INFO] PluginManager:220 - loadIPPluginJar : add aes
2025-06-12 15:47:50,408 [INFO] IPUIPlugin:80 - create IPUIPlugin
2025-06-12 15:47:50,408 [INFO] PluginManager:220 - loadIPPluginJar : add can
2025-06-12 15:47:50,410 [INFO] IPUIPlugin:80 - create IPUIPlugin
2025-06-12 15:47:50,410 [INFO] PluginManager:220 - loadIPPluginJar : add comp
2025-06-12 15:47:50,415 [INFO] IPUIPlugin:80 - create IPUIPlugin
2025-06-12 15:47:50,415 [INFO] PluginManager:220 - loadIPPluginJar : add cryp
2025-06-12 15:47:50,420 [INFO] IPUIPlugin:80 - create IPUIPlugin
2025-06-12 15:47:50,420 [INFO] PluginManager:220 - loadIPPluginJar : add ddr_ctrl_phy
2025-06-12 15:47:50,426 [INFO] IPUIPlugin:80 - create IPUIPlugin
2025-06-12 15:47:50,426 [INFO] PluginManager:220 - loadIPPluginJar : add dfsdm
2025-06-12 15:47:50,434 [INFO] IPUIPlugin:80 - create IPUIPlugin
2025-06-12 15:47:50,434 [INFO] PluginManager:220 - loadIPPluginJar : add dma
2025-06-12 15:47:50,442 [INFO] IPUIPlugin:80 - create IPUIPlugin
2025-06-12 15:47:50,442 [INFO] PluginManager:220 - loadIPPluginJar : add dma3
2025-06-12 15:47:50,450 [INFO] IPUIPlugin:80 - create IPUIPlugin
2025-06-12 15:47:50,450 [INFO] PluginManager:220 - loadIPPluginJar : add extmemmanager
2025-06-12 15:47:50,454 [INFO] IPUIPlugin:80 - create IPUIPlugin
2025-06-12 15:47:50,454 [INFO] PluginManager:220 - loadIPPluginJar : add fatfs
2025-06-12 15:47:50,461 [INFO] IPUIPlugin:80 - create IPUIPlugin
2025-06-12 15:47:50,461 [INFO] PluginManager:220 - loadIPPluginJar : add fmc
2025-06-12 15:47:50,468 [INFO] IPUIPlugin:80 - create IPUIPlugin
2025-06-12 15:47:50,468 [INFO] PluginManager:220 - loadIPPluginJar : add freertos
2025-06-12 15:47:50,476 [INFO] IPUIPlugin:80 - create IPUIPlugin
2025-06-12 15:47:50,478 [INFO] PluginManager:220 - loadIPPluginJar : add genericplugin
2025-06-12 15:47:50,481 [INFO] IPUIPlugin:80 - create IPUIPlugin
2025-06-12 15:47:50,481 [INFO] PluginManager:220 - loadIPPluginJar : add gfxmmu
2025-06-12 15:47:50,487 [INFO] IPUIPlugin:80 - create IPUIPlugin
2025-06-12 15:47:50,487 [INFO] PluginManager:220 - loadIPPluginJar : add gic
2025-06-12 15:47:50,493 [INFO] IPUIPlugin:80 - create IPUIPlugin
2025-06-12 15:47:50,493 [INFO] PluginManager:220 - loadIPPluginJar : add gpio
2025-06-12 15:47:50,497 [INFO] IPUIPlugin:80 - create IPUIPlugin
2025-06-12 15:47:50,497 [INFO] PluginManager:220 - loadIPPluginJar : add gtzc
2025-06-12 15:47:50,500 [INFO] IPUIPlugin:80 - create IPUIPlugin
2025-06-12 15:47:50,500 [INFO] PluginManager:220 - loadIPPluginJar : add hash
2025-06-12 15:47:50,502 [INFO] IPUIPlugin:80 - create IPUIPlugin
2025-06-12 15:47:50,502 [INFO] PluginManager:220 - loadIPPluginJar : add i2c
2025-06-12 15:47:50,508 [INFO] IPUIPlugin:80 - create IPUIPlugin
2025-06-12 15:47:50,508 [INFO] PluginManager:220 - loadIPPluginJar : add i2s
2025-06-12 15:47:50,510 [INFO] IPUIPlugin:80 - create IPUIPlugin
2025-06-12 15:47:50,510 [INFO] PluginManager:220 - loadIPPluginJar : add i3c
2025-06-12 15:47:50,515 [INFO] IPUIPlugin:80 - create IPUIPlugin
2025-06-12 15:47:50,515 [INFO] PluginManager:220 - loadIPPluginJar : add ipddr
2025-06-12 15:47:50,526 [INFO] IPUIPlugin:80 - create IPUIPlugin
2025-06-12 15:47:50,526 [INFO] PluginManager:220 - loadIPPluginJar : add linkedlist
2025-06-12 15:47:50,528 [INFO] IPUIPlugin:80 - create IPUIPlugin
2025-06-12 15:47:50,528 [INFO] PluginManager:220 - loadIPPluginJar : add lorawan
2025-06-12 15:47:50,528 [INFO] IPUIPlugin:80 - create IPUIPlugin
2025-06-12 15:47:50,528 [INFO] PluginManager:220 - loadIPPluginJar : add ltdc
2025-06-12 15:47:50,528 [INFO] IPUIPlugin:80 - create IPUIPlugin
2025-06-12 15:47:50,540 [INFO] PluginManager:220 - loadIPPluginJar : add mdma
2025-06-12 15:47:50,544 [INFO] IPUIPlugin:80 - create IPUIPlugin
2025-06-12 15:47:50,544 [INFO] PluginManager:220 - loadIPPluginJar : add nvic
2025-06-12 15:47:50,549 [INFO] IPUIPlugin:80 - create IPUIPlugin
2025-06-12 15:47:50,549 [INFO] PluginManager:220 - loadIPPluginJar : add opamp
2025-06-12 15:47:50,553 [INFO] IPUIPlugin:80 - create IPUIPlugin
2025-06-12 15:47:50,553 [INFO] PluginManager:220 - loadIPPluginJar : add openamp
2025-06-12 15:47:50,557 [INFO] IPUIPlugin:80 - create IPUIPlugin
2025-06-12 15:47:50,557 [INFO] PluginManager:220 - loadIPPluginJar : add pdm2pcm
2025-06-12 15:47:50,560 [INFO] IPUIPlugin:80 - create IPUIPlugin
2025-06-12 15:47:50,570 [INFO] PluginManager:220 - loadIPPluginJar : add plateformsettings
2025-06-12 15:47:50,574 [INFO] IPUIPlugin:80 - create IPUIPlugin
2025-06-12 15:47:50,574 [INFO] PluginManager:220 - loadIPPluginJar : add quadspi
2025-06-12 15:47:50,578 [INFO] IPUIPlugin:80 - create IPUIPlugin
2025-06-12 15:47:50,578 [INFO] PluginManager:220 - loadIPPluginJar : add radio
2025-06-12 15:47:50,584 [INFO] IPUIPlugin:80 - create IPUIPlugin
2025-06-12 15:47:50,584 [INFO] PluginManager:220 - loadIPPluginJar : add resmgrutility
2025-06-12 15:47:50,589 [INFO] IPUIPlugin:80 - create IPUIPlugin
2025-06-12 15:47:50,589 [INFO] PluginManager:220 - loadIPPluginJar : add sai
2025-06-12 15:47:50,594 [INFO] IPUIPlugin:80 - create IPUIPlugin
2025-06-12 15:47:50,594 [INFO] PluginManager:220 - loadIPPluginJar : add spi
2025-06-12 15:47:50,596 [INFO] IPUIPlugin:80 - create IPUIPlugin
2025-06-12 15:47:50,596 [INFO] PluginManager:220 - loadIPPluginJar : add stm32_wpan
2025-06-12 15:47:50,606 [INFO] IPUIPlugin:80 - create IPUIPlugin
2025-06-12 15:47:50,606 [INFO] PluginManager:220 - loadIPPluginJar : add tim
2025-06-12 15:47:50,610 [INFO] IPUIPlugin:80 - create IPUIPlugin
2025-06-12 15:47:50,612 [INFO] PluginManager:220 - loadIPPluginJar : add touchsensing
2025-06-12 15:47:50,615 [INFO] IPUIPlugin:80 - create IPUIPlugin
2025-06-12 15:47:50,615 [INFO] PluginManager:220 - loadIPPluginJar : add tracer_emb
2025-06-12 15:47:50,615 [INFO] IPUIPlugin:80 - create IPUIPlugin
2025-06-12 15:47:50,615 [INFO] PluginManager:220 - loadIPPluginJar : add ts
2025-06-12 15:47:50,615 [INFO] IPUIPlugin:80 - create IPUIPlugin
2025-06-12 15:47:50,615 [INFO] PluginManager:220 - loadIPPluginJar : add tsc
2025-06-12 15:47:50,624 [INFO] IPUIPlugin:80 - create IPUIPlugin
2025-06-12 15:47:50,624 [INFO] PluginManager:220 - loadIPPluginJar : add ucpd
2025-06-12 15:47:50,629 [INFO] IPUIPlugin:80 - create IPUIPlugin
2025-06-12 15:47:50,629 [INFO] PluginManager:220 - loadIPPluginJar : add usart
2025-06-12 15:47:50,629 [INFO] IPUIPlugin:80 - create IPUIPlugin
2025-06-12 15:47:50,629 [INFO] PluginManager:220 - loadIPPluginJar : add usbx
2025-06-12 15:47:50,776 [FATAL] Updater:351 - Updater called before beeing initialized
2025-06-12 15:47:50,808 [INFO] RulesReader:64 - Compatibility file has been processed (302 Rules)
2025-06-12 15:47:50,824 [INFO] RulesReader:64 - Compatibility file has been processed (302 Rules)
2025-06-12 15:47:50,828 [INFO] CADModel:165 - CPN selected for project level
2025-06-12 15:47:50,828 [INFO] CADModel:114 - Register for checkConnection events
2025-06-12 15:47:50,828 [FATAL] Updater:351 - Updater called before beeing initialized
2025-06-12 15:47:50,828 [ERROR] CADModel:125 - Updater not yet initialized, retry later 
2025-06-12 15:47:51,031 [FATAL] Updater:351 - Updater called before beeing initialized
2025-06-12 15:47:51,038 [INFO] CADModel:165 - CPN selected for project level
2025-06-12 15:47:51,038 [INFO] CADModel:114 - Register for checkConnection events
2025-06-12 15:47:51,038 [FATAL] Updater:351 - Updater called before beeing initialized
2025-06-12 15:47:51,038 [ERROR] CADModel:125 - Updater not yet initialized, retry later 
2025-06-12 15:47:51,038 [FATAL] Updater:351 - Updater called before beeing initialized
2025-06-12 15:47:51,148 [FATAL] Updater:351 - Updater called before beeing initialized
2025-06-12 15:47:51,148 [INFO] DbMcusAds:53 - JSON generation date=Wed May 07 14:37:55 IST 2025 (1746608875484)
2025-06-12 15:47:51,148 [FATAL] Updater:351 - Updater called before beeing initialized
2025-06-12 15:47:51,191 [WARN] DetailPanel:346 - Failed to get advertising image, set to default
2025-06-12 15:47:51,418 [FATAL] Updater:351 - Updater called before beeing initialized
2025-06-12 15:47:51,418 [FATAL] Updater:351 - Updater called before beeing initialized
2025-06-12 15:47:51,418 [FATAL] Updater:351 - Updater called before beeing initialized
2025-06-12 15:47:51,418 [WARN] DetailPanel:346 - Failed to get advertising image, set to default
2025-06-12 15:47:51,418 [FATAL] Updater:351 - Updater called before beeing initialized
2025-06-12 15:47:51,476 [ERROR] Updater:1198 - MainUpdater not yet initialized. External WinMGr cannot be set.
2025-06-12 15:47:51,478 [INFO] Updater:1134 - Updater Version found : 6.14.1
2025-06-12 15:47:51,496 [INFO] ApplicationProperties:184 - Using Application install path: C:\ST\STM32CubeIDE_1.18.1\STM32CubeIDE\plugins\com.st.stm32cube.common.mx_6.14.1.202504091515
2025-06-12 15:47:52,533 [INFO] ThirdPartyUpdaterWithRetryManager:70 - Updater plugin not ready yet. [2/15]
2025-06-12 15:47:53,103 [ERROR] LogOutputStream:75 - [STDERR_REDIRECT] Jun 12, 2025 3:47:53 PM java.util.prefs.WindowsPreferences <init>
2025-06-12 15:47:53,103 [ERROR] LogOutputStream:75 - [STDERR_REDIRECT] WARNING: Could not open/create prefs root node Software\JavaSoft\Prefs at root 0xffffffff80000002. Windows RegCreateKeyEx(...) returned error code 5.
2025-06-12 15:47:53,103 [ERROR] LogOutputStream:75 - [STDERR_REDIRECT] 
2025-06-12 15:47:53,431 [ERROR] ConfigurationRetriever:142 - IOException on connection: Connect timed out
2025-06-12 15:47:55,535 [FATAL] Updater:351 - Updater called before beeing initialized
2025-06-12 15:47:55,536 [ERROR] IntegrityCheckThread:130 - Cannot retrieve database content from updater: error 21
2025-06-12 15:47:55,536 [INFO] ThirdParty:978 - Integrity check success = false
2025-06-12 15:47:55,536 [INFO] IntegrityCheckThread:100 - exiting critical section [integrity check]
2025-06-12 15:47:55,536 [INFO] IntegrityCheckThread:103 - End integrity checks thread
2025-06-12 15:47:57,474 [INFO] MainUpdater:2872 - connection check result : 10
2025-06-12 15:47:57,475 [INFO] MainUpdater:289 - Updater Check For Update Now.
2025-06-12 15:47:57,475 [INFO] MicroXplorer:498 - Change Database Version : DB.6.0.141
2025-06-12 15:47:57,483 [INFO] McuFinderGlobals:63 - Set McuFinder mode to 2 (CubeIDE integrated)
2025-06-12 15:47:57,483 [INFO] UserAuth:484 - Internet connection configuration mode: 1
2025-06-12 15:47:57,518 [INFO] JxBrowserEngine:152 - Initiate JxBrowser Engine with user profile folder
2025-06-12 15:47:57,695 [INFO] CheckServerUpdateThread:120 - End of CheckServer Thread
2025-06-12 15:47:59,813 [INFO] WebApp:169 - Instantiating new browser for Auth
2025-06-12 15:48:00,717 [INFO] WebApp:463 - Apply proxy settings
2025-06-12 15:48:00,717 [INFO] WebApp:548 - Chromium requires no authentication
2025-06-12 15:48:00,729 [INFO] WebApp:491 - Direct internet connection detected
2025-06-12 15:48:00,759 [INFO] WebApp:894 - Register for checkConnection events
2025-06-12 15:48:00,760 [INFO] WebApp:463 - Apply proxy settings
2025-06-12 15:48:00,760 [INFO] WebApp:548 - Chromium requires no authentication
2025-06-12 15:48:00,760 [INFO] WebApp:491 - Direct internet connection detected
2025-06-12 15:48:00,965 [INFO] WebApp:225 - Starting web application
2025-06-12 15:48:00,966 [INFO] WebApp:593 - Web application path used C:\ST\STM32CubeIDE_1.18.1\STM32CubeIDE\plugins\com.st.stm32cube.common.mx_6.14.1.202504091515\db\plugins\mcufinder\reactClient1\index.html
2025-06-12 15:48:01,121 [INFO] UserAuth:484 - Internet connection configuration mode: 1
2025-06-12 15:48:01,353 [INFO] WebApp:191 - Connection restablished
2025-06-12 15:48:48,746 [INFO] WebApp:194 - Connection lost
2025-06-12 15:48:49,086 [INFO] WebApp:191 - Connection restablished
2025-06-12 15:57:57,025 [INFO] WebApp:194 - Connection lost
2025-06-12 16:01:42,154 [INFO] WebApp:191 - Connection restablished
2025-06-12 16:01:42,709 [INFO] WebApp:194 - Connection lost
2025-06-12 16:01:42,997 [INFO] WebApp:191 - Connection restablished
2025-06-12 16:01:45,853 [INFO] WebApp:194 - Connection lost
2025-06-12 16:01:46,161 [INFO] WebApp:191 - Connection restablished
2025-06-12 16:02:29,222 [INFO] WebApp:194 - Connection lost
2025-06-12 16:02:29,556 [INFO] WebApp:191 - Connection restablished
2025-06-12 16:47:26,593 [ERROR] LogOutputStream:75 - [STDERR_REDIRECT] 
