2025-06-18 10:39:12,459 [INFO] Activator:176 - 


2025-06-18 10:39:12,470 [INFO] Activator:177 - !SESSION log4j initialized
2025-06-18 10:39:25,114 [INFO] LogOutputStream:77 - [STDOUT_REDIRECT] 
2025-06-18 10:39:28,172 [INFO] ApplicationProperties:184 - Using Application install path: C:\ST\STM32CubeIDE_1.18.1\STM32CubeIDE\plugins\com.st.stm32cube.common.mx_6.14.1.202504091515
2025-06-18 10:39:28,203 [INFO] DbMcusXml:78 - Set database path to: C:\ST\STM32CubeIDE_1.18.1\STM32CubeIDE\plugins\com.st.stm32cube.common.mx_6.14.1.202504091515\\db\/mcu/
2025-06-18 10:39:28,203 [INFO] ApiDb:274 - Set plugin database path to: C:\ST\STM32CubeIDE_1.18.1\STM32CubeIDE\plugins\com.st.stm32cube.common.mx_6.14.1.202504091515\\db\/plugins/boardmanager/
2025-06-18 10:39:28,204 [WARN] ApiDb:259 - Overriding images path with different value:  => C:\ST\STM32CubeIDE_1.18.1\STM32CubeIDE\plugins\com.st.stm32cube.common.mx_6.14.1.202504091515\\db\/plugins/mcufinder/images/
2025-06-18 10:39:28,221 [INFO] ApiDb:250 - Set database path to: C:\Users\arumu\.stmcufinder\plugins\mcufinder//mcu/
2025-06-18 10:39:28,223 [INFO] DbMcusAds:125 - Set database path to: C:\Users\arumu\.stmcufinder\plugins\mcufinder//mcu/
2025-06-18 10:39:28,228 [INFO] CrossReferenceDbSqlite:203 - Set database path to: C:\Users\arumu\.stmcufinder\plugins\mcufinder//mcu/cs/
2025-06-18 10:39:28,439 [INFO] RulesReader:64 - Compatibility file has been processed (302 Rules)
2025-06-18 10:39:28,605 [INFO] DbMcusXml:78 - Set database path to: C:\ST\STM32CubeIDE_1.18.1\STM32CubeIDE\plugins\com.st.stm32cube.common.mx_6.14.1.202504091515\\db\/mcu/
2025-06-18 10:39:28,605 [INFO] ApiDb:274 - Set plugin database path to: C:\ST\STM32CubeIDE_1.18.1\STM32CubeIDE\plugins\com.st.stm32cube.common.mx_6.14.1.202504091515\\db\/plugins/boardmanager/
2025-06-18 10:39:28,606 [INFO] ApiDb:261 - Set plugin images path to: C:\ST\STM32CubeIDE_1.18.1\STM32CubeIDE\plugins\com.st.stm32cube.common.mx_6.14.1.202504091515\\db\/plugins/mcufinder/images/
2025-06-18 10:39:28,606 [WARN] DbFile:41 - Overriding database path with different value: C:\Users\arumu\.stmcufinder\plugins\mcufinder/ => C:\Users\arumu\.stmcufinder\plugins\mcufinder
2025-06-18 10:39:28,606 [INFO] ApiDb:250 - Set database path to: C:\Users\arumu\.stmcufinder\plugins\mcufinder//mcu/
2025-06-18 10:39:28,606 [WARN] DbFile:41 - Overriding database path with different value: C:\Users\arumu\.stmcufinder\plugins\mcufinder/ => C:\Users\arumu\.stmcufinder\plugins\mcufinder
2025-06-18 10:39:28,607 [INFO] DbMcusAds:125 - Set database path to: C:\Users\arumu\.stmcufinder\plugins\mcufinder//mcu/
2025-06-18 10:39:28,607 [WARN] DbFile:41 - Overriding database path with different value: C:\Users\arumu\.stmcufinder\plugins\mcufinder/ => C:\Users\arumu\.stmcufinder\plugins\mcufinder
2025-06-18 10:39:28,607 [WARN] DbFile:41 - Overriding database path with different value: C:\Users\arumu\.stmcufinder\plugins\mcufinder/ => C:\Users\arumu\.stmcufinder\plugins\mcufinder
2025-06-18 10:39:28,607 [INFO] CrossReferenceDbSqlite:203 - Set database path to: C:\Users\arumu\.stmcufinder\plugins\mcufinder//mcu/cs/
2025-06-18 10:39:28,754 [INFO] MainPanel:272 - HeapMemory: 268435456
2025-06-18 10:39:28,973 [INFO] DbMcusXml:78 - Set database path to: C:\ST\STM32CubeIDE_1.18.1\STM32CubeIDE\plugins\com.st.stm32cube.common.mx_6.14.1.202504091515\\db\/mcu/
2025-06-18 10:39:28,973 [INFO] ApiDb:274 - Set plugin database path to: C:\ST\STM32CubeIDE_1.18.1\STM32CubeIDE\plugins\com.st.stm32cube.common.mx_6.14.1.202504091515\\db\/plugins/boardmanager/
2025-06-18 10:39:28,973 [INFO] ApiDb:261 - Set plugin images path to: C:\ST\STM32CubeIDE_1.18.1\STM32CubeIDE\plugins\com.st.stm32cube.common.mx_6.14.1.202504091515\\db\/plugins/mcufinder/images/
2025-06-18 10:39:28,974 [WARN] DbFile:41 - Overriding database path with different value: C:\Users\arumu\.stmcufinder\plugins\mcufinder/ => C:\Users\arumu\.stmcufinder\plugins\mcufinder
2025-06-18 10:39:28,974 [INFO] ApiDb:250 - Set database path to: C:\Users\arumu\.stmcufinder\plugins\mcufinder//mcu/
2025-06-18 10:39:28,974 [WARN] DbFile:41 - Overriding database path with different value: C:\Users\arumu\.stmcufinder\plugins\mcufinder/ => C:\Users\arumu\.stmcufinder\plugins\mcufinder
2025-06-18 10:39:28,974 [INFO] DbMcusAds:125 - Set database path to: C:\Users\arumu\.stmcufinder\plugins\mcufinder//mcu/
2025-06-18 10:39:28,974 [WARN] DbFile:41 - Overriding database path with different value: C:\Users\arumu\.stmcufinder\plugins\mcufinder/ => C:\Users\arumu\.stmcufinder\plugins\mcufinder
2025-06-18 10:39:28,974 [WARN] DbFile:41 - Overriding database path with different value: C:\Users\arumu\.stmcufinder\plugins\mcufinder/ => C:\Users\arumu\.stmcufinder\plugins\mcufinder
2025-06-18 10:39:28,975 [INFO] CrossReferenceDbSqlite:203 - Set database path to: C:\Users\arumu\.stmcufinder\plugins\mcufinder//mcu/cs/
2025-06-18 10:39:29,012 [INFO] ApplicationProperties:184 - Using Application install path: C:\ST\STM32CubeIDE_1.18.1\STM32CubeIDE\plugins\com.st.stm32cube.common.mx_6.14.1.202504091515
2025-06-18 10:39:29,015 [INFO] PluginManage:196 - Search for loadable plugins [exclusion list=, ]
2025-06-18 10:39:29,019 [INFO] PluginManage:310 - Check plugin analytics
2025-06-18 10:39:29,321 [INFO] AnalyticsPlugin:253 - Accepted Software Licenses: 
2025-06-18 10:39:29,321 [INFO] AnalyticsPlugin:255 - Accepted CMSIS Pack Licenses: 
2025-06-18 10:39:29,322 [INFO] AnalyticsPlugin:257 - Accepted Firmware Licenses: FW.L4.1.18.0,FW.F4.1.28.0
2025-06-18 10:39:29,327 [INFO] PluginManage:359 - Loaded plugin analytics (category:tool,tabindex:-1)
2025-06-18 10:39:29,328 [INFO] PluginManage:310 - Check plugin cadmodel
2025-06-18 10:39:29,338 [INFO] CADModel:105 - Init CAD model plugin
2025-06-18 10:39:29,339 [INFO] PluginManage:359 - Loaded plugin cadmodel (category:power,tabindex:5)
2025-06-18 10:39:29,339 [INFO] PluginManage:310 - Check plugin clock
2025-06-18 10:39:29,354 [INFO] PluginManage:359 - Loaded plugin clock (category:base,tabindex:2)
2025-06-18 10:39:29,355 [INFO] PluginManage:310 - Check plugin ddr
2025-06-18 10:39:29,359 [INFO] PluginManage:359 - Loaded plugin ddr (category:tool,tabindex:6)
2025-06-18 10:39:29,359 [INFO] PluginManage:310 - Check plugin filemanager
2025-06-18 10:39:29,590 [INFO] PluginManage:359 - Loaded plugin filemanager (category:base,tabindex:10)
2025-06-18 10:39:29,590 [INFO] PluginManage:310 - Check plugin ipmanager
2025-06-18 10:39:29,602 [INFO] PluginManage:359 - Loaded plugin ipmanager (category:base,tabindex:5)
2025-06-18 10:39:29,602 [INFO] PluginManage:310 - Check plugin lpbam
2025-06-18 10:39:29,616 [INFO] PluginManage:359 - Loaded plugin lpbam (category:base,tabindex:0)
2025-06-18 10:39:29,616 [INFO] PluginManage:310 - Check plugin memorymap
2025-06-18 10:39:29,640 [INFO] PluginManage:359 - Loaded plugin memorymap (category:base,tabindex:4)
2025-06-18 10:39:29,640 [INFO] PluginManage:310 - Check plugin pinoutandconfiguration
2025-06-18 10:39:29,655 [INFO] PluginManage:359 - Loaded plugin pinoutandconfiguration (category:base,tabindex:1)
2025-06-18 10:39:29,656 [INFO] PluginManage:310 - Check plugin pinoutconfig
2025-06-18 10:39:29,807 [WARN] SupportedApi:132 - Cannot load RTOS API schema: s4s-elt-must-match.1: The content of 'definitions' must match (annotation?, (simpleType | complexType)?, (unique | key | keyref)*)). A problem was found starting at: attribute.
2025-06-18 10:39:30,063 [INFO] PluginManage:359 - Loaded plugin pinoutconfig (category:base,tabindex:0)
2025-06-18 10:39:30,063 [INFO] PluginManage:310 - Check plugin power
2025-06-18 10:39:30,083 [INFO] PluginManage:359 - Loaded plugin power (category:power,tabindex:4)
2025-06-18 10:39:30,083 [INFO] PluginManage:310 - Check plugin projectmanager
2025-06-18 10:39:30,109 [INFO] PluginManage:359 - Loaded plugin projectmanager (category:projectmanager,tabindex:4)
2025-06-18 10:39:30,109 [INFO] PluginManage:310 - Check plugin rif
2025-06-18 10:39:30,122 [INFO] PluginManage:359 - Loaded plugin rif (category:base,tabindex:3)
2025-06-18 10:39:30,122 [INFO] PluginManage:310 - Check plugin thirdparty
2025-06-18 10:39:30,385 [WARN] IntegrityCheckThread:84 - waiting for thirdparty lock release [integrity check]
2025-06-18 10:39:30,385 [INFO] PluginManage:359 - Loaded plugin thirdparty (category:base,tabindex:-1)
2025-06-18 10:39:30,386 [INFO] IntegrityCheckThread:86 - entering critical section [integrity check]
2025-06-18 10:39:30,386 [INFO] PluginManage:310 - Check plugin tools
2025-06-18 10:39:30,386 [INFO] ThirdPartyUpdaterWithRetryManager:70 - Updater plugin not ready yet. [1/15]
2025-06-18 10:39:30,390 [INFO] PluginManage:359 - Loaded plugin tools (category:base,tabindex:7)
2025-06-18 10:39:30,390 [INFO] PluginManage:310 - Check plugin tutovideos
2025-06-18 10:39:30,696 [INFO] PluginManage:359 - Loaded plugin tutovideos (category:base,tabindex:-1)
2025-06-18 10:39:30,697 [INFO] PluginManage:310 - Check plugin updater
2025-06-18 10:39:30,735 [INFO] PluginManage:359 - Loaded plugin updater (category:base,tabindex:12)
2025-06-18 10:39:30,736 [INFO] PluginManage:310 - Check plugin userauth
2025-06-18 10:39:30,744 [INFO] UserAuth:118 - Init User Auth plugin
2025-06-18 10:39:30,745 [INFO] PluginManage:359 - Loaded plugin userauth (category:base,tabindex:14)
2025-06-18 10:39:30,746 [INFO] PluginManage:283 - PluginManage : Loaded plugins [18]
2025-06-18 10:39:31,117 [INFO] PinOutPanel:1589 - setPackage(No Configuration,No Configuration)
2025-06-18 10:39:31,311 [INFO] CADModel:165 - CPN selected for project level
2025-06-18 10:39:31,312 [INFO] CADModel:114 - Register for checkConnection events
2025-06-18 10:39:31,342 [INFO] IPUIPlugin:80 - create IPUIPlugin
2025-06-18 10:39:31,342 [INFO] PluginManager:220 - loadIPPluginJar : add adc
2025-06-18 10:39:31,347 [INFO] IPUIPlugin:80 - create IPUIPlugin
2025-06-18 10:39:31,347 [INFO] PluginManager:220 - loadIPPluginJar : add aes
2025-06-18 10:39:31,353 [INFO] IPUIPlugin:80 - create IPUIPlugin
2025-06-18 10:39:31,353 [INFO] PluginManager:220 - loadIPPluginJar : add can
2025-06-18 10:39:31,356 [INFO] IPUIPlugin:80 - create IPUIPlugin
2025-06-18 10:39:31,356 [INFO] PluginManager:220 - loadIPPluginJar : add comp
2025-06-18 10:39:31,361 [INFO] IPUIPlugin:80 - create IPUIPlugin
2025-06-18 10:39:31,361 [INFO] PluginManager:220 - loadIPPluginJar : add cryp
2025-06-18 10:39:31,367 [INFO] IPUIPlugin:80 - create IPUIPlugin
2025-06-18 10:39:31,367 [INFO] PluginManager:220 - loadIPPluginJar : add ddr_ctrl_phy
2025-06-18 10:39:31,372 [INFO] IPUIPlugin:80 - create IPUIPlugin
2025-06-18 10:39:31,372 [INFO] PluginManager:220 - loadIPPluginJar : add dfsdm
2025-06-18 10:39:31,380 [INFO] IPUIPlugin:80 - create IPUIPlugin
2025-06-18 10:39:31,381 [INFO] PluginManager:220 - loadIPPluginJar : add dma
2025-06-18 10:39:31,385 [INFO] IPUIPlugin:80 - create IPUIPlugin
2025-06-18 10:39:31,386 [INFO] PluginManager:220 - loadIPPluginJar : add dma3
2025-06-18 10:39:31,390 [INFO] IPUIPlugin:80 - create IPUIPlugin
2025-06-18 10:39:31,390 [INFO] PluginManager:220 - loadIPPluginJar : add extmemmanager
2025-06-18 10:39:31,393 [INFO] IPUIPlugin:80 - create IPUIPlugin
2025-06-18 10:39:31,393 [INFO] PluginManager:220 - loadIPPluginJar : add fatfs
2025-06-18 10:39:31,400 [INFO] IPUIPlugin:80 - create IPUIPlugin
2025-06-18 10:39:31,401 [INFO] PluginManager:220 - loadIPPluginJar : add fmc
2025-06-18 10:39:31,412 [INFO] IPUIPlugin:80 - create IPUIPlugin
2025-06-18 10:39:31,413 [INFO] PluginManager:220 - loadIPPluginJar : add freertos
2025-06-18 10:39:31,416 [INFO] IPUIPlugin:80 - create IPUIPlugin
2025-06-18 10:39:31,416 [INFO] PluginManager:220 - loadIPPluginJar : add genericplugin
2025-06-18 10:39:31,421 [INFO] IPUIPlugin:80 - create IPUIPlugin
2025-06-18 10:39:31,422 [INFO] PluginManager:220 - loadIPPluginJar : add gfxmmu
2025-06-18 10:39:31,431 [INFO] IPUIPlugin:80 - create IPUIPlugin
2025-06-18 10:39:31,432 [INFO] PluginManager:220 - loadIPPluginJar : add gic
2025-06-18 10:39:31,440 [INFO] IPUIPlugin:80 - create IPUIPlugin
2025-06-18 10:39:31,440 [INFO] PluginManager:220 - loadIPPluginJar : add gpio
2025-06-18 10:39:31,445 [INFO] IPUIPlugin:80 - create IPUIPlugin
2025-06-18 10:39:31,446 [INFO] PluginManager:220 - loadIPPluginJar : add gtzc
2025-06-18 10:39:31,451 [INFO] IPUIPlugin:80 - create IPUIPlugin
2025-06-18 10:39:31,451 [INFO] PluginManager:220 - loadIPPluginJar : add hash
2025-06-18 10:39:31,457 [INFO] IPUIPlugin:80 - create IPUIPlugin
2025-06-18 10:39:31,457 [INFO] PluginManager:220 - loadIPPluginJar : add i2c
2025-06-18 10:39:31,461 [INFO] IPUIPlugin:80 - create IPUIPlugin
2025-06-18 10:39:31,462 [INFO] PluginManager:220 - loadIPPluginJar : add i2s
2025-06-18 10:39:31,467 [INFO] IPUIPlugin:80 - create IPUIPlugin
2025-06-18 10:39:31,467 [INFO] PluginManager:220 - loadIPPluginJar : add i3c
2025-06-18 10:39:31,473 [INFO] IPUIPlugin:80 - create IPUIPlugin
2025-06-18 10:39:31,473 [INFO] PluginManager:220 - loadIPPluginJar : add ipddr
2025-06-18 10:39:31,485 [INFO] IPUIPlugin:80 - create IPUIPlugin
2025-06-18 10:39:31,485 [INFO] PluginManager:220 - loadIPPluginJar : add linkedlist
2025-06-18 10:39:31,491 [INFO] IPUIPlugin:80 - create IPUIPlugin
2025-06-18 10:39:31,492 [INFO] PluginManager:220 - loadIPPluginJar : add lorawan
2025-06-18 10:39:31,495 [INFO] IPUIPlugin:80 - create IPUIPlugin
2025-06-18 10:39:31,495 [INFO] PluginManager:220 - loadIPPluginJar : add ltdc
2025-06-18 10:39:31,505 [INFO] IPUIPlugin:80 - create IPUIPlugin
2025-06-18 10:39:31,506 [INFO] PluginManager:220 - loadIPPluginJar : add mdma
2025-06-18 10:39:31,512 [INFO] IPUIPlugin:80 - create IPUIPlugin
2025-06-18 10:39:31,512 [INFO] PluginManager:220 - loadIPPluginJar : add nvic
2025-06-18 10:39:31,519 [INFO] IPUIPlugin:80 - create IPUIPlugin
2025-06-18 10:39:31,519 [INFO] PluginManager:220 - loadIPPluginJar : add opamp
2025-06-18 10:39:31,524 [INFO] IPUIPlugin:80 - create IPUIPlugin
2025-06-18 10:39:31,524 [INFO] PluginManager:220 - loadIPPluginJar : add openamp
2025-06-18 10:39:31,530 [INFO] IPUIPlugin:80 - create IPUIPlugin
2025-06-18 10:39:31,530 [INFO] PluginManager:220 - loadIPPluginJar : add pdm2pcm
2025-06-18 10:39:31,538 [INFO] IPUIPlugin:80 - create IPUIPlugin
2025-06-18 10:39:31,543 [INFO] PluginManager:220 - loadIPPluginJar : add plateformsettings
2025-06-18 10:39:31,547 [INFO] IPUIPlugin:80 - create IPUIPlugin
2025-06-18 10:39:31,548 [INFO] PluginManager:220 - loadIPPluginJar : add quadspi
2025-06-18 10:39:31,552 [INFO] IPUIPlugin:80 - create IPUIPlugin
2025-06-18 10:39:31,553 [INFO] PluginManager:220 - loadIPPluginJar : add radio
2025-06-18 10:39:31,562 [INFO] IPUIPlugin:80 - create IPUIPlugin
2025-06-18 10:39:31,562 [INFO] PluginManager:220 - loadIPPluginJar : add resmgrutility
2025-06-18 10:39:31,569 [INFO] IPUIPlugin:80 - create IPUIPlugin
2025-06-18 10:39:31,570 [INFO] PluginManager:220 - loadIPPluginJar : add sai
2025-06-18 10:39:31,576 [INFO] IPUIPlugin:80 - create IPUIPlugin
2025-06-18 10:39:31,577 [INFO] PluginManager:220 - loadIPPluginJar : add spi
2025-06-18 10:39:31,593 [INFO] IPUIPlugin:80 - create IPUIPlugin
2025-06-18 10:39:31,593 [INFO] PluginManager:220 - loadIPPluginJar : add stm32_wpan
2025-06-18 10:39:31,598 [INFO] IPUIPlugin:80 - create IPUIPlugin
2025-06-18 10:39:31,598 [INFO] PluginManager:220 - loadIPPluginJar : add tim
2025-06-18 10:39:31,604 [INFO] IPUIPlugin:80 - create IPUIPlugin
2025-06-18 10:39:31,605 [INFO] PluginManager:220 - loadIPPluginJar : add touchsensing
2025-06-18 10:39:31,609 [INFO] IPUIPlugin:80 - create IPUIPlugin
2025-06-18 10:39:31,609 [INFO] PluginManager:220 - loadIPPluginJar : add tracer_emb
2025-06-18 10:39:31,613 [INFO] IPUIPlugin:80 - create IPUIPlugin
2025-06-18 10:39:31,613 [INFO] PluginManager:220 - loadIPPluginJar : add ts
2025-06-18 10:39:31,616 [INFO] IPUIPlugin:80 - create IPUIPlugin
2025-06-18 10:39:31,616 [INFO] PluginManager:220 - loadIPPluginJar : add tsc
2025-06-18 10:39:31,621 [INFO] IPUIPlugin:80 - create IPUIPlugin
2025-06-18 10:39:31,621 [INFO] PluginManager:220 - loadIPPluginJar : add ucpd
2025-06-18 10:39:31,628 [INFO] IPUIPlugin:80 - create IPUIPlugin
2025-06-18 10:39:31,629 [INFO] PluginManager:220 - loadIPPluginJar : add usart
2025-06-18 10:39:31,636 [INFO] IPUIPlugin:80 - create IPUIPlugin
2025-06-18 10:39:31,636 [INFO] PluginManager:220 - loadIPPluginJar : add usbx
2025-06-18 10:39:31,836 [FATAL] Updater:351 - Updater called before beeing initialized
2025-06-18 10:39:31,886 [INFO] RulesReader:64 - Compatibility file has been processed (302 Rules)
2025-06-18 10:39:31,907 [INFO] RulesReader:64 - Compatibility file has been processed (302 Rules)
2025-06-18 10:39:31,923 [INFO] CADModel:165 - CPN selected for project level
2025-06-18 10:39:31,923 [INFO] CADModel:114 - Register for checkConnection events
2025-06-18 10:39:31,924 [FATAL] Updater:351 - Updater called before beeing initialized
2025-06-18 10:39:31,924 [ERROR] CADModel:125 - Updater not yet initialized, retry later 
2025-06-18 10:39:32,306 [FATAL] Updater:351 - Updater called before beeing initialized
2025-06-18 10:39:32,310 [INFO] CADModel:165 - CPN selected for project level
2025-06-18 10:39:32,311 [INFO] CADModel:114 - Register for checkConnection events
2025-06-18 10:39:32,311 [FATAL] Updater:351 - Updater called before beeing initialized
2025-06-18 10:39:32,311 [ERROR] CADModel:125 - Updater not yet initialized, retry later 
2025-06-18 10:39:32,318 [FATAL] Updater:351 - Updater called before beeing initialized
2025-06-18 10:39:32,550 [FATAL] Updater:351 - Updater called before beeing initialized
2025-06-18 10:39:32,557 [INFO] DbMcusAds:53 - JSON generation date=Wed May 07 14:37:55 IST 2025 (1746608875484)
2025-06-18 10:39:32,557 [FATAL] Updater:351 - Updater called before beeing initialized
2025-06-18 10:39:32,621 [WARN] DetailPanel:346 - Failed to get advertising image, set to default
2025-06-18 10:39:33,077 [FATAL] Updater:351 - Updater called before beeing initialized
2025-06-18 10:39:33,080 [FATAL] Updater:351 - Updater called before beeing initialized
2025-06-18 10:39:33,081 [FATAL] Updater:351 - Updater called before beeing initialized
2025-06-18 10:39:33,081 [WARN] DetailPanel:346 - Failed to get advertising image, set to default
2025-06-18 10:39:33,082 [FATAL] Updater:351 - Updater called before beeing initialized
2025-06-18 10:39:33,167 [ERROR] Updater:1198 - MainUpdater not yet initialized. External WinMGr cannot be set.
2025-06-18 10:39:33,171 [INFO] Updater:1134 - Updater Version found : 6.14.1
2025-06-18 10:39:33,200 [INFO] ApplicationProperties:184 - Using Application install path: C:\ST\STM32CubeIDE_1.18.1\STM32CubeIDE\plugins\com.st.stm32cube.common.mx_6.14.1.202504091515
2025-06-18 10:39:33,387 [INFO] ThirdPartyUpdaterWithRetryManager:70 - Updater plugin not ready yet. [2/15]
2025-06-18 10:39:34,783 [ERROR] LogOutputStream:75 - [STDERR_REDIRECT] Jun 18, 2025 10:39:34 AM java.util.prefs.WindowsPreferences <init>
2025-06-18 10:39:34,786 [ERROR] LogOutputStream:75 - [STDERR_REDIRECT] WARNING: Could not open/create prefs root node Software\JavaSoft\Prefs at root 0xffffffff80000002. Windows RegCreateKeyEx(...) returned error code 5.
2025-06-18 10:39:34,786 [ERROR] LogOutputStream:75 - [STDERR_REDIRECT] 
2025-06-18 10:39:35,417 [INFO] MainUpdater:2872 - connection check result : 10
2025-06-18 10:39:35,419 [INFO] MainUpdater:289 - Updater Check For Update Now.
2025-06-18 10:39:35,419 [INFO] MicroXplorer:498 - Change Database Version : DB.6.0.141
2025-06-18 10:39:35,433 [INFO] McuFinderGlobals:63 - Set McuFinder mode to 2 (CubeIDE integrated)
2025-06-18 10:39:35,435 [INFO] UserAuth:484 - Internet connection configuration mode: 1
2025-06-18 10:39:35,482 [INFO] JxBrowserEngine:152 - Initiate JxBrowser Engine with user profile folder
2025-06-18 10:39:35,714 [INFO] CheckServerUpdateThread:120 - End of CheckServer Thread
2025-06-18 10:39:36,905 [WARN] PackLoader:240 - Cannot read IP mode file for STMicroelectronics.FP-SNS-MOTENVWB1.1.4.0
2025-06-18 10:39:36,926 [WARN] PackLoader:240 - Cannot read IP mode file for STMicroelectronics.FP-ATR-ASTRA1.2.0.2
2025-06-18 10:39:36,945 [WARN] PackLoader:240 - Cannot read IP mode file for STMicroelectronics.X-CUBE-SMBUS.2.1.0
2025-06-18 10:39:36,956 [WARN] PackLoader:240 - Cannot read IP mode file for STMicroelectronics.X-CUBE-ST60.1.0.0
2025-06-18 10:39:37,027 [WARN] PackLoader:240 - Cannot read IP mode file for STMicroelectronics.X-CUBE-AZRTOS-F7.1.1.0
2025-06-18 10:39:37,089 [WARN] PackLoader:240 - Cannot read IP mode file for Infineon.AIROC-Wi-Fi-Bluetooth-STM32.1.7.0
2025-06-18 10:39:37,115 [WARN] PackLoader:240 - Cannot read IP mode file for STMicroelectronics.X-CUBE-DISPLAY.3.0.0
2025-06-18 10:39:37,145 [WARN] PackLoader:240 - Cannot read IP mode file for STMicroelectronics.X-CUBE-NFC10.1.0.0
2025-06-18 10:39:37,179 [WARN] PackLoader:240 - Cannot read IP mode file for STMicroelectronics.X-CUBE-BLEMGR.4.0.0
2025-06-18 10:39:37,231 [WARN] PackLoader:240 - Cannot read IP mode file for emotas.I-CUBE-CANOPEN.1.3.0
2025-06-18 10:39:37,242 [WARN] ConditionMgr:438 - getConditionDescription Invalid condition id : Cortex-A Device cause : null
2025-06-18 10:39:37,268 [WARN] ConditionMgr:1044 - genDependencies : Invalid condition id : Cortex-A Device cause : null
2025-06-18 10:39:37,268 [WARN] ConditionMgr:1044 - genDependencies : Invalid condition id : Cortex-A Device cause : null
2025-06-18 10:39:37,268 [WARN] ConditionMgr:1044 - genDependencies : Invalid condition id : Cortex-A Device cause : null
2025-06-18 10:39:37,278 [WARN] PackLoader:240 - Cannot read IP mode file for STMicroelectronics.FP-SNS-SMARTAG2.1.2.0
2025-06-18 10:39:37,288 [WARN] PackLoader:240 - Cannot read IP mode file for STMicroelectronics.FP-SNS-FLIGHT1.5.1.0
2025-06-18 10:39:37,311 [INFO] LogOutputStream:77 - [STDOUT_REDIRECT] 1 : Invalid condition id : UX_CORESTACK_Condition cause : null
2025-06-18 10:39:37,312 [INFO] LogOutputStream:77 - [STDOUT_REDIRECT] 1 : Invalid condition id : UX_CORESTACK_Condition cause : null
2025-06-18 10:39:37,314 [INFO] LogOutputStream:77 - [STDOUT_REDIRECT] 1 : Invalid condition id : UX_CORESTACK_Condition cause : null
2025-06-18 10:39:37,316 [INFO] LogOutputStream:77 - [STDOUT_REDIRECT] 1 : Invalid condition id : UX_CORESTACK_Condition cause : null
2025-06-18 10:39:37,319 [INFO] LogOutputStream:77 - [STDOUT_REDIRECT] 1 : Invalid condition id : UX_CORESTACK_Condition cause : null
2025-06-18 10:39:37,326 [WARN] PackLoader:240 - Cannot read IP mode file for STMicroelectronics.X-CUBE-AZRTOS-WL.2.0.0
2025-06-18 10:39:37,338 [WARN] PackLoader:240 - Cannot read IP mode file for STMicroelectronics.FP-SNS-MOTENV1.5.0.0
2025-06-18 10:39:37,359 [WARN] PackLoader:240 - Cannot read IP mode file for WES.I-CUBE-Cesium.1.3.0
2025-06-18 10:39:37,372 [WARN] PackLoader:240 - Cannot read IP mode file for STMicroelectronics.X-CUBE-BLE2.3.3.0
2025-06-18 10:39:37,388 [WARN] PackLoader:240 - Cannot read IP mode file for STMicroelectronics.X-CUBE-NFC9.1.0.0
2025-06-18 10:39:37,406 [WARN] PackLoader:240 - Cannot read IP mode file for wolfSSL.I-CUBE-wolfSSL.5.8.0
2025-06-18 10:39:37,417 [WARN] PackLoader:240 - Cannot read IP mode file for STMicroelectronics.X-CUBE-BLE1.7.1.0
2025-06-18 10:39:37,428 [WARN] PackLoader:240 - Cannot read IP mode file for wolfSSL.I-CUBE-wolfMQTT.1.19.2
2025-06-18 10:39:37,438 [WARN] PackLoader:240 - Cannot read IP mode file for STMicroelectronics.X-CUBE-AI.10.1.0
2025-06-18 10:39:37,461 [WARN] PackLoader:240 - Cannot read IP mode file for STMicroelectronics.X-CUBE-AZRTOS-G0.1.1.0
2025-06-18 10:39:37,476 [WARN] PackLoader:240 - Cannot read IP mode file for STMicroelectronics.X-CUBE-SAFEA1.1.2.2
2025-06-18 10:39:37,490 [WARN] PackLoader:240 - Cannot read IP mode file for STMicroelectronics.X-CUBE-NFC4.3.0.0
2025-06-18 10:39:37,505 [WARN] PackLoader:240 - Cannot read IP mode file for EmbeddedOffice.I-CUBE-FS-RTOS.1.0.1
2025-06-18 10:39:37,515 [WARN] PackLoader:240 - Cannot read IP mode file for STMicroelectronics.X-CUBE-WB05N.2.0.0
2025-06-18 10:39:37,524 [WARN] PackLoader:240 - Cannot read IP mode file for wolfSSL.I-CUBE-wolfTPM.3.8.0
2025-06-18 10:39:37,534 [WARN] PackLoader:240 - Cannot read IP mode file for STMicroelectronics.X-CUBE-TCPP.4.2.0
2025-06-18 10:39:37,547 [WARN] PackLoader:240 - Cannot read IP mode file for RealThread.X-CUBE-RT-Thread_Nano.4.1.1
2025-06-18 10:39:37,555 [WARN] PackLoader:240 - Cannot read IP mode file for STMicroelectronics.FP-ATR-SIGFOX1.3.2.0
2025-06-18 10:39:37,571 [WARN] PackLoader:240 - Cannot read IP mode file for STMicroelectronics.X-CUBE-EEPRMA1.5.1.0
2025-06-18 10:39:37,585 [WARN] PackLoader:240 - Cannot read IP mode file for ITTIA_DB.I-CUBE-ITTIADB.8.9.0
2025-06-18 10:39:37,599 [WARN] PackLoader:240 - Cannot read IP mode file for STMicroelectronics.X-CUBE-ST67W61.1.0.0
2025-06-18 10:39:37,661 [WARN] PackLoader:240 - Cannot read IP mode file for SEGGER.I-CUBE-embOS.1.3.1
2025-06-18 10:39:37,739 [WARN] PackLoader:240 - Cannot read IP mode file for STMicroelectronics.X-CUBE-ALGOBUILD.1.4.0
2025-06-18 10:39:37,827 [WARN] PackLoader:240 - Cannot read IP mode file for STMicroelectronics.X-CUBE-MEMS1.11.3.0
2025-06-18 10:39:38,209 [WARN] PackLoader:240 - Cannot read IP mode file for STMicroelectronics.X-CUBE-AZRTOS-F4.1.1.0
2025-06-18 10:39:38,227 [WARN] PackLoader:240 - Cannot read IP mode file for Avnet-IotConnect.X-CUBE-IoTC-DA16k-PMOD.1.0.0
2025-06-18 10:39:38,236 [WARN] PackLoader:240 - Cannot read IP mode file for STMicroelectronics.X-CUBE-ISPU.2.1.0
2025-06-18 10:39:38,266 [WARN] PackLoader:240 - Cannot read IP mode file for STMicroelectronics.X-CUBE-AZRTOS-L5.2.0.0
2025-06-18 10:39:38,281 [WARN] PackLoader:240 - Cannot read IP mode file for STMicroelectronics.X-CUBE-NFC6.3.1.0
2025-06-18 10:39:38,295 [WARN] PackLoader:240 - Cannot read IP mode file for STMicroelectronics.X-CUBE-FREERTOS.1.3.1
2025-06-18 10:39:38,307 [WARN] PackLoader:240 - Cannot read IP mode file for STMicroelectronics.X-CUBE-DPower.1.3.0
2025-06-18 10:39:38,335 [WARN] ConditionMgr:438 - getConditionDescription Invalid condition id : LAN8742 Phy interface Condition cause : null
2025-06-18 10:39:38,336 [WARN] PackLoader:240 - Cannot read IP mode file for STMicroelectronics.X-CUBE-AZRTOS-L4.2.0.0
2025-06-18 10:39:38,352 [WARN] ConditionMgr:1044 - genDependencies : Invalid condition id : LAN8742 Phy interface Condition cause : null
2025-06-18 10:39:38,353 [WARN] ConditionMgr:1044 - genDependencies : Invalid condition id : LAN8742 Phy interface Condition cause : null
2025-06-18 10:39:38,353 [WARN] ConditionMgr:1044 - genDependencies : Invalid condition id : LAN8742 Phy interface Condition cause : null
2025-06-18 10:39:38,374 [WARN] PackLoader:240 - Cannot read IP mode file for STMicroelectronics.X-CUBE-SFXS2LP1.4.0.0
2025-06-18 10:39:38,423 [WARN] PackLoader:240 - Cannot read IP mode file for STMicroelectronics.X-CUBE-AZRTOS-H7.3.3.0
2025-06-18 10:39:38,469 [WARN] ConditionMgr:438 - getConditionDescription Invalid condition id : UX DEVICE CLASS RTOS Condition cause : null
2025-06-18 10:39:38,470 [WARN] ConditionMgr:438 - getConditionDescription Invalid condition id : UX DEVICE CLASS RTOS Condition cause : null
2025-06-18 10:39:38,476 [WARN] PackLoader:240 - Cannot read IP mode file for STMicroelectronics.X-CUBE-AZRTOS-WB.2.0.0
2025-06-18 10:39:38,478 [WARN] ConditionMgr:1044 - genDependencies : Invalid condition id : UX DEVICE CLASS RTOS Condition cause : null
2025-06-18 10:39:38,478 [WARN] ConditionMgr:1044 - genDependencies : Invalid condition id : UX DEVICE CLASS RTOS Condition cause : null
2025-06-18 10:39:38,480 [WARN] ConditionMgr:1044 - genDependencies : Invalid condition id : UX DEVICE CLASS RTOS Condition cause : null
2025-06-18 10:39:38,481 [WARN] ConditionMgr:1044 - genDependencies : Invalid condition id : UX DEVICE CLASS RTOS Condition cause : null
2025-06-18 10:39:38,481 [WARN] ConditionMgr:1044 - genDependencies : Invalid condition id : UX DEVICE CLASS RTOS Condition cause : null
2025-06-18 10:39:38,513 [WARN] PackLoader:240 - Cannot read IP mode file for STMicroelectronics.X-CUBE-GNSS1.7.0.1
2025-06-18 10:39:38,548 [WARN] PackLoader:240 - Cannot read IP mode file for STMicroelectronics.X-CUBE-TOUCHGFX.4.25.0
2025-06-18 10:39:38,573 [WARN] PackLoader:240 - Cannot read IP mode file for STMicroelectronics.FP-SNS-STBOX1.2.0.0
2025-06-18 10:39:38,691 [WARN] PackLoader:240 - Cannot read IP mode file for STMicroelectronics.X-CUBE-SUBG2.5.0.0
2025-06-18 10:39:38,842 [WARN] PackLoader:240 - Cannot read IP mode file for STMicroelectronics.X-CUBE-AZRTOS-H7RS.1.1.0
2025-06-18 10:39:38,866 [WARN] PackLoader:240 - Cannot read IP mode file for Cesanta.I-CUBE-Mongoose.7.13.0
2025-06-18 10:39:38,936 [WARN] PackLoader:240 - Cannot read IP mode file for STMicroelectronics.X-CUBE-AZRTOS-G4.2.0.0
2025-06-18 10:39:38,953 [WARN] PackLoader:240 - Cannot read IP mode file for wolfSSL.I-CUBE-wolfSSH.1.4.20
2025-06-18 10:39:38,969 [WARN] PackLoader:240 - Cannot read IP mode file for STMicroelectronics.X-CUBE-NFC7.2.0.0
2025-06-18 10:39:39,003 [WARN] PackLoader:240 - Cannot read IP mode file for STMicroelectronics.X-CUBE-IPS.3.1.0
2025-06-18 10:39:39,029 [WARN] PackLoader:240 - Cannot read IP mode file for STMicroelectronics.X-CUBE-ALS.1.0.2
2025-06-18 10:39:39,046 [WARN] PackLoader:240 - Cannot read IP mode file for portGmbH.I-Cube-SoM-uGOAL.1.1.0
2025-06-18 10:39:39,068 [WARN] PackLoader:240 - Cannot read IP mode file for STMicroelectronics.X-CUBE-TOF1.3.4.3
2025-06-18 10:39:39,089 [INFO] ThirdParty:978 - Integrity check success = true
2025-06-18 10:39:39,089 [INFO] IntegrityCheckThread:100 - exiting critical section [integrity check]
2025-06-18 10:39:39,090 [INFO] IntegrityCheckThread:103 - End integrity checks thread
2025-06-18 10:39:39,984 [INFO] WebApp:169 - Instantiating new browser for Auth
2025-06-18 10:39:41,609 [INFO] WebApp:463 - Apply proxy settings
2025-06-18 10:39:41,610 [INFO] WebApp:548 - Chromium requires no authentication
2025-06-18 10:39:41,626 [INFO] WebApp:491 - Direct internet connection detected
2025-06-18 10:39:41,671 [INFO] WebApp:894 - Register for checkConnection events
2025-06-18 10:39:41,672 [INFO] WebApp:463 - Apply proxy settings
2025-06-18 10:39:41,672 [INFO] WebApp:548 - Chromium requires no authentication
2025-06-18 10:39:41,673 [INFO] WebApp:491 - Direct internet connection detected
2025-06-18 10:39:41,982 [INFO] WebApp:225 - Starting web application
2025-06-18 10:39:41,983 [INFO] WebApp:593 - Web application path used C:\ST\STM32CubeIDE_1.18.1\STM32CubeIDE\plugins\com.st.stm32cube.common.mx_6.14.1.202504091515\db\plugins\mcufinder\reactClient1\index.html
2025-06-18 10:39:42,292 [INFO] WebApp:191 - Connection restablished
2025-06-18 10:39:42,538 [INFO] UserAuth:484 - Internet connection configuration mode: 1
2025-06-18 10:42:20,611 [INFO] McuFinderGlobals:63 - Set McuFinder mode to 2 (CubeIDE integrated)
2025-06-18 10:42:20,618 [INFO] MainUpdater:2872 - connection check result : 10
2025-06-18 10:42:21,382 [INFO] ApiDb:581 - Connected to CubeFinder SQLite database (C:\Users\arumu\.stmcufinder\plugins\mcufinder\mcu\cube-finder-db.db)
2025-06-18 10:42:21,581 [INFO] ApiDb:668 - CubeFinder database Data Model version=2.1
2025-06-18 10:42:21,581 [INFO] ApiDb:669 - CubeFinder database Configuration version=3.0.39
2025-06-18 10:42:21,582 [INFO] ApiDb:670 - CubeFinder database generation date=2025-05-20 (1747743314)
2025-06-18 10:42:21,583 [INFO] ApiDb:671 - CubeFinder database FW Pack versions=[FP-ATR-ASTRA1_V2.0.0, FP-SNS-FLIGHT1_V5.1.0, FP-SNS-MOTENV1_V5.0.0, FP-SNS-MOTENVWB1_V1.4.0, FP-SNS-SMARTAG2_V1.2.0, FP-SNS-STBOX1_V2.0.0, STM32Cube_FW_C0_V1.4.0, STM32Cube_FW_F4_V1.28.2, STM32Cube_FW_F7_V1.17.3, STM32Cube_FW_G0_V1.6.2, STM32Cube_FW_G4_V1.6.1, STM32Cube_FW_H5_V1.5.0, STM32Cube_FW_H7RS_V1.2.0, STM32Cube_FW_H7_V1.12.1, STM32Cube_FW_L0_V1.12.2, STM32Cube_FW_L4_V1.18.1, STM32Cube_FW_L5_V1.5.1, STM32Cube_FW_N6_V1.1.1, STM32Cube_FW_U0_V1.2.0, STM32Cube_FW_U3_V1.1.0, STM32Cube_FW_U5_V1.7.0, STM32Cube_FW_WB0_V1.2.0, STM32Cube_FW_WBA_V1.6.0, STM32Cube_FW_WB_V1.22.0, STM32Cube_FW_WL3_V1.1.0, STM32Cube_FW_WL_V1.3.1, X-CUBE-ALGOBUILD_V1.4.0, X-CUBE-ALS_V1.0.2, X-CUBE-AZRTOS-F4_V1.1.0, X-CUBE-AZRTOS-F7_V1.1.0, X-CUBE-AZRTOS-G0_V1.1.0, X-CUBE-AZRTOS-G4_V2.0.0, X-CUBE-AZRTOS-H7RS_V1.1.0, X-CUBE-AZRTOS-H7_V3.3.0, X-CUBE-AZRTOS-L4_V2.0.0, X-CUBE-AZRTOS-L5_V2.0.0, X-CUBE-AZRTOS-WB_V2.0.0, X-CUBE-AZRTOS-WL_V2.0.0, X-CUBE-BLE1_V7.1.0, X-CUBE-BLE2_V3.3.0, X-CUBE-BLEMGR_V4.0.0, X-CUBE-EEPRMA1_V5.1.0, X-CUBE-FREERTOS_V1.3.1, X-CUBE-GNSS1_V6.0.0, X-CUBE-MEMS1_V11.2.0, X-CUBE-NFC4_V3.0.0, X-CUBE-NFC7_V2.0.0, X-CUBE-SFXS2LP1_V4.0.0, X-CUBE-SUBG2_V5.0.0, X-CUBE-TOF1_V3.4.3]
2025-06-18 10:42:21,799 [INFO] DbBoardsSqlite:226 - include board P-NUCLEO-WB55-NUCLEO as a kit item of type 'Nucleo-64'
2025-06-18 10:42:21,800 [INFO] DbBoardsSqlite:226 - include board P-NUCLEO-WB55-USBDONGLE as a kit item of type 'Nucleo USB Dongle'
2025-06-18 10:42:21,801 [INFO] DbBoardsSqlite:226 - include board STEVAL-IDP005V1 as a kit item of type 'Evaluation Board'
2025-06-18 10:42:21,802 [INFO] DbBoardsSqlite:226 - include board STEVAL-IDP005V2 as a kit item of type 'Evaluation Board'
2025-06-18 10:42:22,615 [INFO] ApiDb:240 - Found 895 in-development CPN: [B-G473E-ZEST1S, B-WB1M-WPAN1, B-WBA5M-WPAN, B-WL5M-SUBG1, NUCLEO-C031C6, NUCLEO-C051C8, NUCLEO-C071RB, NUCLEO-C092RC, NUCLEO-H503RB, NUCLEO-H533RE, NUCLEO-H563ZI, NUCLEO-H7S3L8, NUCLEO-N657X0-Q, NUCLEO-U031R8, NUCLEO-U083RC, NUCLEO-U385RG-Q, NUCLEO-U545RE-Q, NUCLEO-U5A5ZJ-Q, NUCLEO-WB05KZ, NUCLEO-WB07CC, NUCLEO-WB09KE, NUCLEO-WBA52CG, NUCLEO-WBA55CG, NUCLEO-WBA65RI, NUCLEO-WL33CC1, NUCLEO-WL33CC2, STEVAL-PROTEUS1, STEVAL-SMARTAG2, STEVAL-STWINBX1, STM320518-EVAL, STM32C0116-DK, STM32C011D6Y3TR, STM32C011D6Y6TR, STM32C011F4P3, STM32C011F4P6, STM32C011F4U3, STM32C011F4U6TR, STM32C011F6P3, STM32C011F6P6, STM32C011F6U3, STM32C011F6U6TR, STM32C011J4M3, STM32C011J4M6, STM32C011J6M3, STM32C011J6M6, STM32C0316-DK, STM32C031C4T3, STM32C031C4T6, STM32C031C4U3, STM32C031C4U6, STM32C031C6T3, STM32C031C6T6, STM32C031C6U3, STM32C031C6U6, STM32C031F4P3, STM32C031F4P6, STM32C031F6P3, STM32C031F6P6, STM32C031G4U3, STM32C031G4U6, STM32C031G6U3, STM32C031G6U6, STM32C031K4T3, STM32C031K4T6, STM32C031K4U3, STM32C031K4U6, STM32C031K6T3, STM32C031K6T6, STM32C031K6U3, STM32C031K6U6, STM32C051C6T6, STM32C051C6U6, STM32C051C8T6, STM32C051C8U6, STM32C051D8Y6TR, STM32C051F6P6, STM32C051F8P6, STM32C051G6U6, STM32C051G8U6, STM32C051K6T6, STM32C051K6U6, STM32C051K8T6, STM32C071C8T6, STM32C071C8T6N, STM32C071C8U6, STM32C071C8U6N, STM32C071CBT6, STM32C071CBT6N, STM32C071CBU6, STM32C071CBU6N, STM32C071F8P6, STM32C071F8P6N, STM32C071FBP6, STM32C071FBP6N, STM32C071FBY6TR, STM32C071G8U6, STM32C071G8U6N, STM32C071GBU6, STM32C071GBU6N, STM32C071K8T6, STM32C071K8T6N, STM32C071K8U6, STM32C071K8U6N, STM32C071KBT6, STM32C071KBT6N, STM32C071KBU6, STM32C071KBU6N, STM32C071R8T6, STM32C071R8T6N, STM32C071RBI6N, STM32C071RBT6, STM32C071RBT6N, STM32C091CBT6, STM32C091CBU6, STM32C091CCT6, STM32C091CCU6, STM32C091ECY6TR, STM32C091FBP6, STM32C091FCP6, STM32C091GBU6, STM32C091GCU6, STM32C091KBT6, STM32C091KBU6, STM32C091KCT6, STM32C091KCU6, STM32C091RBT6, STM32C091RCI6, STM32C091RCT6, STM32C092CBT6, STM32C092CBU6, STM32C092CCT6, STM32C092CCU6, STM32C092ECY6TR, STM32C092FBP6, STM32C092FCP6, STM32C092GBU6, STM32C092GCU6, STM32C092KBT6, STM32C092KBU6, STM32C092KCT6, STM32C092KCU6, STM32C092RBT6, STM32C092RCI6, STM32C092RCT6, STM32G071K8TXN, STM32G071K8UXN, STM32G081GBU6N, STM32G081KBT6N, STM32G081KBUXN, STM32G0B1CCT6N, STM32G0B1KCT6, STM32G0B1NEY6TR, STM32G0B1RCT6N, STM32G0C1CCT6, STM32G0C1CCT6N, STM32G0C1CCU6N, STM32G0C1CET6N, STM32G0C1CEU6N, STM32G0C1KCT6, STM32G0C1NEY6TR, STM32G0C1RCI6N, STM32G0C1RCT6N, STM32G0C1REI6N, STM32G0C1RET6N, STM32G0C1VCI6, STM32G0C1VEI6, STM32G411C6T3, STM32G411C6T6, STM32G411C6U3, STM32G411C6U6, STM32G411C8T3, STM32G411C8T6, STM32G411C8U3, STM32G411C8U6, STM32G411CBT3, STM32G411CBT6, STM32G411CBU3, STM32G411CBU6, STM32G411CCT3, STM32G411CCT6, STM32G411CCU3, STM32G411CCU6, STM32G411K6T3, STM32G411K6T6, STM32G411K6U3, STM32G411K6U6, STM32G411K8T3, STM32G411K8T6, STM32G411K8U3, STM32G411K8U6, STM32G411KBT3, STM32G411KBT6, STM32G411KBU3, STM32G411KBU6, STM32G411M6T3, STM32G411M6T6, STM32G411M8T3, STM32G411M8T6, STM32G411MBT3, STM32G411MBT6, STM32G411MCT3, STM32G411MCT6, STM32G411R6T3, STM32G411R6T6, STM32G411R8T3, STM32G411R8T6, STM32G411RBT3, STM32G411RBT6, STM32G411RCT3, STM32G411RCT6, STM32G414CBT3, STM32G414CBT6, STM32G414CBU3, STM32G414CBU6, STM32G414CCT3, STM32G414CCT6, STM32G414CCU3, STM32G414CCU6, STM32G414MBT3, STM32G414MBT6, STM32G414MCT3, STM32G414MCT6, STM32G414RBT3, STM32G414RBT6, STM32G414RCT3, STM32G414RCT6, STM32G414VBT3, STM32G414VBT6, STM32G414VCT3, STM32G414VCT6, STM32G431CBT3Z, STM32G431RBT3Z, STM32G471CCT6, STM32G471CCU6, STM32G471CET3, STM32G471CET6, STM32G471CEU3, STM32G471CEU6, STM32G471MCT6, STM32G471MET3, STM32G471MET6, STM32G471MEY6TR, STM32G471QCT6, STM32G471QET3, STM32G471RCT6, STM32G471RET3, STM32G471RET6, STM32G471VCH6, STM32G471VCI6, STM32G471VCT6, STM32G471VEH3, STM32G471VEH6, STM32G471VEI3, STM32G471VEI6, STM32G471VET3, STM32G471VET6, STM32G473QET3Z, STM32G473RET3Z, STM32G474CCT6, STM32G491RET3Z, STM32H503CBT6, STM32H503CBU6, STM32H503EBY6TR, STM32H503KBU6, STM32H503RBT6, STM32H523CCT6, STM32H523CCU6, STM32H523CET6, STM32H523CEU6, STM32H523HEY6TR, STM32H523RCT6, STM32H523RET6, STM32H523VCI6, STM32H523VCT6, STM32H523VEI6, STM32H523VET6, STM32H523ZCJ6, STM32H523ZCT6, STM32H523ZEJ6, STM32H523ZET6, STM32H533CET6, STM32H533CEU6, STM32H533HEY6TR, STM32H533RET6, STM32H533VEI6, STM32H533VET6, STM32H533ZEJ6, STM32H533ZET6, STM32H562AGI6, STM32H562AII6, STM32H562IGK6, STM32H562IGT6, STM32H562IIK6, STM32H562IIT6, STM32H562RGT6, STM32H562RGV6, STM32H562RIT6, STM32H562RIV6, STM32H562VGT6, STM32H562VIT6, STM32H562ZGT6, STM32H562ZIT6, STM32H563AGI6, STM32H563AII3Q, STM32H563AII6, STM32H563IGK6, STM32H563IGT6, STM32H563IIK3Q, STM32H563IIK6, STM32H563IIT3Q, STM32H563IIT6, STM32H563MIY3QTR, STM32H563RGT6, STM32H563RGV6, STM32H563RIT6, STM32H563RIV6, STM32H563VGT6, STM32H563VIT3Q, STM32H563VIT6, STM32H563ZGT6, STM32H563ZIT3Q, STM32H563ZIT6, STM32H573AII3Q, STM32H573AII6, STM32H573I-DK, STM32H573IIK3Q, STM32H573IIK6, STM32H573IIT3Q, STM32H573IIT6, STM32H573MIY3QTR, STM32H573RIT6, STM32H573RIV6, STM32H573VIT3Q, STM32H573VIT6, STM32H573ZIT3Q, STM32H573ZIT6, STM32H7R3A8I6, STM32H7R3I8K6, STM32H7R3I8T6, STM32H7R3L8H6, STM32H7R3L8H6H, STM32H7R3R8V6, STM32H7R3V8H6, STM32H7R3V8T6, STM32H7R3V8Y6TR, STM32H7R3Z8J6, STM32H7R3Z8T6, STM32H7R7A8I6, STM32H7R7I8K6, STM32H7R7I8T6, STM32H7R7L8H6, STM32H7R7L8H6H, STM32H7R7Z8J6, STM32H7S3A8I6, STM32H7S3I8K6, STM32H7S3I8T6, STM32H7S3L8H6, STM32H7S3L8H6H, STM32H7S3R8V6, STM32H7S3V8H6, STM32H7S3V8T6, STM32H7S3V8Y6TR, STM32H7S3Z8J6, STM32H7S3Z8T6, STM32H7S78-DK, STM32H7S7A8I6, STM32H7S7I8K6, STM32H7S7I8T6, STM32H7S7L8H6, STM32H7S7L8H6H, STM32H7S7Z8J6, STM32L4R5QGI6STR, STM32MP131AAE3, STM32MP131AAF3, STM32MP131AAG3, STM32MP131CAE3, STM32MP131CAF3, STM32MP131CAG3, STM32MP131DAE7, STM32MP131DAF7, STM32MP131DAG7, STM32MP131FAE7, STM32MP131FAF7, STM32MP131FAG7, STM32MP133AAE3, STM32MP133AAF3, STM32MP133AAG3, STM32MP133CAE3, STM32MP133CAF3, STM32MP133CAG3, STM32MP133DAE7, STM32MP133DAF7, STM32MP133DAG7, STM32MP133FAE7, STM32MP133FAF7, STM32MP133FAG7, STM32MP135AAE3, STM32MP135AAF3, STM32MP135AAG3, STM32MP135CAE3, STM32MP135CAF3, STM32MP135CAG3, STM32MP135DAE7, STM32MP135DAF7, STM32MP135DAG7, STM32MP135F-DK, STM32MP135FAE7, STM32MP135FAF7, STM32MP135FAF7T, STM32MP135FAF7U, STM32MP135FAG7, STM32MP231AAJ3, STM32MP231AAK3, STM32MP231AAL3, STM32MP231CAJ3, STM32MP231CAK3, STM32MP231CAL3, STM32MP231DAJ3, STM32MP231DAK3, STM32MP231DAL3, STM32MP231FAJ3, STM32MP231FAK3, STM32MP231FAL3, STM32MP233AAJ3, STM32MP233AAK3, STM32MP233AAL3, STM32MP233CAJ3, STM32MP233CAK3, STM32MP233CAL3, STM32MP233DAJ3, STM32MP233DAK3, STM32MP233DAL3, STM32MP233FAJ3, STM32MP233FAK3, STM32MP233FAL3, STM32MP235AAJ3, STM32MP235AAK3, STM32MP235AAL3, STM32MP235CAJ3, STM32MP235CAK3, STM32MP235CAL3, STM32MP235DAJ3, STM32MP235DAK3, STM32MP235DAL3, STM32MP235FAJ3, STM32MP235FAK3, STM32MP235FAL3, STM32MP251AAI3, STM32MP251AAJ3, STM32MP251AAK3, STM32MP251AAL3, STM32MP251CAI3, STM32MP251CAJ3, STM32MP251CAK3, STM32MP251CAL3, STM32MP251DAI3, STM32MP251DAJ3, STM32MP251DAK3, STM32MP251DAL3, STM32MP251FAI3, STM32MP251FAJ3, STM32MP251FAK3, STM32MP251FAL3, STM32MP253AAI3, STM32MP253AAJ3, STM32MP253AAK3, STM32MP253AAL3, STM32MP253CAI3, STM32MP253CAJ3, STM32MP253CAK3, STM32MP253CAL3, STM32MP253DAI3, STM32MP253DAJ3, STM32MP253DAK3, STM32MP253DAL3, STM32MP253FAI3, STM32MP253FAJ3, STM32MP253FAK3, STM32MP253FAL3, STM32MP255AAI3, STM32MP255AAJ3, STM32MP255AAK3, STM32MP255AAL3, STM32MP255CAI3, STM32MP255CAJ3, STM32MP255CAK3, STM32MP255CAL3, STM32MP255DAI3, STM32MP255DAJ3, STM32MP255DAK3, STM32MP255DAL3, STM32MP255FAI3, STM32MP255FAJ3, STM32MP255FAK3, STM32MP255FAL3, STM32MP257AAI3, STM32MP257AAJ3, STM32MP257AAK3, STM32MP257AAL3, STM32MP257CAI3, STM32MP257CAJ3, STM32MP257CAK3, STM32MP257CAL3, STM32MP257DAI3, STM32MP257DAJ3, STM32MP257DAK3, STM32MP257DAL3, STM32MP257F-DK, STM32MP257F-EV1, STM32MP257FAI3, STM32MP257FAJ3, STM32MP257FAK3, STM32MP257FAL3, STM32N645A0H3Q, STM32N645B0H3Q, STM32N645I0H3Q, STM32N645L0H3Q, STM32N645X0H3Q, STM32N645Z0H3Q, STM32N647A0H3Q, STM32N647B0H3Q, STM32N647I0H3Q, STM32N647L0H3Q, STM32N647X0H3Q, STM32N647Z0H3Q, STM32N655A0H3Q, STM32N655B0H3Q, STM32N655I0H3Q, STM32N655L0H3Q, STM32N655X0H3Q, STM32N655Z0H3Q, STM32N6570-DK, STM32N657A0H3Q, STM32N657B0H3Q, STM32N657I0H3Q, STM32N657L0H3Q, STM32N657X0H3Q, STM32N657Z0H3Q, STM32U031C6T6, STM32U031C6U6, STM32U031C8T6, STM32U031C8U6, STM32U031F4P6, STM32U031F6P6, STM32U031F8P6, STM32U031G6Y6TR, STM32U031G8Y6TR, STM32U031K4U6, STM32U031K6U6, STM32U031K8U6, STM32U031R6I6, STM32U031R6T6, STM32U031R8I6, STM32U031R8T6, STM32U073C8T6, STM32U073C8U6, STM32U073CBT6, STM32U073CBU6, STM32U073CCT6, STM32U073CCU6, STM32U073H8Y6TR, STM32U073HBY6TR, STM32U073HCY6TR, STM32U073K8U6, STM32U073KBU6, STM32U073KCU6, STM32U073M8I6, STM32U073M8T6, STM32U073MBI6, STM32U073MBT6, STM32U073MCI6, STM32U073MCT6, STM32U073R8I6, STM32U073R8T6, STM32U073RBI6, STM32U073RBT6, STM32U073RCI6, STM32U073RCT6, STM32U083C-DK, STM32U083CCT6, STM32U083CCU6, STM32U083HCY6TR, STM32U083KCU6, STM32U083MCI6, STM32U083MCT6, STM32U083RCI6, STM32U083RCT6, STM32U375CET6, STM32U375CET6Q, STM32U375CEU6, STM32U375CEU6Q, STM32U375CEY6QTR, STM32U375CGT6, STM32U375CGT6Q, STM32U375CGU6, STM32U375CGU6Q, STM32U375CGY6QTR, STM32U375KEU6, STM32U375KGU6, STM32U375REI6, STM32U375REI6Q, STM32U375RET6, STM32U375RET6Q, STM32U375REY6GTR, STM32U375REY6QTR, STM32U375RGI6, STM32U375RGI6Q, STM32U375RGT6, STM32U375RGT6Q, STM32U375RGY6GTR, STM32U375RGY6QTR, STM32U375VEI6, STM32U375VEI6Q, STM32U375VET6, STM32U375VET6Q, STM32U375VGI6, STM32U375VGI6Q, STM32U375VGT6, STM32U375VGT6Q, STM32U385CGT6, STM32U385CGT6Q, STM32U385CGU6, STM32U385CGU6Q, STM32U385CGY6QTR, STM32U385KGU6, STM32U385RGI6, STM32U385RGI6Q, STM32U385RGT6, STM32U385RGT6Q, STM32U385RGY6GTR, STM32U385RGY6QTR, STM32U385VGI6, STM32U385VGI6Q, STM32U385VGT6, STM32U385VGT6Q, STM32U535CBT6, STM32U535CBT6Q, STM32U535CBU6, STM32U535CBU6Q, STM32U535CCT6, STM32U535CCT6Q, STM32U535CCU6, STM32U535CCU6Q, STM32U535CET6, STM32U535CET6Q, STM32U535CEU6, STM32U535CEU6Q, STM32U535JEY6QTR, STM32U535NCY6QTR, STM32U535NEY6QTR, STM32U535RBI6, STM32U535RBI6Q, STM32U535RBT6, STM32U535RBT6Q, STM32U535RCI6, STM32U535RCI6Q, STM32U535RCT6, STM32U535RCT6Q, STM32U535REI6, STM32U535REI6Q, STM32U535RET6, STM32U535RET6Q, STM32U535VCI6, STM32U535VCI6Q, STM32U535VCT6, STM32U535VCT6Q, STM32U535VEI6, STM32U535VEI6Q, STM32U535VET6, STM32U535VET6Q, STM32U545CET6, STM32U545CET6Q, STM32U545CEU6, STM32U545CEU6Q, STM32U545JEY6QTR, STM32U545NEY6QTR, STM32U545REI6, STM32U545REI6Q, STM32U545RET6, STM32U545RET6Q, STM32U545VEI6, STM32U545VEI6Q, STM32U545VET6, STM32U545VET6Q, STM32U595AIH6, STM32U595AIH6Q, STM32U595AJH6, STM32U595AJH6Q, STM32U595QII6, STM32U595QII6Q, STM32U595QJI6, STM32U595QJI6Q, STM32U595RIT6, STM32U595RIT6Q, STM32U595RJT6, STM32U595RJT6Q, STM32U595VIT6, STM32U595VIT6Q, STM32U595VJT6, STM32U595VJT6Q, STM32U595ZIT6, STM32U595ZIT6Q, STM32U595ZIY6QTR, STM32U595ZJT6, STM32U595ZJT6Q, STM32U595ZJY6QTR, STM32U599BJY6QTR, STM32U599NIH6Q, STM32U599NJH6Q, STM32U599VIT6Q, STM32U599VJT6, STM32U599VJT6Q, STM32U599ZIT6Q, STM32U599ZIY6QTR, STM32U599ZJT6Q, STM32U599ZJY6QTR, STM32U5A5AJH6, STM32U5A5AJH6Q, STM32U5A5QII3Q , STM32U5A5QJI6, STM32U5A5QJI6Q, STM32U5A5RJT6, STM32U5A5RJT6Q, STM32U5A5VJT6, STM32U5A5VJT6Q, STM32U5A5ZJT6, STM32U5A5ZJT6Q, STM32U5A5ZJY6QTR, STM32U5A9BJY6QTR, STM32U5A9J-DK, STM32U5A9NJH6Q, STM32U5A9VJT6Q, STM32U5A9ZJT6Q, STM32U5A9ZJY6QTR, STM32U5F7VIT6, STM32U5F7VIT6Q, STM32U5F7VJT6, STM32U5F7VJT6Q, STM32U5F9BJY6QTR, STM32U5F9NJH6Q, STM32U5F9VIT6Q, STM32U5F9VJT6Q, STM32U5F9ZIJ6QTR, STM32U5F9ZIT6Q, STM32U5F9ZJJ6QTR, STM32U5F9ZJT6Q, STM32U5G7VJT6, STM32U5G7VJT6Q, STM32U5G9BJY6QTR, STM32U5G9J-DK1, STM32U5G9J-DK2, STM32U5G9NJH6Q, STM32U5G9VJT6Q, STM32U5G9ZJJ6QTR, STM32U5G9ZJT6Q, STM32WB05KZV6TR, STM32WB05KZV7TR, STM32WB05TZF6TR, STM32WB05TZF7TR, STM32WB06CCF6TR, STM32WB06CCF7TR, STM32WB06CCV6TR, STM32WB06CCV7TR, STM32WB06KCV6TR, STM32WB06KCV7TR, STM32WB07CCF6TR, STM32WB07CCF7TR, STM32WB07CCV6TR, STM32WB07CCV7TR, STM32WB07KCV6TR, STM32WB07KCV7TR, STM32WB09KEV6TR, STM32WB09KEV7TR, STM32WB09TEF6TR, STM32WB09TEF7TR, STM32WB1MMCH6, STM32WBA50KGU6, STM32WBA50KGU6TR, STM32WBA52CEU6, STM32WBA52CEU6TR, STM32WBA52CEU7, STM32WBA52CEU7TR, STM32WBA52CGU6, STM32WBA52CGU6TR, STM32WBA52CGU6U, STM32WBA52CGU7, STM32WBA52CGU7TR, STM32WBA52KEU6, STM32WBA52KEU6TR, STM32WBA52KGU6, STM32WBA52KGU6TR, STM32WBA54CEU6, STM32WBA54CEU6TR, STM32WBA54CEU7, STM32WBA54CEU7TR, STM32WBA54CGU6, STM32WBA54CGU6TR, STM32WBA54CGU7, STM32WBA54CGU7TR, STM32WBA54KEU6, STM32WBA54KEU6TR, STM32WBA54KEU7, STM32WBA54KEU7TR, STM32WBA54KGU6, STM32WBA54KGU6TR, STM32WBA54KGU7, STM32WBA54KGU7TR, STM32WBA55CEU6, STM32WBA55CEU6TR, STM32WBA55CEU7, STM32WBA55CEU7TR, STM32WBA55CGU6, STM32WBA55CGU6TR, STM32WBA55CGU6U, STM32WBA55CGU7, STM32WBA55CGU7TR, STM32WBA55G-DK1, STM32WBA55HEF6, STM32WBA55HEF7, STM32WBA55HGF6, STM32WBA55HGF7, STM32WBA55UEI6, STM32WBA55UEI6TR, STM32WBA55UEI7, STM32WBA55UEI7TR, STM32WBA55UGI6, STM32WBA55UGI6TR, STM32WBA55UGI7, STM32WBA55UGI7TR, STM32WBA5MJGH6TR, STM32WBA62CGU6, STM32WBA62CIU6, STM32WBA62MGF6, STM32WBA62MIF6, STM32WBA62PGI6, STM32WBA62PII6, STM32WBA63CGU6, STM32WBA63CGU7, STM32WBA63CIU6, STM32WBA63CIU7, STM32WBA64CGU6, STM32WBA64CGU7, STM32WBA64CIU6, STM32WBA64CIU7, STM32WBA65CGU6, STM32WBA65CGU7, STM32WBA65CIU6, STM32WBA65CIU7, STM32WBA65I-DK1, STM32WBA65MGF6, STM32WBA65MGF7, STM32WBA65MIF6, STM32WBA65MIF7, STM32WBA65PGI6, STM32WBA65PGI7, STM32WBA65PII6, STM32WBA65PII7, STM32WBA65RGV6, STM32WBA65RGV7, STM32WBA65RIV6, STM32WBA65RIV7, STM32WL30K8V6, STM32WL30KBV6, STM32WL31C8V6, STM32WL31CBV6, STM32WL31K8V6, STM32WL31KBV6, STM32WL33C8V6, STM32WL33C8V6TR, STM32WL33C8V7, STM32WL33C8V7TR, STM32WL33CBV6, STM32WL33CBV6TR, STM32WL33CBV7, STM32WL33CBV7TR, STM32WL33CCV6, STM32WL33CCV6TR, STM32WL33CCV7, STM32WL33CCV7A, STM32WL33CCV7ATR, STM32WL33CCV7TR, STM32WL33K8V6, STM32WL33K8V6TR, STM32WL33K8V7, STM32WL33K8V7TR, STM32WL33KBV6, STM32WL33KBV6TR, STM32WL33KBV7, STM32WL33KBV7TR, STM32WL33KCV6, STM32WL33KCV6TR, STM32WL33KCV7, STM32WL33KCV7TR, STM32WL5MOCH6, STM32WL5MOCH6TR]
2025-06-18 10:42:23,134 [INFO] BoardInfo:889 - No configuration file found for board P-NUCLEO-WB55
2025-06-18 10:42:23,136 [INFO] DbBoards:161 - Kit is not supported: P-NUCLEO-WB55
2025-06-18 10:42:23,152 [INFO] BoardInfo:889 - No configuration file found for board STEVAL-BFA001V1B
2025-06-18 10:42:23,154 [INFO] DbBoards:161 - Kit is not supported: STEVAL-BFA001V1B
2025-06-18 10:42:23,157 [INFO] BoardInfo:889 - No configuration file found for board STEVAL-BFA001V2B
2025-06-18 10:42:23,159 [INFO] DbBoards:161 - Kit is not supported: STEVAL-BFA001V2B
2025-06-18 10:42:23,706 [INFO] DbBoards:168 - Found 211 boards, 208 are supported
2025-06-18 10:42:23,706 [INFO] DbBoards:169 - Found 211 boards, 43 of them is supported for  Bsp
2025-06-18 10:42:23,715 [INFO] ApiDb:668 - CubeFinder database Data Model version=2.1
2025-06-18 10:42:23,715 [INFO] ApiDb:669 - CubeFinder database Configuration version=3.0.39
2025-06-18 10:42:23,715 [INFO] ApiDb:670 - CubeFinder database generation date=2025-05-20 (1747743314)
2025-06-18 10:42:23,715 [INFO] ApiDb:671 - CubeFinder database FW Pack versions=[FP-ATR-ASTRA1_V2.0.0, FP-SNS-FLIGHT1_V5.1.0, FP-SNS-MOTENV1_V5.0.0, FP-SNS-MOTENVWB1_V1.4.0, FP-SNS-SMARTAG2_V1.2.0, FP-SNS-STBOX1_V2.0.0, STM32Cube_FW_C0_V1.4.0, STM32Cube_FW_F4_V1.28.2, STM32Cube_FW_F7_V1.17.3, STM32Cube_FW_G0_V1.6.2, STM32Cube_FW_G4_V1.6.1, STM32Cube_FW_H5_V1.5.0, STM32Cube_FW_H7RS_V1.2.0, STM32Cube_FW_H7_V1.12.1, STM32Cube_FW_L0_V1.12.2, STM32Cube_FW_L4_V1.18.1, STM32Cube_FW_L5_V1.5.1, STM32Cube_FW_N6_V1.1.1, STM32Cube_FW_U0_V1.2.0, STM32Cube_FW_U3_V1.1.0, STM32Cube_FW_U5_V1.7.0, STM32Cube_FW_WB0_V1.2.0, STM32Cube_FW_WBA_V1.6.0, STM32Cube_FW_WB_V1.22.0, STM32Cube_FW_WL3_V1.1.0, STM32Cube_FW_WL_V1.3.1, X-CUBE-ALGOBUILD_V1.4.0, X-CUBE-ALS_V1.0.2, X-CUBE-AZRTOS-F4_V1.1.0, X-CUBE-AZRTOS-F7_V1.1.0, X-CUBE-AZRTOS-G0_V1.1.0, X-CUBE-AZRTOS-G4_V2.0.0, X-CUBE-AZRTOS-H7RS_V1.1.0, X-CUBE-AZRTOS-H7_V3.3.0, X-CUBE-AZRTOS-L4_V2.0.0, X-CUBE-AZRTOS-L5_V2.0.0, X-CUBE-AZRTOS-WB_V2.0.0, X-CUBE-AZRTOS-WL_V2.0.0, X-CUBE-BLE1_V7.1.0, X-CUBE-BLE2_V3.3.0, X-CUBE-BLEMGR_V4.0.0, X-CUBE-EEPRMA1_V5.1.0, X-CUBE-FREERTOS_V1.3.1, X-CUBE-GNSS1_V6.0.0, X-CUBE-MEMS1_V11.2.0, X-CUBE-NFC4_V3.0.0, X-CUBE-NFC7_V2.0.0, X-CUBE-SFXS2LP1_V4.0.0, X-CUBE-SUBG2_V5.0.0, X-CUBE-TOF1_V3.4.3]
2025-06-18 10:42:27,785 [INFO] ApiDb:240 - Found 895 in-development CPN: [B-G473E-ZEST1S, B-WB1M-WPAN1, B-WBA5M-WPAN, B-WL5M-SUBG1, NUCLEO-C031C6, NUCLEO-C051C8, NUCLEO-C071RB, NUCLEO-C092RC, NUCLEO-H503RB, NUCLEO-H533RE, NUCLEO-H563ZI, NUCLEO-H7S3L8, NUCLEO-N657X0-Q, NUCLEO-U031R8, NUCLEO-U083RC, NUCLEO-U385RG-Q, NUCLEO-U545RE-Q, NUCLEO-U5A5ZJ-Q, NUCLEO-WB05KZ, NUCLEO-WB07CC, NUCLEO-WB09KE, NUCLEO-WBA52CG, NUCLEO-WBA55CG, NUCLEO-WBA65RI, NUCLEO-WL33CC1, NUCLEO-WL33CC2, STEVAL-PROTEUS1, STEVAL-SMARTAG2, STEVAL-STWINBX1, STM320518-EVAL, STM32C0116-DK, STM32C011D6Y3TR, STM32C011D6Y6TR, STM32C011F4P3, STM32C011F4P6, STM32C011F4U3, STM32C011F4U6TR, STM32C011F6P3, STM32C011F6P6, STM32C011F6U3, STM32C011F6U6TR, STM32C011J4M3, STM32C011J4M6, STM32C011J6M3, STM32C011J6M6, STM32C0316-DK, STM32C031C4T3, STM32C031C4T6, STM32C031C4U3, STM32C031C4U6, STM32C031C6T3, STM32C031C6T6, STM32C031C6U3, STM32C031C6U6, STM32C031F4P3, STM32C031F4P6, STM32C031F6P3, STM32C031F6P6, STM32C031G4U3, STM32C031G4U6, STM32C031G6U3, STM32C031G6U6, STM32C031K4T3, STM32C031K4T6, STM32C031K4U3, STM32C031K4U6, STM32C031K6T3, STM32C031K6T6, STM32C031K6U3, STM32C031K6U6, STM32C051C6T6, STM32C051C6U6, STM32C051C8T6, STM32C051C8U6, STM32C051D8Y6TR, STM32C051F6P6, STM32C051F8P6, STM32C051G6U6, STM32C051G8U6, STM32C051K6T6, STM32C051K6U6, STM32C051K8T6, STM32C071C8T6, STM32C071C8T6N, STM32C071C8U6, STM32C071C8U6N, STM32C071CBT6, STM32C071CBT6N, STM32C071CBU6, STM32C071CBU6N, STM32C071F8P6, STM32C071F8P6N, STM32C071FBP6, STM32C071FBP6N, STM32C071FBY6TR, STM32C071G8U6, STM32C071G8U6N, STM32C071GBU6, STM32C071GBU6N, STM32C071K8T6, STM32C071K8T6N, STM32C071K8U6, STM32C071K8U6N, STM32C071KBT6, STM32C071KBT6N, STM32C071KBU6, STM32C071KBU6N, STM32C071R8T6, STM32C071R8T6N, STM32C071RBI6N, STM32C071RBT6, STM32C071RBT6N, STM32C091CBT6, STM32C091CBU6, STM32C091CCT6, STM32C091CCU6, STM32C091ECY6TR, STM32C091FBP6, STM32C091FCP6, STM32C091GBU6, STM32C091GCU6, STM32C091KBT6, STM32C091KBU6, STM32C091KCT6, STM32C091KCU6, STM32C091RBT6, STM32C091RCI6, STM32C091RCT6, STM32C092CBT6, STM32C092CBU6, STM32C092CCT6, STM32C092CCU6, STM32C092ECY6TR, STM32C092FBP6, STM32C092FCP6, STM32C092GBU6, STM32C092GCU6, STM32C092KBT6, STM32C092KBU6, STM32C092KCT6, STM32C092KCU6, STM32C092RBT6, STM32C092RCI6, STM32C092RCT6, STM32G071K8TXN, STM32G071K8UXN, STM32G081GBU6N, STM32G081KBT6N, STM32G081KBUXN, STM32G0B1CCT6N, STM32G0B1KCT6, STM32G0B1NEY6TR, STM32G0B1RCT6N, STM32G0C1CCT6, STM32G0C1CCT6N, STM32G0C1CCU6N, STM32G0C1CET6N, STM32G0C1CEU6N, STM32G0C1KCT6, STM32G0C1NEY6TR, STM32G0C1RCI6N, STM32G0C1RCT6N, STM32G0C1REI6N, STM32G0C1RET6N, STM32G0C1VCI6, STM32G0C1VEI6, STM32G411C6T3, STM32G411C6T6, STM32G411C6U3, STM32G411C6U6, STM32G411C8T3, STM32G411C8T6, STM32G411C8U3, STM32G411C8U6, STM32G411CBT3, STM32G411CBT6, STM32G411CBU3, STM32G411CBU6, STM32G411CCT3, STM32G411CCT6, STM32G411CCU3, STM32G411CCU6, STM32G411K6T3, STM32G411K6T6, STM32G411K6U3, STM32G411K6U6, STM32G411K8T3, STM32G411K8T6, STM32G411K8U3, STM32G411K8U6, STM32G411KBT3, STM32G411KBT6, STM32G411KBU3, STM32G411KBU6, STM32G411M6T3, STM32G411M6T6, STM32G411M8T3, STM32G411M8T6, STM32G411MBT3, STM32G411MBT6, STM32G411MCT3, STM32G411MCT6, STM32G411R6T3, STM32G411R6T6, STM32G411R8T3, STM32G411R8T6, STM32G411RBT3, STM32G411RBT6, STM32G411RCT3, STM32G411RCT6, STM32G414CBT3, STM32G414CBT6, STM32G414CBU3, STM32G414CBU6, STM32G414CCT3, STM32G414CCT6, STM32G414CCU3, STM32G414CCU6, STM32G414MBT3, STM32G414MBT6, STM32G414MCT3, STM32G414MCT6, STM32G414RBT3, STM32G414RBT6, STM32G414RCT3, STM32G414RCT6, STM32G414VBT3, STM32G414VBT6, STM32G414VCT3, STM32G414VCT6, STM32G431CBT3Z, STM32G431RBT3Z, STM32G471CCT6, STM32G471CCU6, STM32G471CET3, STM32G471CET6, STM32G471CEU3, STM32G471CEU6, STM32G471MCT6, STM32G471MET3, STM32G471MET6, STM32G471MEY6TR, STM32G471QCT6, STM32G471QET3, STM32G471RCT6, STM32G471RET3, STM32G471RET6, STM32G471VCH6, STM32G471VCI6, STM32G471VCT6, STM32G471VEH3, STM32G471VEH6, STM32G471VEI3, STM32G471VEI6, STM32G471VET3, STM32G471VET6, STM32G473QET3Z, STM32G473RET3Z, STM32G474CCT6, STM32G491RET3Z, STM32H503CBT6, STM32H503CBU6, STM32H503EBY6TR, STM32H503KBU6, STM32H503RBT6, STM32H523CCT6, STM32H523CCU6, STM32H523CET6, STM32H523CEU6, STM32H523HEY6TR, STM32H523RCT6, STM32H523RET6, STM32H523VCI6, STM32H523VCT6, STM32H523VEI6, STM32H523VET6, STM32H523ZCJ6, STM32H523ZCT6, STM32H523ZEJ6, STM32H523ZET6, STM32H533CET6, STM32H533CEU6, STM32H533HEY6TR, STM32H533RET6, STM32H533VEI6, STM32H533VET6, STM32H533ZEJ6, STM32H533ZET6, STM32H562AGI6, STM32H562AII6, STM32H562IGK6, STM32H562IGT6, STM32H562IIK6, STM32H562IIT6, STM32H562RGT6, STM32H562RGV6, STM32H562RIT6, STM32H562RIV6, STM32H562VGT6, STM32H562VIT6, STM32H562ZGT6, STM32H562ZIT6, STM32H563AGI6, STM32H563AII3Q, STM32H563AII6, STM32H563IGK6, STM32H563IGT6, STM32H563IIK3Q, STM32H563IIK6, STM32H563IIT3Q, STM32H563IIT6, STM32H563MIY3QTR, STM32H563RGT6, STM32H563RGV6, STM32H563RIT6, STM32H563RIV6, STM32H563VGT6, STM32H563VIT3Q, STM32H563VIT6, STM32H563ZGT6, STM32H563ZIT3Q, STM32H563ZIT6, STM32H573AII3Q, STM32H573AII6, STM32H573I-DK, STM32H573IIK3Q, STM32H573IIK6, STM32H573IIT3Q, STM32H573IIT6, STM32H573MIY3QTR, STM32H573RIT6, STM32H573RIV6, STM32H573VIT3Q, STM32H573VIT6, STM32H573ZIT3Q, STM32H573ZIT6, STM32H7R3A8I6, STM32H7R3I8K6, STM32H7R3I8T6, STM32H7R3L8H6, STM32H7R3L8H6H, STM32H7R3R8V6, STM32H7R3V8H6, STM32H7R3V8T6, STM32H7R3V8Y6TR, STM32H7R3Z8J6, STM32H7R3Z8T6, STM32H7R7A8I6, STM32H7R7I8K6, STM32H7R7I8T6, STM32H7R7L8H6, STM32H7R7L8H6H, STM32H7R7Z8J6, STM32H7S3A8I6, STM32H7S3I8K6, STM32H7S3I8T6, STM32H7S3L8H6, STM32H7S3L8H6H, STM32H7S3R8V6, STM32H7S3V8H6, STM32H7S3V8T6, STM32H7S3V8Y6TR, STM32H7S3Z8J6, STM32H7S3Z8T6, STM32H7S78-DK, STM32H7S7A8I6, STM32H7S7I8K6, STM32H7S7I8T6, STM32H7S7L8H6, STM32H7S7L8H6H, STM32H7S7Z8J6, STM32L4R5QGI6STR, STM32MP131AAE3, STM32MP131AAF3, STM32MP131AAG3, STM32MP131CAE3, STM32MP131CAF3, STM32MP131CAG3, STM32MP131DAE7, STM32MP131DAF7, STM32MP131DAG7, STM32MP131FAE7, STM32MP131FAF7, STM32MP131FAG7, STM32MP133AAE3, STM32MP133AAF3, STM32MP133AAG3, STM32MP133CAE3, STM32MP133CAF3, STM32MP133CAG3, STM32MP133DAE7, STM32MP133DAF7, STM32MP133DAG7, STM32MP133FAE7, STM32MP133FAF7, STM32MP133FAG7, STM32MP135AAE3, STM32MP135AAF3, STM32MP135AAG3, STM32MP135CAE3, STM32MP135CAF3, STM32MP135CAG3, STM32MP135DAE7, STM32MP135DAF7, STM32MP135DAG7, STM32MP135F-DK, STM32MP135FAE7, STM32MP135FAF7, STM32MP135FAF7T, STM32MP135FAF7U, STM32MP135FAG7, STM32MP231AAJ3, STM32MP231AAK3, STM32MP231AAL3, STM32MP231CAJ3, STM32MP231CAK3, STM32MP231CAL3, STM32MP231DAJ3, STM32MP231DAK3, STM32MP231DAL3, STM32MP231FAJ3, STM32MP231FAK3, STM32MP231FAL3, STM32MP233AAJ3, STM32MP233AAK3, STM32MP233AAL3, STM32MP233CAJ3, STM32MP233CAK3, STM32MP233CAL3, STM32MP233DAJ3, STM32MP233DAK3, STM32MP233DAL3, STM32MP233FAJ3, STM32MP233FAK3, STM32MP233FAL3, STM32MP235AAJ3, STM32MP235AAK3, STM32MP235AAL3, STM32MP235CAJ3, STM32MP235CAK3, STM32MP235CAL3, STM32MP235DAJ3, STM32MP235DAK3, STM32MP235DAL3, STM32MP235FAJ3, STM32MP235FAK3, STM32MP235FAL3, STM32MP251AAI3, STM32MP251AAJ3, STM32MP251AAK3, STM32MP251AAL3, STM32MP251CAI3, STM32MP251CAJ3, STM32MP251CAK3, STM32MP251CAL3, STM32MP251DAI3, STM32MP251DAJ3, STM32MP251DAK3, STM32MP251DAL3, STM32MP251FAI3, STM32MP251FAJ3, STM32MP251FAK3, STM32MP251FAL3, STM32MP253AAI3, STM32MP253AAJ3, STM32MP253AAK3, STM32MP253AAL3, STM32MP253CAI3, STM32MP253CAJ3, STM32MP253CAK3, STM32MP253CAL3, STM32MP253DAI3, STM32MP253DAJ3, STM32MP253DAK3, STM32MP253DAL3, STM32MP253FAI3, STM32MP253FAJ3, STM32MP253FAK3, STM32MP253FAL3, STM32MP255AAI3, STM32MP255AAJ3, STM32MP255AAK3, STM32MP255AAL3, STM32MP255CAI3, STM32MP255CAJ3, STM32MP255CAK3, STM32MP255CAL3, STM32MP255DAI3, STM32MP255DAJ3, STM32MP255DAK3, STM32MP255DAL3, STM32MP255FAI3, STM32MP255FAJ3, STM32MP255FAK3, STM32MP255FAL3, STM32MP257AAI3, STM32MP257AAJ3, STM32MP257AAK3, STM32MP257AAL3, STM32MP257CAI3, STM32MP257CAJ3, STM32MP257CAK3, STM32MP257CAL3, STM32MP257DAI3, STM32MP257DAJ3, STM32MP257DAK3, STM32MP257DAL3, STM32MP257F-DK, STM32MP257F-EV1, STM32MP257FAI3, STM32MP257FAJ3, STM32MP257FAK3, STM32MP257FAL3, STM32N645A0H3Q, STM32N645B0H3Q, STM32N645I0H3Q, STM32N645L0H3Q, STM32N645X0H3Q, STM32N645Z0H3Q, STM32N647A0H3Q, STM32N647B0H3Q, STM32N647I0H3Q, STM32N647L0H3Q, STM32N647X0H3Q, STM32N647Z0H3Q, STM32N655A0H3Q, STM32N655B0H3Q, STM32N655I0H3Q, STM32N655L0H3Q, STM32N655X0H3Q, STM32N655Z0H3Q, STM32N6570-DK, STM32N657A0H3Q, STM32N657B0H3Q, STM32N657I0H3Q, STM32N657L0H3Q, STM32N657X0H3Q, STM32N657Z0H3Q, STM32U031C6T6, STM32U031C6U6, STM32U031C8T6, STM32U031C8U6, STM32U031F4P6, STM32U031F6P6, STM32U031F8P6, STM32U031G6Y6TR, STM32U031G8Y6TR, STM32U031K4U6, STM32U031K6U6, STM32U031K8U6, STM32U031R6I6, STM32U031R6T6, STM32U031R8I6, STM32U031R8T6, STM32U073C8T6, STM32U073C8U6, STM32U073CBT6, STM32U073CBU6, STM32U073CCT6, STM32U073CCU6, STM32U073H8Y6TR, STM32U073HBY6TR, STM32U073HCY6TR, STM32U073K8U6, STM32U073KBU6, STM32U073KCU6, STM32U073M8I6, STM32U073M8T6, STM32U073MBI6, STM32U073MBT6, STM32U073MCI6, STM32U073MCT6, STM32U073R8I6, STM32U073R8T6, STM32U073RBI6, STM32U073RBT6, STM32U073RCI6, STM32U073RCT6, STM32U083C-DK, STM32U083CCT6, STM32U083CCU6, STM32U083HCY6TR, STM32U083KCU6, STM32U083MCI6, STM32U083MCT6, STM32U083RCI6, STM32U083RCT6, STM32U375CET6, STM32U375CET6Q, STM32U375CEU6, STM32U375CEU6Q, STM32U375CEY6QTR, STM32U375CGT6, STM32U375CGT6Q, STM32U375CGU6, STM32U375CGU6Q, STM32U375CGY6QTR, STM32U375KEU6, STM32U375KGU6, STM32U375REI6, STM32U375REI6Q, STM32U375RET6, STM32U375RET6Q, STM32U375REY6GTR, STM32U375REY6QTR, STM32U375RGI6, STM32U375RGI6Q, STM32U375RGT6, STM32U375RGT6Q, STM32U375RGY6GTR, STM32U375RGY6QTR, STM32U375VEI6, STM32U375VEI6Q, STM32U375VET6, STM32U375VET6Q, STM32U375VGI6, STM32U375VGI6Q, STM32U375VGT6, STM32U375VGT6Q, STM32U385CGT6, STM32U385CGT6Q, STM32U385CGU6, STM32U385CGU6Q, STM32U385CGY6QTR, STM32U385KGU6, STM32U385RGI6, STM32U385RGI6Q, STM32U385RGT6, STM32U385RGT6Q, STM32U385RGY6GTR, STM32U385RGY6QTR, STM32U385VGI6, STM32U385VGI6Q, STM32U385VGT6, STM32U385VGT6Q, STM32U535CBT6, STM32U535CBT6Q, STM32U535CBU6, STM32U535CBU6Q, STM32U535CCT6, STM32U535CCT6Q, STM32U535CCU6, STM32U535CCU6Q, STM32U535CET6, STM32U535CET6Q, STM32U535CEU6, STM32U535CEU6Q, STM32U535JEY6QTR, STM32U535NCY6QTR, STM32U535NEY6QTR, STM32U535RBI6, STM32U535RBI6Q, STM32U535RBT6, STM32U535RBT6Q, STM32U535RCI6, STM32U535RCI6Q, STM32U535RCT6, STM32U535RCT6Q, STM32U535REI6, STM32U535REI6Q, STM32U535RET6, STM32U535RET6Q, STM32U535VCI6, STM32U535VCI6Q, STM32U535VCT6, STM32U535VCT6Q, STM32U535VEI6, STM32U535VEI6Q, STM32U535VET6, STM32U535VET6Q, STM32U545CET6, STM32U545CET6Q, STM32U545CEU6, STM32U545CEU6Q, STM32U545JEY6QTR, STM32U545NEY6QTR, STM32U545REI6, STM32U545REI6Q, STM32U545RET6, STM32U545RET6Q, STM32U545VEI6, STM32U545VEI6Q, STM32U545VET6, STM32U545VET6Q, STM32U595AIH6, STM32U595AIH6Q, STM32U595AJH6, STM32U595AJH6Q, STM32U595QII6, STM32U595QII6Q, STM32U595QJI6, STM32U595QJI6Q, STM32U595RIT6, STM32U595RIT6Q, STM32U595RJT6, STM32U595RJT6Q, STM32U595VIT6, STM32U595VIT6Q, STM32U595VJT6, STM32U595VJT6Q, STM32U595ZIT6, STM32U595ZIT6Q, STM32U595ZIY6QTR, STM32U595ZJT6, STM32U595ZJT6Q, STM32U595ZJY6QTR, STM32U599BJY6QTR, STM32U599NIH6Q, STM32U599NJH6Q, STM32U599VIT6Q, STM32U599VJT6, STM32U599VJT6Q, STM32U599ZIT6Q, STM32U599ZIY6QTR, STM32U599ZJT6Q, STM32U599ZJY6QTR, STM32U5A5AJH6, STM32U5A5AJH6Q, STM32U5A5QII3Q , STM32U5A5QJI6, STM32U5A5QJI6Q, STM32U5A5RJT6, STM32U5A5RJT6Q, STM32U5A5VJT6, STM32U5A5VJT6Q, STM32U5A5ZJT6, STM32U5A5ZJT6Q, STM32U5A5ZJY6QTR, STM32U5A9BJY6QTR, STM32U5A9J-DK, STM32U5A9NJH6Q, STM32U5A9VJT6Q, STM32U5A9ZJT6Q, STM32U5A9ZJY6QTR, STM32U5F7VIT6, STM32U5F7VIT6Q, STM32U5F7VJT6, STM32U5F7VJT6Q, STM32U5F9BJY6QTR, STM32U5F9NJH6Q, STM32U5F9VIT6Q, STM32U5F9VJT6Q, STM32U5F9ZIJ6QTR, STM32U5F9ZIT6Q, STM32U5F9ZJJ6QTR, STM32U5F9ZJT6Q, STM32U5G7VJT6, STM32U5G7VJT6Q, STM32U5G9BJY6QTR, STM32U5G9J-DK1, STM32U5G9J-DK2, STM32U5G9NJH6Q, STM32U5G9VJT6Q, STM32U5G9ZJJ6QTR, STM32U5G9ZJT6Q, STM32WB05KZV6TR, STM32WB05KZV7TR, STM32WB05TZF6TR, STM32WB05TZF7TR, STM32WB06CCF6TR, STM32WB06CCF7TR, STM32WB06CCV6TR, STM32WB06CCV7TR, STM32WB06KCV6TR, STM32WB06KCV7TR, STM32WB07CCF6TR, STM32WB07CCF7TR, STM32WB07CCV6TR, STM32WB07CCV7TR, STM32WB07KCV6TR, STM32WB07KCV7TR, STM32WB09KEV6TR, STM32WB09KEV7TR, STM32WB09TEF6TR, STM32WB09TEF7TR, STM32WB1MMCH6, STM32WBA50KGU6, STM32WBA50KGU6TR, STM32WBA52CEU6, STM32WBA52CEU6TR, STM32WBA52CEU7, STM32WBA52CEU7TR, STM32WBA52CGU6, STM32WBA52CGU6TR, STM32WBA52CGU6U, STM32WBA52CGU7, STM32WBA52CGU7TR, STM32WBA52KEU6, STM32WBA52KEU6TR, STM32WBA52KGU6, STM32WBA52KGU6TR, STM32WBA54CEU6, STM32WBA54CEU6TR, STM32WBA54CEU7, STM32WBA54CEU7TR, STM32WBA54CGU6, STM32WBA54CGU6TR, STM32WBA54CGU7, STM32WBA54CGU7TR, STM32WBA54KEU6, STM32WBA54KEU6TR, STM32WBA54KEU7, STM32WBA54KEU7TR, STM32WBA54KGU6, STM32WBA54KGU6TR, STM32WBA54KGU7, STM32WBA54KGU7TR, STM32WBA55CEU6, STM32WBA55CEU6TR, STM32WBA55CEU7, STM32WBA55CEU7TR, STM32WBA55CGU6, STM32WBA55CGU6TR, STM32WBA55CGU6U, STM32WBA55CGU7, STM32WBA55CGU7TR, STM32WBA55G-DK1, STM32WBA55HEF6, STM32WBA55HEF7, STM32WBA55HGF6, STM32WBA55HGF7, STM32WBA55UEI6, STM32WBA55UEI6TR, STM32WBA55UEI7, STM32WBA55UEI7TR, STM32WBA55UGI6, STM32WBA55UGI6TR, STM32WBA55UGI7, STM32WBA55UGI7TR, STM32WBA5MJGH6TR, STM32WBA62CGU6, STM32WBA62CIU6, STM32WBA62MGF6, STM32WBA62MIF6, STM32WBA62PGI6, STM32WBA62PII6, STM32WBA63CGU6, STM32WBA63CGU7, STM32WBA63CIU6, STM32WBA63CIU7, STM32WBA64CGU6, STM32WBA64CGU7, STM32WBA64CIU6, STM32WBA64CIU7, STM32WBA65CGU6, STM32WBA65CGU7, STM32WBA65CIU6, STM32WBA65CIU7, STM32WBA65I-DK1, STM32WBA65MGF6, STM32WBA65MGF7, STM32WBA65MIF6, STM32WBA65MIF7, STM32WBA65PGI6, STM32WBA65PGI7, STM32WBA65PII6, STM32WBA65PII7, STM32WBA65RGV6, STM32WBA65RGV7, STM32WBA65RIV6, STM32WBA65RIV7, STM32WL30K8V6, STM32WL30KBV6, STM32WL31C8V6, STM32WL31CBV6, STM32WL31K8V6, STM32WL31KBV6, STM32WL33C8V6, STM32WL33C8V6TR, STM32WL33C8V7, STM32WL33C8V7TR, STM32WL33CBV6, STM32WL33CBV6TR, STM32WL33CBV7, STM32WL33CBV7TR, STM32WL33CCV6, STM32WL33CCV6TR, STM32WL33CCV7, STM32WL33CCV7A, STM32WL33CCV7ATR, STM32WL33CCV7TR, STM32WL33K8V6, STM32WL33K8V6TR, STM32WL33K8V7, STM32WL33K8V7TR, STM32WL33KBV6, STM32WL33KBV6TR, STM32WL33KBV7, STM32WL33KBV7TR, STM32WL33KCV6, STM32WL33KCV6TR, STM32WL33KCV7, STM32WL33KCV7TR, STM32WL5MOCH6, STM32WL5MOCH6TR]
2025-06-18 10:42:27,794 [INFO] DbMcus:218 - Found 4686 MCUs, 4686 are supported
2025-06-18 10:42:27,796 [INFO] ApiDb:423 - Load user favorites file C:\Users\arumu/.stm32cubeide/favorites.mcus.txt: 0 item(s)
2025-06-18 10:42:27,796 [INFO] ApiDb:427 - User favorites MCUs=[]
2025-06-18 10:42:27,796 [INFO] DbMcus:224 - Set 0 / 0 favorites MCUs
2025-06-18 10:42:28,633 [INFO] ApiDb:423 - Load user favorites file C:\Users\arumu/.stm32cubeide/favorites.boards.txt: 0 item(s)
2025-06-18 10:42:28,633 [INFO] ApiDb:427 - User favorites Boards=[]
2025-06-18 10:42:28,634 [INFO] DbBoards:198 - Set 0 / 0 favorites Boards
2025-06-18 10:42:28,634 [INFO] McuFinderGlobals:76 - Set McuFinderConnectedMode to true
2025-06-18 10:42:28,646 [INFO] MultiScanPanel:200 - Auto-refresh data requested => check proxy status ongoing
2025-06-18 10:42:28,651 [INFO] FinderPluginLoader:95 - Searching for filters in installed packs
2025-06-18 10:42:31,042 [INFO] LoadUrlFilesThread:185 - End of LoadServerUrlFiles without Thread
2025-06-18 10:42:31,061 [INFO] DetailPanel:341 - Set advertising image to C:/Users/arumu/STM32Cube/Repository/\en.summit-h1-25-promotion.jpg
2025-06-18 10:42:41,419 [INFO] MultiScanPanel:200 - Auto-refresh data requested => check proxy status ongoing
2025-06-18 10:42:41,663 [INFO] LoadUrlFilesThread:185 - End of LoadServerUrlFiles without Thread
2025-06-18 10:42:41,664 [INFO] DetailPanel:341 - Set advertising image to C:/Users/arumu/STM32Cube/Repository/\en.summit-h1-25-promotion.jpg
2025-06-18 10:42:41,688 [INFO] DbBoards:642 - Loading board mini-images...
2025-06-18 10:42:41,933 [ERROR] DbBoards:659 - Image file not found for board B-WBA5M-WPAN: C:\Users\arumu\.stmcufinder\plugins\mcufinder//mcu//boards_images/B-WBA5M-WPAN.jpg
2025-06-18 10:42:45,128 [INFO] DbBoards:665 - Loaded 210 board mini-images
2025-06-18 10:42:55,655 [INFO] BoardResultTable:719 - Mark Board NUCLEO-L476RG as favorite
2025-06-18 10:43:24,184 [INFO] MainUpdater:2872 - connection check result : 10
2025-06-18 10:43:24,185 [INFO] MainUpdater:2872 - connection check result : 10
2025-06-18 10:43:24,229 [INFO] MicroXplorer:468 - Change Database Path : 
2025-06-18 10:43:24,230 [INFO] MicroXplorer:498 - Change Database Version : DB.6.0.141
2025-06-18 10:43:24,244 [WARN] ThirdParty:871 - waiting for thirdparty lock release [close project]
2025-06-18 10:43:24,245 [INFO] ThirdParty:873 - entering critical section [close project]
2025-06-18 10:43:24,248 [INFO] ThirdParty:883 - exiting critical section [close project]
2025-06-18 10:43:24,254 [INFO] PinOutPanel:1589 - setPackage(No Configuration,No Configuration)
2025-06-18 10:43:24,265 [INFO] UtilMem:75 - Begin LoadConfig() Used Memory: 501849488 Bytes (1073741824)
2025-06-18 10:43:24,277 [INFO] OpenFileManager:354 - Change cursor
2025-06-18 10:43:24,338 [INFO] ProjectFactory:442 - No CPN specified for board NUCLEO-L476RG => set CPN to STM32L476RGT3
2025-06-18 10:43:24,339 [INFO] Mcu:2011 - Initializing MCU STM32L476R(C-E-G)Tx STM32L476RGTx STM32L476RGT3
2025-06-18 10:43:28,128 [INFO] Context:756 - Trying to add GPIOservice into a context  which must be forbidden
2025-06-18 10:43:29,047 [INFO] Rule:225 - rule 117617 - U5Cobra4M][GTZC] default value MPCBB3 and MPCBB5 - Not Secured memory - MPCBB1 is applicable
2025-06-18 10:43:29,047 [INFO] Rule:225 - rule 117617 - U5Cobra4M][GTZC] default value MPCBB3 and MPCBB5 - Not Secured memory - MPCBB1 is applicable
2025-06-18 10:43:29,048 [INFO] Rule:225 - rule 117617 - U5Cobra4M][GTZC] default value MPCBB3 and MPCBB5 - Not Secured memory - MPCBB2 is applicable
2025-06-18 10:43:29,048 [INFO] Rule:225 - rule 117617 - U5Cobra4M][GTZC] default value MPCBB3 and MPCBB5 - Not Secured memory - MPCBB2 is applicable
2025-06-18 10:43:29,048 [INFO] Rule:225 - rule 117617 - U5Cobra4M][GTZC] default value MPCBB3 and MPCBB5 - Not Secured memory - MPCBB3 is applicable
2025-06-18 10:43:29,048 [INFO] Rule:225 - rule 117617 - U5Cobra4M][GTZC] default value MPCBB3 and MPCBB5 - Not Secured memory - MPCBB3 is applicable
2025-06-18 10:43:29,048 [INFO] Rule:225 - rule 117617 - U5Cobra4M][GTZC] default value MPCBB3 and MPCBB5 - Not Secured memory - MPCBB4 is applicable
2025-06-18 10:43:29,048 [INFO] Rule:225 - rule 117617 - U5Cobra4M][GTZC] default value MPCBB3 and MPCBB5 - Not Secured memory - MPCBB4 is applicable
2025-06-18 10:43:29,048 [INFO] Rule:225 - rule 117617 - U5Cobra4M][GTZC] default value MPCBB3 and MPCBB5 - Secured memory - MPCBB1 is applicable
2025-06-18 10:43:29,048 [INFO] Rule:225 - rule 117617 - U5Cobra4M][GTZC] default value MPCBB3 and MPCBB5 - Secured memory - MPCBB2 is applicable
2025-06-18 10:43:29,048 [INFO] Rule:225 - rule 117617 - U5Cobra4M][GTZC] default value MPCBB3 and MPCBB5 - Secured memory - MPCBB3 is applicable
2025-06-18 10:43:29,048 [INFO] Rule:225 - rule 117617 - U5Cobra4M][GTZC] default value MPCBB3 and MPCBB5 - Secured memory - MPCBB4 is applicable
2025-06-18 10:43:29,048 [INFO] Rule:225 - rule 117617 - U5Cobra4M][GTZC] default value MPCBB3 and MPCBB5 - Privileged memory - MPCBB1 is applicable
2025-06-18 10:43:29,049 [INFO] Rule:225 - rule 117617 - U5Cobra4M][GTZC] default value MPCBB3 and MPCBB5 - Privileged memory - MPCBB2 is applicable
2025-06-18 10:43:29,049 [INFO] Rule:225 - rule 117617 - U5Cobra4M][GTZC] default value MPCBB3 and MPCBB5 - Privileged memory - MPCBB3 is applicable
2025-06-18 10:43:29,049 [INFO] Rule:225 - rule 117617 - U5Cobra4M][GTZC] default value MPCBB3 and MPCBB5 - Privileged memory - MPCBB4 is applicable
2025-06-18 10:43:29,049 [INFO] Rule:225 - rule 117617 - U5Cobra4M][GTZC] default value MPCBB3 and MPCBB5 - Not Privileged memory - MPCBB1 is applicable
2025-06-18 10:43:29,049 [INFO] Rule:225 - rule 117617 - U5Cobra4M][GTZC] default value MPCBB3 and MPCBB5 - Not Privileged memory - MPCBB2 is applicable
2025-06-18 10:43:29,049 [INFO] Rule:225 - rule 117617 - U5Cobra4M][GTZC] default value MPCBB3 and MPCBB5 - Not Privileged memory - MPCBB3 is applicable
2025-06-18 10:43:29,049 [INFO] Rule:225 - rule 117617 - U5Cobra4M][GTZC] default value MPCBB3 and MPCBB5 - Not Privileged memory - MPCBB4 is applicable
2025-06-18 10:43:29,049 [INFO] Rule:225 - rule 117617 - U5Cobra4M][GTZC] default value MPCBB3 and MPCBB5 - Privileged memory - MPCBB1 is applicable
2025-06-18 10:43:29,049 [INFO] Rule:225 - rule 117617 - U5Cobra4M][GTZC] default value MPCBB3 and MPCBB5 - Privileged memory - MPCBB2 is applicable
2025-06-18 10:43:29,049 [INFO] Rule:225 - rule 117617 - U5Cobra4M][GTZC] default value MPCBB3 and MPCBB5 - Privileged memory - MPCBB3 is applicable
2025-06-18 10:43:29,050 [INFO] Rule:225 - rule 117617 - U5Cobra4M][GTZC] default value MPCBB3 and MPCBB5 - Privileged memory - MPCBB4 is applicable
2025-06-18 10:43:29,050 [INFO] Rule:225 - rule 117617 - U5Cobra4M][GTZC] default value MPCBB3 and MPCBB5 - Privileged memory - MPCBB1 is applicable
2025-06-18 10:43:29,050 [INFO] Rule:225 - rule 117617 - U5Cobra4M][GTZC] default value MPCBB3 and MPCBB5 - Privileged memory - MPCBB2 is applicable
2025-06-18 10:43:29,050 [INFO] Rule:225 - rule 117617 - U5Cobra4M][GTZC] default value MPCBB3 and MPCBB5 - Privileged memory - MPCBB3 is applicable
2025-06-18 10:43:29,050 [INFO] Rule:225 - rule 117617 - U5Cobra4M][GTZC] default value MPCBB3 and MPCBB5 - Privileged memory - MPCBB4 is applicable
2025-06-18 10:43:29,050 [INFO] Rule:225 - rule 117617 - U5Cobra4M][GTZC] default value MPCBB3 and MPCBB5 - Not Privileged memory - MPCBB1 is applicable
2025-06-18 10:43:29,050 [INFO] Rule:225 - rule 117617 - U5Cobra4M][GTZC] default value MPCBB3 and MPCBB5 - Not Privileged memory - MPCBB2 is applicable
2025-06-18 10:43:29,050 [INFO] Rule:225 - rule 117617 - U5Cobra4M][GTZC] default value MPCBB3 and MPCBB5 - Not Privileged memory - MPCBB3 is applicable
2025-06-18 10:43:29,050 [INFO] Rule:225 - rule 117617 - U5Cobra4M][GTZC] default value MPCBB3 and MPCBB5 - Not Privileged memory - MPCBB4 is applicable
2025-06-18 10:43:29,050 [INFO] Rule:225 - rule 117617 - U5Cobra4M][GTZC] default value MPCBB3 and MPCBB5 - Privileged memory - MPCBB1 is applicable
2025-06-18 10:43:29,051 [INFO] Rule:225 - rule 117617 - U5Cobra4M][GTZC] default value MPCBB3 and MPCBB5 - Privileged memory - MPCBB2 is applicable
2025-06-18 10:43:29,051 [INFO] Rule:225 - rule 117617 - U5Cobra4M][GTZC] default value MPCBB3 and MPCBB5 - Privileged memory - MPCBB3 is applicable
2025-06-18 10:43:29,051 [INFO] Rule:225 - rule 117617 - U5Cobra4M][GTZC] default value MPCBB3 and MPCBB5 - Privileged memory - MPCBB4 is applicable
2025-06-18 10:43:29,051 [INFO] Rule:225 - rule Rename SubGHz_Phy SUBGHZ_APPLICATION SUBGHZ_PINGPONG to SUBGHZ_ADV_APPLICATION is applicable
2025-06-18 10:43:29,051 [INFO] Rule:225 - rule Rename Enabled to IBEACON is applicable
2025-06-18 10:43:29,051 [INFO] Rule:225 - rule GTZC_S instance for project manager is applicable
2025-06-18 10:43:29,051 [INFO] Rule:225 - rule GTZC_S instance for context M33S is applicable
2025-06-18 10:43:29,051 [INFO] Rule:225 - rule GTZC_S instance value for IP GTZC is applicable
2025-06-18 10:43:29,051 [INFO] Rule:225 - rule GTZC_S instance for mcu.IP is applicable
2025-06-18 10:43:29,052 [INFO] Rule:225 - rule GTZC_S instance for VP is applicable
2025-06-18 10:43:29,052 [INFO] Rule:225 - rule GTZC_S instance for signal is applicable
2025-06-18 10:43:29,052 [INFO] Rule:225 - rule GTZC_S instance for mcu.Pin is applicable
2025-06-18 10:43:29,052 [INFO] Rule:225 - rule GTZC_S instance for VP is applicable
2025-06-18 10:43:29,052 [INFO] Rule:225 - rule GTZC_S instance for signal is applicable
2025-06-18 10:43:29,052 [INFO] Rule:225 - rule GTZC_S instance for mcu is applicable
2025-06-18 10:43:29,053 [INFO] Rule:225 - rule GTZC_S instance for mcu.Pin is applicable
2025-06-18 10:43:29,053 [INFO] Rule:225 - rule GTZC_S instance value for IP GTZC is applicable
2025-06-18 10:43:29,053 [INFO] Rule:225 - rule GTZC_S instance for project manager is applicable
2025-06-18 10:43:29,053 [INFO] Rule:225 - rule GTZC_S instance for context M33S is applicable
2025-06-18 10:43:29,053 [INFO] Rule:225 - rule GTZC_S instance for VP is applicable
2025-06-18 10:43:29,053 [INFO] Rule:225 - rule GTZC_S instance for signal is applicable
2025-06-18 10:43:29,053 [INFO] Rule:225 - rule SPDIFRX instance for mcu is applicable
2025-06-18 10:43:29,053 [INFO] Rule:225 - rule Rename Tracer Mode is applicable
2025-06-18 10:43:29,054 [INFO] Rule:225 - rule SPDIFRX instance value for IP SPDIFRX is applicable
2025-06-18 10:43:29,054 [INFO] Rule:225 - rule SPDIFRX instance for signal is applicable
2025-06-18 10:43:29,054 [INFO] Rule:225 - rule SPDIFRX instance for project manager is applicable
2025-06-18 10:43:29,054 [INFO] Rule:225 - rule SPDIFRX instance for project manager is applicable
2025-06-18 10:43:29,054 [INFO] Rule:225 - rule ADC Scan  fix with FW F7 is applicable
2025-06-18 10:43:29,055 [INFO] Rule:225 - rule ADC Scan  fix with FW F7 is applicable
2025-06-18 10:43:29,055 [INFO] Rule:225 - rule WakeUp0 Mode is applicable
2025-06-18 10:43:29,055 [INFO] Rule:225 - rule WakeUp0 SIGNAL is applicable
2025-06-18 10:43:29,055 [INFO] Rule:225 - rule WakeUp1 Mode is applicable
2025-06-18 10:43:29,055 [INFO] Rule:225 - rule WakeUp1 SIGNAL is applicable
2025-06-18 10:43:29,056 [INFO] Rule:225 - rule WakeUp2 Mode is applicable
2025-06-18 10:43:29,056 [INFO] Rule:225 - rule WakeUp2 SIGNAL is applicable
2025-06-18 10:43:29,056 [INFO] Rule:225 - rule WakeUp4 Mode is applicable
2025-06-18 10:43:29,056 [INFO] Rule:225 - rule WakeUp4 SIGNAL is applicable
2025-06-18 10:43:29,056 [INFO] Rule:225 - rule WakeUp5 Mode is applicable
2025-06-18 10:43:29,056 [INFO] Rule:225 - rule WakeUp5 SIGNAL is applicable
2025-06-18 10:43:29,056 [INFO] Rule:225 - rule Add RTC Activate Clock Source is applicable
2025-06-18 10:43:29,056 [INFO] Rule:225 - rule Add RTC Activate Calendar 1 is applicable
2025-06-18 10:43:29,056 [INFO] Rule:225 - rule Add RTC Activate Calendar 2 is applicable
2025-06-18 10:43:29,056 [INFO] Rule:225 - rule Add RTC Activate Calendar 3 is applicable
2025-06-18 10:43:29,057 [INFO] Rule:225 - rule UART/USART TX Mode is applicable
2025-06-18 10:43:29,057 [INFO] Rule:225 - rule UART/USART RX Mode is applicable
2025-06-18 10:43:29,057 [INFO] Rule:225 - rule UART/USART RX TX Mode is applicable
2025-06-18 10:43:29,057 [INFO] Rule:225 - rule UART/USART PARITY NONE is applicable
2025-06-18 10:43:29,057 [INFO] Rule:225 - rule UART/USART PARITY EVEN is applicable
2025-06-18 10:43:29,057 [INFO] Rule:225 - rule UART/USART PARITY ODD is applicable
2025-06-18 10:43:29,057 [INFO] Rule:225 - rule USART StopBits 1 is applicable
2025-06-18 10:43:29,057 [INFO] Rule:225 - rule USART StopBits 2 is applicable
2025-06-18 10:43:29,057 [INFO] Rule:225 - rule USART StopBits 1.5 is applicable
2025-06-18 10:43:29,057 [INFO] Rule:225 - rule USART StopBits 0.5 is applicable
2025-06-18 10:43:29,057 [INFO] Rule:225 - rule UART/USART WORD LENGTH 7 is applicable
2025-06-18 10:43:29,057 [INFO] Rule:225 - rule UART/USART WORD LENGTH 8 is applicable
2025-06-18 10:43:29,058 [INFO] Rule:225 - rule UART/USART WORD LENGTH 9 is applicable
2025-06-18 10:43:29,058 [INFO] Rule:225 - rule Rename FMC NAND NCE signal is applicable
2025-06-18 10:43:29,058 [INFO] Rule:225 - rule Rename FMC NAND INT signal is applicable
2025-06-18 10:43:29,058 [INFO] Rule:225 - rule Change Default Value for LSE Drive Capability for WB family is applicable
2025-06-18 10:43:29,058 [INFO] Rule:225 - rule Change Default Value for ADC Clock Prescaler G0 family is applicable
2025-06-18 10:43:29,058 [INFO] Rule:225 - rule Change Default Value for ADC ExternalTrigConv L4 family is applicable
2025-06-18 10:43:29,058 [INFO] Rule:225 - rule Change Default Value for ADC ExternalTrigInjecConv L4 family is applicable
2025-06-18 10:43:29,058 [INFO] Rule:225 - rule Change Default Value for ADC ExternalTrigConv F3 family is applicable
2025-06-18 10:43:29,058 [INFO] Rule:225 - rule Change Default Value for ADC ExternalTrigInjecConv F3 family is applicable
2025-06-18 10:43:29,058 [INFO] Rule:225 - rule Change Default Value for ADC ExternalTrigConv Goldfish serie is applicable
2025-06-18 10:43:29,058 [INFO] Rule:225 - rule Change Default Value for ADC ExternalTrigInjecConv Goldfish serie is applicable
2025-06-18 10:43:29,058 [INFO] Rule:225 - rule Change Default Value for ADC ExternalTrigConv L0 family is applicable
2025-06-18 10:43:29,059 [INFO] Rule:225 - rule Change Default Value for ADC ExternalTrigConv F0 family is applicable
2025-06-18 10:43:29,059 [INFO] Rule:225 - rule Change Default Value for ADC ExternalTrigConvn L1 family is applicable
2025-06-18 10:43:29,059 [INFO] Rule:225 - rule Change Default Value for ADC ExternalTrigInjecConv L1 family is applicable
2025-06-18 10:43:29,059 [INFO] Rule:225 - rule Change Default Value for ADC ExternalTrigConv F1 family is applicable
2025-06-18 10:43:29,059 [INFO] Rule:225 - rule Change Default Value for ADC ExternalTrigInjecConv F1 family is applicable
2025-06-18 10:43:29,059 [INFO] Rule:225 - rule Change Default Value for ADC ExternalTrigConv F7 family is applicable
2025-06-18 10:43:29,059 [INFO] Rule:225 - rule Change Default Value for ADC ExternalTrigInjecConv F7 family is applicable
2025-06-18 10:43:29,059 [INFO] Rule:225 - rule Change Default Value for ADC ExternalTrigConv F4 and F2 family is applicable
2025-06-18 10:43:29,059 [INFO] Rule:225 - rule Change Default Value for ADC ExternalTrigInjecConv F4 and F2 family is applicable
2025-06-18 10:43:29,059 [INFO] Rule:225 - rule ADC SamplingTime fix with FW L0  is applicable
2025-06-18 10:43:29,059 [INFO] Rule:225 - rule ADC SamplingTime fix with FW L0  is applicable
2025-06-18 10:43:29,060 [INFO] Rule:225 - rule ADC SamplingTime fix with FW L0 is applicable
2025-06-18 10:43:29,060 [INFO] Rule:225 - rule ADC SamplingTime fix with FW L0 is applicable
2025-06-18 10:43:29,060 [INFO] Rule:225 - rule ADC SamplingTime fix with FW L0  is applicable
2025-06-18 10:43:29,060 [INFO] Rule:225 - rule ADC SamplingTime fix with FW L0 is applicable
2025-06-18 10:43:29,060 [INFO] Rule:225 - rule Rename USB_OE Signal is applicable
2025-06-18 10:43:29,060 [INFO] Rule:225 - rule Rename Activate_OE Mode is applicable
2025-06-18 10:43:29,061 [INFO] Rule:225 - rule Rename DIE462/DIE415 pin PC14/OSC32_IN -> PC14-OSC32_IN (PC14) is applicable
2025-06-18 10:43:29,061 [INFO] Rule:225 - rule Rename DIE462/DIE415 pin PC15/OSC32_OUT -> PC15-OSC32_OUT (PC15) is applicable
2025-06-18 10:43:29,061 [INFO] Rule:225 - rule Rename DIE462/DIE415 pin PH0/OSC_IN -> PH0-OSC_IN (PH0) is applicable
2025-06-18 10:43:29,061 [INFO] Rule:225 - rule Rename DIE462/DIE415 pin PH1/OSC_OUT -> PH1-OSC_OUT (PH1) is applicable
2025-06-18 10:43:29,061 [INFO] Rule:225 - rule Rename DIE462 pin PA13 -> PA13 (JTMS/SWDIO) is applicable
2025-06-18 10:43:29,061 [INFO] Rule:225 - rule Rename DIE415 pin PA13 -> PA13 (JTMS/SWDIO) is applicable
2025-06-18 10:43:29,062 [INFO] Rule:225 - rule Rename DIE462 pin PA14 -> PA14 (JTCK/SWCLK) is applicable
2025-06-18 10:43:29,062 [INFO] Rule:225 - rule Rename DIE415 pin PA14 -> PA14 (JTCK/SWCLK) is applicable
2025-06-18 10:43:29,062 [INFO] Rule:225 - rule Rename DIE462/DIE415 pin PA15 -> PA15 (JTDI) is applicable
2025-06-18 10:43:29,062 [INFO] Rule:225 - rule Rename DIE462 pin PB3 -> PB3 (JTD0/TRACESWO) is applicable
2025-06-18 10:43:29,062 [INFO] Rule:225 - rule Rename DIE415 pin PB3 -> PB3 (JTD0-TRACESWO) is applicable
2025-06-18 10:43:29,062 [INFO] Rule:225 - rule Rename DIE462/DIE415 pin PB4 -> PB4 (NJTRST) is applicable
2025-06-18 10:43:29,062 [INFO] Rule:225 - rule Rename DIE462 pin PH3/BOOT0 -> PH3-BOOT0 (BOOT0) is applicable
2025-06-18 10:43:29,062 [INFO] Rule:225 - rule Rename CRYP DataEncryptionTypesList to Algorithm is applicable
2025-06-18 10:43:29,062 [INFO] Rule:225 - rule Rename AES DataEncryptionTypesList to Algorithm is applicable
2025-06-18 10:43:29,063 [INFO] Rule:225 - rule Rename TDESECB to CRYP_TDES_ECB is applicable
2025-06-18 10:43:29,063 [INFO] Rule:225 - rule Rename TDESCBC to CRYP_TDES_CBC is applicable
2025-06-18 10:43:29,063 [INFO] Rule:225 - rule Rename DESECB to CRYP_DES_ECB is applicable
2025-06-18 10:43:29,063 [INFO] Rule:225 - rule Rename DESCBC to CRYP_DES_CBC is applicable
2025-06-18 10:43:29,063 [INFO] Rule:225 - rule Rename AESECB to CRYP_AES_ECB is applicable
2025-06-18 10:43:29,063 [INFO] Rule:225 - rule Rename AESCBC to CRYP_AES_CBC is applicable
2025-06-18 10:43:29,063 [INFO] Rule:225 - rule Rename AESCTR to CRYP_AES_CTR is applicable
2025-06-18 10:43:29,063 [INFO] Rule:225 - rule Rename AESGCM to CRYP_AES_GCM is applicable
2025-06-18 10:43:29,064 [INFO] Rule:225 - rule Rename AESCCM to CRYP_AES_CCM is applicable
2025-06-18 10:43:29,064 [INFO] Rule:225 - rule Rename CAN TimeSeg1 to BS1 is applicable
2025-06-18 10:43:29,064 [INFO] Rule:225 - rule Rename CAN TimeSeg2 to BS2 is applicable
2025-06-18 10:43:29,064 [INFO] Rule:225 - rule Rename CAN SyncJumpWidth to SJW is applicable
2025-06-18 10:43:29,064 [INFO] Rule:225 - rule TimeTriggeredMode to TTCM is applicable
2025-06-18 10:43:29,064 [INFO] Rule:225 - rule Rename CAN AutoBusOff to ABOM is applicable
2025-06-18 10:43:29,064 [INFO] Rule:225 - rule Rename CAN AutoWakeUp to AWUM is applicable
2025-06-18 10:43:29,064 [INFO] Rule:225 - rule Rename CAN AutoRetransmission to NART is applicable
2025-06-18 10:43:29,064 [INFO] Rule:225 - rule Rename CAN ReceiveFifoLocked to RFLM is applicable
2025-06-18 10:43:29,064 [INFO] Rule:225 - rule Rename CAN TransmitFifoPriority to TXFP is applicable
2025-06-18 10:43:29,064 [INFO] Rule:225 - rule Rename HRTIMER HRTIM_OUTPUTFAULTLEVEL_HIGH in HRTIMER HRTIM_OUTPUTFAULTLEVEL_HIGHZ is applicable
2025-06-18 10:43:29,064 [INFO] Rule:225 - rule Rename TIMER TIM_CLEARINPUTSOURCE_OCREFCLR in  TIMER TIM_CLEARINPUTSOURCE_NONE for F7 family is applicable
2025-06-18 10:43:29,064 [INFO] Rule:225 - rule FDCAN_R1 - Rename FDCAN mode Master into Classic is applicable
2025-06-18 10:43:29,064 [INFO] Rule:225 - rule FDCAN_R2 - Rename FDCAN mode Slave into Classic is applicable
2025-06-18 10:43:29,065 [INFO] Rule:225 - rule FDCAN1_R3 - if PA10.Mode=FullDuplex, add Pin PA12 is applicable
2025-06-18 10:43:29,065 [INFO] Rule:225 - rule FDCAN1_R3 - if PA9.Mode=FullDuplex, add Pin PA11 is applicable
2025-06-18 10:43:29,065 [INFO] Rule:225 - rule FDCAN1_R3 - Alternatepin_1 - if PE1.Mode=FullDuplex, add Pin PB9 is applicable
2025-06-18 10:43:29,065 [INFO] Rule:225 - rule FDCAN1_R3 - Alternatepin_1 - if PE0.Mode=FullDuplex, add Pin PB8 is applicable
2025-06-18 10:43:29,065 [INFO] Rule:225 - rule FDCAN1_R3 - Alternatepin_2 - if PD5.Mode=FullDuplex, add Pin PD1 is applicable
2025-06-18 10:43:29,065 [INFO] Rule:225 - rule FDCAN1_R3 - Alternatepin_2 - if PD4.Mode=FullDuplex, add Pin PD0 is applicable
2025-06-18 10:43:29,065 [INFO] Rule:225 - rule FDCAN1_R4 - Rename Mode FullDuplex into Enable FDCAN_TXFD for pin PA10 is applicable
2025-06-18 10:43:29,066 [INFO] Rule:225 - rule FDCAN1_R4 - Rename Mode FullDuplex into Enable FDCAN_TXFD for pin PA9 is applicable
2025-06-18 10:43:29,066 [INFO] Rule:225 - rule FDCAN1_R4 - Alternatepin_1 - Rename Mode FullDuplex into Enable FDCAN_TXFD for pin PE1 is applicable
2025-06-18 10:43:29,066 [INFO] Rule:225 - rule FDCAN1_R4 - Alternatepin_1 - Rename Mode FullDuplex into Enable FDCAN_TXFD for pin PE0 is applicable
2025-06-18 10:43:29,066 [INFO] Rule:225 - rule FDCAN1_R4 - Alternatepin_2 - Rename Mode FullDuplex into Enable FDCAN_TXFD for pin PD5 is applicable
2025-06-18 10:43:29,066 [INFO] Rule:225 - rule FDCAN1_R4 - Alternatepin_2 - Rename Mode FullDuplex into Enable FDCAN_TXFD for pin PD4 is applicable
2025-06-18 10:43:29,066 [INFO] Rule:225 - rule FDCAN2_R3 - if PD10.Mode=FullDuplex, add Pin PB13 is applicable
2025-06-18 10:43:29,066 [INFO] Rule:225 - rule FDCAN2_R3 - if PD9.Mode=FullDuplex, add Pin PB12 is applicable
2025-06-18 10:43:29,066 [INFO] Rule:225 - rule FDCAN2_R3 - Alternatepin_1 - if PB7.Mode=FullDuplex, add Pin PB6 is applicable
2025-06-18 10:43:29,067 [INFO] Rule:225 - rule FDCAN2_R3 - Alternatepin_1 - if PD9.Mode=FullDuplex, add Pin PB12 is applicable
2025-06-18 10:43:29,067 [INFO] Rule:225 - rule FDCAN2_R4 - Rename Mode FullDuplex into Enable FDCAN_TXFD for pin PD10 is applicable
2025-06-18 10:43:29,067 [INFO] Rule:225 - rule FDCAN2_R4 - Rename Mode FullDuplex into Enable FDCAN_TXFD for pin PD9 is applicable
2025-06-18 10:43:29,067 [INFO] Rule:225 - rule FDCAN2_R4 - Alternatepin_1 - Rename Mode FullDuplex into Enable FDCAN_TXFD for pin PB7 is applicable
2025-06-18 10:43:29,067 [INFO] Rule:225 - rule FDCAN2_R4 - Alternatepin_1 - Rename Mode FullDuplex into Enable FDCAN_TXFD for pin PD6 is applicable
2025-06-18 10:43:29,068 [INFO] Rule:225 - rule USART TxPinLevelInvertParam Mode is applicable
2025-06-18 10:43:29,068 [INFO] Rule:225 - rule USART RxPinLevelInvertParam Mode is applicable
2025-06-18 10:43:29,068 [INFO] Rule:225 - rule USART DataInvertParam Mode is applicable
2025-06-18 10:43:29,068 [INFO] Rule:225 - rule USART SwapParam Mode is applicable
2025-06-18 10:43:29,068 [INFO] Rule:225 - rule USART OverrunDisableParam Mode is applicable
2025-06-18 10:43:29,068 [INFO] Rule:225 - rule USART DMADisableonRxErrorParam Mode is applicable
2025-06-18 10:43:29,068 [INFO] Rule:225 - rule USART MSBFirstParam Mode is applicable
2025-06-18 10:43:29,069 [INFO] Rule:225 - rule Update MwName for USB_DEVICE is applicable
2025-06-18 10:43:29,069 [INFO] Rule:225 - rule Change PWR_Regulator_Voltage_Scale Default Value for RCC  H7 family is applicable
2025-06-18 10:43:29,069 [INFO] Rule:225 - rule UART/USART IPParameter rename Prescaler parameter to ClockPrescaler is applicable
2025-06-18 10:43:29,069 [INFO] Rule:225 - rule UART/USART Prescaler rename Prescaler parameter to ClockPrescaler is applicable
2025-06-18 10:43:29,069 [INFO] Rule:225 - rule TIM1CLockSelection is applicable
2025-06-18 10:43:29,069 [INFO] Rule:225 - rule TIM15CLockSelection is applicable
2025-06-18 10:43:29,069 [INFO] Rule:225 - rule align RCC SDMMC3CLockSelection default value on MP1 is applicable
2025-06-18 10:43:29,069 [INFO] Rule:225 - rule align RCC SDMMC12CLockSelection default value on MP1 is applicable
2025-06-18 10:43:29,069 [INFO] Rule:225 - rule align RCC QSPICLockSelection default value on MP1 is applicable
2025-06-18 10:43:29,069 [INFO] Rule:225 - rule align RCC QSPICLockSelection default value on MP1 is applicable
2025-06-18 10:43:29,069 [INFO] Rule:225 - rule align RCC SPI6CLockSelection default value on MP1 is applicable
2025-06-18 10:43:29,069 [INFO] Rule:225 - rule align RCC LPTIM23CLockSelection default value on MP1 is applicable
2025-06-18 10:43:29,070 [INFO] Rule:225 - rule align RCC LPTIM1CLockSelection default value on MP1 is applicable
2025-06-18 10:43:29,070 [INFO] Rule:225 - rule align RCC USART1CLockSelection default value on MP1 is applicable
2025-06-18 10:43:29,070 [INFO] Rule:225 - rule align RCC USART24CLockSelection default value on MP1 is applicable
2025-06-18 10:43:29,070 [INFO] Rule:225 - rule align RCC USART6CLockSelection default value on MP1 is applicable
2025-06-18 10:43:29,070 [INFO] Rule:225 - rule align RCC UART78CLockSelection default value on MP1 is applicable
2025-06-18 10:43:29,070 [INFO] Rule:225 - rule align RCC USART35CLockSelection default value on MP1 is applicable
2025-06-18 10:43:29,070 [INFO] Rule:225 - rule align RCC SPI45CLockSelection default value on MP1 is applicable
2025-06-18 10:43:29,070 [INFO] Rule:225 - rule align RCC I2C46CLockSelection BCLK value on MP1 is applicable
2025-06-18 10:43:29,070 [INFO] Rule:225 - rule align RCC SPI45CLockSelection default value on MP1 is applicable
2025-06-18 10:43:29,070 [INFO] Rule:225 - rule align RCC I2C12CLockSelection default value on MP1 is applicable
2025-06-18 10:43:29,070 [INFO] Rule:225 - rule align RCC I2C35CLockSelection default value on MP1 is applicable
2025-06-18 10:43:29,070 [INFO] Rule:225 - rule align RCC LPTIM45CLockSelection default value on MP1 is applicable
2025-06-18 10:43:29,070 [INFO] Rule:225 - rule Rename DCMI PIXCK signal is applicable
2025-06-18 10:43:29,071 [INFO] Rule:225 - rule Change Default Value for I2C46CLockSelection MP1 family is applicable
2025-06-18 10:43:29,071 [INFO] Rule:225 - rule Change Default Value for UART for G4, G0 and WB families is applicable
2025-06-18 10:43:29,071 [INFO] Rule:225 - rule Change Default Value for USART for G4, G0 and WB families is applicable
2025-06-18 10:43:29,071 [INFO] Rule:225 - rule Change Default Value for USART for G4 family is applicable
2025-06-18 10:43:29,071 [INFO] Rule:225 - rule Change USART1CLockSelection refparam name for MP1 is applicable
2025-06-18 10:43:29,071 [INFO] Rule:225 - rule Change USART2CLockSelection refparam name for MP1 is applicable
2025-06-18 10:43:29,071 [INFO] Rule:225 - rule Change USART3CLockSelection refparam name for MP1 is applicable
2025-06-18 10:43:29,071 [INFO] Rule:225 - rule Change UART4CLockSelection refparam name for MP1 is applicable
2025-06-18 10:43:29,071 [INFO] Rule:225 - rule Change UART5CLockSelection refparam name for MP1 is applicable
2025-06-18 10:43:29,071 [INFO] Rule:225 - rule Change LPUART1CLockSelection refparam name for MP1 is applicable
2025-06-18 10:43:29,071 [INFO] Rule:225 - rule Change LPTIM1CLockSelection refparam name for MP1 is applicable
2025-06-18 10:43:29,071 [INFO] Rule:225 - rule Change LPTIM2CLockSelection refparam name for MP1 is applicable
2025-06-18 10:43:29,071 [INFO] Rule:225 - rule Change RCC_MCO1Source refparam name for MP1 is applicable
2025-06-18 10:43:29,072 [INFO] Rule:225 - rule Change LSCOSource1 refparam name for MP1 is applicable
2025-06-18 10:43:29,072 [INFO] Rule:225 - rule Change SMPSCLockSelection refparam name for MP1 is applicable
2025-06-18 10:43:29,072 [INFO] Rule:225 - rule Change LPTIM3CLockSelection refparam name for MP1 is applicable
2025-06-18 10:43:29,072 [INFO] Rule:225 - rule Change MPCBB* Default Template Mode to Parameters is applicable
2025-06-18 10:43:29,072 [INFO] Rule:225 - rule Change MPCWM* or MPCBB* Secure Mode to Parameters is applicable
2025-06-18 10:43:29,072 [INFO] Rule:225 - rule Change MPCWM* or MPCBB* No Secure Mode to Parameters is applicable
2025-06-18 10:43:29,072 [INFO] Rule:225 - rule Change TZSC IP Secure Mode to Parameters is applicable
2025-06-18 10:43:29,072 [INFO] Rule:225 - rule Change TZSC IP No Secure Mode to Parameters is applicable
2025-06-18 10:43:29,072 [INFO] Rule:225 - rule Change TZSC IP Privilege Mode to Parameters is applicable
2025-06-18 10:43:29,072 [INFO] Rule:225 - rule Change TZSC IP No Privilege Mode to Parameters is applicable
2025-06-18 10:43:29,072 [INFO] Rule:225 - rule Change TZIC IT Secure Mode to Parameters is applicable
2025-06-18 10:43:29,072 [INFO] Rule:225 - rule Change TZIC IT No Secure Mode to Parameters is applicable
2025-06-18 10:43:29,073 [INFO] Rule:225 - rule Add MPCBB1_NonSecureArea_Start_Address value with referenced to MPCBB1_NonSecureArea_Start value is applicable
2025-06-18 10:43:29,073 [INFO] Rule:225 - rule Add MPCBB2_NonSecureArea_Start_Address value with referenced to MPCBB2_NonSecureArea_Start value is applicable
2025-06-18 10:43:29,073 [INFO] Rule:225 - rule Add MPCWM1_NonSecureArea*_Start_Address value with referenced to MPCWM1_NonSecureArea*_Start value is applicable
2025-06-18 10:43:29,073 [INFO] Rule:225 - rule Add MPCWM2_NonSecureArea*_Start_Address value with referenced to MPCWM2_NonSecureArea*_Start value is applicable
2025-06-18 10:43:29,073 [INFO] Rule:225 - rule Add MPCWM3_NonSecureArea_Start_Address value with referenced to MPCWM3_NonSecureArea_Start value is applicable
2025-06-18 10:43:29,073 [INFO] Rule:225 - rule Change Default Value for PLL1UserDefinedConfig is applicable
2025-06-18 10:43:29,073 [INFO] Rule:225 - rule Change GPIO_PuPd Default Value for USART in async mode is applicable
2025-06-18 10:43:29,073 [INFO] Rule:225 - rule Change SMPSDivider Default Value is applicable
2025-06-18 10:43:29,074 [INFO] Rule:225 - rule OPAMP is applicable
2025-06-18 10:43:29,074 [INFO] Rule:225 - rule LPUART IPParameter rename Prescaler parameter to ClockPrescaler for STM32H7 is applicable
2025-06-18 10:43:29,074 [INFO] Rule:225 - rule LPUART IPParameter rename Prescaler parameter to ClockPrescaler for STM32H7 is applicable
2025-06-18 10:43:29,074 [INFO] Rule:225 - rule LPUART IPParameter rename Prescaler parameter to ClockPrescaler for STM32WB is applicable
2025-06-18 10:43:29,075 [INFO] Rule:225 - rule LPUART IPParameter rename Prescaler parameter to ClockPrescaler for STM32WB is applicable
2025-06-18 10:43:29,075 [INFO] Rule:225 - rule LPUART IPParameter rename Prescaler parameter to ClockPrescaler for STM32G4 is applicable
2025-06-18 10:43:29,075 [INFO] Rule:225 - rule LPUART IPParameter rename Prescaler parameter to ClockPrescaler for STM32G4 is applicable
2025-06-18 10:43:29,075 [INFO] Rule:225 - rule LPUART IPParameter rename Prescaler parameter to ClockPrescaler for STM32L5 is applicable
2025-06-18 10:43:29,075 [INFO] Rule:225 - rule LPUART IPParameter rename Prescaler parameter to ClockPrescaler for STM32L5 is applicable
2025-06-18 10:43:29,075 [INFO] Rule:225 - rule LPUART IPParameter rename Prescaler parameter to ClockPrescaler for STM32G4 is applicable
2025-06-18 10:43:29,075 [INFO] Rule:225 - rule LPUART IPParameter rename Prescaler parameter to ClockPrescaler for STM32G4 is applicable
2025-06-18 10:43:29,075 [INFO] Rule:225 - rule USB device lib V2.5.3 for L0 rename USBD_SUPPORT_USER_STRING parameter to USBD_SUPPORT_USER_STRING_DESC4 is applicable
2025-06-18 10:43:29,075 [INFO] Rule:225 - rule I2SCLockSelection clock entry align is applicable
2025-06-18 10:43:29,076 [INFO] Rule:225 - rule Assign TIMx context if used as SYS timebase is applicable
2025-06-18 10:43:29,076 [INFO] Rule:225 - rule Change GPIO_Pu Default Value for I2C is applicable
2025-06-18 10:43:29,076 [INFO] Rule:225 - rule Change GPIO_Pu Default Value for SMBus is applicable
2025-06-18 10:43:29,076 [INFO] Rule:225 - rule change FDCAN default value is applicable
2025-06-18 10:43:29,076 [INFO] Rule:225 - rule Change mode sai is applicable
2025-06-18 10:43:29,076 [INFO] Rule:225 - rule **Change sai mode is applicable
2025-06-18 10:43:29,076 [INFO] Rule:225 - rule Rename STM32WPAN CFG_BLE_IRK to CFG_BLE_IR is applicable
2025-06-18 10:43:29,076 [INFO] Rule:225 - rule Rename STM32WPAN CFG_BLE_ERK to CFG_BLE_ER is applicable
2025-06-18 10:43:29,076 [INFO] Rule:225 - rule Rename STM32WPAN CFG_BLE_IRK_HEX to CFG_BLE_IR_HEX is applicable
2025-06-18 10:43:29,076 [INFO] Rule:225 - rule Rename STM32WPAN CFG_BLE_ERK_HEX to CFG_BLE_ER_HEX is applicable
2025-06-18 10:43:29,076 [INFO] Rule:225 - rule Adapt Old IOC before rework replace old CORTEX_M33/CORTEX_M55 attributes by the new one. is applicable
2025-06-18 10:43:29,076 [INFO] Rule:225 - rule Rename parametre of RCC RCC_APBDBG_DIV2 to RCC_TIMPRES_DIV2 is applicable
2025-06-18 10:43:29,076 [INFO] Rule:225 - rule Rename DIE493 pin PA10 [PA12] -> PA10 is applicable
2025-06-18 10:43:29,077 [INFO] Rule:225 - rule Rename DIE493 pin PA9 [PA11] -> PA9 is applicable
2025-06-18 10:43:29,077 [INFO] Rule:225 - rule Adapt Old IOC CSI. is applicable
2025-06-18 10:43:29,101 [INFO] DbConfProperties:307 - Apply Compatibility (49/267 Rules)
2025-06-18 10:43:29,138 [INFO] ImportTextPane:218 - (OptionalMessage_ERROR) Unable to find key (Mcu.ThirdPartyNb) in loaded IOC file
2025-06-18 10:43:29,147 [INFO] ImportTextPane:218 - (OptionalMessage_ERROR) Pin12 (VP_RIF_VS_RIF1) cannot be retrieved for this MCU
2025-06-18 10:43:29,334 [INFO] RtosManager:558 - Registered RTOS mode: class=CMSIS, group=RTOS, mode=CMSIS_V1, owner=FREERTOS
2025-06-18 10:43:29,334 [INFO] RtosManager:558 - Registered RTOS mode: class=CMSIS, group=RTOS2, mode=CMSIS_V2, owner=FREERTOS
2025-06-18 10:43:29,334 [INFO] RtosManager:558 - Registered RTOS mode: class=RTOS, group=Core, mode=CMSIS_V1, owner=FREERTOS
2025-06-18 10:43:29,334 [INFO] RtosManager:558 - Registered RTOS mode: class=RTOS, group=Core, mode=CMSIS_V2, owner=FREERTOS
2025-06-18 10:43:29,335 [WARN] ModelIntegratedComponent:184 - Missing modes for component STMicroelectronics:FreeRTOS:0.0.1:STMicroelectronics:RTOS:FreeRTOS:Core:::10.2.0:
2025-06-18 10:43:29,366 [WARN] ModelIntegratedComponent:63 - No mode defined for component null
2025-06-18 10:43:29,367 [WARN] ModelIntegratedComponent:63 - No mode defined for component null
2025-06-18 10:43:29,367 [WARN] ModelIntegratedComponent:63 - No mode defined for component null
2025-06-18 10:43:29,367 [WARN] ModelIntegratedComponent:63 - No mode defined for component null
2025-06-18 10:43:29,367 [WARN] ModelIntegratedComponent:63 - No mode defined for component null
2025-06-18 10:43:29,367 [WARN] ModelIntegratedComponent:63 - No mode defined for component null
2025-06-18 10:43:29,367 [WARN] ModelIntegratedComponent:63 - No mode defined for component null
2025-06-18 10:43:29,367 [WARN] ModelIntegratedComponent:63 - No mode defined for component null
2025-06-18 10:43:29,367 [WARN] ModelIntegratedComponent:63 - No mode defined for component null
2025-06-18 10:43:29,367 [WARN] ModelIntegratedComponent:63 - No mode defined for component null
2025-06-18 10:43:29,367 [WARN] ModelIntegratedComponent:63 - No mode defined for component null
2025-06-18 10:43:29,367 [WARN] ModelIntegratedComponent:63 - No mode defined for component null
2025-06-18 10:43:29,368 [WARN] ModelIntegratedComponent:63 - No mode defined for component null
2025-06-18 10:43:29,368 [WARN] ModelIntegratedComponent:63 - No mode defined for component null
2025-06-18 10:43:29,368 [WARN] ModelIntegratedComponent:63 - No mode defined for component null
2025-06-18 10:43:29,368 [WARN] ModelIntegratedComponent:63 - No mode defined for component null
2025-06-18 10:43:29,368 [WARN] ModelIntegratedComponent:63 - No mode defined for component null
2025-06-18 10:43:29,368 [WARN] ModelIntegratedComponent:63 - No mode defined for component null
2025-06-18 10:43:29,368 [WARN] ModelIntegratedComponent:63 - No mode defined for component null
2025-06-18 10:43:29,368 [WARN] ModelIntegratedComponent:63 - No mode defined for component null
2025-06-18 10:43:29,368 [WARN] ModelIntegratedComponent:63 - No mode defined for component null
2025-06-18 10:43:29,368 [WARN] ModelIntegratedComponent:63 - No mode defined for component null
2025-06-18 10:43:29,369 [WARN] ModelIntegratedComponent:63 - No mode defined for component null
2025-06-18 10:43:29,369 [WARN] ModelIntegratedComponent:63 - No mode defined for component null
2025-06-18 10:43:29,369 [WARN] ModelIntegratedComponent:63 - No mode defined for component null
2025-06-18 10:43:29,369 [WARN] ModelIntegratedComponent:63 - No mode defined for component null
2025-06-18 10:43:29,369 [WARN] ModelIntegratedComponent:63 - No mode defined for component null
2025-06-18 10:43:29,369 [WARN] ModelIntegratedComponent:63 - No mode defined for component null
2025-06-18 10:43:29,369 [WARN] ModelIntegratedComponent:63 - No mode defined for component null
2025-06-18 10:43:29,369 [WARN] ModelIntegratedComponent:63 - No mode defined for component null
2025-06-18 10:43:29,369 [WARN] ModelIntegratedComponent:63 - No mode defined for component null
2025-06-18 10:43:29,369 [WARN] ModelIntegratedComponent:63 - No mode defined for component null
2025-06-18 10:43:29,369 [WARN] ModelIntegratedComponent:63 - No mode defined for component null
2025-06-18 10:43:29,369 [WARN] ModelIntegratedComponent:63 - No mode defined for component null
2025-06-18 10:43:29,369 [WARN] ModelIntegratedComponent:63 - No mode defined for component null
2025-06-18 10:43:29,370 [WARN] ModelPack:524 - Component already loaded: STMicroelectronics:HAL Drivers:0.0.0:STMicroelectronics:Device:STMicro_Driver:XSPI:HAL::0.0.1:HAL_XSPI
2025-06-18 10:43:29,536 [INFO] ThirdPartyModel:298 - Start build external matchings
2025-06-18 10:43:30,239 [INFO] ThirdPartyModel:316 - End build external matchings
2025-06-18 10:43:30,266 [INFO] ImportTextPane:218 - (OptionalMessage_ERROR) IP (RCC) : Invalid parameter (FamilyName)
2025-06-18 10:43:30,270 [INFO] ImportTextPane:218 - (OptionalMessage_ERROR) IP (RCC) : Parameter (RNGFreq_Value) has invalid value (64000000)
2025-06-18 10:43:30,270 [INFO] ImportTextPane:218 - (OptionalMessage_ERROR) IP (RCC) : Parameter (SDMMCFreq_Value) has invalid value (64000000)
2025-06-18 10:43:30,271 [INFO] ImportTextPane:218 - (OptionalMessage_ERROR) IP (RCC) : Parameter (USBFreq_Value) has invalid value (64000000)
2025-06-18 10:43:30,922 [INFO] UtilMem:75 - End LoadConfig() Used Memory: 770848192 Bytes (1073741824)
2025-06-18 10:43:31,213 [WARN] ThirdParty:833 - waiting for thirdparty lock release [change project]
2025-06-18 10:43:31,214 [INFO] ThirdParty:835 - entering critical section [change project]
2025-06-18 10:43:31,214 [INFO] ThirdParty:1030 - CMSIS Pack Vendor :STMicroelectronics USBPD 4.1
2025-06-18 10:43:31,214 [INFO] ThirdParty:1030 - CMSIS Pack Vendor :STMicroelectronics X-CUBE-AZRTOS-H7 3.3.0
2025-06-18 10:43:31,214 [INFO] ThirdParty:1030 - CMSIS Pack Vendor :STMicroelectronics X-CUBE-NFC9 1.0.0
2025-06-18 10:43:31,215 [INFO] ThirdParty:1030 - CMSIS Pack Vendor :wolfSSL I-CUBE-wolfSSL 5.8.0
2025-06-18 10:43:31,215 [INFO] ThirdParty:1030 - CMSIS Pack Vendor :STMicroelectronics USB_HOST 2.0.0
2025-06-18 10:43:31,215 [INFO] ThirdParty:1030 - CMSIS Pack Vendor :STMicroelectronics FP-SNS-MOTENVWB1 1.4.0
2025-06-18 10:43:31,215 [INFO] ThirdParty:1030 - CMSIS Pack Vendor :STMicroelectronics X-CUBE-AZRTOS-F4 1.1.0
2025-06-18 10:43:31,215 [INFO] ThirdParty:1030 - CMSIS Pack Vendor :STMicroelectronics LIBJPEG 8.0.0
2025-06-18 10:43:31,215 [INFO] ThirdParty:1030 - CMSIS Pack Vendor :STMicroelectronics FP-ATR-ASTRA1 2.0.2
2025-06-18 10:43:31,215 [INFO] ThirdParty:1030 - CMSIS Pack Vendor :STMicroelectronics X-CUBE-BLE1 7.1.0
2025-06-18 10:43:31,215 [INFO] ThirdParty:1030 - CMSIS Pack Vendor :Avnet-IotConnect X-CUBE-IoTC-DA16k-PMOD 1.0.0
2025-06-18 10:43:31,215 [INFO] ThirdParty:1030 - CMSIS Pack Vendor :STMicroelectronics X-CUBE-SMBUS 2.1.0
2025-06-18 10:43:31,215 [INFO] ThirdParty:1030 - CMSIS Pack Vendor :wolfSSL I-CUBE-wolfMQTT 1.19.2
2025-06-18 10:43:31,215 [INFO] ThirdParty:1030 - CMSIS Pack Vendor :STMicroelectronics USB_DEVICE 3.0.0
2025-06-18 10:43:31,215 [INFO] ThirdParty:1030 - CMSIS Pack Vendor :STMicroelectronics X-CUBE-ISPU 2.1.0
2025-06-18 10:43:31,215 [INFO] ThirdParty:1030 - CMSIS Pack Vendor :STMicroelectronics X-CUBE-AZRTOS-WB 2.0.0
2025-06-18 10:43:31,215 [INFO] ThirdParty:1030 - CMSIS Pack Vendor :STMicroelectronics X-CUBE-ST60 1.0.0
2025-06-18 10:43:31,215 [INFO] ThirdParty:1030 - CMSIS Pack Vendor :STMicroelectronics X-CUBE-GNSS1 7.0.1
2025-06-18 10:43:31,215 [INFO] ThirdParty:1030 - CMSIS Pack Vendor :STMicroelectronics X-CUBE-AZRTOS-F7 1.1.0
2025-06-18 10:43:31,215 [INFO] ThirdParty:1030 - CMSIS Pack Vendor :STMicroelectronics X-CUBE-AZRTOS-L5 2.0.0
2025-06-18 10:43:31,216 [INFO] ThirdParty:1030 - CMSIS Pack Vendor :STMicroelectronics X-CUBE-TOUCHGFX 4.25.0
2025-06-18 10:43:31,216 [INFO] ThirdParty:1030 - CMSIS Pack Vendor :STMicroelectronics USB_DEVICE 2.0.0
2025-06-18 10:43:31,216 [INFO] ThirdParty:1030 - CMSIS Pack Vendor :STMicroelectronics X-CUBE-NFC6 3.1.0
2025-06-18 10:43:31,216 [INFO] ThirdParty:1030 - CMSIS Pack Vendor :STMicroelectronics X-CUBE-AI 10.1.0
2025-06-18 10:43:31,216 [INFO] ThirdParty:1030 - CMSIS Pack Vendor :STMicroelectronics FP-SNS-STBOX1 2.0.0
2025-06-18 10:43:31,216 [INFO] ThirdParty:1030 - CMSIS Pack Vendor :STMicroelectronics FreeRTOS 0.0.1
2025-06-18 10:43:31,216 [INFO] ThirdParty:1030 - CMSIS Pack Vendor :STMicroelectronics X-CUBE-AZRTOS-G0 1.1.0
2025-06-18 10:43:31,216 [INFO] ThirdParty:1030 - CMSIS Pack Vendor :STMicroelectronics X-CUBE-SAFEA1 1.2.2
2025-06-18 10:43:31,216 [INFO] ThirdParty:1030 - CMSIS Pack Vendor :STMicroelectronics X-CUBE-NFC4 3.0.0
2025-06-18 10:43:31,216 [INFO] ThirdParty:1030 - CMSIS Pack Vendor :STMicroelectronics X-CUBE-SUBG2 5.0.0
2025-06-18 10:43:31,216 [INFO] ThirdParty:1030 - CMSIS Pack Vendor :STMicroelectronics X-CUBE-AZRTOS-H7RS 1.1.0
2025-06-18 10:43:31,216 [INFO] ThirdParty:1030 - CMSIS Pack Vendor :STMicroelectronics STM32_WPAN 1.0.0
2025-06-18 10:43:31,216 [INFO] ThirdParty:1030 - CMSIS Pack Vendor :EmbeddedOffice I-CUBE-FS-RTOS 1.0.1
2025-06-18 10:43:31,216 [INFO] ThirdParty:1030 - CMSIS Pack Vendor :STMicroelectronics lwIP 2.0.3
2025-06-18 10:43:31,216 [INFO] ThirdParty:1030 - CMSIS Pack Vendor :Cesanta I-CUBE-Mongoose 7.13.0
2025-06-18 10:43:31,216 [INFO] ThirdParty:1030 - CMSIS Pack Vendor :STMicroelectronics USB_HOST 1.0.0
2025-06-18 10:43:31,216 [INFO] ThirdParty:1030 - CMSIS Pack Vendor :Infineon AIROC-Wi-Fi-Bluetooth-STM32 1.7.0
2025-06-18 10:43:31,216 [INFO] ThirdParty:1030 - CMSIS Pack Vendor :STMicroelectronics X-CUBE-AZRTOS-G4 2.0.0
2025-06-18 10:43:31,217 [INFO] ThirdParty:1030 - CMSIS Pack Vendor :STMicroelectronics X-CUBE-WB05N 2.0.0
2025-06-18 10:43:31,217 [INFO] ThirdParty:1030 - CMSIS Pack Vendor :STMicroelectronics PDM2PCM 3.1.0
2025-06-18 10:43:31,217 [INFO] ThirdParty:1030 - CMSIS Pack Vendor :STMicroelectronics PDM2PCM 3.3.0
2025-06-18 10:43:31,217 [INFO] ThirdParty:1030 - CMSIS Pack Vendor :wolfSSL I-CUBE-wolfTPM 3.8.0
2025-06-18 10:43:31,217 [INFO] ThirdParty:1030 - CMSIS Pack Vendor :STMicroelectronics X-CUBE-DISPLAY 3.0.0
2025-06-18 10:43:31,217 [INFO] ThirdParty:1030 - CMSIS Pack Vendor :wolfSSL I-CUBE-wolfSSH 1.4.20
2025-06-18 10:43:31,217 [INFO] ThirdParty:1030 - CMSIS Pack Vendor :STMicroelectronics X-CUBE-NFC7 2.0.0
2025-06-18 10:43:31,217 [INFO] ThirdParty:1030 - CMSIS Pack Vendor :STMicroelectronics X-CUBE-TCPP 4.2.0
2025-06-18 10:43:31,217 [INFO] ThirdParty:1030 - CMSIS Pack Vendor :RealThread X-CUBE-RT-Thread_Nano 4.1.1
2025-06-18 10:43:31,217 [INFO] ThirdParty:1030 - CMSIS Pack Vendor :STMicroelectronics FP-ATR-SIGFOX1 3.2.0
2025-06-18 10:43:31,217 [INFO] ThirdParty:1030 - CMSIS Pack Vendor :STMicroelectronics X-CUBE-NFC10 1.0.0
2025-06-18 10:43:31,218 [INFO] ThirdParty:1030 - CMSIS Pack Vendor :STMicroelectronics X-CUBE-BLEMGR 4.0.0
2025-06-18 10:43:31,218 [INFO] ThirdParty:1030 - CMSIS Pack Vendor :STMicroelectronics X-CUBE-EEPRMA1 5.1.0
2025-06-18 10:43:31,218 [INFO] ThirdParty:1030 - CMSIS Pack Vendor :STMicroelectronics X-CUBE-FREERTOS 1.3.1
2025-06-18 10:43:31,218 [INFO] ThirdParty:1030 - CMSIS Pack Vendor :STMicroelectronics HAL Drivers 0.0.0
2025-06-18 10:43:31,218 [INFO] ThirdParty:1030 - CMSIS Pack Vendor :STMicroelectronics MBEDTLS 2.16.2
2025-06-18 10:43:31,218 [INFO] ThirdParty:1030 - CMSIS Pack Vendor :STMicroelectronics X-CUBE-IPS 3.1.0
2025-06-18 10:43:31,218 [INFO] ThirdParty:1030 - CMSIS Pack Vendor :STMicroelectronics X-CUBE-ALS 1.0.2
2025-06-18 10:43:31,218 [INFO] ThirdParty:1030 - CMSIS Pack Vendor :emotas I-CUBE-CANOPEN 1.3.0
2025-06-18 10:43:31,218 [INFO] ThirdParty:1030 - CMSIS Pack Vendor :STMicroelectronics MBEDTLS 2.14.1
2025-06-18 10:43:31,218 [INFO] ThirdParty:1030 - CMSIS Pack Vendor :ITTIA_DB I-CUBE-ITTIADB 8.9.0
2025-06-18 10:43:31,218 [INFO] ThirdParty:1030 - CMSIS Pack Vendor :portGmbH I-Cube-SoM-uGOAL 1.1.0
2025-06-18 10:43:31,219 [INFO] ThirdParty:1030 - CMSIS Pack Vendor :quantropi X-CUBE-qispace-sdk-base 2.0.0
2025-06-18 10:43:31,219 [INFO] ThirdParty:1030 - CMSIS Pack Vendor :STMicroelectronics X-CUBE-ST67W61 1.0.0
2025-06-18 10:43:31,219 [INFO] ThirdParty:1030 - CMSIS Pack Vendor :STMicroelectronics ThreadX 1.0.0
2025-06-18 10:43:31,219 [INFO] ThirdParty:1030 - CMSIS Pack Vendor :STMicroelectronics FP-SNS-SMARTAG2 1.2.0
2025-06-18 10:43:31,219 [INFO] ThirdParty:1030 - CMSIS Pack Vendor :STMicroelectronics FP-SNS-FLIGHT1 5.1.0
2025-06-18 10:43:31,219 [INFO] ThirdParty:1030 - CMSIS Pack Vendor :STMicroelectronics X-CUBE-AZRTOS-WL 2.0.0
2025-06-18 10:43:31,219 [INFO] ThirdParty:1030 - CMSIS Pack Vendor :SEGGER I-CUBE-embOS 1.3.1
2025-06-18 10:43:31,219 [INFO] ThirdParty:1030 - CMSIS Pack Vendor :STMicroelectronics X-CUBE-ALGOBUILD 1.4.0
2025-06-18 10:43:31,219 [INFO] ThirdParty:1030 - CMSIS Pack Vendor :STMicroelectronics X-CUBE-DPower 1.3.0
2025-06-18 10:43:31,219 [INFO] ThirdParty:1030 - CMSIS Pack Vendor :STMicroelectronics X-CUBE-MEMS1 11.3.0
2025-06-18 10:43:31,219 [INFO] ThirdParty:1030 - CMSIS Pack Vendor :STMicroelectronics FP-SNS-MOTENV1 5.0.0
2025-06-18 10:43:31,219 [INFO] ThirdParty:1030 - CMSIS Pack Vendor :STMicroelectronics USB_DEVICE 1.0.0
2025-06-18 10:43:31,219 [INFO] ThirdParty:1030 - CMSIS Pack Vendor :STMicroelectronics X-CUBE-AZRTOS-L4 2.0.0
2025-06-18 10:43:31,219 [INFO] ThirdParty:1030 - CMSIS Pack Vendor :STMicroelectronics ThreadX 0.0.2
2025-06-18 10:43:31,219 [INFO] ThirdParty:1030 - CMSIS Pack Vendor :WES I-CUBE-Cesium 1.3.0
2025-06-18 10:43:31,220 [INFO] ThirdParty:1030 - CMSIS Pack Vendor :STMicroelectronics lwIP 2.1.2
2025-06-18 10:43:31,220 [INFO] ThirdParty:1030 - CMSIS Pack Vendor :STMicroelectronics X-CUBE-SFXS2LP1 4.0.0
2025-06-18 10:43:31,220 [INFO] ThirdParty:1030 - CMSIS Pack Vendor :STMicroelectronics X-CUBE-BLE2 3.3.0
2025-06-18 10:43:31,220 [INFO] ThirdParty:1030 - CMSIS Pack Vendor :STMicroelectronics X-CUBE-TOF1 3.4.3
2025-06-18 10:43:31,220 [INFO] ThirdParty:1030 - CMSIS Pack Vendor :STMicroelectronics PDM2PCM 3.2.0
2025-06-18 10:43:31,220 [INFO] ThirdParty:841 - exiting critical section [change project]
2025-06-18 10:43:32,060 [INFO] PinOutPanel:1589 - setPackage(No Configuration,No Configuration)
2025-06-18 10:43:32,062 [INFO] PinOutPanel:1589 - setPackage(STM32L476RGTx,LQFP64)
2025-06-18 10:43:33,565 [INFO] UtilMem:75 - Before build in PCC Used Memory: 677373376 Bytes (1073741824)
2025-06-18 10:43:35,313 [INFO] UtilMem:75 - After build in PCC Used Memory: 775939520 Bytes (1073741824)
2025-06-18 10:43:35,372 [INFO] IPUIPlugin:80 - create IPUIPlugin
2025-06-18 10:43:35,373 [INFO] IPUIPlugin:80 - create IPUIPlugin
2025-06-18 10:43:35,373 [INFO] IPUIPlugin:80 - create IPUIPlugin
2025-06-18 10:43:35,373 [INFO] IPUIPlugin:80 - create IPUIPlugin
2025-06-18 10:43:35,374 [INFO] IPUIPlugin:80 - create IPUIPlugin
2025-06-18 10:43:35,374 [INFO] IPUIPlugin:80 - create IPUIPlugin
2025-06-18 10:43:35,374 [INFO] IPUIPlugin:80 - create IPUIPlugin
2025-06-18 10:43:35,375 [INFO] IPUIPlugin:80 - create IPUIPlugin
2025-06-18 10:43:35,375 [INFO] IPUIPlugin:80 - create IPUIPlugin
2025-06-18 10:43:35,375 [INFO] IPUIPlugin:80 - create IPUIPlugin
2025-06-18 10:43:35,375 [INFO] IPUIPlugin:80 - create IPUIPlugin
2025-06-18 10:43:35,376 [INFO] IPUIPlugin:80 - create IPUIPlugin
2025-06-18 10:43:35,376 [INFO] IPUIPlugin:80 - create IPUIPlugin
2025-06-18 10:43:35,376 [INFO] IPUIPlugin:80 - create IPUIPlugin
2025-06-18 10:43:35,376 [INFO] IPUIPlugin:80 - create IPUIPlugin
2025-06-18 10:43:35,377 [INFO] IPUIPlugin:80 - create IPUIPlugin
2025-06-18 10:43:35,377 [INFO] IPUIPlugin:80 - create IPUIPlugin
2025-06-18 10:43:35,377 [INFO] IPUIPlugin:80 - create IPUIPlugin
2025-06-18 10:43:35,378 [INFO] IPUIPlugin:80 - create IPUIPlugin
2025-06-18 10:43:35,378 [INFO] IPUIPlugin:80 - create IPUIPlugin
2025-06-18 10:43:35,379 [INFO] IPUIPlugin:80 - create IPUIPlugin
2025-06-18 10:43:35,379 [INFO] IPUIPlugin:80 - create IPUIPlugin
2025-06-18 10:43:35,380 [INFO] IPUIPlugin:80 - create IPUIPlugin
2025-06-18 10:43:35,380 [INFO] IPUIPlugin:80 - create IPUIPlugin
2025-06-18 10:43:35,381 [INFO] IPUIPlugin:80 - create IPUIPlugin
2025-06-18 10:43:35,381 [INFO] IPUIPlugin:80 - create IPUIPlugin
2025-06-18 10:43:35,382 [INFO] IPUIPlugin:80 - create IPUIPlugin
2025-06-18 10:43:35,382 [INFO] IPUIPlugin:80 - create IPUIPlugin
2025-06-18 10:43:35,382 [INFO] IPUIPlugin:80 - create IPUIPlugin
2025-06-18 10:43:35,383 [INFO] IPUIPlugin:80 - create IPUIPlugin
2025-06-18 10:43:35,383 [INFO] IPUIPlugin:80 - create IPUIPlugin
2025-06-18 10:43:35,383 [INFO] IPUIPlugin:80 - create IPUIPlugin
2025-06-18 10:43:35,383 [INFO] IPUIPlugin:80 - create IPUIPlugin
2025-06-18 10:43:35,384 [INFO] IPUIPlugin:80 - create IPUIPlugin
2025-06-18 10:43:35,384 [INFO] IPUIPlugin:80 - create IPUIPlugin
2025-06-18 10:43:35,384 [INFO] IPUIPlugin:80 - create IPUIPlugin
2025-06-18 10:43:35,385 [INFO] IPUIPlugin:80 - create IPUIPlugin
2025-06-18 10:43:35,385 [INFO] IPUIPlugin:80 - create IPUIPlugin
2025-06-18 10:43:35,385 [INFO] IPUIPlugin:80 - create IPUIPlugin
2025-06-18 10:43:35,386 [INFO] IPUIPlugin:80 - create IPUIPlugin
2025-06-18 10:43:35,386 [INFO] IPUIPlugin:80 - create IPUIPlugin
2025-06-18 10:43:35,387 [INFO] IPUIPlugin:80 - create IPUIPlugin
2025-06-18 10:43:35,388 [INFO] IPUIPlugin:80 - create IPUIPlugin
2025-06-18 10:43:35,388 [INFO] IPUIPlugin:80 - create IPUIPlugin
2025-06-18 10:43:35,389 [INFO] IPUIPlugin:80 - create IPUIPlugin
2025-06-18 10:43:35,389 [INFO] IPUIPlugin:80 - create IPUIPlugin
2025-06-18 10:43:35,389 [INFO] IPUIPlugin:80 - create IPUIPlugin
2025-06-18 10:43:35,390 [INFO] IPUIPlugin:80 - create IPUIPlugin
2025-06-18 10:43:35,390 [INFO] IPUIPlugin:80 - create IPUIPlugin
2025-06-18 10:43:35,391 [INFO] IPUIPlugin:80 - create IPUIPlugin
2025-06-18 10:43:35,392 [INFO] IPUIPlugin:80 - create IPUIPlugin
2025-06-18 10:43:35,392 [INFO] IPUIPlugin:80 - create IPUIPlugin
2025-06-18 10:43:35,393 [INFO] IPUIPlugin:80 - create IPUIPlugin
2025-06-18 10:43:35,393 [INFO] IPUIPlugin:80 - create IPUIPlugin
2025-06-18 10:43:35,394 [INFO] IPUIPlugin:80 - create IPUIPlugin
2025-06-18 10:43:35,395 [INFO] IPUIPlugin:80 - create IPUIPlugin
2025-06-18 10:43:35,396 [INFO] IPUIPlugin:80 - create IPUIPlugin
2025-06-18 10:43:35,396 [INFO] IPUIPlugin:80 - create IPUIPlugin
2025-06-18 10:43:35,397 [INFO] IPUIPlugin:80 - create IPUIPlugin
2025-06-18 10:43:35,839 [INFO] CADModel:165 - CPN selected for project levelSTM32L476RGT3
2025-06-18 10:43:35,839 [INFO] CADModel:114 - Register for checkConnection events
2025-06-18 10:43:35,919 [INFO] OpenFileManager:385 - Restore cursor
2025-06-18 10:43:37,669 [INFO] UtilMem:75 - End SaveConfig() Used Memory: 952592464 Bytes (1073741824)
2025-06-18 10:43:37,849 [INFO] UtilMem:75 - End SaveConfig() Used Memory: 976662864 Bytes (1073741824)
2025-06-18 10:43:38,665 [INFO] BlockDiagram:2775 - set Specific Code input for plugin: SYS
2025-06-18 10:43:38,665 [INFO] BlockDiagram:2775 - set Specific Code input for plugin: RCC
2025-06-18 10:43:38,665 [INFO] BlockDiagram:2775 - set Specific Code input for plugin: NVIC
2025-06-18 10:43:38,666 [INFO] BlockDiagram:2775 - set Specific Code input for plugin: USART
2025-06-18 10:43:38,666 [INFO] BlockDiagram:2775 - set Specific Code input for plugin: GPIO
2025-06-18 10:43:38,669 [INFO] CodeGenerator:882 - code generatio: config db path: C:\ST\STM32CubeIDE_1.18.1\STM32CubeIDE\plugins\com.st.stm32cube.common.mx_6.14.1.202504091515\\db\
2025-06-18 10:43:39,000 [INFO] CodeEngine:263 - oldGeneratedFile, C:\Users\arumu\STM32CubeIDE\workspace_1.18.1\motion_anomaly_detection\MXTmpFiles\license.tmp_save
2025-06-18 10:43:39,691 [INFO] CodeEngine:287 - Generated code: C:\Users\arumu\STM32CubeIDE\workspace_1.18.1\motion_anomaly_detection\MXTmpFiles\license.tmp
2025-06-18 10:43:39,863 [INFO] CodeEngine:263 - oldGeneratedFile, C:\Users\arumu\STM32CubeIDE\workspace_1.18.1\motion_anomaly_detection\MXTmpFiles\gpio.tmp_save
2025-06-18 10:43:40,118 [INFO] CodeEngine:287 - Generated code: C:\Users\arumu\STM32CubeIDE\workspace_1.18.1\motion_anomaly_detection\MXTmpFiles\gpio.tmp
2025-06-18 10:43:40,405 [INFO] CodeEngine:263 - oldGeneratedFile, C:\Users\arumu\STM32CubeIDE\workspace_1.18.1\motion_anomaly_detection\Core\Src\stm32l4xx_it.c_save
2025-06-18 10:43:40,595 [INFO] CodeEngine:287 - Generated code: C:\Users\arumu\STM32CubeIDE\workspace_1.18.1\motion_anomaly_detection\Core\Src\stm32l4xx_it.c
2025-06-18 10:43:40,604 [INFO] CodeEngine:263 - oldGeneratedFile, C:\Users\arumu\STM32CubeIDE\workspace_1.18.1\motion_anomaly_detection\Core\Inc\stm32l4xx_it.h_save
2025-06-18 10:43:40,740 [INFO] CodeEngine:287 - Generated code: C:\Users\arumu\STM32CubeIDE\workspace_1.18.1\motion_anomaly_detection\Core\Inc\stm32l4xx_it.h
2025-06-18 10:43:40,769 [INFO] CodeEngine:263 - oldGeneratedFile, C:\Users\arumu\STM32CubeIDE\workspace_1.18.1\motion_anomaly_detection\Core\Src\stm32l4xx_hal_msp.c_save
2025-06-18 10:43:40,998 [INFO] CodeEngine:287 - Generated code: C:\Users\arumu\STM32CubeIDE\workspace_1.18.1\motion_anomaly_detection\Core\Src\stm32l4xx_hal_msp.c
2025-06-18 10:43:41,009 [INFO] CodeEngine:263 - oldGeneratedFile, C:\Users\arumu\STM32CubeIDE\workspace_1.18.1\motion_anomaly_detection\MXTmpFiles\system.tmp_save
2025-06-18 10:43:41,137 [INFO] CodeEngine:287 - Generated code: C:\Users\arumu\STM32CubeIDE\workspace_1.18.1\motion_anomaly_detection\MXTmpFiles\system.tmp
2025-06-18 10:43:41,158 [INFO] CodeEngine:319 - oldGeneratedFile, C:\Users\arumu\STM32CubeIDE\workspace_1.18.1\motion_anomaly_detection\Core\Inc\stm32l4xx_hal_conf.h_save
2025-06-18 10:43:41,303 [INFO] CodeEngine:343 - Generated code: C:\Users\arumu\STM32CubeIDE\workspace_1.18.1\motion_anomaly_detection\Core\Inc\stm32l4xx_hal_conf.h
2025-06-18 10:43:41,399 [INFO] ApiDbMcu:508 - Load IP Config File for USART2
2025-06-18 10:43:41,405 [INFO] ApiDbMcu:508 - Load IP Config File for RCC
2025-06-18 10:43:41,426 [INFO] CodeEngine:263 - oldGeneratedFile, C:\Users\arumu\STM32CubeIDE\workspace_1.18.1\motion_anomaly_detection\Core\Inc\main.h_save
2025-06-18 10:43:41,593 [INFO] CodeEngine:287 - Generated code: C:\Users\arumu\STM32CubeIDE\workspace_1.18.1\motion_anomaly_detection\Core\Inc\main.h
2025-06-18 10:43:41,604 [INFO] CodeEngine:263 - oldGeneratedFile, C:\Users\arumu\STM32CubeIDE\workspace_1.18.1\motion_anomaly_detection\Core\Src\main.c_save
2025-06-18 10:43:41,846 [INFO] CodeEngine:287 - Generated code: C:\Users\arumu\STM32CubeIDE\workspace_1.18.1\motion_anomaly_detection\Core\Src\main.c
2025-06-18 10:43:42,526 [INFO] ProjectBuilder:3324 - Time for Copy HAL[1] : 360mS.
2025-06-18 10:43:42,541 [INFO] ProjectBuilder:4912 - Project Generator version: 4.6.0.1-B1
2025-06-18 10:43:42,667 [INFO] ConfigFileManager:1590 - The Die is : DIE415
2025-06-18 10:43:42,693 [INFO] ApiDbMcu:508 - Load IP Config File for FATFS
2025-06-18 10:43:42,701 [INFO] ApiDbMcu:508 - Load IP Config File for FREERTOS
2025-06-18 10:43:42,718 [INFO] ApiDbMcu:508 - Load IP Config File for TOUCHSENSING
2025-06-18 10:43:42,726 [INFO] ApiDbMcu:508 - Load IP Config File for USB_DEVICE
2025-06-18 10:43:42,732 [INFO] ApiDbMcu:508 - Load IP Config File for USB_HOST
2025-06-18 10:43:43,403 [INFO] LogOutputStream:77 - [STDOUT_REDIRECT] 
2025-06-18 10:43:47,994 [INFO] ProjectBuilder:5191 - Time for Generating toolchain IDE Files: 5452mS.
2025-06-18 10:43:47,996 [INFO] ProjectBuilder:3181 - Time for Copy CMSIS : 2mS.
2025-06-18 10:43:48,001 [INFO] ProjectBuilder:3181 - Time for Copy CMSIS : 0mS.
2025-06-18 10:43:49,310 [INFO] McuFinderGlobals:76 - Set McuFinderConnectedMode to true
2025-06-18 10:43:49,317 [INFO] ApiDb:448 - Save user favorites file C:\Users\arumu/.stm32cubeide/favorites.mcus.txt: 0 item(s)
2025-06-18 10:43:49,318 [INFO] ApiDb:452 - User favorites MCUs=[]
2025-06-18 10:43:49,321 [INFO] ApiDb:448 - Save user favorites file C:\Users\arumu/.stm32cubeide/favorites.boards.txt: 1 item(s)
2025-06-18 10:43:49,322 [INFO] ApiDb:452 - User favorites Boards=[NUCLEO-L476RG]
2025-06-18 10:45:12,905 [INFO] I2cTimingTraitement:330 - 0x10D19CE4
2025-06-18 10:45:17,971 [INFO] UtilMem:75 - End SaveConfig() Used Memory: 724445664 Bytes (1073741824)
2025-06-18 10:45:19,112 [INFO] UtilMem:75 - End SaveConfig() Used Memory: 755888192 Bytes (1073741824)
2025-06-18 10:45:22,090 [INFO] UtilMem:75 - End SaveConfig() Used Memory: 856551488 Bytes (1073741824)
2025-06-18 10:45:22,756 [INFO] BlockDiagram:2775 - set Specific Code input for plugin: SYS
2025-06-18 10:45:22,756 [INFO] BlockDiagram:2775 - set Specific Code input for plugin: RCC
2025-06-18 10:45:22,756 [INFO] BlockDiagram:2775 - set Specific Code input for plugin: I2C
2025-06-18 10:45:22,757 [INFO] BlockDiagram:2775 - set Specific Code input for plugin: NVIC
2025-06-18 10:45:22,757 [INFO] BlockDiagram:2775 - set Specific Code input for plugin: USART
2025-06-18 10:45:22,758 [INFO] BlockDiagram:2775 - set Specific Code input for plugin: GPIO
2025-06-18 10:45:22,761 [INFO] CodeGenerator:882 - code generatio: config db path: C:\ST\STM32CubeIDE_1.18.1\STM32CubeIDE\plugins\com.st.stm32cube.common.mx_6.14.1.202504091515\\db\
2025-06-18 10:45:22,906 [INFO] CodeEngine:263 - oldGeneratedFile, C:\Users\arumu\STM32CubeIDE\workspace_1.18.1\motion_anomaly_detection\MXTmpFiles\license.tmp_save
2025-06-18 10:45:23,045 [INFO] CodeEngine:287 - Generated code: C:\Users\arumu\STM32CubeIDE\workspace_1.18.1\motion_anomaly_detection\MXTmpFiles\license.tmp
2025-06-18 10:45:23,111 [INFO] CodeEngine:263 - oldGeneratedFile, C:\Users\arumu\STM32CubeIDE\workspace_1.18.1\motion_anomaly_detection\MXTmpFiles\gpio.tmp_save
2025-06-18 10:45:23,251 [INFO] CodeEngine:287 - Generated code: C:\Users\arumu\STM32CubeIDE\workspace_1.18.1\motion_anomaly_detection\MXTmpFiles\gpio.tmp
2025-06-18 10:45:23,501 [INFO] CodeEngine:263 - oldGeneratedFile, C:\Users\arumu\STM32CubeIDE\workspace_1.18.1\motion_anomaly_detection\Core\Src\stm32l4xx_it.c_save
2025-06-18 10:45:23,672 [INFO] CodeEngine:287 - Generated code: C:\Users\arumu\STM32CubeIDE\workspace_1.18.1\motion_anomaly_detection\Core\Src\stm32l4xx_it.c
2025-06-18 10:45:23,685 [INFO] CodeEngine:263 - oldGeneratedFile, C:\Users\arumu\STM32CubeIDE\workspace_1.18.1\motion_anomaly_detection\Core\Inc\stm32l4xx_it.h_save
2025-06-18 10:45:23,811 [INFO] CodeEngine:287 - Generated code: C:\Users\arumu\STM32CubeIDE\workspace_1.18.1\motion_anomaly_detection\Core\Inc\stm32l4xx_it.h
2025-06-18 10:45:23,843 [INFO] CodeEngine:263 - oldGeneratedFile, C:\Users\arumu\STM32CubeIDE\workspace_1.18.1\motion_anomaly_detection\Core\Src\stm32l4xx_hal_msp.c_save
2025-06-18 10:45:24,025 [INFO] CodeEngine:287 - Generated code: C:\Users\arumu\STM32CubeIDE\workspace_1.18.1\motion_anomaly_detection\Core\Src\stm32l4xx_hal_msp.c
2025-06-18 10:45:24,036 [INFO] CodeEngine:263 - oldGeneratedFile, C:\Users\arumu\STM32CubeIDE\workspace_1.18.1\motion_anomaly_detection\MXTmpFiles\system.tmp_save
2025-06-18 10:45:24,145 [INFO] CodeEngine:287 - Generated code: C:\Users\arumu\STM32CubeIDE\workspace_1.18.1\motion_anomaly_detection\MXTmpFiles\system.tmp
2025-06-18 10:45:24,167 [INFO] CodeEngine:319 - oldGeneratedFile, C:\Users\arumu\STM32CubeIDE\workspace_1.18.1\motion_anomaly_detection\Core\Inc\stm32l4xx_hal_conf.h_save
2025-06-18 10:45:24,299 [INFO] CodeEngine:343 - Generated code: C:\Users\arumu\STM32CubeIDE\workspace_1.18.1\motion_anomaly_detection\Core\Inc\stm32l4xx_hal_conf.h
2025-06-18 10:45:24,345 [INFO] ApiDbMcu:508 - Load IP Config File for I2C1
2025-06-18 10:45:24,368 [INFO] CodeEngine:263 - oldGeneratedFile, C:\Users\arumu\STM32CubeIDE\workspace_1.18.1\motion_anomaly_detection\Core\Inc\main.h_save
2025-06-18 10:45:24,495 [INFO] CodeEngine:287 - Generated code: C:\Users\arumu\STM32CubeIDE\workspace_1.18.1\motion_anomaly_detection\Core\Inc\main.h
2025-06-18 10:45:24,509 [INFO] CodeEngine:263 - oldGeneratedFile, C:\Users\arumu\STM32CubeIDE\workspace_1.18.1\motion_anomaly_detection\Core\Src\main.c_save
2025-06-18 10:45:24,696 [INFO] CodeEngine:287 - Generated code: C:\Users\arumu\STM32CubeIDE\workspace_1.18.1\motion_anomaly_detection\Core\Src\main.c
2025-06-18 10:45:25,301 [INFO] ProjectBuilder:3324 - Time for Copy HAL[1] : 331mS.
2025-06-18 10:45:25,308 [INFO] ProjectBuilder:4912 - Project Generator version: 4.6.0.1-B1
2025-06-18 10:45:25,427 [INFO] ConfigFileManager:1590 - The Die is : DIE415
2025-06-18 10:45:26,904 [INFO] ProjectBuilder:5191 - Time for Generating toolchain IDE Files: 1595mS.
2025-06-18 10:45:26,905 [INFO] ProjectBuilder:3181 - Time for Copy CMSIS : 1mS.
2025-06-18 10:45:26,911 [INFO] ProjectBuilder:3181 - Time for Copy CMSIS : 0mS.
2025-06-18 11:21:40,167 [INFO] WebApp:194 - Connection lost
2025-06-18 11:23:36,699 [INFO] WebApp:191 - Connection restablished
2025-06-18 11:24:24,124 [INFO] WebApp:194 - Connection lost
2025-06-18 11:26:28,038 [ERROR] ConfigurationRetriever:142 - IOException on connection: sw-center.st.com
2025-06-18 11:26:28,047 [ERROR] ConfigurationRetriever:142 - IOException on connection: sw-center.st.com
2025-06-18 11:26:28,048 [ERROR] ConfigurationRetriever:142 - IOException on connection: sw-center.st.com
2025-06-18 11:26:37,557 [ERROR] ConfigurationRetriever:142 - IOException on connection: sw-center.st.com
2025-06-18 11:26:37,557 [ERROR] ConfigurationRetriever:142 - IOException on connection: sw-center.st.com
2025-06-18 11:26:37,558 [ERROR] ConfigurationRetriever:142 - IOException on connection: sw-center.st.com
2025-06-18 11:30:29,420 [INFO] WebApp:191 - Connection restablished
2025-06-18 11:30:31,612 [INFO] WebApp:194 - Connection lost
2025-06-18 11:30:31,886 [INFO] WebApp:191 - Connection restablished
2025-06-18 12:03:14,249 [INFO] UtilMem:75 - End SaveConfig() Used Memory: 725991800 Bytes (1073741824)
2025-06-18 12:03:14,682 [INFO] BlockDiagram:2775 - set Specific Code input for plugin: SYS
2025-06-18 12:03:14,683 [INFO] BlockDiagram:2775 - set Specific Code input for plugin: RCC
2025-06-18 12:03:14,683 [INFO] BlockDiagram:2775 - set Specific Code input for plugin: I2C
2025-06-18 12:03:14,683 [INFO] BlockDiagram:2775 - set Specific Code input for plugin: NVIC
2025-06-18 12:03:14,683 [INFO] BlockDiagram:2775 - set Specific Code input for plugin: USART
2025-06-18 12:03:14,684 [INFO] BlockDiagram:2775 - set Specific Code input for plugin: GPIO
2025-06-18 12:03:14,689 [INFO] CodeGenerator:882 - code generatio: config db path: C:\ST\STM32CubeIDE_1.18.1\STM32CubeIDE\plugins\com.st.stm32cube.common.mx_6.14.1.202504091515\\db\
2025-06-18 12:03:14,883 [INFO] CodeEngine:263 - oldGeneratedFile, C:\Users\arumu\STM32CubeIDE\workspace_1.18.1\motion_anomaly_detection\MXTmpFiles\license.tmp_save
2025-06-18 12:03:15,024 [INFO] CodeEngine:287 - Generated code: C:\Users\arumu\STM32CubeIDE\workspace_1.18.1\motion_anomaly_detection\MXTmpFiles\license.tmp
2025-06-18 12:03:15,086 [INFO] CodeEngine:263 - oldGeneratedFile, C:\Users\arumu\STM32CubeIDE\workspace_1.18.1\motion_anomaly_detection\MXTmpFiles\gpio.tmp_save
2025-06-18 12:03:15,203 [INFO] CodeEngine:287 - Generated code: C:\Users\arumu\STM32CubeIDE\workspace_1.18.1\motion_anomaly_detection\MXTmpFiles\gpio.tmp
2025-06-18 12:03:15,417 [INFO] CodeEngine:263 - oldGeneratedFile, C:\Users\arumu\STM32CubeIDE\workspace_1.18.1\motion_anomaly_detection\Core\Src\stm32l4xx_it.c_save
2025-06-18 12:03:15,720 [INFO] CodeEngine:287 - Generated code: C:\Users\arumu\STM32CubeIDE\workspace_1.18.1\motion_anomaly_detection\Core\Src\stm32l4xx_it.c
2025-06-18 12:03:15,733 [INFO] CodeEngine:263 - oldGeneratedFile, C:\Users\arumu\STM32CubeIDE\workspace_1.18.1\motion_anomaly_detection\Core\Inc\stm32l4xx_it.h_save
2025-06-18 12:03:15,810 [INFO] CodeEngine:287 - Generated code: C:\Users\arumu\STM32CubeIDE\workspace_1.18.1\motion_anomaly_detection\Core\Inc\stm32l4xx_it.h
2025-06-18 12:03:15,832 [INFO] CodeEngine:263 - oldGeneratedFile, C:\Users\arumu\STM32CubeIDE\workspace_1.18.1\motion_anomaly_detection\Core\Src\stm32l4xx_hal_msp.c_save
2025-06-18 12:03:15,957 [INFO] CodeEngine:287 - Generated code: C:\Users\arumu\STM32CubeIDE\workspace_1.18.1\motion_anomaly_detection\Core\Src\stm32l4xx_hal_msp.c
2025-06-18 12:03:15,965 [INFO] CodeEngine:263 - oldGeneratedFile, C:\Users\arumu\STM32CubeIDE\workspace_1.18.1\motion_anomaly_detection\MXTmpFiles\system.tmp_save
2025-06-18 12:03:16,029 [INFO] CodeEngine:287 - Generated code: C:\Users\arumu\STM32CubeIDE\workspace_1.18.1\motion_anomaly_detection\MXTmpFiles\system.tmp
2025-06-18 12:03:16,047 [INFO] CodeEngine:319 - oldGeneratedFile, C:\Users\arumu\STM32CubeIDE\workspace_1.18.1\motion_anomaly_detection\Core\Inc\stm32l4xx_hal_conf.h_save
2025-06-18 12:03:16,124 [INFO] CodeEngine:343 - Generated code: C:\Users\arumu\STM32CubeIDE\workspace_1.18.1\motion_anomaly_detection\Core\Inc\stm32l4xx_hal_conf.h
2025-06-18 12:03:16,174 [INFO] CodeEngine:263 - oldGeneratedFile, C:\Users\arumu\STM32CubeIDE\workspace_1.18.1\motion_anomaly_detection\Core\Inc\main.h_save
2025-06-18 12:03:16,284 [INFO] CodeEngine:287 - Generated code: C:\Users\arumu\STM32CubeIDE\workspace_1.18.1\motion_anomaly_detection\Core\Inc\main.h
2025-06-18 12:03:16,296 [INFO] CodeEngine:263 - oldGeneratedFile, C:\Users\arumu\STM32CubeIDE\workspace_1.18.1\motion_anomaly_detection\Core\Src\main.c_save
2025-06-18 12:03:16,402 [INFO] CodeEngine:287 - Generated code: C:\Users\arumu\STM32CubeIDE\workspace_1.18.1\motion_anomaly_detection\Core\Src\main.c
2025-06-18 12:03:16,969 [INFO] ProjectBuilder:3324 - Time for Copy HAL[1] : 271mS.
2025-06-18 12:03:16,974 [INFO] ProjectBuilder:4912 - Project Generator version: 4.6.0.1-B1
2025-06-18 12:03:17,056 [INFO] ConfigFileManager:1590 - The Die is : DIE415
2025-06-18 12:03:18,454 [INFO] ProjectBuilder:5191 - Time for Generating toolchain IDE Files: 1480mS.
2025-06-18 12:03:18,456 [INFO] ProjectBuilder:3181 - Time for Copy CMSIS : 1mS.
2025-06-18 12:03:18,463 [INFO] ProjectBuilder:3181 - Time for Copy CMSIS : 1mS.
2025-06-18 12:18:27,002 [INFO] MainUpdater:2872 - connection check result : 10
2025-06-18 12:18:27,224 [INFO] McuFinderGlobals:76 - Set McuFinderConnectedMode to true
2025-06-18 12:18:27,233 [INFO] MultiScanPanel:200 - Auto-refresh data requested => check proxy status ongoing
2025-06-18 12:18:27,238 [INFO] FinderPluginLoader:95 - Searching for filters in installed packs
2025-06-18 12:18:29,680 [INFO] LoadUrlFilesThread:185 - End of LoadServerUrlFiles without Thread
2025-06-18 12:18:29,681 [INFO] DetailPanel:341 - Set advertising image to C:/Users/arumu/STM32Cube/Repository/\en.summit-h1-25-promotion.jpg
2025-06-18 12:19:07,820 [INFO] MultiScanPanel:200 - Auto-refresh data requested => check proxy status ongoing
2025-06-18 12:19:07,893 [INFO] LoadUrlFilesThread:185 - End of LoadServerUrlFiles without Thread
2025-06-18 12:19:07,893 [INFO] DetailPanel:341 - Set advertising image to C:/Users/arumu/STM32Cube/Repository/\en.summit-h1-25-promotion.jpg
2025-06-18 12:19:43,952 [INFO] MainUpdater:2872 - connection check result : 10
2025-06-18 12:19:43,952 [INFO] MainUpdater:2872 - connection check result : 10
2025-06-18 12:19:44,265 [INFO] I2cTimingTraitement:330 - 0x10D19CE4
2025-06-18 12:19:44,288 [INFO] MicroXplorer:468 - Change Database Path : 
2025-06-18 12:19:44,289 [INFO] MicroXplorer:498 - Change Database Version : DB.6.0.141
2025-06-18 12:19:44,338 [ERROR] ProjectManagerView:395 - 
java.lang.NullPointerException: Cannot invoke "javax.swing.JTextField.getText()" because the return value of "java.util.List.get(int)" is null
	at com.st.microxplorer.plugins.projectmanager.gui.ProjectChoiceTab$9.caretUpdate(ProjectChoiceTab.java:2678) ~[filemanager.jar:?]
	at javax.swing.text.JTextComponent.fireCaretUpdate(JTextComponent.java:408) ~[?:?]
	at javax.swing.text.JTextComponent$MutableCaretEvent.fire(JTextComponent.java:4484) ~[?:?]
	at javax.swing.text.JTextComponent$MutableCaretEvent.stateChanged(JTextComponent.java:4506) ~[?:?]
	at javax.swing.text.DefaultCaret.fireStateChanged(DefaultCaret.java:857) ~[?:?]
	at javax.swing.text.DefaultCaret.changeCaretPosition(DefaultCaret.java:1343) ~[?:?]
	at javax.swing.text.DefaultCaret.handleSetDot(DefaultCaret.java:1242) ~[?:?]
	at javax.swing.text.DefaultCaret.setDot(DefaultCaret.java:1223) ~[?:?]
	at javax.swing.text.DefaultCaret$Handler.insertUpdate(DefaultCaret.java:1819) ~[?:?]
	at javax.swing.text.AbstractDocument.fireInsertUpdate(AbstractDocument.java:227) ~[?:?]
	at javax.swing.text.AbstractDocument.handleInsertString(AbstractDocument.java:781) ~[?:?]
	at javax.swing.text.AbstractDocument.insertString(AbstractDocument.java:740) ~[?:?]
	at javax.swing.text.PlainDocument.insertString(PlainDocument.java:131) ~[?:?]
	at javax.swing.text.AbstractDocument.replace(AbstractDocument.java:699) ~[?:?]
	at javax.swing.text.JTextComponent.setText(JTextComponent.java:1725) ~[?:?]
	at com.st.microxplorer.plugins.projectmanager.gui.ProjectChoiceTab.createHeapStackFields(ProjectChoiceTab.java:979) ~[filemanager.jar:?]
	at com.st.microxplorer.plugins.projectmanager.gui.ProjectChoiceTab.buildLinkSettingsPanel(ProjectChoiceTab.java:3766) ~[filemanager.jar:?]
	at com.st.microxplorer.plugins.projectmanager.gui.ProjectChoiceTab.defineWindowsFields(ProjectChoiceTab.java:1962) ~[filemanager.jar:?]
	at com.st.microxplorer.plugins.projectmanager.gui.ProjectChoiceTab.updateSettings(ProjectChoiceTab.java:555) ~[filemanager.jar:?]
	at com.st.microxplorer.plugins.projectmanager.gui.ProjectSettingsPanel.UpdateDialog(ProjectSettingsPanel.java:245) ~[filemanager.jar:?]
	at com.st.microxplorer.plugins.projectmanager.ProjectManagerView.propertyChange(ProjectManagerView.java:392) ~[filemanager.jar:?]
	at java.beans.PropertyChangeSupport.fire(PropertyChangeSupport.java:343) ~[?:?]
	at java.beans.PropertyChangeSupport.firePropertyChange(PropertyChangeSupport.java:335) ~[?:?]
	at java.beans.PropertyChangeSupport.firePropertyChange(PropertyChangeSupport.java:268) ~[?:?]
	at com.st.microxplorer.util.MXPropertyChangeSupport.firePropertyChange(MXPropertyChangeSupport.java:54) ~[STM32CubeMX.jar:?]
	at com.st.microxplorer.mxsystem.MxSystem.closeConfig(MxSystem.java:899) ~[STM32CubeMX.jar:?]
	at com.st.microxplorer.maingui.MainPanel.closeConfig(MainPanel.java:789) ~[STM32CubeMX.jar:?]
	at com.st.microxplorer.plugins.filemanager.engine.OpenFileManager.loadConfigurationFile(OpenFileManager.java:287) ~[filemanager.jar:?]
	at com.st.microxplorer.plugins.filemanager.engine.MainFileManager.userLoadConfig(MainFileManager.java:341) ~[filemanager.jar:?]
	at com.st.microxplorer.plugins.filemanager.FileManagerView.getSpecificTask(FileManagerView.java:250) ~[filemanager.jar:?]
	at com.st.stm32cube.common.mx.editor.CubeMxEditor.getMxTabbedPaneInstance(CubeMxEditor.java:1191) ~[com.st.stm32cube.common.mx_6.14.1.202504091515/:?]
	at com.st.stm32cube.common.mx.editor.CubeMxEditor$12$1.createSwingComponent(CubeMxEditor.java:1068) ~[com.st.stm32cube.common.mx_6.14.1.202504091515/:?]
	at com.st.stm32cube.common.mx.oss.core.awtswtbridge.EmbeddedSwingComposite.doComponentCreation(EmbeddedSwingComposite.java:492) ~[com.st.stm32cube.common.mx.oss_6.14.1.202504091515/:?]
	at com.st.stm32cube.common.mx.oss.core.awtswtbridge.EmbeddedSwingComposite$4.run(EmbeddedSwingComposite.java:291) ~[com.st.stm32cube.common.mx.oss_6.14.1.202504091515/:?]
	at com.st.stm32cube.common.mx.oss.core.awtswtbridge.AwtEnvironment$2.run(AwtEnvironment.java:166) ~[com.st.stm32cube.common.mx.oss_6.14.1.202504091515/:?]
	at java.awt.event.InvocationEvent.dispatch(InvocationEvent.java:318) ~[?:?]
	at java.awt.EventQueue.dispatchEventImpl(EventQueue.java:773) ~[?:?]
	at java.awt.EventQueue$4.run(EventQueue.java:720) ~[?:?]
	at java.awt.EventQueue$4.run(EventQueue.java:714) ~[?:?]
	at java.security.AccessController.doPrivileged(AccessController.java:400) ~[?:?]
	at java.security.ProtectionDomain$JavaSecurityAccessImpl.doIntersectionPrivilege(ProtectionDomain.java:87) ~[?:?]
	at java.awt.EventQueue.dispatchEvent(EventQueue.java:742) ~[?:?]
	at java.awt.EventDispatchThread.pumpOneEventForFilters(EventDispatchThread.java:203) ~[?:?]
	at java.awt.EventDispatchThread.pumpEventsForFilter(EventDispatchThread.java:124) ~[?:?]
	at java.awt.EventDispatchThread.pumpEventsForHierarchy(EventDispatchThread.java:113) ~[?:?]
	at java.awt.EventDispatchThread.pumpEvents(EventDispatchThread.java:109) ~[?:?]
	at java.awt.EventDispatchThread.pumpEvents(EventDispatchThread.java:101) ~[?:?]
	at java.awt.EventDispatchThread.run(EventDispatchThread.java:90) ~[?:?]
2025-06-18 12:19:44,388 [WARN] ThirdParty:871 - waiting for thirdparty lock release [close project]
2025-06-18 12:19:44,388 [INFO] ThirdParty:873 - entering critical section [close project]
2025-06-18 12:19:44,389 [INFO] ThirdParty:883 - exiting critical section [close project]
2025-06-18 12:19:44,397 [INFO] PinOutPanel:1589 - setPackage(No Configuration,No Configuration)
2025-06-18 12:19:44,443 [INFO] UtilMem:75 - Begin LoadConfig() Used Memory: 854660184 Bytes (1073741824)
2025-06-18 12:19:44,446 [INFO] OpenFileManager:354 - Change cursor
2025-06-18 12:19:44,474 [INFO] RulesReader:64 - Compatibility file has been processed (302 Rules)
2025-06-18 12:19:44,487 [INFO] ProjectFactory:442 - No CPN specified for board NUCLEO-L476RG => set CPN to STM32L476RGT3
2025-06-18 12:19:44,488 [INFO] Mcu:2011 - Initializing MCU STM32L476R(C-E-G)Tx STM32L476RGTx STM32L476RGT3
2025-06-18 12:19:47,188 [INFO] Context:756 - Trying to add GPIOservice into a context  which must be forbidden
2025-06-18 12:19:48,074 [INFO] Rule:225 - rule 117617 - U5Cobra4M][GTZC] default value MPCBB3 and MPCBB5 - Not Secured memory - MPCBB1 is applicable
2025-06-18 12:19:48,074 [INFO] Rule:225 - rule 117617 - U5Cobra4M][GTZC] default value MPCBB3 and MPCBB5 - Not Secured memory - MPCBB1 is applicable
2025-06-18 12:19:48,074 [INFO] Rule:225 - rule 117617 - U5Cobra4M][GTZC] default value MPCBB3 and MPCBB5 - Not Secured memory - MPCBB2 is applicable
2025-06-18 12:19:48,074 [INFO] Rule:225 - rule 117617 - U5Cobra4M][GTZC] default value MPCBB3 and MPCBB5 - Not Secured memory - MPCBB2 is applicable
2025-06-18 12:19:48,074 [INFO] Rule:225 - rule 117617 - U5Cobra4M][GTZC] default value MPCBB3 and MPCBB5 - Not Secured memory - MPCBB3 is applicable
2025-06-18 12:19:48,074 [INFO] Rule:225 - rule 117617 - U5Cobra4M][GTZC] default value MPCBB3 and MPCBB5 - Not Secured memory - MPCBB3 is applicable
2025-06-18 12:19:48,075 [INFO] Rule:225 - rule 117617 - U5Cobra4M][GTZC] default value MPCBB3 and MPCBB5 - Not Secured memory - MPCBB4 is applicable
2025-06-18 12:19:48,075 [INFO] Rule:225 - rule 117617 - U5Cobra4M][GTZC] default value MPCBB3 and MPCBB5 - Not Secured memory - MPCBB4 is applicable
2025-06-18 12:19:48,075 [INFO] Rule:225 - rule 117617 - U5Cobra4M][GTZC] default value MPCBB3 and MPCBB5 - Secured memory - MPCBB1 is applicable
2025-06-18 12:19:48,075 [INFO] Rule:225 - rule 117617 - U5Cobra4M][GTZC] default value MPCBB3 and MPCBB5 - Secured memory - MPCBB2 is applicable
2025-06-18 12:19:48,075 [INFO] Rule:225 - rule 117617 - U5Cobra4M][GTZC] default value MPCBB3 and MPCBB5 - Secured memory - MPCBB3 is applicable
2025-06-18 12:19:48,075 [INFO] Rule:225 - rule 117617 - U5Cobra4M][GTZC] default value MPCBB3 and MPCBB5 - Secured memory - MPCBB4 is applicable
2025-06-18 12:19:48,075 [INFO] Rule:225 - rule 117617 - U5Cobra4M][GTZC] default value MPCBB3 and MPCBB5 - Privileged memory - MPCBB1 is applicable
2025-06-18 12:19:48,075 [INFO] Rule:225 - rule 117617 - U5Cobra4M][GTZC] default value MPCBB3 and MPCBB5 - Privileged memory - MPCBB2 is applicable
2025-06-18 12:19:48,075 [INFO] Rule:225 - rule 117617 - U5Cobra4M][GTZC] default value MPCBB3 and MPCBB5 - Privileged memory - MPCBB3 is applicable
2025-06-18 12:19:48,075 [INFO] Rule:225 - rule 117617 - U5Cobra4M][GTZC] default value MPCBB3 and MPCBB5 - Privileged memory - MPCBB4 is applicable
2025-06-18 12:19:48,075 [INFO] Rule:225 - rule 117617 - U5Cobra4M][GTZC] default value MPCBB3 and MPCBB5 - Not Privileged memory - MPCBB1 is applicable
2025-06-18 12:19:48,075 [INFO] Rule:225 - rule 117617 - U5Cobra4M][GTZC] default value MPCBB3 and MPCBB5 - Not Privileged memory - MPCBB2 is applicable
2025-06-18 12:19:48,075 [INFO] Rule:225 - rule 117617 - U5Cobra4M][GTZC] default value MPCBB3 and MPCBB5 - Not Privileged memory - MPCBB3 is applicable
2025-06-18 12:19:48,075 [INFO] Rule:225 - rule 117617 - U5Cobra4M][GTZC] default value MPCBB3 and MPCBB5 - Not Privileged memory - MPCBB4 is applicable
2025-06-18 12:19:48,075 [INFO] Rule:225 - rule 117617 - U5Cobra4M][GTZC] default value MPCBB3 and MPCBB5 - Privileged memory - MPCBB1 is applicable
2025-06-18 12:19:48,075 [INFO] Rule:225 - rule 117617 - U5Cobra4M][GTZC] default value MPCBB3 and MPCBB5 - Privileged memory - MPCBB2 is applicable
2025-06-18 12:19:48,075 [INFO] Rule:225 - rule 117617 - U5Cobra4M][GTZC] default value MPCBB3 and MPCBB5 - Privileged memory - MPCBB3 is applicable
2025-06-18 12:19:48,075 [INFO] Rule:225 - rule 117617 - U5Cobra4M][GTZC] default value MPCBB3 and MPCBB5 - Privileged memory - MPCBB4 is applicable
2025-06-18 12:19:48,075 [INFO] Rule:225 - rule 117617 - U5Cobra4M][GTZC] default value MPCBB3 and MPCBB5 - Privileged memory - MPCBB1 is applicable
2025-06-18 12:19:48,075 [INFO] Rule:225 - rule 117617 - U5Cobra4M][GTZC] default value MPCBB3 and MPCBB5 - Privileged memory - MPCBB2 is applicable
2025-06-18 12:19:48,075 [INFO] Rule:225 - rule 117617 - U5Cobra4M][GTZC] default value MPCBB3 and MPCBB5 - Privileged memory - MPCBB3 is applicable
2025-06-18 12:19:48,075 [INFO] Rule:225 - rule 117617 - U5Cobra4M][GTZC] default value MPCBB3 and MPCBB5 - Privileged memory - MPCBB4 is applicable
2025-06-18 12:19:48,075 [INFO] Rule:225 - rule 117617 - U5Cobra4M][GTZC] default value MPCBB3 and MPCBB5 - Not Privileged memory - MPCBB1 is applicable
2025-06-18 12:19:48,075 [INFO] Rule:225 - rule 117617 - U5Cobra4M][GTZC] default value MPCBB3 and MPCBB5 - Not Privileged memory - MPCBB2 is applicable
2025-06-18 12:19:48,075 [INFO] Rule:225 - rule 117617 - U5Cobra4M][GTZC] default value MPCBB3 and MPCBB5 - Not Privileged memory - MPCBB3 is applicable
2025-06-18 12:19:48,075 [INFO] Rule:225 - rule 117617 - U5Cobra4M][GTZC] default value MPCBB3 and MPCBB5 - Not Privileged memory - MPCBB4 is applicable
2025-06-18 12:19:48,075 [INFO] Rule:225 - rule 117617 - U5Cobra4M][GTZC] default value MPCBB3 and MPCBB5 - Privileged memory - MPCBB1 is applicable
2025-06-18 12:19:48,075 [INFO] Rule:225 - rule 117617 - U5Cobra4M][GTZC] default value MPCBB3 and MPCBB5 - Privileged memory - MPCBB2 is applicable
2025-06-18 12:19:48,075 [INFO] Rule:225 - rule 117617 - U5Cobra4M][GTZC] default value MPCBB3 and MPCBB5 - Privileged memory - MPCBB3 is applicable
2025-06-18 12:19:48,075 [INFO] Rule:225 - rule 117617 - U5Cobra4M][GTZC] default value MPCBB3 and MPCBB5 - Privileged memory - MPCBB4 is applicable
2025-06-18 12:19:48,075 [INFO] Rule:225 - rule Rename SubGHz_Phy SUBGHZ_APPLICATION SUBGHZ_PINGPONG to SUBGHZ_ADV_APPLICATION is applicable
2025-06-18 12:19:48,075 [INFO] Rule:225 - rule Rename Enabled to IBEACON is applicable
2025-06-18 12:19:48,075 [INFO] Rule:225 - rule GTZC_S instance for project manager is applicable
2025-06-18 12:19:48,075 [INFO] Rule:225 - rule GTZC_S instance for context M33S is applicable
2025-06-18 12:19:48,075 [INFO] Rule:225 - rule GTZC_S instance value for IP GTZC is applicable
2025-06-18 12:19:48,075 [INFO] Rule:225 - rule GTZC_S instance for mcu.IP is applicable
2025-06-18 12:19:48,076 [INFO] Rule:225 - rule GTZC_S instance for VP is applicable
2025-06-18 12:19:48,076 [INFO] Rule:225 - rule GTZC_S instance for signal is applicable
2025-06-18 12:19:48,076 [INFO] Rule:225 - rule GTZC_S instance for mcu.Pin is applicable
2025-06-18 12:19:48,076 [INFO] Rule:225 - rule GTZC_S instance for VP is applicable
2025-06-18 12:19:48,076 [INFO] Rule:225 - rule GTZC_S instance for signal is applicable
2025-06-18 12:19:48,076 [INFO] Rule:225 - rule GTZC_S instance for mcu is applicable
2025-06-18 12:19:48,076 [INFO] Rule:225 - rule GTZC_S instance for mcu.Pin is applicable
2025-06-18 12:19:48,076 [INFO] Rule:225 - rule GTZC_S instance value for IP GTZC is applicable
2025-06-18 12:19:48,076 [INFO] Rule:225 - rule GTZC_S instance for project manager is applicable
2025-06-18 12:19:48,076 [INFO] Rule:225 - rule GTZC_S instance for context M33S is applicable
2025-06-18 12:19:48,076 [INFO] Rule:225 - rule GTZC_S instance for VP is applicable
2025-06-18 12:19:48,076 [INFO] Rule:225 - rule GTZC_S instance for signal is applicable
2025-06-18 12:19:48,076 [INFO] Rule:225 - rule SPDIFRX instance for mcu is applicable
2025-06-18 12:19:48,076 [INFO] Rule:225 - rule Rename Tracer Mode is applicable
2025-06-18 12:19:48,076 [INFO] Rule:225 - rule SPDIFRX instance value for IP SPDIFRX is applicable
2025-06-18 12:19:48,076 [INFO] Rule:225 - rule SPDIFRX instance for signal is applicable
2025-06-18 12:19:48,076 [INFO] Rule:225 - rule SPDIFRX instance for project manager is applicable
2025-06-18 12:19:48,076 [INFO] Rule:225 - rule SPDIFRX instance for project manager is applicable
2025-06-18 12:19:48,076 [INFO] Rule:225 - rule ADC Scan  fix with FW F7 is applicable
2025-06-18 12:19:48,076 [INFO] Rule:225 - rule ADC Scan  fix with FW F7 is applicable
2025-06-18 12:19:48,077 [INFO] Rule:225 - rule WakeUp0 Mode is applicable
2025-06-18 12:19:48,077 [INFO] Rule:225 - rule WakeUp0 SIGNAL is applicable
2025-06-18 12:19:48,077 [INFO] Rule:225 - rule WakeUp1 Mode is applicable
2025-06-18 12:19:48,077 [INFO] Rule:225 - rule WakeUp1 SIGNAL is applicable
2025-06-18 12:19:48,077 [INFO] Rule:225 - rule WakeUp2 Mode is applicable
2025-06-18 12:19:48,077 [INFO] Rule:225 - rule WakeUp2 SIGNAL is applicable
2025-06-18 12:19:48,077 [INFO] Rule:225 - rule WakeUp4 Mode is applicable
2025-06-18 12:19:48,077 [INFO] Rule:225 - rule WakeUp4 SIGNAL is applicable
2025-06-18 12:19:48,077 [INFO] Rule:225 - rule WakeUp5 Mode is applicable
2025-06-18 12:19:48,077 [INFO] Rule:225 - rule WakeUp5 SIGNAL is applicable
2025-06-18 12:19:48,077 [INFO] Rule:225 - rule Add RTC Activate Clock Source is applicable
2025-06-18 12:19:48,077 [INFO] Rule:225 - rule Add RTC Activate Calendar 1 is applicable
2025-06-18 12:19:48,077 [INFO] Rule:225 - rule Add RTC Activate Calendar 2 is applicable
2025-06-18 12:19:48,077 [INFO] Rule:225 - rule Add RTC Activate Calendar 3 is applicable
2025-06-18 12:19:48,077 [INFO] Rule:225 - rule UART/USART TX Mode is applicable
2025-06-18 12:19:48,078 [INFO] Rule:225 - rule UART/USART RX Mode is applicable
2025-06-18 12:19:48,078 [INFO] Rule:225 - rule UART/USART RX TX Mode is applicable
2025-06-18 12:19:48,078 [INFO] Rule:225 - rule UART/USART PARITY NONE is applicable
2025-06-18 12:19:48,078 [INFO] Rule:225 - rule UART/USART PARITY EVEN is applicable
2025-06-18 12:19:48,078 [INFO] Rule:225 - rule UART/USART PARITY ODD is applicable
2025-06-18 12:19:48,078 [INFO] Rule:225 - rule USART StopBits 1 is applicable
2025-06-18 12:19:48,078 [INFO] Rule:225 - rule USART StopBits 2 is applicable
2025-06-18 12:19:48,078 [INFO] Rule:225 - rule USART StopBits 1.5 is applicable
2025-06-18 12:19:48,078 [INFO] Rule:225 - rule USART StopBits 0.5 is applicable
2025-06-18 12:19:48,078 [INFO] Rule:225 - rule UART/USART WORD LENGTH 7 is applicable
2025-06-18 12:19:48,078 [INFO] Rule:225 - rule UART/USART WORD LENGTH 8 is applicable
2025-06-18 12:19:48,078 [INFO] Rule:225 - rule UART/USART WORD LENGTH 9 is applicable
2025-06-18 12:19:48,078 [INFO] Rule:225 - rule Rename FMC NAND NCE signal is applicable
2025-06-18 12:19:48,078 [INFO] Rule:225 - rule Rename FMC NAND INT signal is applicable
2025-06-18 12:19:48,078 [INFO] Rule:225 - rule Change Default Value for LSE Drive Capability for WB family is applicable
2025-06-18 12:19:48,079 [INFO] Rule:225 - rule Change Default Value for ADC Clock Prescaler G0 family is applicable
2025-06-18 12:19:48,079 [INFO] Rule:225 - rule Change Default Value for ADC ExternalTrigConv L4 family is applicable
2025-06-18 12:19:48,079 [INFO] Rule:225 - rule Change Default Value for ADC ExternalTrigInjecConv L4 family is applicable
2025-06-18 12:19:48,079 [INFO] Rule:225 - rule Change Default Value for ADC ExternalTrigConv F3 family is applicable
2025-06-18 12:19:48,079 [INFO] Rule:225 - rule Change Default Value for ADC ExternalTrigInjecConv F3 family is applicable
2025-06-18 12:19:48,079 [INFO] Rule:225 - rule Change Default Value for ADC ExternalTrigConv Goldfish serie is applicable
2025-06-18 12:19:48,079 [INFO] Rule:225 - rule Change Default Value for ADC ExternalTrigInjecConv Goldfish serie is applicable
2025-06-18 12:19:48,079 [INFO] Rule:225 - rule Change Default Value for ADC ExternalTrigConv L0 family is applicable
2025-06-18 12:19:48,079 [INFO] Rule:225 - rule Change Default Value for ADC ExternalTrigConv F0 family is applicable
2025-06-18 12:19:48,079 [INFO] Rule:225 - rule Change Default Value for ADC ExternalTrigConvn L1 family is applicable
2025-06-18 12:19:48,079 [INFO] Rule:225 - rule Change Default Value for ADC ExternalTrigInjecConv L1 family is applicable
2025-06-18 12:19:48,079 [INFO] Rule:225 - rule Change Default Value for ADC ExternalTrigConv F1 family is applicable
2025-06-18 12:19:48,079 [INFO] Rule:225 - rule Change Default Value for ADC ExternalTrigInjecConv F1 family is applicable
2025-06-18 12:19:48,079 [INFO] Rule:225 - rule Change Default Value for ADC ExternalTrigConv F7 family is applicable
2025-06-18 12:19:48,079 [INFO] Rule:225 - rule Change Default Value for ADC ExternalTrigInjecConv F7 family is applicable
2025-06-18 12:19:48,080 [INFO] Rule:225 - rule Change Default Value for ADC ExternalTrigConv F4 and F2 family is applicable
2025-06-18 12:19:48,080 [INFO] Rule:225 - rule Change Default Value for ADC ExternalTrigInjecConv F4 and F2 family is applicable
2025-06-18 12:19:48,080 [INFO] Rule:225 - rule ADC SamplingTime fix with FW L0  is applicable
2025-06-18 12:19:48,080 [INFO] Rule:225 - rule ADC SamplingTime fix with FW L0  is applicable
2025-06-18 12:19:48,080 [INFO] Rule:225 - rule ADC SamplingTime fix with FW L0 is applicable
2025-06-18 12:19:48,080 [INFO] Rule:225 - rule ADC SamplingTime fix with FW L0 is applicable
2025-06-18 12:19:48,080 [INFO] Rule:225 - rule ADC SamplingTime fix with FW L0  is applicable
2025-06-18 12:19:48,080 [INFO] Rule:225 - rule ADC SamplingTime fix with FW L0 is applicable
2025-06-18 12:19:48,080 [INFO] Rule:225 - rule Rename USB_OE Signal is applicable
2025-06-18 12:19:48,080 [INFO] Rule:225 - rule Rename Activate_OE Mode is applicable
2025-06-18 12:19:48,080 [INFO] Rule:225 - rule Rename DIE462/DIE415 pin PC14/OSC32_IN -> PC14-OSC32_IN (PC14) is applicable
2025-06-18 12:19:48,080 [INFO] Rule:225 - rule Rename DIE462/DIE415 pin PC15/OSC32_OUT -> PC15-OSC32_OUT (PC15) is applicable
2025-06-18 12:19:48,080 [INFO] Rule:225 - rule Rename DIE462/DIE415 pin PH0/OSC_IN -> PH0-OSC_IN (PH0) is applicable
2025-06-18 12:19:48,080 [INFO] Rule:225 - rule Rename DIE462/DIE415 pin PH1/OSC_OUT -> PH1-OSC_OUT (PH1) is applicable
2025-06-18 12:19:48,080 [INFO] Rule:225 - rule Rename DIE462 pin PA13 -> PA13 (JTMS/SWDIO) is applicable
2025-06-18 12:19:48,080 [INFO] Rule:225 - rule Rename DIE415 pin PA13 -> PA13 (JTMS/SWDIO) is applicable
2025-06-18 12:19:48,080 [INFO] Rule:225 - rule Rename DIE462 pin PA14 -> PA14 (JTCK/SWCLK) is applicable
2025-06-18 12:19:48,080 [INFO] Rule:225 - rule Rename DIE415 pin PA14 -> PA14 (JTCK/SWCLK) is applicable
2025-06-18 12:19:48,080 [INFO] Rule:225 - rule Rename DIE462/DIE415 pin PA15 -> PA15 (JTDI) is applicable
2025-06-18 12:19:48,080 [INFO] Rule:225 - rule Rename DIE462 pin PB3 -> PB3 (JTD0/TRACESWO) is applicable
2025-06-18 12:19:48,080 [INFO] Rule:225 - rule Rename DIE415 pin PB3 -> PB3 (JTD0-TRACESWO) is applicable
2025-06-18 12:19:48,080 [INFO] Rule:225 - rule Rename DIE462/DIE415 pin PB4 -> PB4 (NJTRST) is applicable
2025-06-18 12:19:48,080 [INFO] Rule:225 - rule Rename DIE462 pin PH3/BOOT0 -> PH3-BOOT0 (BOOT0) is applicable
2025-06-18 12:19:48,080 [INFO] Rule:225 - rule Rename CRYP DataEncryptionTypesList to Algorithm is applicable
2025-06-18 12:19:48,080 [INFO] Rule:225 - rule Rename AES DataEncryptionTypesList to Algorithm is applicable
2025-06-18 12:19:48,080 [INFO] Rule:225 - rule Rename TDESECB to CRYP_TDES_ECB is applicable
2025-06-18 12:19:48,080 [INFO] Rule:225 - rule Rename TDESCBC to CRYP_TDES_CBC is applicable
2025-06-18 12:19:48,080 [INFO] Rule:225 - rule Rename DESECB to CRYP_DES_ECB is applicable
2025-06-18 12:19:48,080 [INFO] Rule:225 - rule Rename DESCBC to CRYP_DES_CBC is applicable
2025-06-18 12:19:48,080 [INFO] Rule:225 - rule Rename AESECB to CRYP_AES_ECB is applicable
2025-06-18 12:19:48,080 [INFO] Rule:225 - rule Rename AESCBC to CRYP_AES_CBC is applicable
2025-06-18 12:19:48,080 [INFO] Rule:225 - rule Rename AESCTR to CRYP_AES_CTR is applicable
2025-06-18 12:19:48,080 [INFO] Rule:225 - rule Rename AESGCM to CRYP_AES_GCM is applicable
2025-06-18 12:19:48,080 [INFO] Rule:225 - rule Rename AESCCM to CRYP_AES_CCM is applicable
2025-06-18 12:19:48,080 [INFO] Rule:225 - rule Rename CAN TimeSeg1 to BS1 is applicable
2025-06-18 12:19:48,080 [INFO] Rule:225 - rule Rename CAN TimeSeg2 to BS2 is applicable
2025-06-18 12:19:48,081 [INFO] Rule:225 - rule Rename CAN SyncJumpWidth to SJW is applicable
2025-06-18 12:19:48,081 [INFO] Rule:225 - rule TimeTriggeredMode to TTCM is applicable
2025-06-18 12:19:48,081 [INFO] Rule:225 - rule Rename CAN AutoBusOff to ABOM is applicable
2025-06-18 12:19:48,081 [INFO] Rule:225 - rule Rename CAN AutoWakeUp to AWUM is applicable
2025-06-18 12:19:48,081 [INFO] Rule:225 - rule Rename CAN AutoRetransmission to NART is applicable
2025-06-18 12:19:48,081 [INFO] Rule:225 - rule Rename CAN ReceiveFifoLocked to RFLM is applicable
2025-06-18 12:19:48,081 [INFO] Rule:225 - rule Rename CAN TransmitFifoPriority to TXFP is applicable
2025-06-18 12:19:48,081 [INFO] Rule:225 - rule Rename HRTIMER HRTIM_OUTPUTFAULTLEVEL_HIGH in HRTIMER HRTIM_OUTPUTFAULTLEVEL_HIGHZ is applicable
2025-06-18 12:19:48,081 [INFO] Rule:225 - rule Rename TIMER TIM_CLEARINPUTSOURCE_OCREFCLR in  TIMER TIM_CLEARINPUTSOURCE_NONE for F7 family is applicable
2025-06-18 12:19:48,081 [INFO] Rule:225 - rule FDCAN_R1 - Rename FDCAN mode Master into Classic is applicable
2025-06-18 12:19:48,081 [INFO] Rule:225 - rule FDCAN_R2 - Rename FDCAN mode Slave into Classic is applicable
2025-06-18 12:19:48,081 [INFO] Rule:225 - rule FDCAN1_R3 - if PA10.Mode=FullDuplex, add Pin PA12 is applicable
2025-06-18 12:19:48,081 [INFO] Rule:225 - rule FDCAN1_R3 - if PA9.Mode=FullDuplex, add Pin PA11 is applicable
2025-06-18 12:19:48,081 [INFO] Rule:225 - rule FDCAN1_R3 - Alternatepin_1 - if PE1.Mode=FullDuplex, add Pin PB9 is applicable
2025-06-18 12:19:48,081 [INFO] Rule:225 - rule FDCAN1_R3 - Alternatepin_1 - if PE0.Mode=FullDuplex, add Pin PB8 is applicable
2025-06-18 12:19:48,081 [INFO] Rule:225 - rule FDCAN1_R3 - Alternatepin_2 - if PD5.Mode=FullDuplex, add Pin PD1 is applicable
2025-06-18 12:19:48,081 [INFO] Rule:225 - rule FDCAN1_R3 - Alternatepin_2 - if PD4.Mode=FullDuplex, add Pin PD0 is applicable
2025-06-18 12:19:48,081 [INFO] Rule:225 - rule FDCAN1_R4 - Rename Mode FullDuplex into Enable FDCAN_TXFD for pin PA10 is applicable
2025-06-18 12:19:48,081 [INFO] Rule:225 - rule FDCAN1_R4 - Rename Mode FullDuplex into Enable FDCAN_TXFD for pin PA9 is applicable
2025-06-18 12:19:48,081 [INFO] Rule:225 - rule FDCAN1_R4 - Alternatepin_1 - Rename Mode FullDuplex into Enable FDCAN_TXFD for pin PE1 is applicable
2025-06-18 12:19:48,081 [INFO] Rule:225 - rule FDCAN1_R4 - Alternatepin_1 - Rename Mode FullDuplex into Enable FDCAN_TXFD for pin PE0 is applicable
2025-06-18 12:19:48,081 [INFO] Rule:225 - rule FDCAN1_R4 - Alternatepin_2 - Rename Mode FullDuplex into Enable FDCAN_TXFD for pin PD5 is applicable
2025-06-18 12:19:48,081 [INFO] Rule:225 - rule FDCAN1_R4 - Alternatepin_2 - Rename Mode FullDuplex into Enable FDCAN_TXFD for pin PD4 is applicable
2025-06-18 12:19:48,081 [INFO] Rule:225 - rule FDCAN2_R3 - if PD10.Mode=FullDuplex, add Pin PB13 is applicable
2025-06-18 12:19:48,081 [INFO] Rule:225 - rule FDCAN2_R3 - if PD9.Mode=FullDuplex, add Pin PB12 is applicable
2025-06-18 12:19:48,081 [INFO] Rule:225 - rule FDCAN2_R3 - Alternatepin_1 - if PB7.Mode=FullDuplex, add Pin PB6 is applicable
2025-06-18 12:19:48,081 [INFO] Rule:225 - rule FDCAN2_R3 - Alternatepin_1 - if PD9.Mode=FullDuplex, add Pin PB12 is applicable
2025-06-18 12:19:48,081 [INFO] Rule:225 - rule FDCAN2_R4 - Rename Mode FullDuplex into Enable FDCAN_TXFD for pin PD10 is applicable
2025-06-18 12:19:48,081 [INFO] Rule:225 - rule FDCAN2_R4 - Rename Mode FullDuplex into Enable FDCAN_TXFD for pin PD9 is applicable
2025-06-18 12:19:48,081 [INFO] Rule:225 - rule FDCAN2_R4 - Alternatepin_1 - Rename Mode FullDuplex into Enable FDCAN_TXFD for pin PB7 is applicable
2025-06-18 12:19:48,081 [INFO] Rule:225 - rule FDCAN2_R4 - Alternatepin_1 - Rename Mode FullDuplex into Enable FDCAN_TXFD for pin PD6 is applicable
2025-06-18 12:19:48,081 [INFO] Rule:225 - rule USART TxPinLevelInvertParam Mode is applicable
2025-06-18 12:19:48,081 [INFO] Rule:225 - rule USART RxPinLevelInvertParam Mode is applicable
2025-06-18 12:19:48,081 [INFO] Rule:225 - rule USART DataInvertParam Mode is applicable
2025-06-18 12:19:48,081 [INFO] Rule:225 - rule USART SwapParam Mode is applicable
2025-06-18 12:19:48,081 [INFO] Rule:225 - rule USART OverrunDisableParam Mode is applicable
2025-06-18 12:19:48,082 [INFO] Rule:225 - rule USART DMADisableonRxErrorParam Mode is applicable
2025-06-18 12:19:48,082 [INFO] Rule:225 - rule USART MSBFirstParam Mode is applicable
2025-06-18 12:19:48,082 [INFO] Rule:225 - rule Update MwName for USB_DEVICE is applicable
2025-06-18 12:19:48,082 [INFO] Rule:225 - rule Change PWR_Regulator_Voltage_Scale Default Value for RCC  H7 family is applicable
2025-06-18 12:19:48,082 [INFO] Rule:225 - rule UART/USART IPParameter rename Prescaler parameter to ClockPrescaler is applicable
2025-06-18 12:19:48,082 [INFO] Rule:225 - rule UART/USART Prescaler rename Prescaler parameter to ClockPrescaler is applicable
2025-06-18 12:19:48,082 [INFO] Rule:225 - rule TIM1CLockSelection is applicable
2025-06-18 12:19:48,082 [INFO] Rule:225 - rule TIM15CLockSelection is applicable
2025-06-18 12:19:48,082 [INFO] Rule:225 - rule align RCC SDMMC3CLockSelection default value on MP1 is applicable
2025-06-18 12:19:48,082 [INFO] Rule:225 - rule align RCC SDMMC12CLockSelection default value on MP1 is applicable
2025-06-18 12:19:48,082 [INFO] Rule:225 - rule align RCC QSPICLockSelection default value on MP1 is applicable
2025-06-18 12:19:48,082 [INFO] Rule:225 - rule align RCC QSPICLockSelection default value on MP1 is applicable
2025-06-18 12:19:48,082 [INFO] Rule:225 - rule align RCC SPI6CLockSelection default value on MP1 is applicable
2025-06-18 12:19:48,082 [INFO] Rule:225 - rule align RCC LPTIM23CLockSelection default value on MP1 is applicable
2025-06-18 12:19:48,082 [INFO] Rule:225 - rule align RCC LPTIM1CLockSelection default value on MP1 is applicable
2025-06-18 12:19:48,082 [INFO] Rule:225 - rule align RCC USART1CLockSelection default value on MP1 is applicable
2025-06-18 12:19:48,082 [INFO] Rule:225 - rule align RCC USART24CLockSelection default value on MP1 is applicable
2025-06-18 12:19:48,082 [INFO] Rule:225 - rule align RCC USART6CLockSelection default value on MP1 is applicable
2025-06-18 12:19:48,082 [INFO] Rule:225 - rule align RCC UART78CLockSelection default value on MP1 is applicable
2025-06-18 12:19:48,082 [INFO] Rule:225 - rule align RCC USART35CLockSelection default value on MP1 is applicable
2025-06-18 12:19:48,082 [INFO] Rule:225 - rule align RCC SPI45CLockSelection default value on MP1 is applicable
2025-06-18 12:19:48,082 [INFO] Rule:225 - rule align RCC I2C46CLockSelection BCLK value on MP1 is applicable
2025-06-18 12:19:48,082 [INFO] Rule:225 - rule align RCC SPI45CLockSelection default value on MP1 is applicable
2025-06-18 12:19:48,082 [INFO] Rule:225 - rule align RCC I2C12CLockSelection default value on MP1 is applicable
2025-06-18 12:19:48,082 [INFO] Rule:225 - rule align RCC I2C35CLockSelection default value on MP1 is applicable
2025-06-18 12:19:48,082 [INFO] Rule:225 - rule align RCC LPTIM45CLockSelection default value on MP1 is applicable
2025-06-18 12:19:48,082 [INFO] Rule:225 - rule Rename DCMI PIXCK signal is applicable
2025-06-18 12:19:48,082 [INFO] Rule:225 - rule Change Default Value for I2C46CLockSelection MP1 family is applicable
2025-06-18 12:19:48,082 [INFO] Rule:225 - rule Change Default Value for UART for G4, G0 and WB families is applicable
2025-06-18 12:19:48,082 [INFO] Rule:225 - rule Change Default Value for USART for G4, G0 and WB families is applicable
2025-06-18 12:19:48,082 [INFO] Rule:225 - rule Change Default Value for USART for G4 family is applicable
2025-06-18 12:19:48,082 [INFO] Rule:225 - rule Change USART1CLockSelection refparam name for MP1 is applicable
2025-06-18 12:19:48,082 [INFO] Rule:225 - rule Change USART2CLockSelection refparam name for MP1 is applicable
2025-06-18 12:19:48,082 [INFO] Rule:225 - rule Change USART3CLockSelection refparam name for MP1 is applicable
2025-06-18 12:19:48,083 [INFO] Rule:225 - rule Change UART4CLockSelection refparam name for MP1 is applicable
2025-06-18 12:19:48,083 [INFO] Rule:225 - rule Change UART5CLockSelection refparam name for MP1 is applicable
2025-06-18 12:19:48,083 [INFO] Rule:225 - rule Change LPUART1CLockSelection refparam name for MP1 is applicable
2025-06-18 12:19:48,083 [INFO] Rule:225 - rule Change LPTIM1CLockSelection refparam name for MP1 is applicable
2025-06-18 12:19:48,083 [INFO] Rule:225 - rule Change LPTIM2CLockSelection refparam name for MP1 is applicable
2025-06-18 12:19:48,083 [INFO] Rule:225 - rule Change RCC_MCO1Source refparam name for MP1 is applicable
2025-06-18 12:19:48,083 [INFO] Rule:225 - rule Change LSCOSource1 refparam name for MP1 is applicable
2025-06-18 12:19:48,083 [INFO] Rule:225 - rule Change SMPSCLockSelection refparam name for MP1 is applicable
2025-06-18 12:19:48,083 [INFO] Rule:225 - rule Change LPTIM3CLockSelection refparam name for MP1 is applicable
2025-06-18 12:19:48,083 [INFO] Rule:225 - rule Change MPCBB* Default Template Mode to Parameters is applicable
2025-06-18 12:19:48,083 [INFO] Rule:225 - rule Change MPCWM* or MPCBB* Secure Mode to Parameters is applicable
2025-06-18 12:19:48,083 [INFO] Rule:225 - rule Change MPCWM* or MPCBB* No Secure Mode to Parameters is applicable
2025-06-18 12:19:48,083 [INFO] Rule:225 - rule Change TZSC IP Secure Mode to Parameters is applicable
2025-06-18 12:19:48,083 [INFO] Rule:225 - rule Change TZSC IP No Secure Mode to Parameters is applicable
2025-06-18 12:19:48,083 [INFO] Rule:225 - rule Change TZSC IP Privilege Mode to Parameters is applicable
2025-06-18 12:19:48,083 [INFO] Rule:225 - rule Change TZSC IP No Privilege Mode to Parameters is applicable
2025-06-18 12:19:48,083 [INFO] Rule:225 - rule Change TZIC IT Secure Mode to Parameters is applicable
2025-06-18 12:19:48,083 [INFO] Rule:225 - rule Change TZIC IT No Secure Mode to Parameters is applicable
2025-06-18 12:19:48,083 [INFO] Rule:225 - rule Add MPCBB1_NonSecureArea_Start_Address value with referenced to MPCBB1_NonSecureArea_Start value is applicable
2025-06-18 12:19:48,083 [INFO] Rule:225 - rule Add MPCBB2_NonSecureArea_Start_Address value with referenced to MPCBB2_NonSecureArea_Start value is applicable
2025-06-18 12:19:48,083 [INFO] Rule:225 - rule Add MPCWM1_NonSecureArea*_Start_Address value with referenced to MPCWM1_NonSecureArea*_Start value is applicable
2025-06-18 12:19:48,083 [INFO] Rule:225 - rule Add MPCWM2_NonSecureArea*_Start_Address value with referenced to MPCWM2_NonSecureArea*_Start value is applicable
2025-06-18 12:19:48,083 [INFO] Rule:225 - rule Add MPCWM3_NonSecureArea_Start_Address value with referenced to MPCWM3_NonSecureArea_Start value is applicable
2025-06-18 12:19:48,083 [INFO] Rule:225 - rule Change Default Value for PLL1UserDefinedConfig is applicable
2025-06-18 12:19:48,083 [INFO] Rule:225 - rule Change GPIO_PuPd Default Value for USART in async mode is applicable
2025-06-18 12:19:48,084 [INFO] Rule:225 - rule Change SMPSDivider Default Value is applicable
2025-06-18 12:19:48,084 [INFO] Rule:225 - rule OPAMP is applicable
2025-06-18 12:19:48,084 [INFO] Rule:225 - rule LPUART IPParameter rename Prescaler parameter to ClockPrescaler for STM32H7 is applicable
2025-06-18 12:19:48,084 [INFO] Rule:225 - rule LPUART IPParameter rename Prescaler parameter to ClockPrescaler for STM32H7 is applicable
2025-06-18 12:19:48,084 [INFO] Rule:225 - rule LPUART IPParameter rename Prescaler parameter to ClockPrescaler for STM32WB is applicable
2025-06-18 12:19:48,084 [INFO] Rule:225 - rule LPUART IPParameter rename Prescaler parameter to ClockPrescaler for STM32WB is applicable
2025-06-18 12:19:48,084 [INFO] Rule:225 - rule LPUART IPParameter rename Prescaler parameter to ClockPrescaler for STM32G4 is applicable
2025-06-18 12:19:48,084 [INFO] Rule:225 - rule LPUART IPParameter rename Prescaler parameter to ClockPrescaler for STM32G4 is applicable
2025-06-18 12:19:48,084 [INFO] Rule:225 - rule LPUART IPParameter rename Prescaler parameter to ClockPrescaler for STM32L5 is applicable
2025-06-18 12:19:48,084 [INFO] Rule:225 - rule LPUART IPParameter rename Prescaler parameter to ClockPrescaler for STM32L5 is applicable
2025-06-18 12:19:48,084 [INFO] Rule:225 - rule LPUART IPParameter rename Prescaler parameter to ClockPrescaler for STM32G4 is applicable
2025-06-18 12:19:48,084 [INFO] Rule:225 - rule LPUART IPParameter rename Prescaler parameter to ClockPrescaler for STM32G4 is applicable
2025-06-18 12:19:48,084 [INFO] Rule:225 - rule USB device lib V2.5.3 for L0 rename USBD_SUPPORT_USER_STRING parameter to USBD_SUPPORT_USER_STRING_DESC4 is applicable
2025-06-18 12:19:48,084 [INFO] Rule:225 - rule I2SCLockSelection clock entry align is applicable
2025-06-18 12:19:48,084 [INFO] Rule:225 - rule Assign TIMx context if used as SYS timebase is applicable
2025-06-18 12:19:48,084 [INFO] Rule:225 - rule Change GPIO_Pu Default Value for I2C is applicable
2025-06-18 12:19:48,084 [INFO] Rule:225 - rule Change GPIO_Pu Default Value for SMBus is applicable
2025-06-18 12:19:48,084 [INFO] Rule:225 - rule change FDCAN default value is applicable
2025-06-18 12:19:48,084 [INFO] Rule:225 - rule Change mode sai is applicable
2025-06-18 12:19:48,084 [INFO] Rule:225 - rule **Change sai mode is applicable
2025-06-18 12:19:48,084 [INFO] Rule:225 - rule Rename STM32WPAN CFG_BLE_IRK to CFG_BLE_IR is applicable
2025-06-18 12:19:48,084 [INFO] Rule:225 - rule Rename STM32WPAN CFG_BLE_ERK to CFG_BLE_ER is applicable
2025-06-18 12:19:48,084 [INFO] Rule:225 - rule Rename STM32WPAN CFG_BLE_IRK_HEX to CFG_BLE_IR_HEX is applicable
2025-06-18 12:19:48,085 [INFO] Rule:225 - rule Rename STM32WPAN CFG_BLE_ERK_HEX to CFG_BLE_ER_HEX is applicable
2025-06-18 12:19:48,085 [INFO] Rule:225 - rule Adapt Old IOC before rework replace old CORTEX_M33/CORTEX_M55 attributes by the new one. is applicable
2025-06-18 12:19:48,085 [INFO] Rule:225 - rule Rename parametre of RCC RCC_APBDBG_DIV2 to RCC_TIMPRES_DIV2 is applicable
2025-06-18 12:19:48,085 [INFO] Rule:225 - rule Rename DIE493 pin PA10 [PA12] -> PA10 is applicable
2025-06-18 12:19:48,085 [INFO] Rule:225 - rule Rename DIE493 pin PA9 [PA11] -> PA9 is applicable
2025-06-18 12:19:48,085 [INFO] Rule:225 - rule Adapt Old IOC CSI. is applicable
2025-06-18 12:19:48,110 [INFO] DbConfProperties:307 - Apply Compatibility (49/267 Rules)
2025-06-18 12:19:48,123 [INFO] ImportTextPane:218 - (OptionalMessage_ERROR) Unable to find key (Mcu.ThirdPartyNb) in loaded IOC file
2025-06-18 12:19:48,128 [INFO] ImportTextPane:218 - (OptionalMessage_ERROR) Pin12 (VP_RIF_VS_RIF1) cannot be retrieved for this MCU
2025-06-18 12:19:48,210 [INFO] RtosManager:558 - Registered RTOS mode: class=CMSIS, group=RTOS, mode=CMSIS_V1, owner=FREERTOS
2025-06-18 12:19:48,211 [INFO] RtosManager:558 - Registered RTOS mode: class=CMSIS, group=RTOS2, mode=CMSIS_V2, owner=FREERTOS
2025-06-18 12:19:48,211 [INFO] RtosManager:558 - Registered RTOS mode: class=RTOS, group=Core, mode=CMSIS_V1, owner=FREERTOS
2025-06-18 12:19:48,211 [INFO] RtosManager:558 - Registered RTOS mode: class=RTOS, group=Core, mode=CMSIS_V2, owner=FREERTOS
2025-06-18 12:19:48,211 [WARN] ModelIntegratedComponent:184 - Missing modes for component STMicroelectronics:FreeRTOS:0.0.1:STMicroelectronics:RTOS:FreeRTOS:Core:::10.2.0:
2025-06-18 12:19:48,241 [WARN] ModelIntegratedComponent:63 - No mode defined for component null
2025-06-18 12:19:48,242 [WARN] ModelIntegratedComponent:63 - No mode defined for component null
2025-06-18 12:19:48,242 [WARN] ModelIntegratedComponent:63 - No mode defined for component null
2025-06-18 12:19:48,242 [WARN] ModelIntegratedComponent:63 - No mode defined for component null
2025-06-18 12:19:48,242 [WARN] ModelIntegratedComponent:63 - No mode defined for component null
2025-06-18 12:19:48,242 [WARN] ModelIntegratedComponent:63 - No mode defined for component null
2025-06-18 12:19:48,242 [WARN] ModelIntegratedComponent:63 - No mode defined for component null
2025-06-18 12:19:48,242 [WARN] ModelIntegratedComponent:63 - No mode defined for component null
2025-06-18 12:19:48,242 [WARN] ModelIntegratedComponent:63 - No mode defined for component null
2025-06-18 12:19:48,242 [WARN] ModelIntegratedComponent:63 - No mode defined for component null
2025-06-18 12:19:48,242 [WARN] ModelIntegratedComponent:63 - No mode defined for component null
2025-06-18 12:19:48,242 [WARN] ModelIntegratedComponent:63 - No mode defined for component null
2025-06-18 12:19:48,242 [WARN] ModelIntegratedComponent:63 - No mode defined for component null
2025-06-18 12:19:48,242 [WARN] ModelIntegratedComponent:63 - No mode defined for component null
2025-06-18 12:19:48,242 [WARN] ModelIntegratedComponent:63 - No mode defined for component null
2025-06-18 12:19:48,242 [WARN] ModelIntegratedComponent:63 - No mode defined for component null
2025-06-18 12:19:48,242 [WARN] ModelIntegratedComponent:63 - No mode defined for component null
2025-06-18 12:19:48,242 [WARN] ModelIntegratedComponent:63 - No mode defined for component null
2025-06-18 12:19:48,242 [WARN] ModelIntegratedComponent:63 - No mode defined for component null
2025-06-18 12:19:48,242 [WARN] ModelIntegratedComponent:63 - No mode defined for component null
2025-06-18 12:19:48,242 [WARN] ModelIntegratedComponent:63 - No mode defined for component null
2025-06-18 12:19:48,242 [WARN] ModelIntegratedComponent:63 - No mode defined for component null
2025-06-18 12:19:48,242 [WARN] ModelIntegratedComponent:63 - No mode defined for component null
2025-06-18 12:19:48,242 [WARN] ModelIntegratedComponent:63 - No mode defined for component null
2025-06-18 12:19:48,242 [WARN] ModelIntegratedComponent:63 - No mode defined for component null
2025-06-18 12:19:48,242 [WARN] ModelIntegratedComponent:63 - No mode defined for component null
2025-06-18 12:19:48,242 [WARN] ModelIntegratedComponent:63 - No mode defined for component null
2025-06-18 12:19:48,242 [WARN] ModelIntegratedComponent:63 - No mode defined for component null
2025-06-18 12:19:48,242 [WARN] ModelIntegratedComponent:63 - No mode defined for component null
2025-06-18 12:19:48,242 [WARN] ModelIntegratedComponent:63 - No mode defined for component null
2025-06-18 12:19:48,242 [WARN] ModelIntegratedComponent:63 - No mode defined for component null
2025-06-18 12:19:48,242 [WARN] ModelIntegratedComponent:63 - No mode defined for component null
2025-06-18 12:19:48,243 [WARN] ModelIntegratedComponent:63 - No mode defined for component null
2025-06-18 12:19:48,243 [WARN] ModelIntegratedComponent:63 - No mode defined for component null
2025-06-18 12:19:48,243 [WARN] ModelIntegratedComponent:63 - No mode defined for component null
2025-06-18 12:19:48,243 [WARN] ModelPack:524 - Component already loaded: STMicroelectronics:HAL Drivers:0.0.0:STMicroelectronics:Device:STMicro_Driver:XSPI:HAL::0.0.1:HAL_XSPI
2025-06-18 12:19:48,390 [INFO] ThirdPartyModel:298 - Start build external matchings
2025-06-18 12:19:48,790 [INFO] ThirdPartyModel:316 - End build external matchings
2025-06-18 12:19:48,808 [INFO] ImportTextPane:218 - (OptionalMessage_ERROR) IP (RCC) : Invalid parameter (FamilyName)
2025-06-18 12:19:48,810 [INFO] ImportTextPane:218 - (OptionalMessage_ERROR) IP (RCC) : Parameter (RNGFreq_Value) has invalid value (64000000)
2025-06-18 12:19:48,810 [INFO] ImportTextPane:218 - (OptionalMessage_ERROR) IP (RCC) : Parameter (SDMMCFreq_Value) has invalid value (64000000)
2025-06-18 12:19:48,811 [INFO] ImportTextPane:218 - (OptionalMessage_ERROR) IP (RCC) : Parameter (USBFreq_Value) has invalid value (64000000)
2025-06-18 12:19:49,300 [INFO] UtilMem:75 - End LoadConfig() Used Memory: 627995552 Bytes (1073741824)
2025-06-18 12:19:49,362 [WARN] ThirdParty:833 - waiting for thirdparty lock release [change project]
2025-06-18 12:19:49,363 [INFO] ThirdParty:835 - entering critical section [change project]
2025-06-18 12:19:49,363 [INFO] ThirdParty:1030 - CMSIS Pack Vendor :STMicroelectronics USBPD 4.1
2025-06-18 12:19:49,363 [INFO] ThirdParty:1030 - CMSIS Pack Vendor :STMicroelectronics X-CUBE-AZRTOS-H7 3.3.0
2025-06-18 12:19:49,363 [INFO] ThirdParty:1030 - CMSIS Pack Vendor :STMicroelectronics X-CUBE-NFC9 1.0.0
2025-06-18 12:19:49,363 [INFO] ThirdParty:1030 - CMSIS Pack Vendor :wolfSSL I-CUBE-wolfSSL 5.8.0
2025-06-18 12:19:49,363 [INFO] ThirdParty:1030 - CMSIS Pack Vendor :STMicroelectronics USB_HOST 2.0.0
2025-06-18 12:19:49,363 [INFO] ThirdParty:1030 - CMSIS Pack Vendor :STMicroelectronics FP-SNS-MOTENVWB1 1.4.0
2025-06-18 12:19:49,363 [INFO] ThirdParty:1030 - CMSIS Pack Vendor :STMicroelectronics X-CUBE-AZRTOS-F4 1.1.0
2025-06-18 12:19:49,363 [INFO] ThirdParty:1030 - CMSIS Pack Vendor :STMicroelectronics LIBJPEG 8.0.0
2025-06-18 12:19:49,363 [INFO] ThirdParty:1030 - CMSIS Pack Vendor :STMicroelectronics FP-ATR-ASTRA1 2.0.2
2025-06-18 12:19:49,363 [INFO] ThirdParty:1030 - CMSIS Pack Vendor :STMicroelectronics X-CUBE-BLE1 7.1.0
2025-06-18 12:19:49,363 [INFO] ThirdParty:1030 - CMSIS Pack Vendor :Avnet-IotConnect X-CUBE-IoTC-DA16k-PMOD 1.0.0
2025-06-18 12:19:49,363 [INFO] ThirdParty:1030 - CMSIS Pack Vendor :STMicroelectronics X-CUBE-SMBUS 2.1.0
2025-06-18 12:19:49,363 [INFO] ThirdParty:1030 - CMSIS Pack Vendor :wolfSSL I-CUBE-wolfMQTT 1.19.2
2025-06-18 12:19:49,363 [INFO] ThirdParty:1030 - CMSIS Pack Vendor :STMicroelectronics USB_DEVICE 3.0.0
2025-06-18 12:19:49,363 [INFO] ThirdParty:1030 - CMSIS Pack Vendor :STMicroelectronics X-CUBE-ISPU 2.1.0
2025-06-18 12:19:49,363 [INFO] ThirdParty:1030 - CMSIS Pack Vendor :STMicroelectronics X-CUBE-AZRTOS-WB 2.0.0
2025-06-18 12:19:49,363 [INFO] ThirdParty:1030 - CMSIS Pack Vendor :STMicroelectronics X-CUBE-ST60 1.0.0
2025-06-18 12:19:49,363 [INFO] ThirdParty:1030 - CMSIS Pack Vendor :STMicroelectronics X-CUBE-GNSS1 7.0.1
2025-06-18 12:19:49,363 [INFO] ThirdParty:1030 - CMSIS Pack Vendor :STMicroelectronics X-CUBE-AZRTOS-F7 1.1.0
2025-06-18 12:19:49,363 [INFO] ThirdParty:1030 - CMSIS Pack Vendor :STMicroelectronics X-CUBE-AZRTOS-L5 2.0.0
2025-06-18 12:19:49,364 [INFO] ThirdParty:1030 - CMSIS Pack Vendor :STMicroelectronics X-CUBE-TOUCHGFX 4.25.0
2025-06-18 12:19:49,364 [INFO] ThirdParty:1030 - CMSIS Pack Vendor :STMicroelectronics USB_DEVICE 2.0.0
2025-06-18 12:19:49,364 [INFO] ThirdParty:1030 - CMSIS Pack Vendor :STMicroelectronics X-CUBE-NFC6 3.1.0
2025-06-18 12:19:49,364 [INFO] ThirdParty:1030 - CMSIS Pack Vendor :STMicroelectronics X-CUBE-AI 10.1.0
2025-06-18 12:19:49,364 [INFO] ThirdParty:1030 - CMSIS Pack Vendor :STMicroelectronics FP-SNS-STBOX1 2.0.0
2025-06-18 12:19:49,364 [INFO] ThirdParty:1030 - CMSIS Pack Vendor :STMicroelectronics FreeRTOS 0.0.1
2025-06-18 12:19:49,364 [INFO] ThirdParty:1030 - CMSIS Pack Vendor :STMicroelectronics X-CUBE-AZRTOS-G0 1.1.0
2025-06-18 12:19:49,364 [INFO] ThirdParty:1030 - CMSIS Pack Vendor :STMicroelectronics X-CUBE-SAFEA1 1.2.2
2025-06-18 12:19:49,364 [INFO] ThirdParty:1030 - CMSIS Pack Vendor :STMicroelectronics X-CUBE-NFC4 3.0.0
2025-06-18 12:19:49,364 [INFO] ThirdParty:1030 - CMSIS Pack Vendor :STMicroelectronics X-CUBE-SUBG2 5.0.0
2025-06-18 12:19:49,364 [INFO] ThirdParty:1030 - CMSIS Pack Vendor :STMicroelectronics X-CUBE-AZRTOS-H7RS 1.1.0
2025-06-18 12:19:49,364 [INFO] ThirdParty:1030 - CMSIS Pack Vendor :STMicroelectronics STM32_WPAN 1.0.0
2025-06-18 12:19:49,364 [INFO] ThirdParty:1030 - CMSIS Pack Vendor :EmbeddedOffice I-CUBE-FS-RTOS 1.0.1
2025-06-18 12:19:49,364 [INFO] ThirdParty:1030 - CMSIS Pack Vendor :STMicroelectronics lwIP 2.0.3
2025-06-18 12:19:49,364 [INFO] ThirdParty:1030 - CMSIS Pack Vendor :Cesanta I-CUBE-Mongoose 7.13.0
2025-06-18 12:19:49,364 [INFO] ThirdParty:1030 - CMSIS Pack Vendor :STMicroelectronics USB_HOST 1.0.0
2025-06-18 12:19:49,364 [INFO] ThirdParty:1030 - CMSIS Pack Vendor :Infineon AIROC-Wi-Fi-Bluetooth-STM32 1.7.0
2025-06-18 12:19:49,364 [INFO] ThirdParty:1030 - CMSIS Pack Vendor :STMicroelectronics X-CUBE-AZRTOS-G4 2.0.0
2025-06-18 12:19:49,364 [INFO] ThirdParty:1030 - CMSIS Pack Vendor :STMicroelectronics X-CUBE-WB05N 2.0.0
2025-06-18 12:19:49,364 [INFO] ThirdParty:1030 - CMSIS Pack Vendor :STMicroelectronics PDM2PCM 3.1.0
2025-06-18 12:19:49,364 [INFO] ThirdParty:1030 - CMSIS Pack Vendor :STMicroelectronics PDM2PCM 3.3.0
2025-06-18 12:19:49,364 [INFO] ThirdParty:1030 - CMSIS Pack Vendor :wolfSSL I-CUBE-wolfTPM 3.8.0
2025-06-18 12:19:49,364 [INFO] ThirdParty:1030 - CMSIS Pack Vendor :STMicroelectronics X-CUBE-DISPLAY 3.0.0
2025-06-18 12:19:49,364 [INFO] ThirdParty:1030 - CMSIS Pack Vendor :wolfSSL I-CUBE-wolfSSH 1.4.20
2025-06-18 12:19:49,364 [INFO] ThirdParty:1030 - CMSIS Pack Vendor :STMicroelectronics X-CUBE-NFC7 2.0.0
2025-06-18 12:19:49,364 [INFO] ThirdParty:1030 - CMSIS Pack Vendor :STMicroelectronics X-CUBE-TCPP 4.2.0
2025-06-18 12:19:49,364 [INFO] ThirdParty:1030 - CMSIS Pack Vendor :RealThread X-CUBE-RT-Thread_Nano 4.1.1
2025-06-18 12:19:49,364 [INFO] ThirdParty:1030 - CMSIS Pack Vendor :STMicroelectronics FP-ATR-SIGFOX1 3.2.0
2025-06-18 12:19:49,364 [INFO] ThirdParty:1030 - CMSIS Pack Vendor :STMicroelectronics X-CUBE-NFC10 1.0.0
2025-06-18 12:19:49,364 [INFO] ThirdParty:1030 - CMSIS Pack Vendor :STMicroelectronics X-CUBE-BLEMGR 4.0.0
2025-06-18 12:19:49,364 [INFO] ThirdParty:1030 - CMSIS Pack Vendor :STMicroelectronics X-CUBE-EEPRMA1 5.1.0
2025-06-18 12:19:49,364 [INFO] ThirdParty:1030 - CMSIS Pack Vendor :STMicroelectronics X-CUBE-FREERTOS 1.3.1
2025-06-18 12:19:49,364 [INFO] ThirdParty:1030 - CMSIS Pack Vendor :STMicroelectronics HAL Drivers 0.0.0
2025-06-18 12:19:49,364 [INFO] ThirdParty:1030 - CMSIS Pack Vendor :STMicroelectronics MBEDTLS 2.16.2
2025-06-18 12:19:49,364 [INFO] ThirdParty:1030 - CMSIS Pack Vendor :STMicroelectronics X-CUBE-IPS 3.1.0
2025-06-18 12:19:49,364 [INFO] ThirdParty:1030 - CMSIS Pack Vendor :STMicroelectronics X-CUBE-ALS 1.0.2
2025-06-18 12:19:49,364 [INFO] ThirdParty:1030 - CMSIS Pack Vendor :emotas I-CUBE-CANOPEN 1.3.0
2025-06-18 12:19:49,364 [INFO] ThirdParty:1030 - CMSIS Pack Vendor :STMicroelectronics MBEDTLS 2.14.1
2025-06-18 12:19:49,364 [INFO] ThirdParty:1030 - CMSIS Pack Vendor :ITTIA_DB I-CUBE-ITTIADB 8.9.0
2025-06-18 12:19:49,364 [INFO] ThirdParty:1030 - CMSIS Pack Vendor :portGmbH I-Cube-SoM-uGOAL 1.1.0
2025-06-18 12:19:49,364 [INFO] ThirdParty:1030 - CMSIS Pack Vendor :quantropi X-CUBE-qispace-sdk-base 2.0.0
2025-06-18 12:19:49,364 [INFO] ThirdParty:1030 - CMSIS Pack Vendor :STMicroelectronics X-CUBE-ST67W61 1.0.0
2025-06-18 12:19:49,364 [INFO] ThirdParty:1030 - CMSIS Pack Vendor :STMicroelectronics ThreadX 1.0.0
2025-06-18 12:19:49,364 [INFO] ThirdParty:1030 - CMSIS Pack Vendor :STMicroelectronics FP-SNS-SMARTAG2 1.2.0
2025-06-18 12:19:49,364 [INFO] ThirdParty:1030 - CMSIS Pack Vendor :STMicroelectronics FP-SNS-FLIGHT1 5.1.0
2025-06-18 12:19:49,364 [INFO] ThirdParty:1030 - CMSIS Pack Vendor :STMicroelectronics X-CUBE-AZRTOS-WL 2.0.0
2025-06-18 12:19:49,365 [INFO] ThirdParty:1030 - CMSIS Pack Vendor :SEGGER I-CUBE-embOS 1.3.1
2025-06-18 12:19:49,365 [INFO] ThirdParty:1030 - CMSIS Pack Vendor :STMicroelectronics X-CUBE-ALGOBUILD 1.4.0
2025-06-18 12:19:49,365 [INFO] ThirdParty:1030 - CMSIS Pack Vendor :STMicroelectronics X-CUBE-DPower 1.3.0
2025-06-18 12:19:49,365 [INFO] ThirdParty:1030 - CMSIS Pack Vendor :STMicroelectronics X-CUBE-MEMS1 11.3.0
2025-06-18 12:19:49,365 [INFO] ThirdParty:1030 - CMSIS Pack Vendor :STMicroelectronics FP-SNS-MOTENV1 5.0.0
2025-06-18 12:19:49,365 [INFO] ThirdParty:1030 - CMSIS Pack Vendor :STMicroelectronics USB_DEVICE 1.0.0
2025-06-18 12:19:49,365 [INFO] ThirdParty:1030 - CMSIS Pack Vendor :STMicroelectronics X-CUBE-AZRTOS-L4 2.0.0
2025-06-18 12:19:49,365 [INFO] ThirdParty:1030 - CMSIS Pack Vendor :STMicroelectronics ThreadX 0.0.2
2025-06-18 12:19:49,365 [INFO] ThirdParty:1030 - CMSIS Pack Vendor :WES I-CUBE-Cesium 1.3.0
2025-06-18 12:19:49,365 [INFO] ThirdParty:1030 - CMSIS Pack Vendor :STMicroelectronics lwIP 2.1.2
2025-06-18 12:19:49,365 [INFO] ThirdParty:1030 - CMSIS Pack Vendor :STMicroelectronics X-CUBE-SFXS2LP1 4.0.0
2025-06-18 12:19:49,365 [INFO] ThirdParty:1030 - CMSIS Pack Vendor :STMicroelectronics X-CUBE-BLE2 3.3.0
2025-06-18 12:19:49,365 [INFO] ThirdParty:1030 - CMSIS Pack Vendor :STMicroelectronics X-CUBE-TOF1 3.4.3
2025-06-18 12:19:49,365 [INFO] ThirdParty:1030 - CMSIS Pack Vendor :STMicroelectronics PDM2PCM 3.2.0
2025-06-18 12:19:49,365 [INFO] ThirdParty:841 - exiting critical section [change project]
2025-06-18 12:19:49,782 [INFO] PinOutPanel:1589 - setPackage(No Configuration,No Configuration)
2025-06-18 12:19:49,786 [INFO] PinOutPanel:1589 - setPackage(STM32L476RGTx,LQFP64)
2025-06-18 12:19:50,468 [INFO] UtilMem:75 - Before build in PCC Used Memory: 420828664 Bytes (1073741824)
2025-06-18 12:19:50,956 [INFO] UtilMem:75 - After build in PCC Used Memory: 500520440 Bytes (1073741824)
2025-06-18 12:19:50,990 [INFO] IPUIPlugin:80 - create IPUIPlugin
2025-06-18 12:19:50,990 [INFO] IPUIPlugin:80 - create IPUIPlugin
2025-06-18 12:19:50,990 [INFO] IPUIPlugin:80 - create IPUIPlugin
2025-06-18 12:19:50,991 [INFO] IPUIPlugin:80 - create IPUIPlugin
2025-06-18 12:19:50,991 [INFO] IPUIPlugin:80 - create IPUIPlugin
2025-06-18 12:19:50,991 [INFO] IPUIPlugin:80 - create IPUIPlugin
2025-06-18 12:19:50,991 [INFO] IPUIPlugin:80 - create IPUIPlugin
2025-06-18 12:19:50,992 [INFO] IPUIPlugin:80 - create IPUIPlugin
2025-06-18 12:19:50,992 [INFO] IPUIPlugin:80 - create IPUIPlugin
2025-06-18 12:19:50,992 [INFO] IPUIPlugin:80 - create IPUIPlugin
2025-06-18 12:19:50,993 [INFO] IPUIPlugin:80 - create IPUIPlugin
2025-06-18 12:19:50,994 [INFO] IPUIPlugin:80 - create IPUIPlugin
2025-06-18 12:19:50,994 [INFO] IPUIPlugin:80 - create IPUIPlugin
2025-06-18 12:19:50,994 [INFO] IPUIPlugin:80 - create IPUIPlugin
2025-06-18 12:19:50,994 [INFO] IPUIPlugin:80 - create IPUIPlugin
2025-06-18 12:19:50,994 [INFO] IPUIPlugin:80 - create IPUIPlugin
2025-06-18 12:19:50,995 [INFO] IPUIPlugin:80 - create IPUIPlugin
2025-06-18 12:19:50,995 [INFO] IPUIPlugin:80 - create IPUIPlugin
2025-06-18 12:19:50,995 [INFO] IPUIPlugin:80 - create IPUIPlugin
2025-06-18 12:19:50,995 [INFO] IPUIPlugin:80 - create IPUIPlugin
2025-06-18 12:19:50,996 [INFO] IPUIPlugin:80 - create IPUIPlugin
2025-06-18 12:19:50,996 [INFO] IPUIPlugin:80 - create IPUIPlugin
2025-06-18 12:19:50,996 [INFO] IPUIPlugin:80 - create IPUIPlugin
2025-06-18 12:19:50,996 [INFO] IPUIPlugin:80 - create IPUIPlugin
2025-06-18 12:19:50,996 [INFO] IPUIPlugin:80 - create IPUIPlugin
2025-06-18 12:19:50,997 [INFO] IPUIPlugin:80 - create IPUIPlugin
2025-06-18 12:19:50,997 [INFO] IPUIPlugin:80 - create IPUIPlugin
2025-06-18 12:19:50,997 [INFO] IPUIPlugin:80 - create IPUIPlugin
2025-06-18 12:19:50,998 [INFO] IPUIPlugin:80 - create IPUIPlugin
2025-06-18 12:19:50,998 [INFO] IPUIPlugin:80 - create IPUIPlugin
2025-06-18 12:19:50,998 [INFO] IPUIPlugin:80 - create IPUIPlugin
2025-06-18 12:19:50,998 [INFO] IPUIPlugin:80 - create IPUIPlugin
2025-06-18 12:19:50,998 [INFO] IPUIPlugin:80 - create IPUIPlugin
2025-06-18 12:19:50,999 [INFO] IPUIPlugin:80 - create IPUIPlugin
2025-06-18 12:19:50,999 [INFO] IPUIPlugin:80 - create IPUIPlugin
2025-06-18 12:19:50,999 [INFO] IPUIPlugin:80 - create IPUIPlugin
2025-06-18 12:19:51,000 [INFO] IPUIPlugin:80 - create IPUIPlugin
2025-06-18 12:19:51,000 [INFO] IPUIPlugin:80 - create IPUIPlugin
2025-06-18 12:19:51,000 [INFO] IPUIPlugin:80 - create IPUIPlugin
2025-06-18 12:19:51,001 [INFO] IPUIPlugin:80 - create IPUIPlugin
2025-06-18 12:19:51,001 [INFO] IPUIPlugin:80 - create IPUIPlugin
2025-06-18 12:19:51,002 [INFO] IPUIPlugin:80 - create IPUIPlugin
2025-06-18 12:19:51,002 [INFO] IPUIPlugin:80 - create IPUIPlugin
2025-06-18 12:19:51,002 [INFO] IPUIPlugin:80 - create IPUIPlugin
2025-06-18 12:19:51,003 [INFO] IPUIPlugin:80 - create IPUIPlugin
2025-06-18 12:19:51,003 [INFO] IPUIPlugin:80 - create IPUIPlugin
2025-06-18 12:19:51,003 [INFO] IPUIPlugin:80 - create IPUIPlugin
2025-06-18 12:19:51,003 [INFO] IPUIPlugin:80 - create IPUIPlugin
2025-06-18 12:19:51,004 [INFO] IPUIPlugin:80 - create IPUIPlugin
2025-06-18 12:19:51,005 [INFO] IPUIPlugin:80 - create IPUIPlugin
2025-06-18 12:19:51,005 [INFO] IPUIPlugin:80 - create IPUIPlugin
2025-06-18 12:19:51,006 [INFO] IPUIPlugin:80 - create IPUIPlugin
2025-06-18 12:19:51,007 [INFO] IPUIPlugin:80 - create IPUIPlugin
2025-06-18 12:19:51,008 [INFO] IPUIPlugin:80 - create IPUIPlugin
2025-06-18 12:19:51,008 [INFO] IPUIPlugin:80 - create IPUIPlugin
2025-06-18 12:19:51,009 [INFO] IPUIPlugin:80 - create IPUIPlugin
2025-06-18 12:19:51,009 [INFO] IPUIPlugin:80 - create IPUIPlugin
2025-06-18 12:19:51,009 [INFO] IPUIPlugin:80 - create IPUIPlugin
2025-06-18 12:19:51,009 [INFO] IPUIPlugin:80 - create IPUIPlugin
2025-06-18 12:19:51,169 [INFO] CADModel:165 - CPN selected for project levelSTM32L476RGT3
2025-06-18 12:19:51,169 [INFO] CADModel:114 - Register for checkConnection events
2025-06-18 12:19:51,292 [INFO] OpenFileManager:385 - Restore cursor
2025-06-18 12:19:51,974 [INFO] UtilMem:75 - End SaveConfig() Used Memory: 654661112 Bytes (1073741824)
2025-06-18 12:19:52,094 [INFO] UtilMem:75 - End SaveConfig() Used Memory: 679304696 Bytes (1073741824)
2025-06-18 12:19:52,274 [INFO] BlockDiagram:2775 - set Specific Code input for plugin: SYS
2025-06-18 12:19:52,274 [INFO] BlockDiagram:2775 - set Specific Code input for plugin: RCC
2025-06-18 12:19:52,274 [INFO] BlockDiagram:2775 - set Specific Code input for plugin: NVIC
2025-06-18 12:19:52,274 [INFO] BlockDiagram:2775 - set Specific Code input for plugin: USART
2025-06-18 12:19:52,275 [INFO] BlockDiagram:2775 - set Specific Code input for plugin: GPIO
2025-06-18 12:19:52,277 [INFO] CodeGenerator:882 - code generatio: config db path: C:\ST\STM32CubeIDE_1.18.1\STM32CubeIDE\plugins\com.st.stm32cube.common.mx_6.14.1.202504091515\\db\
2025-06-18 12:19:52,423 [INFO] CodeEngine:263 - oldGeneratedFile, C:\Users\arumu\STM32CubeIDE\workspace_1.18.1\bh1750_light_int\MXTmpFiles\license.tmp_save
2025-06-18 12:19:52,524 [INFO] CodeEngine:287 - Generated code: C:\Users\arumu\STM32CubeIDE\workspace_1.18.1\bh1750_light_int\MXTmpFiles\license.tmp
2025-06-18 12:19:52,576 [INFO] CodeEngine:263 - oldGeneratedFile, C:\Users\arumu\STM32CubeIDE\workspace_1.18.1\bh1750_light_int\MXTmpFiles\gpio.tmp_save
2025-06-18 12:19:52,667 [INFO] CodeEngine:287 - Generated code: C:\Users\arumu\STM32CubeIDE\workspace_1.18.1\bh1750_light_int\MXTmpFiles\gpio.tmp
2025-06-18 12:19:52,802 [INFO] CodeEngine:263 - oldGeneratedFile, C:\Users\arumu\STM32CubeIDE\workspace_1.18.1\bh1750_light_int\Core\Src\stm32l4xx_it.c_save
2025-06-18 12:19:53,029 [INFO] CodeEngine:287 - Generated code: C:\Users\arumu\STM32CubeIDE\workspace_1.18.1\bh1750_light_int\Core\Src\stm32l4xx_it.c
2025-06-18 12:19:53,036 [INFO] CodeEngine:263 - oldGeneratedFile, C:\Users\arumu\STM32CubeIDE\workspace_1.18.1\bh1750_light_int\Core\Inc\stm32l4xx_it.h_save
2025-06-18 12:19:53,102 [INFO] CodeEngine:287 - Generated code: C:\Users\arumu\STM32CubeIDE\workspace_1.18.1\bh1750_light_int\Core\Inc\stm32l4xx_it.h
2025-06-18 12:19:53,117 [INFO] CodeEngine:263 - oldGeneratedFile, C:\Users\arumu\STM32CubeIDE\workspace_1.18.1\bh1750_light_int\Core\Src\stm32l4xx_hal_msp.c_save
2025-06-18 12:19:53,263 [INFO] CodeEngine:287 - Generated code: C:\Users\arumu\STM32CubeIDE\workspace_1.18.1\bh1750_light_int\Core\Src\stm32l4xx_hal_msp.c
2025-06-18 12:19:53,268 [INFO] CodeEngine:263 - oldGeneratedFile, C:\Users\arumu\STM32CubeIDE\workspace_1.18.1\bh1750_light_int\MXTmpFiles\system.tmp_save
2025-06-18 12:19:53,320 [INFO] CodeEngine:287 - Generated code: C:\Users\arumu\STM32CubeIDE\workspace_1.18.1\bh1750_light_int\MXTmpFiles\system.tmp
2025-06-18 12:19:53,332 [INFO] CodeEngine:319 - oldGeneratedFile, C:\Users\arumu\STM32CubeIDE\workspace_1.18.1\bh1750_light_int\Core\Inc\stm32l4xx_hal_conf.h_save
2025-06-18 12:19:53,393 [INFO] CodeEngine:343 - Generated code: C:\Users\arumu\STM32CubeIDE\workspace_1.18.1\bh1750_light_int\Core\Inc\stm32l4xx_hal_conf.h
2025-06-18 12:19:53,433 [INFO] ApiDbMcu:508 - Load IP Config File for USART2
2025-06-18 12:19:53,437 [INFO] ApiDbMcu:508 - Load IP Config File for RCC
2025-06-18 12:19:53,449 [INFO] CodeEngine:263 - oldGeneratedFile, C:\Users\arumu\STM32CubeIDE\workspace_1.18.1\bh1750_light_int\Core\Inc\main.h_save
2025-06-18 12:19:53,526 [INFO] CodeEngine:287 - Generated code: C:\Users\arumu\STM32CubeIDE\workspace_1.18.1\bh1750_light_int\Core\Inc\main.h
2025-06-18 12:19:53,530 [INFO] CodeEngine:263 - oldGeneratedFile, C:\Users\arumu\STM32CubeIDE\workspace_1.18.1\bh1750_light_int\Core\Src\main.c_save
2025-06-18 12:19:53,619 [INFO] CodeEngine:287 - Generated code: C:\Users\arumu\STM32CubeIDE\workspace_1.18.1\bh1750_light_int\Core\Src\main.c
2025-06-18 12:19:54,136 [INFO] ProjectBuilder:3324 - Time for Copy HAL[1] : 220mS.
2025-06-18 12:19:54,141 [INFO] ProjectBuilder:4912 - Project Generator version: 4.6.0.1-B1
2025-06-18 12:19:54,229 [INFO] ConfigFileManager:1590 - The Die is : DIE415
2025-06-18 12:19:54,234 [INFO] ApiDbMcu:508 - Load IP Config File for FATFS
2025-06-18 12:19:54,240 [INFO] ApiDbMcu:508 - Load IP Config File for FREERTOS
2025-06-18 12:19:54,252 [INFO] ApiDbMcu:508 - Load IP Config File for TOUCHSENSING
2025-06-18 12:19:54,259 [INFO] ApiDbMcu:508 - Load IP Config File for USB_DEVICE
2025-06-18 12:19:54,265 [INFO] ApiDbMcu:508 - Load IP Config File for USB_HOST
2025-06-18 12:19:56,675 [INFO] ProjectBuilder:5191 - Time for Generating toolchain IDE Files: 2534mS.
2025-06-18 12:19:56,676 [INFO] ProjectBuilder:3181 - Time for Copy CMSIS : 0mS.
2025-06-18 12:19:56,679 [INFO] ProjectBuilder:3181 - Time for Copy CMSIS : 0mS.
2025-06-18 12:19:57,438 [INFO] McuFinderGlobals:76 - Set McuFinderConnectedMode to true
2025-06-18 12:19:57,442 [INFO] ApiDb:448 - Save user favorites file C:\Users\arumu/.stm32cubeide/favorites.mcus.txt: 0 item(s)
2025-06-18 12:19:57,442 [INFO] ApiDb:452 - User favorites MCUs=[]
2025-06-18 12:19:57,445 [INFO] ApiDb:448 - Save user favorites file C:\Users\arumu/.stm32cubeide/favorites.boards.txt: 1 item(s)
2025-06-18 12:19:57,445 [INFO] ApiDb:452 - User favorites Boards=[NUCLEO-L476RG]
2025-06-18 12:23:49,105 [INFO] I2cTimingTraitement:330 - 0x10D19CE4
2025-06-18 12:23:51,228 [INFO] UtilMem:75 - End SaveConfig() Used Memory: 776284096 Bytes (979369984)
2025-06-18 12:23:52,537 [INFO] UtilMem:75 - End SaveConfig() Used Memory: 804060640 Bytes (979369984)
2025-06-18 12:23:57,468 [INFO] UtilMem:75 - End SaveConfig() Used Memory: 332587160 Bytes (979369984)
2025-06-18 12:23:57,822 [INFO] BlockDiagram:2775 - set Specific Code input for plugin: SYS
2025-06-18 12:23:57,823 [INFO] BlockDiagram:2775 - set Specific Code input for plugin: RCC
2025-06-18 12:23:57,823 [INFO] BlockDiagram:2775 - set Specific Code input for plugin: I2C
2025-06-18 12:23:57,823 [INFO] BlockDiagram:2775 - set Specific Code input for plugin: NVIC
2025-06-18 12:23:57,823 [INFO] BlockDiagram:2775 - set Specific Code input for plugin: USART
2025-06-18 12:23:57,824 [INFO] BlockDiagram:2775 - set Specific Code input for plugin: GPIO
2025-06-18 12:23:57,825 [INFO] CodeGenerator:882 - code generatio: config db path: C:\ST\STM32CubeIDE_1.18.1\STM32CubeIDE\plugins\com.st.stm32cube.common.mx_6.14.1.202504091515\\db\
2025-06-18 12:23:58,120 [INFO] CodeEngine:263 - oldGeneratedFile, C:\Users\arumu\STM32CubeIDE\workspace_1.18.1\bh1750_light_int\MXTmpFiles\license.tmp_save
2025-06-18 12:23:58,500 [INFO] CodeEngine:287 - Generated code: C:\Users\arumu\STM32CubeIDE\workspace_1.18.1\bh1750_light_int\MXTmpFiles\license.tmp
2025-06-18 12:23:58,591 [INFO] CodeEngine:263 - oldGeneratedFile, C:\Users\arumu\STM32CubeIDE\workspace_1.18.1\bh1750_light_int\MXTmpFiles\gpio.tmp_save
2025-06-18 12:23:58,741 [INFO] CodeEngine:287 - Generated code: C:\Users\arumu\STM32CubeIDE\workspace_1.18.1\bh1750_light_int\MXTmpFiles\gpio.tmp
2025-06-18 12:23:59,126 [INFO] CodeEngine:263 - oldGeneratedFile, C:\Users\arumu\STM32CubeIDE\workspace_1.18.1\bh1750_light_int\Core\Src\stm32l4xx_it.c_save
2025-06-18 12:23:59,266 [INFO] CodeEngine:287 - Generated code: C:\Users\arumu\STM32CubeIDE\workspace_1.18.1\bh1750_light_int\Core\Src\stm32l4xx_it.c
2025-06-18 12:23:59,277 [INFO] CodeEngine:263 - oldGeneratedFile, C:\Users\arumu\STM32CubeIDE\workspace_1.18.1\bh1750_light_int\Core\Inc\stm32l4xx_it.h_save
2025-06-18 12:23:59,388 [INFO] CodeEngine:287 - Generated code: C:\Users\arumu\STM32CubeIDE\workspace_1.18.1\bh1750_light_int\Core\Inc\stm32l4xx_it.h
2025-06-18 12:23:59,409 [INFO] CodeEngine:263 - oldGeneratedFile, C:\Users\arumu\STM32CubeIDE\workspace_1.18.1\bh1750_light_int\Core\Src\stm32l4xx_hal_msp.c_save
2025-06-18 12:23:59,599 [INFO] CodeEngine:287 - Generated code: C:\Users\arumu\STM32CubeIDE\workspace_1.18.1\bh1750_light_int\Core\Src\stm32l4xx_hal_msp.c
2025-06-18 12:23:59,608 [INFO] CodeEngine:263 - oldGeneratedFile, C:\Users\arumu\STM32CubeIDE\workspace_1.18.1\bh1750_light_int\MXTmpFiles\system.tmp_save
2025-06-18 12:23:59,696 [INFO] CodeEngine:287 - Generated code: C:\Users\arumu\STM32CubeIDE\workspace_1.18.1\bh1750_light_int\MXTmpFiles\system.tmp
2025-06-18 12:23:59,714 [INFO] CodeEngine:319 - oldGeneratedFile, C:\Users\arumu\STM32CubeIDE\workspace_1.18.1\bh1750_light_int\Core\Inc\stm32l4xx_hal_conf.h_save
2025-06-18 12:23:59,817 [INFO] CodeEngine:343 - Generated code: C:\Users\arumu\STM32CubeIDE\workspace_1.18.1\bh1750_light_int\Core\Inc\stm32l4xx_hal_conf.h
2025-06-18 12:23:59,883 [INFO] ApiDbMcu:508 - Load IP Config File for I2C1
2025-06-18 12:23:59,903 [INFO] CodeEngine:263 - oldGeneratedFile, C:\Users\arumu\STM32CubeIDE\workspace_1.18.1\bh1750_light_int\Core\Inc\main.h_save
2025-06-18 12:24:00,132 [INFO] CodeEngine:287 - Generated code: C:\Users\arumu\STM32CubeIDE\workspace_1.18.1\bh1750_light_int\Core\Inc\main.h
2025-06-18 12:24:00,153 [INFO] CodeEngine:263 - oldGeneratedFile, C:\Users\arumu\STM32CubeIDE\workspace_1.18.1\bh1750_light_int\Core\Src\main.c_save
2025-06-18 12:24:00,586 [INFO] CodeEngine:287 - Generated code: C:\Users\arumu\STM32CubeIDE\workspace_1.18.1\bh1750_light_int\Core\Src\main.c
2025-06-18 12:24:03,601 [INFO] ProjectBuilder:3324 - Time for Copy HAL[1] : 2093mS.
2025-06-18 12:24:03,684 [INFO] ProjectBuilder:4912 - Project Generator version: 4.6.0.1-B1
2025-06-18 12:24:04,025 [INFO] ConfigFileManager:1590 - The Die is : DIE415
2025-06-18 12:24:09,303 [INFO] ProjectBuilder:5191 - Time for Generating toolchain IDE Files: 5620mS.
2025-06-18 12:24:09,310 [INFO] ProjectBuilder:3181 - Time for Copy CMSIS : 2mS.
2025-06-18 12:24:09,317 [INFO] ProjectBuilder:3181 - Time for Copy CMSIS : 0mS.
2025-06-18 14:05:03,236 [INFO] WebApp:194 - Connection lost
2025-06-18 14:58:30,529 [ERROR] LogOutputStream:75 - [STDERR_REDIRECT] 14:58:30.468 ERROR Chromium process exit code: -1,073,741,819
2025-06-18 14:58:30,541 [ERROR] LogOutputStream:75 - [STDERR_REDIRECT] 
2025-06-18 14:58:30,547 [ERROR] LogOutputStream:75 - [STDERR_REDIRECT] 14:58:30.544 ERROR Crash dump dir: C:\Users\arumu\AppData\Local\JxBrowser\7.41.4\CrashReports
2025-06-18 14:58:30,548 [ERROR] LogOutputStream:75 - [STDERR_REDIRECT] 
2025-06-18 14:58:30,583 [ERROR] WebApp:412 - JxBrowser engine crashed! Exit code: -1073741819
2025-06-18 16:40:13,169 [ERROR] LogOutputStream:75 - [STDERR_REDIRECT] 
