2025-06-17 10:07:05,175 [INFO] Activator:176 - 


2025-06-17 10:07:05,182 [INFO] Activator:177 - !SESSION log4j initialized
2025-06-17 10:07:13,567 [INFO] LogOutputStream:77 - [STDOUT_REDIRECT] 
2025-06-17 10:07:15,803 [INFO] ApplicationProperties:184 - Using Application install path: C:\ST\STM32CubeIDE_1.18.1\STM32CubeIDE\plugins\com.st.stm32cube.common.mx_6.14.1.202504091515
2025-06-17 10:07:15,836 [INFO] DbMcusXml:78 - Set database path to: C:\ST\STM32CubeIDE_1.18.1\STM32CubeIDE\plugins\com.st.stm32cube.common.mx_6.14.1.202504091515\\db\/mcu/
2025-06-17 10:07:15,837 [INFO] ApiDb:274 - Set plugin database path to: C:\ST\STM32CubeIDE_1.18.1\STM32CubeIDE\plugins\com.st.stm32cube.common.mx_6.14.1.202504091515\\db\/plugins/boardmanager/
2025-06-17 10:07:15,837 [WARN] ApiDb:259 - Overriding images path with different value:  => C:\ST\STM32CubeIDE_1.18.1\STM32CubeIDE\plugins\com.st.stm32cube.common.mx_6.14.1.202504091515\\db\/plugins/mcufinder/images/
2025-06-17 10:07:15,858 [INFO] ApiDb:250 - Set database path to: C:\Users\arumu\.stmcufinder\plugins\mcufinder//mcu/
2025-06-17 10:07:15,861 [INFO] DbMcusAds:125 - Set database path to: C:\Users\arumu\.stmcufinder\plugins\mcufinder//mcu/
2025-06-17 10:07:15,866 [INFO] CrossReferenceDbSqlite:203 - Set database path to: C:\Users\arumu\.stmcufinder\plugins\mcufinder//mcu/cs/
2025-06-17 10:07:16,067 [INFO] RulesReader:64 - Compatibility file has been processed (302 Rules)
2025-06-17 10:07:16,208 [INFO] DbMcusXml:78 - Set database path to: C:\ST\STM32CubeIDE_1.18.1\STM32CubeIDE\plugins\com.st.stm32cube.common.mx_6.14.1.202504091515\\db\/mcu/
2025-06-17 10:07:16,208 [INFO] ApiDb:274 - Set plugin database path to: C:\ST\STM32CubeIDE_1.18.1\STM32CubeIDE\plugins\com.st.stm32cube.common.mx_6.14.1.202504091515\\db\/plugins/boardmanager/
2025-06-17 10:07:16,208 [INFO] ApiDb:261 - Set plugin images path to: C:\ST\STM32CubeIDE_1.18.1\STM32CubeIDE\plugins\com.st.stm32cube.common.mx_6.14.1.202504091515\\db\/plugins/mcufinder/images/
2025-06-17 10:07:16,210 [WARN] DbFile:41 - Overriding database path with different value: C:\Users\arumu\.stmcufinder\plugins\mcufinder/ => C:\Users\arumu\.stmcufinder\plugins\mcufinder
2025-06-17 10:07:16,210 [INFO] ApiDb:250 - Set database path to: C:\Users\arumu\.stmcufinder\plugins\mcufinder//mcu/
2025-06-17 10:07:16,210 [WARN] DbFile:41 - Overriding database path with different value: C:\Users\arumu\.stmcufinder\plugins\mcufinder/ => C:\Users\arumu\.stmcufinder\plugins\mcufinder
2025-06-17 10:07:16,210 [INFO] DbMcusAds:125 - Set database path to: C:\Users\arumu\.stmcufinder\plugins\mcufinder//mcu/
2025-06-17 10:07:16,210 [WARN] DbFile:41 - Overriding database path with different value: C:\Users\arumu\.stmcufinder\plugins\mcufinder/ => C:\Users\arumu\.stmcufinder\plugins\mcufinder
2025-06-17 10:07:16,210 [WARN] DbFile:41 - Overriding database path with different value: C:\Users\arumu\.stmcufinder\plugins\mcufinder/ => C:\Users\arumu\.stmcufinder\plugins\mcufinder
2025-06-17 10:07:16,210 [INFO] CrossReferenceDbSqlite:203 - Set database path to: C:\Users\arumu\.stmcufinder\plugins\mcufinder//mcu/cs/
2025-06-17 10:07:16,327 [INFO] MainPanel:272 - HeapMemory: 270532608
2025-06-17 10:07:16,519 [INFO] DbMcusXml:78 - Set database path to: C:\ST\STM32CubeIDE_1.18.1\STM32CubeIDE\plugins\com.st.stm32cube.common.mx_6.14.1.202504091515\\db\/mcu/
2025-06-17 10:07:16,520 [INFO] ApiDb:274 - Set plugin database path to: C:\ST\STM32CubeIDE_1.18.1\STM32CubeIDE\plugins\com.st.stm32cube.common.mx_6.14.1.202504091515\\db\/plugins/boardmanager/
2025-06-17 10:07:16,520 [INFO] ApiDb:261 - Set plugin images path to: C:\ST\STM32CubeIDE_1.18.1\STM32CubeIDE\plugins\com.st.stm32cube.common.mx_6.14.1.202504091515\\db\/plugins/mcufinder/images/
2025-06-17 10:07:16,520 [WARN] DbFile:41 - Overriding database path with different value: C:\Users\arumu\.stmcufinder\plugins\mcufinder/ => C:\Users\arumu\.stmcufinder\plugins\mcufinder
2025-06-17 10:07:16,520 [INFO] ApiDb:250 - Set database path to: C:\Users\arumu\.stmcufinder\plugins\mcufinder//mcu/
2025-06-17 10:07:16,520 [WARN] DbFile:41 - Overriding database path with different value: C:\Users\arumu\.stmcufinder\plugins\mcufinder/ => C:\Users\arumu\.stmcufinder\plugins\mcufinder
2025-06-17 10:07:16,521 [INFO] DbMcusAds:125 - Set database path to: C:\Users\arumu\.stmcufinder\plugins\mcufinder//mcu/
2025-06-17 10:07:16,521 [WARN] DbFile:41 - Overriding database path with different value: C:\Users\arumu\.stmcufinder\plugins\mcufinder/ => C:\Users\arumu\.stmcufinder\plugins\mcufinder
2025-06-17 10:07:16,521 [WARN] DbFile:41 - Overriding database path with different value: C:\Users\arumu\.stmcufinder\plugins\mcufinder/ => C:\Users\arumu\.stmcufinder\plugins\mcufinder
2025-06-17 10:07:16,521 [INFO] CrossReferenceDbSqlite:203 - Set database path to: C:\Users\arumu\.stmcufinder\plugins\mcufinder//mcu/cs/
2025-06-17 10:07:16,587 [INFO] ApplicationProperties:184 - Using Application install path: C:\ST\STM32CubeIDE_1.18.1\STM32CubeIDE\plugins\com.st.stm32cube.common.mx_6.14.1.202504091515
2025-06-17 10:07:16,591 [INFO] PluginManage:196 - Search for loadable plugins [exclusion list=, ]
2025-06-17 10:07:16,595 [INFO] PluginManage:310 - Check plugin analytics
2025-06-17 10:07:16,897 [INFO] AnalyticsPlugin:253 - Accepted Software Licenses: 
2025-06-17 10:07:16,899 [INFO] AnalyticsPlugin:255 - Accepted CMSIS Pack Licenses: 
2025-06-17 10:07:16,899 [INFO] AnalyticsPlugin:257 - Accepted Firmware Licenses: FW.L4.1.18.0,FW.F4.1.28.0
2025-06-17 10:07:16,902 [INFO] PluginManage:359 - Loaded plugin analytics (category:tool,tabindex:-1)
2025-06-17 10:07:16,903 [INFO] PluginManage:310 - Check plugin cadmodel
2025-06-17 10:07:16,909 [INFO] CADModel:105 - Init CAD model plugin
2025-06-17 10:07:16,909 [INFO] PluginManage:359 - Loaded plugin cadmodel (category:power,tabindex:5)
2025-06-17 10:07:16,910 [INFO] PluginManage:310 - Check plugin clock
2025-06-17 10:07:16,924 [INFO] PluginManage:359 - Loaded plugin clock (category:base,tabindex:2)
2025-06-17 10:07:16,924 [INFO] PluginManage:310 - Check plugin ddr
2025-06-17 10:07:16,927 [INFO] PluginManage:359 - Loaded plugin ddr (category:tool,tabindex:6)
2025-06-17 10:07:16,927 [INFO] PluginManage:310 - Check plugin filemanager
2025-06-17 10:07:17,142 [INFO] PluginManage:359 - Loaded plugin filemanager (category:base,tabindex:10)
2025-06-17 10:07:17,142 [INFO] PluginManage:310 - Check plugin ipmanager
2025-06-17 10:07:17,155 [INFO] PluginManage:359 - Loaded plugin ipmanager (category:base,tabindex:5)
2025-06-17 10:07:17,155 [INFO] PluginManage:310 - Check plugin lpbam
2025-06-17 10:07:17,200 [INFO] PluginManage:359 - Loaded plugin lpbam (category:base,tabindex:0)
2025-06-17 10:07:17,200 [INFO] PluginManage:310 - Check plugin memorymap
2025-06-17 10:07:17,225 [INFO] PluginManage:359 - Loaded plugin memorymap (category:base,tabindex:4)
2025-06-17 10:07:17,225 [INFO] PluginManage:310 - Check plugin pinoutandconfiguration
2025-06-17 10:07:17,242 [INFO] PluginManage:359 - Loaded plugin pinoutandconfiguration (category:base,tabindex:1)
2025-06-17 10:07:17,242 [INFO] PluginManage:310 - Check plugin pinoutconfig
2025-06-17 10:07:17,474 [WARN] SupportedApi:132 - Cannot load RTOS API schema: s4s-elt-must-match.1: The content of 'definitions' must match (annotation?, (simpleType | complexType)?, (unique | key | keyref)*)). A problem was found starting at: attribute.
2025-06-17 10:07:17,716 [INFO] PluginManage:359 - Loaded plugin pinoutconfig (category:base,tabindex:0)
2025-06-17 10:07:17,717 [INFO] PluginManage:310 - Check plugin power
2025-06-17 10:07:17,733 [INFO] PluginManage:359 - Loaded plugin power (category:power,tabindex:4)
2025-06-17 10:07:17,734 [INFO] PluginManage:310 - Check plugin projectmanager
2025-06-17 10:07:17,759 [INFO] PluginManage:359 - Loaded plugin projectmanager (category:projectmanager,tabindex:4)
2025-06-17 10:07:17,759 [INFO] PluginManage:310 - Check plugin rif
2025-06-17 10:07:17,772 [INFO] PluginManage:359 - Loaded plugin rif (category:base,tabindex:3)
2025-06-17 10:07:17,772 [INFO] PluginManage:310 - Check plugin thirdparty
2025-06-17 10:07:17,972 [INFO] PluginManage:359 - Loaded plugin thirdparty (category:base,tabindex:-1)
2025-06-17 10:07:17,972 [INFO] PluginManage:310 - Check plugin tools
2025-06-17 10:07:17,972 [WARN] IntegrityCheckThread:84 - waiting for thirdparty lock release [integrity check]
2025-06-17 10:07:17,972 [INFO] IntegrityCheckThread:86 - entering critical section [integrity check]
2025-06-17 10:07:17,973 [INFO] ThirdPartyUpdaterWithRetryManager:70 - Updater plugin not ready yet. [1/15]
2025-06-17 10:07:17,988 [INFO] PluginManage:359 - Loaded plugin tools (category:base,tabindex:7)
2025-06-17 10:07:17,990 [INFO] PluginManage:310 - Check plugin tutovideos
2025-06-17 10:07:18,274 [INFO] PluginManage:359 - Loaded plugin tutovideos (category:base,tabindex:-1)
2025-06-17 10:07:18,276 [INFO] PluginManage:310 - Check plugin updater
2025-06-17 10:07:18,308 [INFO] PluginManage:359 - Loaded plugin updater (category:base,tabindex:12)
2025-06-17 10:07:18,308 [INFO] PluginManage:310 - Check plugin userauth
2025-06-17 10:07:18,316 [INFO] UserAuth:118 - Init User Auth plugin
2025-06-17 10:07:18,318 [INFO] PluginManage:359 - Loaded plugin userauth (category:base,tabindex:14)
2025-06-17 10:07:18,319 [INFO] PluginManage:283 - PluginManage : Loaded plugins [18]
2025-06-17 10:07:18,744 [INFO] PinOutPanel:1589 - setPackage(No Configuration,No Configuration)
2025-06-17 10:07:18,907 [INFO] CADModel:165 - CPN selected for project level
2025-06-17 10:07:18,907 [INFO] CADModel:114 - Register for checkConnection events
2025-06-17 10:07:18,938 [INFO] IPUIPlugin:80 - create IPUIPlugin
2025-06-17 10:07:18,938 [INFO] PluginManager:220 - loadIPPluginJar : add adc
2025-06-17 10:07:18,943 [INFO] IPUIPlugin:80 - create IPUIPlugin
2025-06-17 10:07:18,943 [INFO] PluginManager:220 - loadIPPluginJar : add aes
2025-06-17 10:07:18,947 [INFO] IPUIPlugin:80 - create IPUIPlugin
2025-06-17 10:07:18,947 [INFO] PluginManager:220 - loadIPPluginJar : add can
2025-06-17 10:07:18,951 [INFO] IPUIPlugin:80 - create IPUIPlugin
2025-06-17 10:07:18,951 [INFO] PluginManager:220 - loadIPPluginJar : add comp
2025-06-17 10:07:18,955 [INFO] IPUIPlugin:80 - create IPUIPlugin
2025-06-17 10:07:18,956 [INFO] PluginManager:220 - loadIPPluginJar : add cryp
2025-06-17 10:07:18,963 [INFO] IPUIPlugin:80 - create IPUIPlugin
2025-06-17 10:07:18,963 [INFO] PluginManager:220 - loadIPPluginJar : add ddr_ctrl_phy
2025-06-17 10:07:18,967 [INFO] IPUIPlugin:80 - create IPUIPlugin
2025-06-17 10:07:18,968 [INFO] PluginManager:220 - loadIPPluginJar : add dfsdm
2025-06-17 10:07:18,975 [INFO] IPUIPlugin:80 - create IPUIPlugin
2025-06-17 10:07:18,977 [INFO] PluginManager:220 - loadIPPluginJar : add dma
2025-06-17 10:07:18,982 [INFO] IPUIPlugin:80 - create IPUIPlugin
2025-06-17 10:07:18,982 [INFO] PluginManager:220 - loadIPPluginJar : add dma3
2025-06-17 10:07:18,986 [INFO] IPUIPlugin:80 - create IPUIPlugin
2025-06-17 10:07:18,986 [INFO] PluginManager:220 - loadIPPluginJar : add extmemmanager
2025-06-17 10:07:18,989 [INFO] IPUIPlugin:80 - create IPUIPlugin
2025-06-17 10:07:18,989 [INFO] PluginManager:220 - loadIPPluginJar : add fatfs
2025-06-17 10:07:18,995 [INFO] IPUIPlugin:80 - create IPUIPlugin
2025-06-17 10:07:18,995 [INFO] PluginManager:220 - loadIPPluginJar : add fmc
2025-06-17 10:07:19,004 [INFO] IPUIPlugin:80 - create IPUIPlugin
2025-06-17 10:07:19,004 [INFO] PluginManager:220 - loadIPPluginJar : add freertos
2025-06-17 10:07:19,007 [INFO] IPUIPlugin:80 - create IPUIPlugin
2025-06-17 10:07:19,007 [INFO] PluginManager:220 - loadIPPluginJar : add genericplugin
2025-06-17 10:07:19,011 [INFO] IPUIPlugin:80 - create IPUIPlugin
2025-06-17 10:07:19,011 [INFO] PluginManager:220 - loadIPPluginJar : add gfxmmu
2025-06-17 10:07:19,018 [INFO] IPUIPlugin:80 - create IPUIPlugin
2025-06-17 10:07:19,019 [INFO] PluginManager:220 - loadIPPluginJar : add gic
2025-06-17 10:07:19,026 [INFO] IPUIPlugin:80 - create IPUIPlugin
2025-06-17 10:07:19,027 [INFO] PluginManager:220 - loadIPPluginJar : add gpio
2025-06-17 10:07:19,031 [INFO] IPUIPlugin:80 - create IPUIPlugin
2025-06-17 10:07:19,031 [INFO] PluginManager:220 - loadIPPluginJar : add gtzc
2025-06-17 10:07:19,036 [INFO] IPUIPlugin:80 - create IPUIPlugin
2025-06-17 10:07:19,036 [INFO] PluginManager:220 - loadIPPluginJar : add hash
2025-06-17 10:07:19,041 [INFO] IPUIPlugin:80 - create IPUIPlugin
2025-06-17 10:07:19,042 [INFO] PluginManager:220 - loadIPPluginJar : add i2c
2025-06-17 10:07:19,046 [INFO] IPUIPlugin:80 - create IPUIPlugin
2025-06-17 10:07:19,047 [INFO] PluginManager:220 - loadIPPluginJar : add i2s
2025-06-17 10:07:19,052 [INFO] IPUIPlugin:80 - create IPUIPlugin
2025-06-17 10:07:19,052 [INFO] PluginManager:220 - loadIPPluginJar : add i3c
2025-06-17 10:07:19,057 [INFO] IPUIPlugin:80 - create IPUIPlugin
2025-06-17 10:07:19,057 [INFO] PluginManager:220 - loadIPPluginJar : add ipddr
2025-06-17 10:07:19,066 [INFO] IPUIPlugin:80 - create IPUIPlugin
2025-06-17 10:07:19,066 [INFO] PluginManager:220 - loadIPPluginJar : add linkedlist
2025-06-17 10:07:19,070 [INFO] IPUIPlugin:80 - create IPUIPlugin
2025-06-17 10:07:19,070 [INFO] PluginManager:220 - loadIPPluginJar : add lorawan
2025-06-17 10:07:19,073 [INFO] IPUIPlugin:80 - create IPUIPlugin
2025-06-17 10:07:19,073 [INFO] PluginManager:220 - loadIPPluginJar : add ltdc
2025-06-17 10:07:19,079 [INFO] IPUIPlugin:80 - create IPUIPlugin
2025-06-17 10:07:19,080 [INFO] PluginManager:220 - loadIPPluginJar : add mdma
2025-06-17 10:07:19,085 [INFO] IPUIPlugin:80 - create IPUIPlugin
2025-06-17 10:07:19,086 [INFO] PluginManager:220 - loadIPPluginJar : add nvic
2025-06-17 10:07:19,100 [INFO] IPUIPlugin:80 - create IPUIPlugin
2025-06-17 10:07:19,101 [INFO] PluginManager:220 - loadIPPluginJar : add opamp
2025-06-17 10:07:19,106 [INFO] IPUIPlugin:80 - create IPUIPlugin
2025-06-17 10:07:19,106 [INFO] PluginManager:220 - loadIPPluginJar : add openamp
2025-06-17 10:07:19,111 [INFO] IPUIPlugin:80 - create IPUIPlugin
2025-06-17 10:07:19,111 [INFO] PluginManager:220 - loadIPPluginJar : add pdm2pcm
2025-06-17 10:07:19,118 [INFO] IPUIPlugin:80 - create IPUIPlugin
2025-06-17 10:07:19,121 [INFO] PluginManager:220 - loadIPPluginJar : add plateformsettings
2025-06-17 10:07:19,125 [INFO] IPUIPlugin:80 - create IPUIPlugin
2025-06-17 10:07:19,125 [INFO] PluginManager:220 - loadIPPluginJar : add quadspi
2025-06-17 10:07:19,128 [INFO] IPUIPlugin:80 - create IPUIPlugin
2025-06-17 10:07:19,131 [INFO] PluginManager:220 - loadIPPluginJar : add radio
2025-06-17 10:07:19,137 [INFO] IPUIPlugin:80 - create IPUIPlugin
2025-06-17 10:07:19,137 [INFO] PluginManager:220 - loadIPPluginJar : add resmgrutility
2025-06-17 10:07:19,142 [INFO] IPUIPlugin:80 - create IPUIPlugin
2025-06-17 10:07:19,142 [INFO] PluginManager:220 - loadIPPluginJar : add sai
2025-06-17 10:07:19,146 [INFO] IPUIPlugin:80 - create IPUIPlugin
2025-06-17 10:07:19,148 [INFO] PluginManager:220 - loadIPPluginJar : add spi
2025-06-17 10:07:19,155 [INFO] IPUIPlugin:80 - create IPUIPlugin
2025-06-17 10:07:19,155 [INFO] PluginManager:220 - loadIPPluginJar : add stm32_wpan
2025-06-17 10:07:19,158 [INFO] IPUIPlugin:80 - create IPUIPlugin
2025-06-17 10:07:19,160 [INFO] PluginManager:220 - loadIPPluginJar : add tim
2025-06-17 10:07:19,166 [INFO] IPUIPlugin:80 - create IPUIPlugin
2025-06-17 10:07:19,166 [INFO] PluginManager:220 - loadIPPluginJar : add touchsensing
2025-06-17 10:07:19,171 [INFO] IPUIPlugin:80 - create IPUIPlugin
2025-06-17 10:07:19,171 [INFO] PluginManager:220 - loadIPPluginJar : add tracer_emb
2025-06-17 10:07:19,174 [INFO] IPUIPlugin:80 - create IPUIPlugin
2025-06-17 10:07:19,175 [INFO] PluginManager:220 - loadIPPluginJar : add ts
2025-06-17 10:07:19,176 [INFO] IPUIPlugin:80 - create IPUIPlugin
2025-06-17 10:07:19,177 [INFO] PluginManager:220 - loadIPPluginJar : add tsc
2025-06-17 10:07:19,179 [INFO] IPUIPlugin:80 - create IPUIPlugin
2025-06-17 10:07:19,179 [INFO] PluginManager:220 - loadIPPluginJar : add ucpd
2025-06-17 10:07:19,183 [INFO] IPUIPlugin:80 - create IPUIPlugin
2025-06-17 10:07:19,183 [INFO] PluginManager:220 - loadIPPluginJar : add usart
2025-06-17 10:07:19,188 [INFO] IPUIPlugin:80 - create IPUIPlugin
2025-06-17 10:07:19,188 [INFO] PluginManager:220 - loadIPPluginJar : add usbx
2025-06-17 10:07:19,334 [FATAL] Updater:351 - Updater called before beeing initialized
2025-06-17 10:07:19,366 [INFO] RulesReader:64 - Compatibility file has been processed (302 Rules)
2025-06-17 10:07:19,379 [INFO] RulesReader:64 - Compatibility file has been processed (302 Rules)
2025-06-17 10:07:19,388 [INFO] CADModel:165 - CPN selected for project level
2025-06-17 10:07:19,388 [INFO] CADModel:114 - Register for checkConnection events
2025-06-17 10:07:19,388 [FATAL] Updater:351 - Updater called before beeing initialized
2025-06-17 10:07:19,388 [ERROR] CADModel:125 - Updater not yet initialized, retry later 
2025-06-17 10:07:19,584 [FATAL] Updater:351 - Updater called before beeing initialized
2025-06-17 10:07:19,586 [INFO] CADModel:165 - CPN selected for project level
2025-06-17 10:07:19,586 [INFO] CADModel:114 - Register for checkConnection events
2025-06-17 10:07:19,586 [FATAL] Updater:351 - Updater called before beeing initialized
2025-06-17 10:07:19,586 [ERROR] CADModel:125 - Updater not yet initialized, retry later 
2025-06-17 10:07:19,590 [FATAL] Updater:351 - Updater called before beeing initialized
2025-06-17 10:07:19,695 [FATAL] Updater:351 - Updater called before beeing initialized
2025-06-17 10:07:19,700 [INFO] DbMcusAds:53 - JSON generation date=Wed May 07 14:37:55 IST 2025 (1746608875484)
2025-06-17 10:07:19,700 [FATAL] Updater:351 - Updater called before beeing initialized
2025-06-17 10:07:19,738 [WARN] DetailPanel:346 - Failed to get advertising image, set to default
2025-06-17 10:07:19,970 [FATAL] Updater:351 - Updater called before beeing initialized
2025-06-17 10:07:19,972 [FATAL] Updater:351 - Updater called before beeing initialized
2025-06-17 10:07:19,972 [FATAL] Updater:351 - Updater called before beeing initialized
2025-06-17 10:07:19,972 [WARN] DetailPanel:346 - Failed to get advertising image, set to default
2025-06-17 10:07:19,973 [FATAL] Updater:351 - Updater called before beeing initialized
2025-06-17 10:07:20,027 [ERROR] Updater:1198 - MainUpdater not yet initialized. External WinMGr cannot be set.
2025-06-17 10:07:20,030 [INFO] Updater:1134 - Updater Version found : 6.14.1
2025-06-17 10:07:20,047 [INFO] ApplicationProperties:184 - Using Application install path: C:\ST\STM32CubeIDE_1.18.1\STM32CubeIDE\plugins\com.st.stm32cube.common.mx_6.14.1.202504091515
2025-06-17 10:07:20,974 [INFO] ThirdPartyUpdaterWithRetryManager:70 - Updater plugin not ready yet. [2/15]
2025-06-17 10:07:21,620 [ERROR] LogOutputStream:75 - [STDERR_REDIRECT] Jun 17, 2025 10:07:21 AM java.util.prefs.WindowsPreferences <init>
2025-06-17 10:07:21,621 [ERROR] LogOutputStream:75 - [STDERR_REDIRECT] WARNING: Could not open/create prefs root node Software\JavaSoft\Prefs at root 0xffffffff80000002. Windows RegCreateKeyEx(...) returned error code 5.
2025-06-17 10:07:21,621 [ERROR] LogOutputStream:75 - [STDERR_REDIRECT] 
2025-06-17 10:07:21,974 [INFO] MainUpdater:2872 - connection check result : 10
2025-06-17 10:07:21,975 [INFO] MainUpdater:289 - Updater Check For Update Now.
2025-06-17 10:07:21,975 [INFO] MicroXplorer:498 - Change Database Version : DB.6.0.141
2025-06-17 10:07:22,003 [INFO] McuFinderGlobals:63 - Set McuFinder mode to 2 (CubeIDE integrated)
2025-06-17 10:07:22,004 [INFO] UserAuth:484 - Internet connection configuration mode: 1
2025-06-17 10:07:22,030 [INFO] JxBrowserEngine:152 - Initiate JxBrowser Engine with user profile folder
2025-06-17 10:07:22,172 [INFO] CheckServerUpdateThread:120 - End of CheckServer Thread
2025-06-17 10:07:23,765 [INFO] WebApp:169 - Instantiating new browser for Auth
2025-06-17 10:07:24,387 [WARN] PackLoader:240 - Cannot read IP mode file for STMicroelectronics.FP-SNS-MOTENVWB1.1.4.0
2025-06-17 10:07:24,405 [WARN] PackLoader:240 - Cannot read IP mode file for STMicroelectronics.FP-ATR-ASTRA1.2.0.2
2025-06-17 10:07:24,427 [WARN] PackLoader:240 - Cannot read IP mode file for STMicroelectronics.X-CUBE-SMBUS.2.1.0
2025-06-17 10:07:24,438 [WARN] PackLoader:240 - Cannot read IP mode file for STMicroelectronics.X-CUBE-ST60.1.0.0
2025-06-17 10:07:24,498 [WARN] PackLoader:240 - Cannot read IP mode file for STMicroelectronics.X-CUBE-AZRTOS-F7.1.1.0
2025-06-17 10:07:24,540 [WARN] PackLoader:240 - Cannot read IP mode file for Infineon.AIROC-Wi-Fi-Bluetooth-STM32.1.7.0
2025-06-17 10:07:24,561 [WARN] PackLoader:240 - Cannot read IP mode file for STMicroelectronics.X-CUBE-DISPLAY.3.0.0
2025-06-17 10:07:24,580 [WARN] PackLoader:240 - Cannot read IP mode file for STMicroelectronics.X-CUBE-NFC10.1.0.0
2025-06-17 10:07:24,598 [WARN] PackLoader:240 - Cannot read IP mode file for STMicroelectronics.X-CUBE-BLEMGR.4.0.0
2025-06-17 10:07:24,611 [WARN] PackLoader:240 - Cannot read IP mode file for emotas.I-CUBE-CANOPEN.1.3.0
2025-06-17 10:07:24,622 [WARN] ConditionMgr:438 - getConditionDescription Invalid condition id : Cortex-A Device cause : null
2025-06-17 10:07:24,640 [WARN] ConditionMgr:1044 - genDependencies : Invalid condition id : Cortex-A Device cause : null
2025-06-17 10:07:24,641 [WARN] ConditionMgr:1044 - genDependencies : Invalid condition id : Cortex-A Device cause : null
2025-06-17 10:07:24,641 [WARN] ConditionMgr:1044 - genDependencies : Invalid condition id : Cortex-A Device cause : null
2025-06-17 10:07:24,649 [WARN] PackLoader:240 - Cannot read IP mode file for STMicroelectronics.FP-SNS-SMARTAG2.1.2.0
2025-06-17 10:07:24,654 [WARN] PackLoader:240 - Cannot read IP mode file for STMicroelectronics.FP-SNS-FLIGHT1.5.1.0
2025-06-17 10:07:24,670 [INFO] LogOutputStream:77 - [STDOUT_REDIRECT] 1 : Invalid condition id : UX_CORESTACK_Condition cause : null
2025-06-17 10:07:24,671 [INFO] LogOutputStream:77 - [STDOUT_REDIRECT] 1 : Invalid condition id : UX_CORESTACK_Condition cause : null
2025-06-17 10:07:24,672 [INFO] LogOutputStream:77 - [STDOUT_REDIRECT] 1 : Invalid condition id : UX_CORESTACK_Condition cause : null
2025-06-17 10:07:24,673 [INFO] LogOutputStream:77 - [STDOUT_REDIRECT] 1 : Invalid condition id : UX_CORESTACK_Condition cause : null
2025-06-17 10:07:24,674 [INFO] LogOutputStream:77 - [STDOUT_REDIRECT] 1 : Invalid condition id : UX_CORESTACK_Condition cause : null
2025-06-17 10:07:24,679 [WARN] PackLoader:240 - Cannot read IP mode file for STMicroelectronics.X-CUBE-AZRTOS-WL.2.0.0
2025-06-17 10:07:24,690 [WARN] PackLoader:240 - Cannot read IP mode file for STMicroelectronics.FP-SNS-MOTENV1.5.0.0
2025-06-17 10:07:24,709 [WARN] PackLoader:240 - Cannot read IP mode file for WES.I-CUBE-Cesium.1.3.0
2025-06-17 10:07:24,716 [WARN] PackLoader:240 - Cannot read IP mode file for STMicroelectronics.X-CUBE-BLE2.3.3.0
2025-06-17 10:07:24,726 [WARN] PackLoader:240 - Cannot read IP mode file for STMicroelectronics.X-CUBE-NFC9.1.0.0
2025-06-17 10:07:24,747 [WARN] PackLoader:240 - Cannot read IP mode file for wolfSSL.I-CUBE-wolfSSL.5.8.0
2025-06-17 10:07:24,779 [WARN] PackLoader:240 - Cannot read IP mode file for STMicroelectronics.X-CUBE-BLE1.7.1.0
2025-06-17 10:07:24,798 [WARN] PackLoader:240 - Cannot read IP mode file for wolfSSL.I-CUBE-wolfMQTT.1.19.2
2025-06-17 10:07:24,810 [WARN] PackLoader:240 - Cannot read IP mode file for STMicroelectronics.X-CUBE-AI.10.1.0
2025-06-17 10:07:24,833 [WARN] PackLoader:240 - Cannot read IP mode file for STMicroelectronics.X-CUBE-AZRTOS-G0.1.1.0
2025-06-17 10:07:24,896 [WARN] PackLoader:240 - Cannot read IP mode file for STMicroelectronics.X-CUBE-SAFEA1.1.2.2
2025-06-17 10:07:24,909 [WARN] PackLoader:240 - Cannot read IP mode file for STMicroelectronics.X-CUBE-NFC4.3.0.0
2025-06-17 10:07:24,931 [WARN] PackLoader:240 - Cannot read IP mode file for EmbeddedOffice.I-CUBE-FS-RTOS.1.0.1
2025-06-17 10:07:24,943 [WARN] PackLoader:240 - Cannot read IP mode file for STMicroelectronics.X-CUBE-WB05N.2.0.0
2025-06-17 10:07:24,955 [WARN] PackLoader:240 - Cannot read IP mode file for wolfSSL.I-CUBE-wolfTPM.3.8.0
2025-06-17 10:07:24,967 [WARN] PackLoader:240 - Cannot read IP mode file for STMicroelectronics.X-CUBE-TCPP.4.2.0
2025-06-17 10:07:25,002 [WARN] PackLoader:240 - Cannot read IP mode file for RealThread.X-CUBE-RT-Thread_Nano.4.1.1
2025-06-17 10:07:25,012 [WARN] PackLoader:240 - Cannot read IP mode file for STMicroelectronics.FP-ATR-SIGFOX1.3.2.0
2025-06-17 10:07:25,028 [WARN] PackLoader:240 - Cannot read IP mode file for STMicroelectronics.X-CUBE-EEPRMA1.5.1.0
2025-06-17 10:07:25,045 [WARN] PackLoader:240 - Cannot read IP mode file for ITTIA_DB.I-CUBE-ITTIADB.8.9.0
2025-06-17 10:07:25,060 [WARN] PackLoader:240 - Cannot read IP mode file for STMicroelectronics.X-CUBE-ST67W61.1.0.0
2025-06-17 10:07:25,102 [WARN] PackLoader:240 - Cannot read IP mode file for SEGGER.I-CUBE-embOS.1.3.1
2025-06-17 10:07:25,104 [INFO] WebApp:463 - Apply proxy settings
2025-06-17 10:07:25,104 [INFO] WebApp:548 - Chromium requires no authentication
2025-06-17 10:07:25,122 [INFO] WebApp:491 - Direct internet connection detected
2025-06-17 10:07:25,165 [WARN] PackLoader:240 - Cannot read IP mode file for STMicroelectronics.X-CUBE-ALGOBUILD.1.4.0
2025-06-17 10:07:25,172 [INFO] WebApp:894 - Register for checkConnection events
2025-06-17 10:07:25,173 [INFO] WebApp:463 - Apply proxy settings
2025-06-17 10:07:25,173 [INFO] WebApp:548 - Chromium requires no authentication
2025-06-17 10:07:25,173 [INFO] WebApp:491 - Direct internet connection detected
2025-06-17 10:07:25,222 [WARN] PackLoader:240 - Cannot read IP mode file for STMicroelectronics.X-CUBE-MEMS1.11.3.0
2025-06-17 10:07:25,428 [WARN] PackLoader:240 - Cannot read IP mode file for STMicroelectronics.X-CUBE-AZRTOS-F4.1.1.0
2025-06-17 10:07:25,445 [WARN] PackLoader:240 - Cannot read IP mode file for Avnet-IotConnect.X-CUBE-IoTC-DA16k-PMOD.1.0.0
2025-06-17 10:07:25,457 [WARN] PackLoader:240 - Cannot read IP mode file for STMicroelectronics.X-CUBE-ISPU.2.1.0
2025-06-17 10:07:25,521 [WARN] PackLoader:240 - Cannot read IP mode file for STMicroelectronics.X-CUBE-AZRTOS-L5.2.0.0
2025-06-17 10:07:25,567 [WARN] PackLoader:240 - Cannot read IP mode file for STMicroelectronics.X-CUBE-NFC6.3.1.0
2025-06-17 10:07:25,574 [INFO] WebApp:191 - Connection restablished
2025-06-17 10:07:25,586 [WARN] PackLoader:240 - Cannot read IP mode file for STMicroelectronics.X-CUBE-FREERTOS.1.3.1
2025-06-17 10:07:25,599 [WARN] PackLoader:240 - Cannot read IP mode file for STMicroelectronics.X-CUBE-DPower.1.3.0
2025-06-17 10:07:25,629 [WARN] ConditionMgr:438 - getConditionDescription Invalid condition id : LAN8742 Phy interface Condition cause : null
2025-06-17 10:07:25,630 [WARN] PackLoader:240 - Cannot read IP mode file for STMicroelectronics.X-CUBE-AZRTOS-L4.2.0.0
2025-06-17 10:07:25,632 [WARN] ConditionMgr:1044 - genDependencies : Invalid condition id : LAN8742 Phy interface Condition cause : null
2025-06-17 10:07:25,632 [WARN] ConditionMgr:1044 - genDependencies : Invalid condition id : LAN8742 Phy interface Condition cause : null
2025-06-17 10:07:25,633 [WARN] ConditionMgr:1044 - genDependencies : Invalid condition id : LAN8742 Phy interface Condition cause : null
2025-06-17 10:07:25,646 [WARN] PackLoader:240 - Cannot read IP mode file for STMicroelectronics.X-CUBE-SFXS2LP1.4.0.0
2025-06-17 10:07:25,674 [WARN] PackLoader:240 - Cannot read IP mode file for STMicroelectronics.X-CUBE-AZRTOS-H7.3.3.0
2025-06-17 10:07:25,696 [WARN] ConditionMgr:438 - getConditionDescription Invalid condition id : UX DEVICE CLASS RTOS Condition cause : null
2025-06-17 10:07:25,696 [WARN] ConditionMgr:438 - getConditionDescription Invalid condition id : UX DEVICE CLASS RTOS Condition cause : null
2025-06-17 10:07:25,698 [WARN] PackLoader:240 - Cannot read IP mode file for STMicroelectronics.X-CUBE-AZRTOS-WB.2.0.0
2025-06-17 10:07:25,699 [WARN] ConditionMgr:1044 - genDependencies : Invalid condition id : UX DEVICE CLASS RTOS Condition cause : null
2025-06-17 10:07:25,699 [WARN] ConditionMgr:1044 - genDependencies : Invalid condition id : UX DEVICE CLASS RTOS Condition cause : null
2025-06-17 10:07:25,701 [WARN] ConditionMgr:1044 - genDependencies : Invalid condition id : UX DEVICE CLASS RTOS Condition cause : null
2025-06-17 10:07:25,701 [WARN] ConditionMgr:1044 - genDependencies : Invalid condition id : UX DEVICE CLASS RTOS Condition cause : null
2025-06-17 10:07:25,701 [WARN] ConditionMgr:1044 - genDependencies : Invalid condition id : UX DEVICE CLASS RTOS Condition cause : null
2025-06-17 10:07:25,711 [WARN] PackLoader:240 - Cannot read IP mode file for STMicroelectronics.X-CUBE-GNSS1.7.0.1
2025-06-17 10:07:25,718 [WARN] PackLoader:240 - Cannot read IP mode file for STMicroelectronics.X-CUBE-TOUCHGFX.4.25.0
2025-06-17 10:07:25,723 [INFO] WebApp:225 - Starting web application
2025-06-17 10:07:25,723 [INFO] WebApp:593 - Web application path used C:\ST\STM32CubeIDE_1.18.1\STM32CubeIDE\plugins\com.st.stm32cube.common.mx_6.14.1.202504091515\db\plugins\mcufinder\reactClient1\index.html
2025-06-17 10:07:25,729 [WARN] PackLoader:240 - Cannot read IP mode file for STMicroelectronics.FP-SNS-STBOX1.2.0.0
2025-06-17 10:07:25,750 [WARN] PackLoader:240 - Cannot read IP mode file for STMicroelectronics.X-CUBE-SUBG2.5.0.0
2025-06-17 10:07:25,799 [WARN] PackLoader:240 - Cannot read IP mode file for STMicroelectronics.X-CUBE-AZRTOS-H7RS.1.1.0
2025-06-17 10:07:25,814 [WARN] PackLoader:240 - Cannot read IP mode file for Cesanta.I-CUBE-Mongoose.7.13.0
2025-06-17 10:07:25,857 [WARN] PackLoader:240 - Cannot read IP mode file for STMicroelectronics.X-CUBE-AZRTOS-G4.2.0.0
2025-06-17 10:07:25,869 [WARN] PackLoader:240 - Cannot read IP mode file for wolfSSL.I-CUBE-wolfSSH.1.4.20
2025-06-17 10:07:25,879 [WARN] PackLoader:240 - Cannot read IP mode file for STMicroelectronics.X-CUBE-NFC7.2.0.0
2025-06-17 10:07:25,902 [WARN] PackLoader:240 - Cannot read IP mode file for STMicroelectronics.X-CUBE-IPS.3.1.0
2025-06-17 10:07:25,922 [WARN] PackLoader:240 - Cannot read IP mode file for STMicroelectronics.X-CUBE-ALS.1.0.2
2025-06-17 10:07:25,935 [WARN] PackLoader:240 - Cannot read IP mode file for portGmbH.I-Cube-SoM-uGOAL.1.1.0
2025-06-17 10:07:25,953 [WARN] PackLoader:240 - Cannot read IP mode file for STMicroelectronics.X-CUBE-TOF1.3.4.3
2025-06-17 10:07:25,972 [INFO] ThirdParty:978 - Integrity check success = true
2025-06-17 10:07:25,972 [INFO] IntegrityCheckThread:100 - exiting critical section [integrity check]
2025-06-17 10:07:25,972 [INFO] IntegrityCheckThread:103 - End integrity checks thread
2025-06-17 10:07:26,359 [INFO] UserAuth:484 - Internet connection configuration mode: 1
2025-06-17 10:40:33,525 [INFO] McuFinderGlobals:63 - Set McuFinder mode to 2 (CubeIDE integrated)
2025-06-17 10:40:33,552 [INFO] MainUpdater:2872 - connection check result : 10
2025-06-17 10:40:34,332 [INFO] ApiDb:581 - Connected to CubeFinder SQLite database (C:\Users\arumu\.stmcufinder\plugins\mcufinder\mcu\cube-finder-db.db)
2025-06-17 10:40:34,461 [INFO] ApiDb:668 - CubeFinder database Data Model version=2.1
2025-06-17 10:40:34,462 [INFO] ApiDb:669 - CubeFinder database Configuration version=3.0.39
2025-06-17 10:40:34,462 [INFO] ApiDb:670 - CubeFinder database generation date=2025-05-20 (1747743314)
2025-06-17 10:40:34,463 [INFO] ApiDb:671 - CubeFinder database FW Pack versions=[FP-ATR-ASTRA1_V2.0.0, FP-SNS-FLIGHT1_V5.1.0, FP-SNS-MOTENV1_V5.0.0, FP-SNS-MOTENVWB1_V1.4.0, FP-SNS-SMARTAG2_V1.2.0, FP-SNS-STBOX1_V2.0.0, STM32Cube_FW_C0_V1.4.0, STM32Cube_FW_F4_V1.28.2, STM32Cube_FW_F7_V1.17.3, STM32Cube_FW_G0_V1.6.2, STM32Cube_FW_G4_V1.6.1, STM32Cube_FW_H5_V1.5.0, STM32Cube_FW_H7RS_V1.2.0, STM32Cube_FW_H7_V1.12.1, STM32Cube_FW_L0_V1.12.2, STM32Cube_FW_L4_V1.18.1, STM32Cube_FW_L5_V1.5.1, STM32Cube_FW_N6_V1.1.1, STM32Cube_FW_U0_V1.2.0, STM32Cube_FW_U3_V1.1.0, STM32Cube_FW_U5_V1.7.0, STM32Cube_FW_WB0_V1.2.0, STM32Cube_FW_WBA_V1.6.0, STM32Cube_FW_WB_V1.22.0, STM32Cube_FW_WL3_V1.1.0, STM32Cube_FW_WL_V1.3.1, X-CUBE-ALGOBUILD_V1.4.0, X-CUBE-ALS_V1.0.2, X-CUBE-AZRTOS-F4_V1.1.0, X-CUBE-AZRTOS-F7_V1.1.0, X-CUBE-AZRTOS-G0_V1.1.0, X-CUBE-AZRTOS-G4_V2.0.0, X-CUBE-AZRTOS-H7RS_V1.1.0, X-CUBE-AZRTOS-H7_V3.3.0, X-CUBE-AZRTOS-L4_V2.0.0, X-CUBE-AZRTOS-L5_V2.0.0, X-CUBE-AZRTOS-WB_V2.0.0, X-CUBE-AZRTOS-WL_V2.0.0, X-CUBE-BLE1_V7.1.0, X-CUBE-BLE2_V3.3.0, X-CUBE-BLEMGR_V4.0.0, X-CUBE-EEPRMA1_V5.1.0, X-CUBE-FREERTOS_V1.3.1, X-CUBE-GNSS1_V6.0.0, X-CUBE-MEMS1_V11.2.0, X-CUBE-NFC4_V3.0.0, X-CUBE-NFC7_V2.0.0, X-CUBE-SFXS2LP1_V4.0.0, X-CUBE-SUBG2_V5.0.0, X-CUBE-TOF1_V3.4.3]
2025-06-17 10:40:34,625 [INFO] DbBoardsSqlite:226 - include board P-NUCLEO-WB55-NUCLEO as a kit item of type 'Nucleo-64'
2025-06-17 10:40:34,626 [INFO] DbBoardsSqlite:226 - include board P-NUCLEO-WB55-USBDONGLE as a kit item of type 'Nucleo USB Dongle'
2025-06-17 10:40:34,627 [INFO] DbBoardsSqlite:226 - include board STEVAL-IDP005V1 as a kit item of type 'Evaluation Board'
2025-06-17 10:40:34,627 [INFO] DbBoardsSqlite:226 - include board STEVAL-IDP005V2 as a kit item of type 'Evaluation Board'
2025-06-17 10:40:35,034 [INFO] ApiDb:240 - Found 895 in-development CPN: [B-G473E-ZEST1S, B-WB1M-WPAN1, B-WBA5M-WPAN, B-WL5M-SUBG1, NUCLEO-C031C6, NUCLEO-C051C8, NUCLEO-C071RB, NUCLEO-C092RC, NUCLEO-H503RB, NUCLEO-H533RE, NUCLEO-H563ZI, NUCLEO-H7S3L8, NUCLEO-N657X0-Q, NUCLEO-U031R8, NUCLEO-U083RC, NUCLEO-U385RG-Q, NUCLEO-U545RE-Q, NUCLEO-U5A5ZJ-Q, NUCLEO-WB05KZ, NUCLEO-WB07CC, NUCLEO-WB09KE, NUCLEO-WBA52CG, NUCLEO-WBA55CG, NUCLEO-WBA65RI, NUCLEO-WL33CC1, NUCLEO-WL33CC2, STEVAL-PROTEUS1, STEVAL-SMARTAG2, STEVAL-STWINBX1, STM320518-EVAL, STM32C0116-DK, STM32C011D6Y3TR, STM32C011D6Y6TR, STM32C011F4P3, STM32C011F4P6, STM32C011F4U3, STM32C011F4U6TR, STM32C011F6P3, STM32C011F6P6, STM32C011F6U3, STM32C011F6U6TR, STM32C011J4M3, STM32C011J4M6, STM32C011J6M3, STM32C011J6M6, STM32C0316-DK, STM32C031C4T3, STM32C031C4T6, STM32C031C4U3, STM32C031C4U6, STM32C031C6T3, STM32C031C6T6, STM32C031C6U3, STM32C031C6U6, STM32C031F4P3, STM32C031F4P6, STM32C031F6P3, STM32C031F6P6, STM32C031G4U3, STM32C031G4U6, STM32C031G6U3, STM32C031G6U6, STM32C031K4T3, STM32C031K4T6, STM32C031K4U3, STM32C031K4U6, STM32C031K6T3, STM32C031K6T6, STM32C031K6U3, STM32C031K6U6, STM32C051C6T6, STM32C051C6U6, STM32C051C8T6, STM32C051C8U6, STM32C051D8Y6TR, STM32C051F6P6, STM32C051F8P6, STM32C051G6U6, STM32C051G8U6, STM32C051K6T6, STM32C051K6U6, STM32C051K8T6, STM32C071C8T6, STM32C071C8T6N, STM32C071C8U6, STM32C071C8U6N, STM32C071CBT6, STM32C071CBT6N, STM32C071CBU6, STM32C071CBU6N, STM32C071F8P6, STM32C071F8P6N, STM32C071FBP6, STM32C071FBP6N, STM32C071FBY6TR, STM32C071G8U6, STM32C071G8U6N, STM32C071GBU6, STM32C071GBU6N, STM32C071K8T6, STM32C071K8T6N, STM32C071K8U6, STM32C071K8U6N, STM32C071KBT6, STM32C071KBT6N, STM32C071KBU6, STM32C071KBU6N, STM32C071R8T6, STM32C071R8T6N, STM32C071RBI6N, STM32C071RBT6, STM32C071RBT6N, STM32C091CBT6, STM32C091CBU6, STM32C091CCT6, STM32C091CCU6, STM32C091ECY6TR, STM32C091FBP6, STM32C091FCP6, STM32C091GBU6, STM32C091GCU6, STM32C091KBT6, STM32C091KBU6, STM32C091KCT6, STM32C091KCU6, STM32C091RBT6, STM32C091RCI6, STM32C091RCT6, STM32C092CBT6, STM32C092CBU6, STM32C092CCT6, STM32C092CCU6, STM32C092ECY6TR, STM32C092FBP6, STM32C092FCP6, STM32C092GBU6, STM32C092GCU6, STM32C092KBT6, STM32C092KBU6, STM32C092KCT6, STM32C092KCU6, STM32C092RBT6, STM32C092RCI6, STM32C092RCT6, STM32G071K8TXN, STM32G071K8UXN, STM32G081GBU6N, STM32G081KBT6N, STM32G081KBUXN, STM32G0B1CCT6N, STM32G0B1KCT6, STM32G0B1NEY6TR, STM32G0B1RCT6N, STM32G0C1CCT6, STM32G0C1CCT6N, STM32G0C1CCU6N, STM32G0C1CET6N, STM32G0C1CEU6N, STM32G0C1KCT6, STM32G0C1NEY6TR, STM32G0C1RCI6N, STM32G0C1RCT6N, STM32G0C1REI6N, STM32G0C1RET6N, STM32G0C1VCI6, STM32G0C1VEI6, STM32G411C6T3, STM32G411C6T6, STM32G411C6U3, STM32G411C6U6, STM32G411C8T3, STM32G411C8T6, STM32G411C8U3, STM32G411C8U6, STM32G411CBT3, STM32G411CBT6, STM32G411CBU3, STM32G411CBU6, STM32G411CCT3, STM32G411CCT6, STM32G411CCU3, STM32G411CCU6, STM32G411K6T3, STM32G411K6T6, STM32G411K6U3, STM32G411K6U6, STM32G411K8T3, STM32G411K8T6, STM32G411K8U3, STM32G411K8U6, STM32G411KBT3, STM32G411KBT6, STM32G411KBU3, STM32G411KBU6, STM32G411M6T3, STM32G411M6T6, STM32G411M8T3, STM32G411M8T6, STM32G411MBT3, STM32G411MBT6, STM32G411MCT3, STM32G411MCT6, STM32G411R6T3, STM32G411R6T6, STM32G411R8T3, STM32G411R8T6, STM32G411RBT3, STM32G411RBT6, STM32G411RCT3, STM32G411RCT6, STM32G414CBT3, STM32G414CBT6, STM32G414CBU3, STM32G414CBU6, STM32G414CCT3, STM32G414CCT6, STM32G414CCU3, STM32G414CCU6, STM32G414MBT3, STM32G414MBT6, STM32G414MCT3, STM32G414MCT6, STM32G414RBT3, STM32G414RBT6, STM32G414RCT3, STM32G414RCT6, STM32G414VBT3, STM32G414VBT6, STM32G414VCT3, STM32G414VCT6, STM32G431CBT3Z, STM32G431RBT3Z, STM32G471CCT6, STM32G471CCU6, STM32G471CET3, STM32G471CET6, STM32G471CEU3, STM32G471CEU6, STM32G471MCT6, STM32G471MET3, STM32G471MET6, STM32G471MEY6TR, STM32G471QCT6, STM32G471QET3, STM32G471RCT6, STM32G471RET3, STM32G471RET6, STM32G471VCH6, STM32G471VCI6, STM32G471VCT6, STM32G471VEH3, STM32G471VEH6, STM32G471VEI3, STM32G471VEI6, STM32G471VET3, STM32G471VET6, STM32G473QET3Z, STM32G473RET3Z, STM32G474CCT6, STM32G491RET3Z, STM32H503CBT6, STM32H503CBU6, STM32H503EBY6TR, STM32H503KBU6, STM32H503RBT6, STM32H523CCT6, STM32H523CCU6, STM32H523CET6, STM32H523CEU6, STM32H523HEY6TR, STM32H523RCT6, STM32H523RET6, STM32H523VCI6, STM32H523VCT6, STM32H523VEI6, STM32H523VET6, STM32H523ZCJ6, STM32H523ZCT6, STM32H523ZEJ6, STM32H523ZET6, STM32H533CET6, STM32H533CEU6, STM32H533HEY6TR, STM32H533RET6, STM32H533VEI6, STM32H533VET6, STM32H533ZEJ6, STM32H533ZET6, STM32H562AGI6, STM32H562AII6, STM32H562IGK6, STM32H562IGT6, STM32H562IIK6, STM32H562IIT6, STM32H562RGT6, STM32H562RGV6, STM32H562RIT6, STM32H562RIV6, STM32H562VGT6, STM32H562VIT6, STM32H562ZGT6, STM32H562ZIT6, STM32H563AGI6, STM32H563AII3Q, STM32H563AII6, STM32H563IGK6, STM32H563IGT6, STM32H563IIK3Q, STM32H563IIK6, STM32H563IIT3Q, STM32H563IIT6, STM32H563MIY3QTR, STM32H563RGT6, STM32H563RGV6, STM32H563RIT6, STM32H563RIV6, STM32H563VGT6, STM32H563VIT3Q, STM32H563VIT6, STM32H563ZGT6, STM32H563ZIT3Q, STM32H563ZIT6, STM32H573AII3Q, STM32H573AII6, STM32H573I-DK, STM32H573IIK3Q, STM32H573IIK6, STM32H573IIT3Q, STM32H573IIT6, STM32H573MIY3QTR, STM32H573RIT6, STM32H573RIV6, STM32H573VIT3Q, STM32H573VIT6, STM32H573ZIT3Q, STM32H573ZIT6, STM32H7R3A8I6, STM32H7R3I8K6, STM32H7R3I8T6, STM32H7R3L8H6, STM32H7R3L8H6H, STM32H7R3R8V6, STM32H7R3V8H6, STM32H7R3V8T6, STM32H7R3V8Y6TR, STM32H7R3Z8J6, STM32H7R3Z8T6, STM32H7R7A8I6, STM32H7R7I8K6, STM32H7R7I8T6, STM32H7R7L8H6, STM32H7R7L8H6H, STM32H7R7Z8J6, STM32H7S3A8I6, STM32H7S3I8K6, STM32H7S3I8T6, STM32H7S3L8H6, STM32H7S3L8H6H, STM32H7S3R8V6, STM32H7S3V8H6, STM32H7S3V8T6, STM32H7S3V8Y6TR, STM32H7S3Z8J6, STM32H7S3Z8T6, STM32H7S78-DK, STM32H7S7A8I6, STM32H7S7I8K6, STM32H7S7I8T6, STM32H7S7L8H6, STM32H7S7L8H6H, STM32H7S7Z8J6, STM32L4R5QGI6STR, STM32MP131AAE3, STM32MP131AAF3, STM32MP131AAG3, STM32MP131CAE3, STM32MP131CAF3, STM32MP131CAG3, STM32MP131DAE7, STM32MP131DAF7, STM32MP131DAG7, STM32MP131FAE7, STM32MP131FAF7, STM32MP131FAG7, STM32MP133AAE3, STM32MP133AAF3, STM32MP133AAG3, STM32MP133CAE3, STM32MP133CAF3, STM32MP133CAG3, STM32MP133DAE7, STM32MP133DAF7, STM32MP133DAG7, STM32MP133FAE7, STM32MP133FAF7, STM32MP133FAG7, STM32MP135AAE3, STM32MP135AAF3, STM32MP135AAG3, STM32MP135CAE3, STM32MP135CAF3, STM32MP135CAG3, STM32MP135DAE7, STM32MP135DAF7, STM32MP135DAG7, STM32MP135F-DK, STM32MP135FAE7, STM32MP135FAF7, STM32MP135FAF7T, STM32MP135FAF7U, STM32MP135FAG7, STM32MP231AAJ3, STM32MP231AAK3, STM32MP231AAL3, STM32MP231CAJ3, STM32MP231CAK3, STM32MP231CAL3, STM32MP231DAJ3, STM32MP231DAK3, STM32MP231DAL3, STM32MP231FAJ3, STM32MP231FAK3, STM32MP231FAL3, STM32MP233AAJ3, STM32MP233AAK3, STM32MP233AAL3, STM32MP233CAJ3, STM32MP233CAK3, STM32MP233CAL3, STM32MP233DAJ3, STM32MP233DAK3, STM32MP233DAL3, STM32MP233FAJ3, STM32MP233FAK3, STM32MP233FAL3, STM32MP235AAJ3, STM32MP235AAK3, STM32MP235AAL3, STM32MP235CAJ3, STM32MP235CAK3, STM32MP235CAL3, STM32MP235DAJ3, STM32MP235DAK3, STM32MP235DAL3, STM32MP235FAJ3, STM32MP235FAK3, STM32MP235FAL3, STM32MP251AAI3, STM32MP251AAJ3, STM32MP251AAK3, STM32MP251AAL3, STM32MP251CAI3, STM32MP251CAJ3, STM32MP251CAK3, STM32MP251CAL3, STM32MP251DAI3, STM32MP251DAJ3, STM32MP251DAK3, STM32MP251DAL3, STM32MP251FAI3, STM32MP251FAJ3, STM32MP251FAK3, STM32MP251FAL3, STM32MP253AAI3, STM32MP253AAJ3, STM32MP253AAK3, STM32MP253AAL3, STM32MP253CAI3, STM32MP253CAJ3, STM32MP253CAK3, STM32MP253CAL3, STM32MP253DAI3, STM32MP253DAJ3, STM32MP253DAK3, STM32MP253DAL3, STM32MP253FAI3, STM32MP253FAJ3, STM32MP253FAK3, STM32MP253FAL3, STM32MP255AAI3, STM32MP255AAJ3, STM32MP255AAK3, STM32MP255AAL3, STM32MP255CAI3, STM32MP255CAJ3, STM32MP255CAK3, STM32MP255CAL3, STM32MP255DAI3, STM32MP255DAJ3, STM32MP255DAK3, STM32MP255DAL3, STM32MP255FAI3, STM32MP255FAJ3, STM32MP255FAK3, STM32MP255FAL3, STM32MP257AAI3, STM32MP257AAJ3, STM32MP257AAK3, STM32MP257AAL3, STM32MP257CAI3, STM32MP257CAJ3, STM32MP257CAK3, STM32MP257CAL3, STM32MP257DAI3, STM32MP257DAJ3, STM32MP257DAK3, STM32MP257DAL3, STM32MP257F-DK, STM32MP257F-EV1, STM32MP257FAI3, STM32MP257FAJ3, STM32MP257FAK3, STM32MP257FAL3, STM32N645A0H3Q, STM32N645B0H3Q, STM32N645I0H3Q, STM32N645L0H3Q, STM32N645X0H3Q, STM32N645Z0H3Q, STM32N647A0H3Q, STM32N647B0H3Q, STM32N647I0H3Q, STM32N647L0H3Q, STM32N647X0H3Q, STM32N647Z0H3Q, STM32N655A0H3Q, STM32N655B0H3Q, STM32N655I0H3Q, STM32N655L0H3Q, STM32N655X0H3Q, STM32N655Z0H3Q, STM32N6570-DK, STM32N657A0H3Q, STM32N657B0H3Q, STM32N657I0H3Q, STM32N657L0H3Q, STM32N657X0H3Q, STM32N657Z0H3Q, STM32U031C6T6, STM32U031C6U6, STM32U031C8T6, STM32U031C8U6, STM32U031F4P6, STM32U031F6P6, STM32U031F8P6, STM32U031G6Y6TR, STM32U031G8Y6TR, STM32U031K4U6, STM32U031K6U6, STM32U031K8U6, STM32U031R6I6, STM32U031R6T6, STM32U031R8I6, STM32U031R8T6, STM32U073C8T6, STM32U073C8U6, STM32U073CBT6, STM32U073CBU6, STM32U073CCT6, STM32U073CCU6, STM32U073H8Y6TR, STM32U073HBY6TR, STM32U073HCY6TR, STM32U073K8U6, STM32U073KBU6, STM32U073KCU6, STM32U073M8I6, STM32U073M8T6, STM32U073MBI6, STM32U073MBT6, STM32U073MCI6, STM32U073MCT6, STM32U073R8I6, STM32U073R8T6, STM32U073RBI6, STM32U073RBT6, STM32U073RCI6, STM32U073RCT6, STM32U083C-DK, STM32U083CCT6, STM32U083CCU6, STM32U083HCY6TR, STM32U083KCU6, STM32U083MCI6, STM32U083MCT6, STM32U083RCI6, STM32U083RCT6, STM32U375CET6, STM32U375CET6Q, STM32U375CEU6, STM32U375CEU6Q, STM32U375CEY6QTR, STM32U375CGT6, STM32U375CGT6Q, STM32U375CGU6, STM32U375CGU6Q, STM32U375CGY6QTR, STM32U375KEU6, STM32U375KGU6, STM32U375REI6, STM32U375REI6Q, STM32U375RET6, STM32U375RET6Q, STM32U375REY6GTR, STM32U375REY6QTR, STM32U375RGI6, STM32U375RGI6Q, STM32U375RGT6, STM32U375RGT6Q, STM32U375RGY6GTR, STM32U375RGY6QTR, STM32U375VEI6, STM32U375VEI6Q, STM32U375VET6, STM32U375VET6Q, STM32U375VGI6, STM32U375VGI6Q, STM32U375VGT6, STM32U375VGT6Q, STM32U385CGT6, STM32U385CGT6Q, STM32U385CGU6, STM32U385CGU6Q, STM32U385CGY6QTR, STM32U385KGU6, STM32U385RGI6, STM32U385RGI6Q, STM32U385RGT6, STM32U385RGT6Q, STM32U385RGY6GTR, STM32U385RGY6QTR, STM32U385VGI6, STM32U385VGI6Q, STM32U385VGT6, STM32U385VGT6Q, STM32U535CBT6, STM32U535CBT6Q, STM32U535CBU6, STM32U535CBU6Q, STM32U535CCT6, STM32U535CCT6Q, STM32U535CCU6, STM32U535CCU6Q, STM32U535CET6, STM32U535CET6Q, STM32U535CEU6, STM32U535CEU6Q, STM32U535JEY6QTR, STM32U535NCY6QTR, STM32U535NEY6QTR, STM32U535RBI6, STM32U535RBI6Q, STM32U535RBT6, STM32U535RBT6Q, STM32U535RCI6, STM32U535RCI6Q, STM32U535RCT6, STM32U535RCT6Q, STM32U535REI6, STM32U535REI6Q, STM32U535RET6, STM32U535RET6Q, STM32U535VCI6, STM32U535VCI6Q, STM32U535VCT6, STM32U535VCT6Q, STM32U535VEI6, STM32U535VEI6Q, STM32U535VET6, STM32U535VET6Q, STM32U545CET6, STM32U545CET6Q, STM32U545CEU6, STM32U545CEU6Q, STM32U545JEY6QTR, STM32U545NEY6QTR, STM32U545REI6, STM32U545REI6Q, STM32U545RET6, STM32U545RET6Q, STM32U545VEI6, STM32U545VEI6Q, STM32U545VET6, STM32U545VET6Q, STM32U595AIH6, STM32U595AIH6Q, STM32U595AJH6, STM32U595AJH6Q, STM32U595QII6, STM32U595QII6Q, STM32U595QJI6, STM32U595QJI6Q, STM32U595RIT6, STM32U595RIT6Q, STM32U595RJT6, STM32U595RJT6Q, STM32U595VIT6, STM32U595VIT6Q, STM32U595VJT6, STM32U595VJT6Q, STM32U595ZIT6, STM32U595ZIT6Q, STM32U595ZIY6QTR, STM32U595ZJT6, STM32U595ZJT6Q, STM32U595ZJY6QTR, STM32U599BJY6QTR, STM32U599NIH6Q, STM32U599NJH6Q, STM32U599VIT6Q, STM32U599VJT6, STM32U599VJT6Q, STM32U599ZIT6Q, STM32U599ZIY6QTR, STM32U599ZJT6Q, STM32U599ZJY6QTR, STM32U5A5AJH6, STM32U5A5AJH6Q, STM32U5A5QII3Q , STM32U5A5QJI6, STM32U5A5QJI6Q, STM32U5A5RJT6, STM32U5A5RJT6Q, STM32U5A5VJT6, STM32U5A5VJT6Q, STM32U5A5ZJT6, STM32U5A5ZJT6Q, STM32U5A5ZJY6QTR, STM32U5A9BJY6QTR, STM32U5A9J-DK, STM32U5A9NJH6Q, STM32U5A9VJT6Q, STM32U5A9ZJT6Q, STM32U5A9ZJY6QTR, STM32U5F7VIT6, STM32U5F7VIT6Q, STM32U5F7VJT6, STM32U5F7VJT6Q, STM32U5F9BJY6QTR, STM32U5F9NJH6Q, STM32U5F9VIT6Q, STM32U5F9VJT6Q, STM32U5F9ZIJ6QTR, STM32U5F9ZIT6Q, STM32U5F9ZJJ6QTR, STM32U5F9ZJT6Q, STM32U5G7VJT6, STM32U5G7VJT6Q, STM32U5G9BJY6QTR, STM32U5G9J-DK1, STM32U5G9J-DK2, STM32U5G9NJH6Q, STM32U5G9VJT6Q, STM32U5G9ZJJ6QTR, STM32U5G9ZJT6Q, STM32WB05KZV6TR, STM32WB05KZV7TR, STM32WB05TZF6TR, STM32WB05TZF7TR, STM32WB06CCF6TR, STM32WB06CCF7TR, STM32WB06CCV6TR, STM32WB06CCV7TR, STM32WB06KCV6TR, STM32WB06KCV7TR, STM32WB07CCF6TR, STM32WB07CCF7TR, STM32WB07CCV6TR, STM32WB07CCV7TR, STM32WB07KCV6TR, STM32WB07KCV7TR, STM32WB09KEV6TR, STM32WB09KEV7TR, STM32WB09TEF6TR, STM32WB09TEF7TR, STM32WB1MMCH6, STM32WBA50KGU6, STM32WBA50KGU6TR, STM32WBA52CEU6, STM32WBA52CEU6TR, STM32WBA52CEU7, STM32WBA52CEU7TR, STM32WBA52CGU6, STM32WBA52CGU6TR, STM32WBA52CGU6U, STM32WBA52CGU7, STM32WBA52CGU7TR, STM32WBA52KEU6, STM32WBA52KEU6TR, STM32WBA52KGU6, STM32WBA52KGU6TR, STM32WBA54CEU6, STM32WBA54CEU6TR, STM32WBA54CEU7, STM32WBA54CEU7TR, STM32WBA54CGU6, STM32WBA54CGU6TR, STM32WBA54CGU7, STM32WBA54CGU7TR, STM32WBA54KEU6, STM32WBA54KEU6TR, STM32WBA54KEU7, STM32WBA54KEU7TR, STM32WBA54KGU6, STM32WBA54KGU6TR, STM32WBA54KGU7, STM32WBA54KGU7TR, STM32WBA55CEU6, STM32WBA55CEU6TR, STM32WBA55CEU7, STM32WBA55CEU7TR, STM32WBA55CGU6, STM32WBA55CGU6TR, STM32WBA55CGU6U, STM32WBA55CGU7, STM32WBA55CGU7TR, STM32WBA55G-DK1, STM32WBA55HEF6, STM32WBA55HEF7, STM32WBA55HGF6, STM32WBA55HGF7, STM32WBA55UEI6, STM32WBA55UEI6TR, STM32WBA55UEI7, STM32WBA55UEI7TR, STM32WBA55UGI6, STM32WBA55UGI6TR, STM32WBA55UGI7, STM32WBA55UGI7TR, STM32WBA5MJGH6TR, STM32WBA62CGU6, STM32WBA62CIU6, STM32WBA62MGF6, STM32WBA62MIF6, STM32WBA62PGI6, STM32WBA62PII6, STM32WBA63CGU6, STM32WBA63CGU7, STM32WBA63CIU6, STM32WBA63CIU7, STM32WBA64CGU6, STM32WBA64CGU7, STM32WBA64CIU6, STM32WBA64CIU7, STM32WBA65CGU6, STM32WBA65CGU7, STM32WBA65CIU6, STM32WBA65CIU7, STM32WBA65I-DK1, STM32WBA65MGF6, STM32WBA65MGF7, STM32WBA65MIF6, STM32WBA65MIF7, STM32WBA65PGI6, STM32WBA65PGI7, STM32WBA65PII6, STM32WBA65PII7, STM32WBA65RGV6, STM32WBA65RGV7, STM32WBA65RIV6, STM32WBA65RIV7, STM32WL30K8V6, STM32WL30KBV6, STM32WL31C8V6, STM32WL31CBV6, STM32WL31K8V6, STM32WL31KBV6, STM32WL33C8V6, STM32WL33C8V6TR, STM32WL33C8V7, STM32WL33C8V7TR, STM32WL33CBV6, STM32WL33CBV6TR, STM32WL33CBV7, STM32WL33CBV7TR, STM32WL33CCV6, STM32WL33CCV6TR, STM32WL33CCV7, STM32WL33CCV7A, STM32WL33CCV7ATR, STM32WL33CCV7TR, STM32WL33K8V6, STM32WL33K8V6TR, STM32WL33K8V7, STM32WL33K8V7TR, STM32WL33KBV6, STM32WL33KBV6TR, STM32WL33KBV7, STM32WL33KBV7TR, STM32WL33KCV6, STM32WL33KCV6TR, STM32WL33KCV7, STM32WL33KCV7TR, STM32WL5MOCH6, STM32WL5MOCH6TR]
2025-06-17 10:40:35,594 [INFO] BoardInfo:889 - No configuration file found for board P-NUCLEO-WB55
2025-06-17 10:40:35,596 [INFO] DbBoards:161 - Kit is not supported: P-NUCLEO-WB55
2025-06-17 10:40:35,605 [INFO] BoardInfo:889 - No configuration file found for board STEVAL-BFA001V1B
2025-06-17 10:40:35,606 [INFO] DbBoards:161 - Kit is not supported: STEVAL-BFA001V1B
2025-06-17 10:40:35,609 [INFO] BoardInfo:889 - No configuration file found for board STEVAL-BFA001V2B
2025-06-17 10:40:35,610 [INFO] DbBoards:161 - Kit is not supported: STEVAL-BFA001V2B
2025-06-17 10:40:35,941 [INFO] DbBoards:168 - Found 211 boards, 208 are supported
2025-06-17 10:40:35,942 [INFO] DbBoards:169 - Found 211 boards, 43 of them is supported for  Bsp
2025-06-17 10:40:35,952 [INFO] ApiDb:668 - CubeFinder database Data Model version=2.1
2025-06-17 10:40:35,952 [INFO] ApiDb:669 - CubeFinder database Configuration version=3.0.39
2025-06-17 10:40:35,952 [INFO] ApiDb:670 - CubeFinder database generation date=2025-05-20 (1747743314)
2025-06-17 10:40:35,952 [INFO] ApiDb:671 - CubeFinder database FW Pack versions=[FP-ATR-ASTRA1_V2.0.0, FP-SNS-FLIGHT1_V5.1.0, FP-SNS-MOTENV1_V5.0.0, FP-SNS-MOTENVWB1_V1.4.0, FP-SNS-SMARTAG2_V1.2.0, FP-SNS-STBOX1_V2.0.0, STM32Cube_FW_C0_V1.4.0, STM32Cube_FW_F4_V1.28.2, STM32Cube_FW_F7_V1.17.3, STM32Cube_FW_G0_V1.6.2, STM32Cube_FW_G4_V1.6.1, STM32Cube_FW_H5_V1.5.0, STM32Cube_FW_H7RS_V1.2.0, STM32Cube_FW_H7_V1.12.1, STM32Cube_FW_L0_V1.12.2, STM32Cube_FW_L4_V1.18.1, STM32Cube_FW_L5_V1.5.1, STM32Cube_FW_N6_V1.1.1, STM32Cube_FW_U0_V1.2.0, STM32Cube_FW_U3_V1.1.0, STM32Cube_FW_U5_V1.7.0, STM32Cube_FW_WB0_V1.2.0, STM32Cube_FW_WBA_V1.6.0, STM32Cube_FW_WB_V1.22.0, STM32Cube_FW_WL3_V1.1.0, STM32Cube_FW_WL_V1.3.1, X-CUBE-ALGOBUILD_V1.4.0, X-CUBE-ALS_V1.0.2, X-CUBE-AZRTOS-F4_V1.1.0, X-CUBE-AZRTOS-F7_V1.1.0, X-CUBE-AZRTOS-G0_V1.1.0, X-CUBE-AZRTOS-G4_V2.0.0, X-CUBE-AZRTOS-H7RS_V1.1.0, X-CUBE-AZRTOS-H7_V3.3.0, X-CUBE-AZRTOS-L4_V2.0.0, X-CUBE-AZRTOS-L5_V2.0.0, X-CUBE-AZRTOS-WB_V2.0.0, X-CUBE-AZRTOS-WL_V2.0.0, X-CUBE-BLE1_V7.1.0, X-CUBE-BLE2_V3.3.0, X-CUBE-BLEMGR_V4.0.0, X-CUBE-EEPRMA1_V5.1.0, X-CUBE-FREERTOS_V1.3.1, X-CUBE-GNSS1_V6.0.0, X-CUBE-MEMS1_V11.2.0, X-CUBE-NFC4_V3.0.0, X-CUBE-NFC7_V2.0.0, X-CUBE-SFXS2LP1_V4.0.0, X-CUBE-SUBG2_V5.0.0, X-CUBE-TOF1_V3.4.3]
2025-06-17 10:40:38,008 [INFO] ApiDb:240 - Found 895 in-development CPN: [B-G473E-ZEST1S, B-WB1M-WPAN1, B-WBA5M-WPAN, B-WL5M-SUBG1, NUCLEO-C031C6, NUCLEO-C051C8, NUCLEO-C071RB, NUCLEO-C092RC, NUCLEO-H503RB, NUCLEO-H533RE, NUCLEO-H563ZI, NUCLEO-H7S3L8, NUCLEO-N657X0-Q, NUCLEO-U031R8, NUCLEO-U083RC, NUCLEO-U385RG-Q, NUCLEO-U545RE-Q, NUCLEO-U5A5ZJ-Q, NUCLEO-WB05KZ, NUCLEO-WB07CC, NUCLEO-WB09KE, NUCLEO-WBA52CG, NUCLEO-WBA55CG, NUCLEO-WBA65RI, NUCLEO-WL33CC1, NUCLEO-WL33CC2, STEVAL-PROTEUS1, STEVAL-SMARTAG2, STEVAL-STWINBX1, STM320518-EVAL, STM32C0116-DK, STM32C011D6Y3TR, STM32C011D6Y6TR, STM32C011F4P3, STM32C011F4P6, STM32C011F4U3, STM32C011F4U6TR, STM32C011F6P3, STM32C011F6P6, STM32C011F6U3, STM32C011F6U6TR, STM32C011J4M3, STM32C011J4M6, STM32C011J6M3, STM32C011J6M6, STM32C0316-DK, STM32C031C4T3, STM32C031C4T6, STM32C031C4U3, STM32C031C4U6, STM32C031C6T3, STM32C031C6T6, STM32C031C6U3, STM32C031C6U6, STM32C031F4P3, STM32C031F4P6, STM32C031F6P3, STM32C031F6P6, STM32C031G4U3, STM32C031G4U6, STM32C031G6U3, STM32C031G6U6, STM32C031K4T3, STM32C031K4T6, STM32C031K4U3, STM32C031K4U6, STM32C031K6T3, STM32C031K6T6, STM32C031K6U3, STM32C031K6U6, STM32C051C6T6, STM32C051C6U6, STM32C051C8T6, STM32C051C8U6, STM32C051D8Y6TR, STM32C051F6P6, STM32C051F8P6, STM32C051G6U6, STM32C051G8U6, STM32C051K6T6, STM32C051K6U6, STM32C051K8T6, STM32C071C8T6, STM32C071C8T6N, STM32C071C8U6, STM32C071C8U6N, STM32C071CBT6, STM32C071CBT6N, STM32C071CBU6, STM32C071CBU6N, STM32C071F8P6, STM32C071F8P6N, STM32C071FBP6, STM32C071FBP6N, STM32C071FBY6TR, STM32C071G8U6, STM32C071G8U6N, STM32C071GBU6, STM32C071GBU6N, STM32C071K8T6, STM32C071K8T6N, STM32C071K8U6, STM32C071K8U6N, STM32C071KBT6, STM32C071KBT6N, STM32C071KBU6, STM32C071KBU6N, STM32C071R8T6, STM32C071R8T6N, STM32C071RBI6N, STM32C071RBT6, STM32C071RBT6N, STM32C091CBT6, STM32C091CBU6, STM32C091CCT6, STM32C091CCU6, STM32C091ECY6TR, STM32C091FBP6, STM32C091FCP6, STM32C091GBU6, STM32C091GCU6, STM32C091KBT6, STM32C091KBU6, STM32C091KCT6, STM32C091KCU6, STM32C091RBT6, STM32C091RCI6, STM32C091RCT6, STM32C092CBT6, STM32C092CBU6, STM32C092CCT6, STM32C092CCU6, STM32C092ECY6TR, STM32C092FBP6, STM32C092FCP6, STM32C092GBU6, STM32C092GCU6, STM32C092KBT6, STM32C092KBU6, STM32C092KCT6, STM32C092KCU6, STM32C092RBT6, STM32C092RCI6, STM32C092RCT6, STM32G071K8TXN, STM32G071K8UXN, STM32G081GBU6N, STM32G081KBT6N, STM32G081KBUXN, STM32G0B1CCT6N, STM32G0B1KCT6, STM32G0B1NEY6TR, STM32G0B1RCT6N, STM32G0C1CCT6, STM32G0C1CCT6N, STM32G0C1CCU6N, STM32G0C1CET6N, STM32G0C1CEU6N, STM32G0C1KCT6, STM32G0C1NEY6TR, STM32G0C1RCI6N, STM32G0C1RCT6N, STM32G0C1REI6N, STM32G0C1RET6N, STM32G0C1VCI6, STM32G0C1VEI6, STM32G411C6T3, STM32G411C6T6, STM32G411C6U3, STM32G411C6U6, STM32G411C8T3, STM32G411C8T6, STM32G411C8U3, STM32G411C8U6, STM32G411CBT3, STM32G411CBT6, STM32G411CBU3, STM32G411CBU6, STM32G411CCT3, STM32G411CCT6, STM32G411CCU3, STM32G411CCU6, STM32G411K6T3, STM32G411K6T6, STM32G411K6U3, STM32G411K6U6, STM32G411K8T3, STM32G411K8T6, STM32G411K8U3, STM32G411K8U6, STM32G411KBT3, STM32G411KBT6, STM32G411KBU3, STM32G411KBU6, STM32G411M6T3, STM32G411M6T6, STM32G411M8T3, STM32G411M8T6, STM32G411MBT3, STM32G411MBT6, STM32G411MCT3, STM32G411MCT6, STM32G411R6T3, STM32G411R6T6, STM32G411R8T3, STM32G411R8T6, STM32G411RBT3, STM32G411RBT6, STM32G411RCT3, STM32G411RCT6, STM32G414CBT3, STM32G414CBT6, STM32G414CBU3, STM32G414CBU6, STM32G414CCT3, STM32G414CCT6, STM32G414CCU3, STM32G414CCU6, STM32G414MBT3, STM32G414MBT6, STM32G414MCT3, STM32G414MCT6, STM32G414RBT3, STM32G414RBT6, STM32G414RCT3, STM32G414RCT6, STM32G414VBT3, STM32G414VBT6, STM32G414VCT3, STM32G414VCT6, STM32G431CBT3Z, STM32G431RBT3Z, STM32G471CCT6, STM32G471CCU6, STM32G471CET3, STM32G471CET6, STM32G471CEU3, STM32G471CEU6, STM32G471MCT6, STM32G471MET3, STM32G471MET6, STM32G471MEY6TR, STM32G471QCT6, STM32G471QET3, STM32G471RCT6, STM32G471RET3, STM32G471RET6, STM32G471VCH6, STM32G471VCI6, STM32G471VCT6, STM32G471VEH3, STM32G471VEH6, STM32G471VEI3, STM32G471VEI6, STM32G471VET3, STM32G471VET6, STM32G473QET3Z, STM32G473RET3Z, STM32G474CCT6, STM32G491RET3Z, STM32H503CBT6, STM32H503CBU6, STM32H503EBY6TR, STM32H503KBU6, STM32H503RBT6, STM32H523CCT6, STM32H523CCU6, STM32H523CET6, STM32H523CEU6, STM32H523HEY6TR, STM32H523RCT6, STM32H523RET6, STM32H523VCI6, STM32H523VCT6, STM32H523VEI6, STM32H523VET6, STM32H523ZCJ6, STM32H523ZCT6, STM32H523ZEJ6, STM32H523ZET6, STM32H533CET6, STM32H533CEU6, STM32H533HEY6TR, STM32H533RET6, STM32H533VEI6, STM32H533VET6, STM32H533ZEJ6, STM32H533ZET6, STM32H562AGI6, STM32H562AII6, STM32H562IGK6, STM32H562IGT6, STM32H562IIK6, STM32H562IIT6, STM32H562RGT6, STM32H562RGV6, STM32H562RIT6, STM32H562RIV6, STM32H562VGT6, STM32H562VIT6, STM32H562ZGT6, STM32H562ZIT6, STM32H563AGI6, STM32H563AII3Q, STM32H563AII6, STM32H563IGK6, STM32H563IGT6, STM32H563IIK3Q, STM32H563IIK6, STM32H563IIT3Q, STM32H563IIT6, STM32H563MIY3QTR, STM32H563RGT6, STM32H563RGV6, STM32H563RIT6, STM32H563RIV6, STM32H563VGT6, STM32H563VIT3Q, STM32H563VIT6, STM32H563ZGT6, STM32H563ZIT3Q, STM32H563ZIT6, STM32H573AII3Q, STM32H573AII6, STM32H573I-DK, STM32H573IIK3Q, STM32H573IIK6, STM32H573IIT3Q, STM32H573IIT6, STM32H573MIY3QTR, STM32H573RIT6, STM32H573RIV6, STM32H573VIT3Q, STM32H573VIT6, STM32H573ZIT3Q, STM32H573ZIT6, STM32H7R3A8I6, STM32H7R3I8K6, STM32H7R3I8T6, STM32H7R3L8H6, STM32H7R3L8H6H, STM32H7R3R8V6, STM32H7R3V8H6, STM32H7R3V8T6, STM32H7R3V8Y6TR, STM32H7R3Z8J6, STM32H7R3Z8T6, STM32H7R7A8I6, STM32H7R7I8K6, STM32H7R7I8T6, STM32H7R7L8H6, STM32H7R7L8H6H, STM32H7R7Z8J6, STM32H7S3A8I6, STM32H7S3I8K6, STM32H7S3I8T6, STM32H7S3L8H6, STM32H7S3L8H6H, STM32H7S3R8V6, STM32H7S3V8H6, STM32H7S3V8T6, STM32H7S3V8Y6TR, STM32H7S3Z8J6, STM32H7S3Z8T6, STM32H7S78-DK, STM32H7S7A8I6, STM32H7S7I8K6, STM32H7S7I8T6, STM32H7S7L8H6, STM32H7S7L8H6H, STM32H7S7Z8J6, STM32L4R5QGI6STR, STM32MP131AAE3, STM32MP131AAF3, STM32MP131AAG3, STM32MP131CAE3, STM32MP131CAF3, STM32MP131CAG3, STM32MP131DAE7, STM32MP131DAF7, STM32MP131DAG7, STM32MP131FAE7, STM32MP131FAF7, STM32MP131FAG7, STM32MP133AAE3, STM32MP133AAF3, STM32MP133AAG3, STM32MP133CAE3, STM32MP133CAF3, STM32MP133CAG3, STM32MP133DAE7, STM32MP133DAF7, STM32MP133DAG7, STM32MP133FAE7, STM32MP133FAF7, STM32MP133FAG7, STM32MP135AAE3, STM32MP135AAF3, STM32MP135AAG3, STM32MP135CAE3, STM32MP135CAF3, STM32MP135CAG3, STM32MP135DAE7, STM32MP135DAF7, STM32MP135DAG7, STM32MP135F-DK, STM32MP135FAE7, STM32MP135FAF7, STM32MP135FAF7T, STM32MP135FAF7U, STM32MP135FAG7, STM32MP231AAJ3, STM32MP231AAK3, STM32MP231AAL3, STM32MP231CAJ3, STM32MP231CAK3, STM32MP231CAL3, STM32MP231DAJ3, STM32MP231DAK3, STM32MP231DAL3, STM32MP231FAJ3, STM32MP231FAK3, STM32MP231FAL3, STM32MP233AAJ3, STM32MP233AAK3, STM32MP233AAL3, STM32MP233CAJ3, STM32MP233CAK3, STM32MP233CAL3, STM32MP233DAJ3, STM32MP233DAK3, STM32MP233DAL3, STM32MP233FAJ3, STM32MP233FAK3, STM32MP233FAL3, STM32MP235AAJ3, STM32MP235AAK3, STM32MP235AAL3, STM32MP235CAJ3, STM32MP235CAK3, STM32MP235CAL3, STM32MP235DAJ3, STM32MP235DAK3, STM32MP235DAL3, STM32MP235FAJ3, STM32MP235FAK3, STM32MP235FAL3, STM32MP251AAI3, STM32MP251AAJ3, STM32MP251AAK3, STM32MP251AAL3, STM32MP251CAI3, STM32MP251CAJ3, STM32MP251CAK3, STM32MP251CAL3, STM32MP251DAI3, STM32MP251DAJ3, STM32MP251DAK3, STM32MP251DAL3, STM32MP251FAI3, STM32MP251FAJ3, STM32MP251FAK3, STM32MP251FAL3, STM32MP253AAI3, STM32MP253AAJ3, STM32MP253AAK3, STM32MP253AAL3, STM32MP253CAI3, STM32MP253CAJ3, STM32MP253CAK3, STM32MP253CAL3, STM32MP253DAI3, STM32MP253DAJ3, STM32MP253DAK3, STM32MP253DAL3, STM32MP253FAI3, STM32MP253FAJ3, STM32MP253FAK3, STM32MP253FAL3, STM32MP255AAI3, STM32MP255AAJ3, STM32MP255AAK3, STM32MP255AAL3, STM32MP255CAI3, STM32MP255CAJ3, STM32MP255CAK3, STM32MP255CAL3, STM32MP255DAI3, STM32MP255DAJ3, STM32MP255DAK3, STM32MP255DAL3, STM32MP255FAI3, STM32MP255FAJ3, STM32MP255FAK3, STM32MP255FAL3, STM32MP257AAI3, STM32MP257AAJ3, STM32MP257AAK3, STM32MP257AAL3, STM32MP257CAI3, STM32MP257CAJ3, STM32MP257CAK3, STM32MP257CAL3, STM32MP257DAI3, STM32MP257DAJ3, STM32MP257DAK3, STM32MP257DAL3, STM32MP257F-DK, STM32MP257F-EV1, STM32MP257FAI3, STM32MP257FAJ3, STM32MP257FAK3, STM32MP257FAL3, STM32N645A0H3Q, STM32N645B0H3Q, STM32N645I0H3Q, STM32N645L0H3Q, STM32N645X0H3Q, STM32N645Z0H3Q, STM32N647A0H3Q, STM32N647B0H3Q, STM32N647I0H3Q, STM32N647L0H3Q, STM32N647X0H3Q, STM32N647Z0H3Q, STM32N655A0H3Q, STM32N655B0H3Q, STM32N655I0H3Q, STM32N655L0H3Q, STM32N655X0H3Q, STM32N655Z0H3Q, STM32N6570-DK, STM32N657A0H3Q, STM32N657B0H3Q, STM32N657I0H3Q, STM32N657L0H3Q, STM32N657X0H3Q, STM32N657Z0H3Q, STM32U031C6T6, STM32U031C6U6, STM32U031C8T6, STM32U031C8U6, STM32U031F4P6, STM32U031F6P6, STM32U031F8P6, STM32U031G6Y6TR, STM32U031G8Y6TR, STM32U031K4U6, STM32U031K6U6, STM32U031K8U6, STM32U031R6I6, STM32U031R6T6, STM32U031R8I6, STM32U031R8T6, STM32U073C8T6, STM32U073C8U6, STM32U073CBT6, STM32U073CBU6, STM32U073CCT6, STM32U073CCU6, STM32U073H8Y6TR, STM32U073HBY6TR, STM32U073HCY6TR, STM32U073K8U6, STM32U073KBU6, STM32U073KCU6, STM32U073M8I6, STM32U073M8T6, STM32U073MBI6, STM32U073MBT6, STM32U073MCI6, STM32U073MCT6, STM32U073R8I6, STM32U073R8T6, STM32U073RBI6, STM32U073RBT6, STM32U073RCI6, STM32U073RCT6, STM32U083C-DK, STM32U083CCT6, STM32U083CCU6, STM32U083HCY6TR, STM32U083KCU6, STM32U083MCI6, STM32U083MCT6, STM32U083RCI6, STM32U083RCT6, STM32U375CET6, STM32U375CET6Q, STM32U375CEU6, STM32U375CEU6Q, STM32U375CEY6QTR, STM32U375CGT6, STM32U375CGT6Q, STM32U375CGU6, STM32U375CGU6Q, STM32U375CGY6QTR, STM32U375KEU6, STM32U375KGU6, STM32U375REI6, STM32U375REI6Q, STM32U375RET6, STM32U375RET6Q, STM32U375REY6GTR, STM32U375REY6QTR, STM32U375RGI6, STM32U375RGI6Q, STM32U375RGT6, STM32U375RGT6Q, STM32U375RGY6GTR, STM32U375RGY6QTR, STM32U375VEI6, STM32U375VEI6Q, STM32U375VET6, STM32U375VET6Q, STM32U375VGI6, STM32U375VGI6Q, STM32U375VGT6, STM32U375VGT6Q, STM32U385CGT6, STM32U385CGT6Q, STM32U385CGU6, STM32U385CGU6Q, STM32U385CGY6QTR, STM32U385KGU6, STM32U385RGI6, STM32U385RGI6Q, STM32U385RGT6, STM32U385RGT6Q, STM32U385RGY6GTR, STM32U385RGY6QTR, STM32U385VGI6, STM32U385VGI6Q, STM32U385VGT6, STM32U385VGT6Q, STM32U535CBT6, STM32U535CBT6Q, STM32U535CBU6, STM32U535CBU6Q, STM32U535CCT6, STM32U535CCT6Q, STM32U535CCU6, STM32U535CCU6Q, STM32U535CET6, STM32U535CET6Q, STM32U535CEU6, STM32U535CEU6Q, STM32U535JEY6QTR, STM32U535NCY6QTR, STM32U535NEY6QTR, STM32U535RBI6, STM32U535RBI6Q, STM32U535RBT6, STM32U535RBT6Q, STM32U535RCI6, STM32U535RCI6Q, STM32U535RCT6, STM32U535RCT6Q, STM32U535REI6, STM32U535REI6Q, STM32U535RET6, STM32U535RET6Q, STM32U535VCI6, STM32U535VCI6Q, STM32U535VCT6, STM32U535VCT6Q, STM32U535VEI6, STM32U535VEI6Q, STM32U535VET6, STM32U535VET6Q, STM32U545CET6, STM32U545CET6Q, STM32U545CEU6, STM32U545CEU6Q, STM32U545JEY6QTR, STM32U545NEY6QTR, STM32U545REI6, STM32U545REI6Q, STM32U545RET6, STM32U545RET6Q, STM32U545VEI6, STM32U545VEI6Q, STM32U545VET6, STM32U545VET6Q, STM32U595AIH6, STM32U595AIH6Q, STM32U595AJH6, STM32U595AJH6Q, STM32U595QII6, STM32U595QII6Q, STM32U595QJI6, STM32U595QJI6Q, STM32U595RIT6, STM32U595RIT6Q, STM32U595RJT6, STM32U595RJT6Q, STM32U595VIT6, STM32U595VIT6Q, STM32U595VJT6, STM32U595VJT6Q, STM32U595ZIT6, STM32U595ZIT6Q, STM32U595ZIY6QTR, STM32U595ZJT6, STM32U595ZJT6Q, STM32U595ZJY6QTR, STM32U599BJY6QTR, STM32U599NIH6Q, STM32U599NJH6Q, STM32U599VIT6Q, STM32U599VJT6, STM32U599VJT6Q, STM32U599ZIT6Q, STM32U599ZIY6QTR, STM32U599ZJT6Q, STM32U599ZJY6QTR, STM32U5A5AJH6, STM32U5A5AJH6Q, STM32U5A5QII3Q , STM32U5A5QJI6, STM32U5A5QJI6Q, STM32U5A5RJT6, STM32U5A5RJT6Q, STM32U5A5VJT6, STM32U5A5VJT6Q, STM32U5A5ZJT6, STM32U5A5ZJT6Q, STM32U5A5ZJY6QTR, STM32U5A9BJY6QTR, STM32U5A9J-DK, STM32U5A9NJH6Q, STM32U5A9VJT6Q, STM32U5A9ZJT6Q, STM32U5A9ZJY6QTR, STM32U5F7VIT6, STM32U5F7VIT6Q, STM32U5F7VJT6, STM32U5F7VJT6Q, STM32U5F9BJY6QTR, STM32U5F9NJH6Q, STM32U5F9VIT6Q, STM32U5F9VJT6Q, STM32U5F9ZIJ6QTR, STM32U5F9ZIT6Q, STM32U5F9ZJJ6QTR, STM32U5F9ZJT6Q, STM32U5G7VJT6, STM32U5G7VJT6Q, STM32U5G9BJY6QTR, STM32U5G9J-DK1, STM32U5G9J-DK2, STM32U5G9NJH6Q, STM32U5G9VJT6Q, STM32U5G9ZJJ6QTR, STM32U5G9ZJT6Q, STM32WB05KZV6TR, STM32WB05KZV7TR, STM32WB05TZF6TR, STM32WB05TZF7TR, STM32WB06CCF6TR, STM32WB06CCF7TR, STM32WB06CCV6TR, STM32WB06CCV7TR, STM32WB06KCV6TR, STM32WB06KCV7TR, STM32WB07CCF6TR, STM32WB07CCF7TR, STM32WB07CCV6TR, STM32WB07CCV7TR, STM32WB07KCV6TR, STM32WB07KCV7TR, STM32WB09KEV6TR, STM32WB09KEV7TR, STM32WB09TEF6TR, STM32WB09TEF7TR, STM32WB1MMCH6, STM32WBA50KGU6, STM32WBA50KGU6TR, STM32WBA52CEU6, STM32WBA52CEU6TR, STM32WBA52CEU7, STM32WBA52CEU7TR, STM32WBA52CGU6, STM32WBA52CGU6TR, STM32WBA52CGU6U, STM32WBA52CGU7, STM32WBA52CGU7TR, STM32WBA52KEU6, STM32WBA52KEU6TR, STM32WBA52KGU6, STM32WBA52KGU6TR, STM32WBA54CEU6, STM32WBA54CEU6TR, STM32WBA54CEU7, STM32WBA54CEU7TR, STM32WBA54CGU6, STM32WBA54CGU6TR, STM32WBA54CGU7, STM32WBA54CGU7TR, STM32WBA54KEU6, STM32WBA54KEU6TR, STM32WBA54KEU7, STM32WBA54KEU7TR, STM32WBA54KGU6, STM32WBA54KGU6TR, STM32WBA54KGU7, STM32WBA54KGU7TR, STM32WBA55CEU6, STM32WBA55CEU6TR, STM32WBA55CEU7, STM32WBA55CEU7TR, STM32WBA55CGU6, STM32WBA55CGU6TR, STM32WBA55CGU6U, STM32WBA55CGU7, STM32WBA55CGU7TR, STM32WBA55G-DK1, STM32WBA55HEF6, STM32WBA55HEF7, STM32WBA55HGF6, STM32WBA55HGF7, STM32WBA55UEI6, STM32WBA55UEI6TR, STM32WBA55UEI7, STM32WBA55UEI7TR, STM32WBA55UGI6, STM32WBA55UGI6TR, STM32WBA55UGI7, STM32WBA55UGI7TR, STM32WBA5MJGH6TR, STM32WBA62CGU6, STM32WBA62CIU6, STM32WBA62MGF6, STM32WBA62MIF6, STM32WBA62PGI6, STM32WBA62PII6, STM32WBA63CGU6, STM32WBA63CGU7, STM32WBA63CIU6, STM32WBA63CIU7, STM32WBA64CGU6, STM32WBA64CGU7, STM32WBA64CIU6, STM32WBA64CIU7, STM32WBA65CGU6, STM32WBA65CGU7, STM32WBA65CIU6, STM32WBA65CIU7, STM32WBA65I-DK1, STM32WBA65MGF6, STM32WBA65MGF7, STM32WBA65MIF6, STM32WBA65MIF7, STM32WBA65PGI6, STM32WBA65PGI7, STM32WBA65PII6, STM32WBA65PII7, STM32WBA65RGV6, STM32WBA65RGV7, STM32WBA65RIV6, STM32WBA65RIV7, STM32WL30K8V6, STM32WL30KBV6, STM32WL31C8V6, STM32WL31CBV6, STM32WL31K8V6, STM32WL31KBV6, STM32WL33C8V6, STM32WL33C8V6TR, STM32WL33C8V7, STM32WL33C8V7TR, STM32WL33CBV6, STM32WL33CBV6TR, STM32WL33CBV7, STM32WL33CBV7TR, STM32WL33CCV6, STM32WL33CCV6TR, STM32WL33CCV7, STM32WL33CCV7A, STM32WL33CCV7ATR, STM32WL33CCV7TR, STM32WL33K8V6, STM32WL33K8V6TR, STM32WL33K8V7, STM32WL33K8V7TR, STM32WL33KBV6, STM32WL33KBV6TR, STM32WL33KBV7, STM32WL33KBV7TR, STM32WL33KCV6, STM32WL33KCV6TR, STM32WL33KCV7, STM32WL33KCV7TR, STM32WL5MOCH6, STM32WL5MOCH6TR]
2025-06-17 10:40:38,013 [INFO] DbMcus:218 - Found 4686 MCUs, 4686 are supported
2025-06-17 10:40:38,014 [INFO] ApiDb:423 - Load user favorites file C:\Users\arumu/.stm32cubeide/favorites.mcus.txt: 0 item(s)
2025-06-17 10:40:38,014 [INFO] ApiDb:427 - User favorites MCUs=[]
2025-06-17 10:40:38,014 [INFO] DbMcus:224 - Set 0 / 0 favorites MCUs
2025-06-17 10:40:38,514 [INFO] ApiDb:423 - Load user favorites file C:\Users\arumu/.stm32cubeide/favorites.boards.txt: 0 item(s)
2025-06-17 10:40:38,515 [INFO] ApiDb:427 - User favorites Boards=[]
2025-06-17 10:40:38,515 [INFO] DbBoards:198 - Set 0 / 0 favorites Boards
2025-06-17 10:40:38,515 [INFO] McuFinderGlobals:76 - Set McuFinderConnectedMode to true
2025-06-17 10:40:38,544 [INFO] MultiScanPanel:200 - Auto-refresh data requested => check proxy status ongoing
2025-06-17 10:40:38,553 [INFO] FinderPluginLoader:95 - Searching for filters in installed packs
2025-06-17 10:40:40,234 [INFO] LoadUrlFilesThread:185 - End of LoadServerUrlFiles without Thread
2025-06-17 10:40:40,294 [INFO] DetailPanel:341 - Set advertising image to C:/Users/arumu/STM32Cube/Repository/\en.summit-h1-25-promotion.jpg
2025-06-17 10:40:49,402 [INFO] MultiScanPanel:200 - Auto-refresh data requested => check proxy status ongoing
2025-06-17 10:40:49,515 [INFO] LoadUrlFilesThread:185 - End of LoadServerUrlFiles without Thread
2025-06-17 10:40:49,515 [INFO] DetailPanel:341 - Set advertising image to C:/Users/arumu/STM32Cube/Repository/\en.summit-h1-25-promotion.jpg
2025-06-17 10:40:49,528 [INFO] DbBoards:642 - Loading board mini-images...
2025-06-17 10:40:49,694 [ERROR] DbBoards:659 - Image file not found for board B-WBA5M-WPAN: C:\Users\arumu\.stmcufinder\plugins\mcufinder//mcu//boards_images/B-WBA5M-WPAN.jpg
2025-06-17 10:40:51,467 [INFO] DbBoards:665 - Loaded 210 board mini-images
2025-06-17 10:41:37,604 [INFO] MainUpdater:2872 - connection check result : 10
2025-06-17 10:41:37,604 [INFO] MainUpdater:2872 - connection check result : 10
2025-06-17 10:41:37,630 [INFO] MicroXplorer:468 - Change Database Path : 
2025-06-17 10:41:37,630 [INFO] MicroXplorer:498 - Change Database Version : DB.6.0.141
2025-06-17 10:41:37,640 [WARN] ThirdParty:871 - waiting for thirdparty lock release [close project]
2025-06-17 10:41:37,640 [INFO] ThirdParty:873 - entering critical section [close project]
2025-06-17 10:41:37,642 [INFO] ThirdParty:883 - exiting critical section [close project]
2025-06-17 10:41:37,645 [INFO] PinOutPanel:1589 - setPackage(No Configuration,No Configuration)
2025-06-17 10:41:37,652 [INFO] UtilMem:75 - Begin LoadConfig() Used Memory: 606670864 Bytes (1031798784)
2025-06-17 10:41:37,659 [INFO] OpenFileManager:354 - Change cursor
2025-06-17 10:41:37,728 [INFO] ProjectFactory:442 - No CPN specified for board NUCLEO-L476RG => set CPN to STM32L476RGT3
2025-06-17 10:41:37,729 [INFO] Mcu:2011 - Initializing MCU STM32L476R(C-E-G)Tx STM32L476RGTx STM32L476RGT3
2025-06-17 10:41:39,832 [INFO] Context:756 - Trying to add GPIOservice into a context  which must be forbidden
2025-06-17 10:41:40,362 [INFO] Rule:225 - rule 117617 - U5Cobra4M][GTZC] default value MPCBB3 and MPCBB5 - Not Secured memory - MPCBB1 is applicable
2025-06-17 10:41:40,362 [INFO] Rule:225 - rule 117617 - U5Cobra4M][GTZC] default value MPCBB3 and MPCBB5 - Not Secured memory - MPCBB1 is applicable
2025-06-17 10:41:40,362 [INFO] Rule:225 - rule 117617 - U5Cobra4M][GTZC] default value MPCBB3 and MPCBB5 - Not Secured memory - MPCBB2 is applicable
2025-06-17 10:41:40,362 [INFO] Rule:225 - rule 117617 - U5Cobra4M][GTZC] default value MPCBB3 and MPCBB5 - Not Secured memory - MPCBB2 is applicable
2025-06-17 10:41:40,362 [INFO] Rule:225 - rule 117617 - U5Cobra4M][GTZC] default value MPCBB3 and MPCBB5 - Not Secured memory - MPCBB3 is applicable
2025-06-17 10:41:40,362 [INFO] Rule:225 - rule 117617 - U5Cobra4M][GTZC] default value MPCBB3 and MPCBB5 - Not Secured memory - MPCBB3 is applicable
2025-06-17 10:41:40,362 [INFO] Rule:225 - rule 117617 - U5Cobra4M][GTZC] default value MPCBB3 and MPCBB5 - Not Secured memory - MPCBB4 is applicable
2025-06-17 10:41:40,362 [INFO] Rule:225 - rule 117617 - U5Cobra4M][GTZC] default value MPCBB3 and MPCBB5 - Not Secured memory - MPCBB4 is applicable
2025-06-17 10:41:40,362 [INFO] Rule:225 - rule 117617 - U5Cobra4M][GTZC] default value MPCBB3 and MPCBB5 - Secured memory - MPCBB1 is applicable
2025-06-17 10:41:40,363 [INFO] Rule:225 - rule 117617 - U5Cobra4M][GTZC] default value MPCBB3 and MPCBB5 - Secured memory - MPCBB2 is applicable
2025-06-17 10:41:40,363 [INFO] Rule:225 - rule 117617 - U5Cobra4M][GTZC] default value MPCBB3 and MPCBB5 - Secured memory - MPCBB3 is applicable
2025-06-17 10:41:40,363 [INFO] Rule:225 - rule 117617 - U5Cobra4M][GTZC] default value MPCBB3 and MPCBB5 - Secured memory - MPCBB4 is applicable
2025-06-17 10:41:40,363 [INFO] Rule:225 - rule 117617 - U5Cobra4M][GTZC] default value MPCBB3 and MPCBB5 - Privileged memory - MPCBB1 is applicable
2025-06-17 10:41:40,363 [INFO] Rule:225 - rule 117617 - U5Cobra4M][GTZC] default value MPCBB3 and MPCBB5 - Privileged memory - MPCBB2 is applicable
2025-06-17 10:41:40,363 [INFO] Rule:225 - rule 117617 - U5Cobra4M][GTZC] default value MPCBB3 and MPCBB5 - Privileged memory - MPCBB3 is applicable
2025-06-17 10:41:40,363 [INFO] Rule:225 - rule 117617 - U5Cobra4M][GTZC] default value MPCBB3 and MPCBB5 - Privileged memory - MPCBB4 is applicable
2025-06-17 10:41:40,363 [INFO] Rule:225 - rule 117617 - U5Cobra4M][GTZC] default value MPCBB3 and MPCBB5 - Not Privileged memory - MPCBB1 is applicable
2025-06-17 10:41:40,363 [INFO] Rule:225 - rule 117617 - U5Cobra4M][GTZC] default value MPCBB3 and MPCBB5 - Not Privileged memory - MPCBB2 is applicable
2025-06-17 10:41:40,363 [INFO] Rule:225 - rule 117617 - U5Cobra4M][GTZC] default value MPCBB3 and MPCBB5 - Not Privileged memory - MPCBB3 is applicable
2025-06-17 10:41:40,363 [INFO] Rule:225 - rule 117617 - U5Cobra4M][GTZC] default value MPCBB3 and MPCBB5 - Not Privileged memory - MPCBB4 is applicable
2025-06-17 10:41:40,363 [INFO] Rule:225 - rule 117617 - U5Cobra4M][GTZC] default value MPCBB3 and MPCBB5 - Privileged memory - MPCBB1 is applicable
2025-06-17 10:41:40,363 [INFO] Rule:225 - rule 117617 - U5Cobra4M][GTZC] default value MPCBB3 and MPCBB5 - Privileged memory - MPCBB2 is applicable
2025-06-17 10:41:40,363 [INFO] Rule:225 - rule 117617 - U5Cobra4M][GTZC] default value MPCBB3 and MPCBB5 - Privileged memory - MPCBB3 is applicable
2025-06-17 10:41:40,363 [INFO] Rule:225 - rule 117617 - U5Cobra4M][GTZC] default value MPCBB3 and MPCBB5 - Privileged memory - MPCBB4 is applicable
2025-06-17 10:41:40,363 [INFO] Rule:225 - rule 117617 - U5Cobra4M][GTZC] default value MPCBB3 and MPCBB5 - Privileged memory - MPCBB1 is applicable
2025-06-17 10:41:40,363 [INFO] Rule:225 - rule 117617 - U5Cobra4M][GTZC] default value MPCBB3 and MPCBB5 - Privileged memory - MPCBB2 is applicable
2025-06-17 10:41:40,363 [INFO] Rule:225 - rule 117617 - U5Cobra4M][GTZC] default value MPCBB3 and MPCBB5 - Privileged memory - MPCBB3 is applicable
2025-06-17 10:41:40,363 [INFO] Rule:225 - rule 117617 - U5Cobra4M][GTZC] default value MPCBB3 and MPCBB5 - Privileged memory - MPCBB4 is applicable
2025-06-17 10:41:40,364 [INFO] Rule:225 - rule 117617 - U5Cobra4M][GTZC] default value MPCBB3 and MPCBB5 - Not Privileged memory - MPCBB1 is applicable
2025-06-17 10:41:40,364 [INFO] Rule:225 - rule 117617 - U5Cobra4M][GTZC] default value MPCBB3 and MPCBB5 - Not Privileged memory - MPCBB2 is applicable
2025-06-17 10:41:40,364 [INFO] Rule:225 - rule 117617 - U5Cobra4M][GTZC] default value MPCBB3 and MPCBB5 - Not Privileged memory - MPCBB3 is applicable
2025-06-17 10:41:40,364 [INFO] Rule:225 - rule 117617 - U5Cobra4M][GTZC] default value MPCBB3 and MPCBB5 - Not Privileged memory - MPCBB4 is applicable
2025-06-17 10:41:40,364 [INFO] Rule:225 - rule 117617 - U5Cobra4M][GTZC] default value MPCBB3 and MPCBB5 - Privileged memory - MPCBB1 is applicable
2025-06-17 10:41:40,364 [INFO] Rule:225 - rule 117617 - U5Cobra4M][GTZC] default value MPCBB3 and MPCBB5 - Privileged memory - MPCBB2 is applicable
2025-06-17 10:41:40,364 [INFO] Rule:225 - rule 117617 - U5Cobra4M][GTZC] default value MPCBB3 and MPCBB5 - Privileged memory - MPCBB3 is applicable
2025-06-17 10:41:40,364 [INFO] Rule:225 - rule 117617 - U5Cobra4M][GTZC] default value MPCBB3 and MPCBB5 - Privileged memory - MPCBB4 is applicable
2025-06-17 10:41:40,364 [INFO] Rule:225 - rule Rename SubGHz_Phy SUBGHZ_APPLICATION SUBGHZ_PINGPONG to SUBGHZ_ADV_APPLICATION is applicable
2025-06-17 10:41:40,364 [INFO] Rule:225 - rule Rename Enabled to IBEACON is applicable
2025-06-17 10:41:40,364 [INFO] Rule:225 - rule GTZC_S instance for project manager is applicable
2025-06-17 10:41:40,364 [INFO] Rule:225 - rule GTZC_S instance for context M33S is applicable
2025-06-17 10:41:40,364 [INFO] Rule:225 - rule GTZC_S instance value for IP GTZC is applicable
2025-06-17 10:41:40,364 [INFO] Rule:225 - rule GTZC_S instance for mcu.IP is applicable
2025-06-17 10:41:40,364 [INFO] Rule:225 - rule GTZC_S instance for VP is applicable
2025-06-17 10:41:40,365 [INFO] Rule:225 - rule GTZC_S instance for signal is applicable
2025-06-17 10:41:40,365 [INFO] Rule:225 - rule GTZC_S instance for mcu.Pin is applicable
2025-06-17 10:41:40,365 [INFO] Rule:225 - rule GTZC_S instance for VP is applicable
2025-06-17 10:41:40,365 [INFO] Rule:225 - rule GTZC_S instance for signal is applicable
2025-06-17 10:41:40,365 [INFO] Rule:225 - rule GTZC_S instance for mcu is applicable
2025-06-17 10:41:40,365 [INFO] Rule:225 - rule GTZC_S instance for mcu.Pin is applicable
2025-06-17 10:41:40,365 [INFO] Rule:225 - rule GTZC_S instance value for IP GTZC is applicable
2025-06-17 10:41:40,365 [INFO] Rule:225 - rule GTZC_S instance for project manager is applicable
2025-06-17 10:41:40,365 [INFO] Rule:225 - rule GTZC_S instance for context M33S is applicable
2025-06-17 10:41:40,365 [INFO] Rule:225 - rule GTZC_S instance for VP is applicable
2025-06-17 10:41:40,365 [INFO] Rule:225 - rule GTZC_S instance for signal is applicable
2025-06-17 10:41:40,365 [INFO] Rule:225 - rule SPDIFRX instance for mcu is applicable
2025-06-17 10:41:40,365 [INFO] Rule:225 - rule Rename Tracer Mode is applicable
2025-06-17 10:41:40,366 [INFO] Rule:225 - rule SPDIFRX instance value for IP SPDIFRX is applicable
2025-06-17 10:41:40,366 [INFO] Rule:225 - rule SPDIFRX instance for signal is applicable
2025-06-17 10:41:40,366 [INFO] Rule:225 - rule SPDIFRX instance for project manager is applicable
2025-06-17 10:41:40,366 [INFO] Rule:225 - rule SPDIFRX instance for project manager is applicable
2025-06-17 10:41:40,366 [INFO] Rule:225 - rule ADC Scan  fix with FW F7 is applicable
2025-06-17 10:41:40,366 [INFO] Rule:225 - rule ADC Scan  fix with FW F7 is applicable
2025-06-17 10:41:40,366 [INFO] Rule:225 - rule WakeUp0 Mode is applicable
2025-06-17 10:41:40,366 [INFO] Rule:225 - rule WakeUp0 SIGNAL is applicable
2025-06-17 10:41:40,366 [INFO] Rule:225 - rule WakeUp1 Mode is applicable
2025-06-17 10:41:40,366 [INFO] Rule:225 - rule WakeUp1 SIGNAL is applicable
2025-06-17 10:41:40,366 [INFO] Rule:225 - rule WakeUp2 Mode is applicable
2025-06-17 10:41:40,366 [INFO] Rule:225 - rule WakeUp2 SIGNAL is applicable
2025-06-17 10:41:40,366 [INFO] Rule:225 - rule WakeUp4 Mode is applicable
2025-06-17 10:41:40,366 [INFO] Rule:225 - rule WakeUp4 SIGNAL is applicable
2025-06-17 10:41:40,366 [INFO] Rule:225 - rule WakeUp5 Mode is applicable
2025-06-17 10:41:40,366 [INFO] Rule:225 - rule WakeUp5 SIGNAL is applicable
2025-06-17 10:41:40,366 [INFO] Rule:225 - rule Add RTC Activate Clock Source is applicable
2025-06-17 10:41:40,366 [INFO] Rule:225 - rule Add RTC Activate Calendar 1 is applicable
2025-06-17 10:41:40,366 [INFO] Rule:225 - rule Add RTC Activate Calendar 2 is applicable
2025-06-17 10:41:40,366 [INFO] Rule:225 - rule Add RTC Activate Calendar 3 is applicable
2025-06-17 10:41:40,366 [INFO] Rule:225 - rule UART/USART TX Mode is applicable
2025-06-17 10:41:40,366 [INFO] Rule:225 - rule UART/USART RX Mode is applicable
2025-06-17 10:41:40,367 [INFO] Rule:225 - rule UART/USART RX TX Mode is applicable
2025-06-17 10:41:40,367 [INFO] Rule:225 - rule UART/USART PARITY NONE is applicable
2025-06-17 10:41:40,367 [INFO] Rule:225 - rule UART/USART PARITY EVEN is applicable
2025-06-17 10:41:40,367 [INFO] Rule:225 - rule UART/USART PARITY ODD is applicable
2025-06-17 10:41:40,367 [INFO] Rule:225 - rule USART StopBits 1 is applicable
2025-06-17 10:41:40,367 [INFO] Rule:225 - rule USART StopBits 2 is applicable
2025-06-17 10:41:40,367 [INFO] Rule:225 - rule USART StopBits 1.5 is applicable
2025-06-17 10:41:40,367 [INFO] Rule:225 - rule USART StopBits 0.5 is applicable
2025-06-17 10:41:40,367 [INFO] Rule:225 - rule UART/USART WORD LENGTH 7 is applicable
2025-06-17 10:41:40,367 [INFO] Rule:225 - rule UART/USART WORD LENGTH 8 is applicable
2025-06-17 10:41:40,367 [INFO] Rule:225 - rule UART/USART WORD LENGTH 9 is applicable
2025-06-17 10:41:40,367 [INFO] Rule:225 - rule Rename FMC NAND NCE signal is applicable
2025-06-17 10:41:40,367 [INFO] Rule:225 - rule Rename FMC NAND INT signal is applicable
2025-06-17 10:41:40,367 [INFO] Rule:225 - rule Change Default Value for LSE Drive Capability for WB family is applicable
2025-06-17 10:41:40,367 [INFO] Rule:225 - rule Change Default Value for ADC Clock Prescaler G0 family is applicable
2025-06-17 10:41:40,367 [INFO] Rule:225 - rule Change Default Value for ADC ExternalTrigConv L4 family is applicable
2025-06-17 10:41:40,367 [INFO] Rule:225 - rule Change Default Value for ADC ExternalTrigInjecConv L4 family is applicable
2025-06-17 10:41:40,367 [INFO] Rule:225 - rule Change Default Value for ADC ExternalTrigConv F3 family is applicable
2025-06-17 10:41:40,367 [INFO] Rule:225 - rule Change Default Value for ADC ExternalTrigInjecConv F3 family is applicable
2025-06-17 10:41:40,367 [INFO] Rule:225 - rule Change Default Value for ADC ExternalTrigConv Goldfish serie is applicable
2025-06-17 10:41:40,367 [INFO] Rule:225 - rule Change Default Value for ADC ExternalTrigInjecConv Goldfish serie is applicable
2025-06-17 10:41:40,367 [INFO] Rule:225 - rule Change Default Value for ADC ExternalTrigConv L0 family is applicable
2025-06-17 10:41:40,367 [INFO] Rule:225 - rule Change Default Value for ADC ExternalTrigConv F0 family is applicable
2025-06-17 10:41:40,367 [INFO] Rule:225 - rule Change Default Value for ADC ExternalTrigConvn L1 family is applicable
2025-06-17 10:41:40,367 [INFO] Rule:225 - rule Change Default Value for ADC ExternalTrigInjecConv L1 family is applicable
2025-06-17 10:41:40,368 [INFO] Rule:225 - rule Change Default Value for ADC ExternalTrigConv F1 family is applicable
2025-06-17 10:41:40,368 [INFO] Rule:225 - rule Change Default Value for ADC ExternalTrigInjecConv F1 family is applicable
2025-06-17 10:41:40,368 [INFO] Rule:225 - rule Change Default Value for ADC ExternalTrigConv F7 family is applicable
2025-06-17 10:41:40,368 [INFO] Rule:225 - rule Change Default Value for ADC ExternalTrigInjecConv F7 family is applicable
2025-06-17 10:41:40,368 [INFO] Rule:225 - rule Change Default Value for ADC ExternalTrigConv F4 and F2 family is applicable
2025-06-17 10:41:40,368 [INFO] Rule:225 - rule Change Default Value for ADC ExternalTrigInjecConv F4 and F2 family is applicable
2025-06-17 10:41:40,368 [INFO] Rule:225 - rule ADC SamplingTime fix with FW L0  is applicable
2025-06-17 10:41:40,368 [INFO] Rule:225 - rule ADC SamplingTime fix with FW L0  is applicable
2025-06-17 10:41:40,368 [INFO] Rule:225 - rule ADC SamplingTime fix with FW L0 is applicable
2025-06-17 10:41:40,368 [INFO] Rule:225 - rule ADC SamplingTime fix with FW L0 is applicable
2025-06-17 10:41:40,368 [INFO] Rule:225 - rule ADC SamplingTime fix with FW L0  is applicable
2025-06-17 10:41:40,368 [INFO] Rule:225 - rule ADC SamplingTime fix with FW L0 is applicable
2025-06-17 10:41:40,368 [INFO] Rule:225 - rule Rename USB_OE Signal is applicable
2025-06-17 10:41:40,368 [INFO] Rule:225 - rule Rename Activate_OE Mode is applicable
2025-06-17 10:41:40,368 [INFO] Rule:225 - rule Rename DIE462/DIE415 pin PC14/OSC32_IN -> PC14-OSC32_IN (PC14) is applicable
2025-06-17 10:41:40,368 [INFO] Rule:225 - rule Rename DIE462/DIE415 pin PC15/OSC32_OUT -> PC15-OSC32_OUT (PC15) is applicable
2025-06-17 10:41:40,368 [INFO] Rule:225 - rule Rename DIE462/DIE415 pin PH0/OSC_IN -> PH0-OSC_IN (PH0) is applicable
2025-06-17 10:41:40,368 [INFO] Rule:225 - rule Rename DIE462/DIE415 pin PH1/OSC_OUT -> PH1-OSC_OUT (PH1) is applicable
2025-06-17 10:41:40,368 [INFO] Rule:225 - rule Rename DIE462 pin PA13 -> PA13 (JTMS/SWDIO) is applicable
2025-06-17 10:41:40,368 [INFO] Rule:225 - rule Rename DIE415 pin PA13 -> PA13 (JTMS/SWDIO) is applicable
2025-06-17 10:41:40,368 [INFO] Rule:225 - rule Rename DIE462 pin PA14 -> PA14 (JTCK/SWCLK) is applicable
2025-06-17 10:41:40,368 [INFO] Rule:225 - rule Rename DIE415 pin PA14 -> PA14 (JTCK/SWCLK) is applicable
2025-06-17 10:41:40,368 [INFO] Rule:225 - rule Rename DIE462/DIE415 pin PA15 -> PA15 (JTDI) is applicable
2025-06-17 10:41:40,368 [INFO] Rule:225 - rule Rename DIE462 pin PB3 -> PB3 (JTD0/TRACESWO) is applicable
2025-06-17 10:41:40,369 [INFO] Rule:225 - rule Rename DIE415 pin PB3 -> PB3 (JTD0-TRACESWO) is applicable
2025-06-17 10:41:40,369 [INFO] Rule:225 - rule Rename DIE462/DIE415 pin PB4 -> PB4 (NJTRST) is applicable
2025-06-17 10:41:40,369 [INFO] Rule:225 - rule Rename DIE462 pin PH3/BOOT0 -> PH3-BOOT0 (BOOT0) is applicable
2025-06-17 10:41:40,369 [INFO] Rule:225 - rule Rename CRYP DataEncryptionTypesList to Algorithm is applicable
2025-06-17 10:41:40,369 [INFO] Rule:225 - rule Rename AES DataEncryptionTypesList to Algorithm is applicable
2025-06-17 10:41:40,369 [INFO] Rule:225 - rule Rename TDESECB to CRYP_TDES_ECB is applicable
2025-06-17 10:41:40,369 [INFO] Rule:225 - rule Rename TDESCBC to CRYP_TDES_CBC is applicable
2025-06-17 10:41:40,369 [INFO] Rule:225 - rule Rename DESECB to CRYP_DES_ECB is applicable
2025-06-17 10:41:40,369 [INFO] Rule:225 - rule Rename DESCBC to CRYP_DES_CBC is applicable
2025-06-17 10:41:40,369 [INFO] Rule:225 - rule Rename AESECB to CRYP_AES_ECB is applicable
2025-06-17 10:41:40,369 [INFO] Rule:225 - rule Rename AESCBC to CRYP_AES_CBC is applicable
2025-06-17 10:41:40,369 [INFO] Rule:225 - rule Rename AESCTR to CRYP_AES_CTR is applicable
2025-06-17 10:41:40,369 [INFO] Rule:225 - rule Rename AESGCM to CRYP_AES_GCM is applicable
2025-06-17 10:41:40,369 [INFO] Rule:225 - rule Rename AESCCM to CRYP_AES_CCM is applicable
2025-06-17 10:41:40,369 [INFO] Rule:225 - rule Rename CAN TimeSeg1 to BS1 is applicable
2025-06-17 10:41:40,369 [INFO] Rule:225 - rule Rename CAN TimeSeg2 to BS2 is applicable
2025-06-17 10:41:40,369 [INFO] Rule:225 - rule Rename CAN SyncJumpWidth to SJW is applicable
2025-06-17 10:41:40,369 [INFO] Rule:225 - rule TimeTriggeredMode to TTCM is applicable
2025-06-17 10:41:40,369 [INFO] Rule:225 - rule Rename CAN AutoBusOff to ABOM is applicable
2025-06-17 10:41:40,369 [INFO] Rule:225 - rule Rename CAN AutoWakeUp to AWUM is applicable
2025-06-17 10:41:40,369 [INFO] Rule:225 - rule Rename CAN AutoRetransmission to NART is applicable
2025-06-17 10:41:40,369 [INFO] Rule:225 - rule Rename CAN ReceiveFifoLocked to RFLM is applicable
2025-06-17 10:41:40,369 [INFO] Rule:225 - rule Rename CAN TransmitFifoPriority to TXFP is applicable
2025-06-17 10:41:40,369 [INFO] Rule:225 - rule Rename HRTIMER HRTIM_OUTPUTFAULTLEVEL_HIGH in HRTIMER HRTIM_OUTPUTFAULTLEVEL_HIGHZ is applicable
2025-06-17 10:41:40,369 [INFO] Rule:225 - rule Rename TIMER TIM_CLEARINPUTSOURCE_OCREFCLR in  TIMER TIM_CLEARINPUTSOURCE_NONE for F7 family is applicable
2025-06-17 10:41:40,369 [INFO] Rule:225 - rule FDCAN_R1 - Rename FDCAN mode Master into Classic is applicable
2025-06-17 10:41:40,369 [INFO] Rule:225 - rule FDCAN_R2 - Rename FDCAN mode Slave into Classic is applicable
2025-06-17 10:41:40,369 [INFO] Rule:225 - rule FDCAN1_R3 - if PA10.Mode=FullDuplex, add Pin PA12 is applicable
2025-06-17 10:41:40,370 [INFO] Rule:225 - rule FDCAN1_R3 - if PA9.Mode=FullDuplex, add Pin PA11 is applicable
2025-06-17 10:41:40,370 [INFO] Rule:225 - rule FDCAN1_R3 - Alternatepin_1 - if PE1.Mode=FullDuplex, add Pin PB9 is applicable
2025-06-17 10:41:40,370 [INFO] Rule:225 - rule FDCAN1_R3 - Alternatepin_1 - if PE0.Mode=FullDuplex, add Pin PB8 is applicable
2025-06-17 10:41:40,370 [INFO] Rule:225 - rule FDCAN1_R3 - Alternatepin_2 - if PD5.Mode=FullDuplex, add Pin PD1 is applicable
2025-06-17 10:41:40,370 [INFO] Rule:225 - rule FDCAN1_R3 - Alternatepin_2 - if PD4.Mode=FullDuplex, add Pin PD0 is applicable
2025-06-17 10:41:40,370 [INFO] Rule:225 - rule FDCAN1_R4 - Rename Mode FullDuplex into Enable FDCAN_TXFD for pin PA10 is applicable
2025-06-17 10:41:40,370 [INFO] Rule:225 - rule FDCAN1_R4 - Rename Mode FullDuplex into Enable FDCAN_TXFD for pin PA9 is applicable
2025-06-17 10:41:40,370 [INFO] Rule:225 - rule FDCAN1_R4 - Alternatepin_1 - Rename Mode FullDuplex into Enable FDCAN_TXFD for pin PE1 is applicable
2025-06-17 10:41:40,370 [INFO] Rule:225 - rule FDCAN1_R4 - Alternatepin_1 - Rename Mode FullDuplex into Enable FDCAN_TXFD for pin PE0 is applicable
2025-06-17 10:41:40,370 [INFO] Rule:225 - rule FDCAN1_R4 - Alternatepin_2 - Rename Mode FullDuplex into Enable FDCAN_TXFD for pin PD5 is applicable
2025-06-17 10:41:40,370 [INFO] Rule:225 - rule FDCAN1_R4 - Alternatepin_2 - Rename Mode FullDuplex into Enable FDCAN_TXFD for pin PD4 is applicable
2025-06-17 10:41:40,370 [INFO] Rule:225 - rule FDCAN2_R3 - if PD10.Mode=FullDuplex, add Pin PB13 is applicable
2025-06-17 10:41:40,371 [INFO] Rule:225 - rule FDCAN2_R3 - if PD9.Mode=FullDuplex, add Pin PB12 is applicable
2025-06-17 10:41:40,371 [INFO] Rule:225 - rule FDCAN2_R3 - Alternatepin_1 - if PB7.Mode=FullDuplex, add Pin PB6 is applicable
2025-06-17 10:41:40,371 [INFO] Rule:225 - rule FDCAN2_R3 - Alternatepin_1 - if PD9.Mode=FullDuplex, add Pin PB12 is applicable
2025-06-17 10:41:40,371 [INFO] Rule:225 - rule FDCAN2_R4 - Rename Mode FullDuplex into Enable FDCAN_TXFD for pin PD10 is applicable
2025-06-17 10:41:40,371 [INFO] Rule:225 - rule FDCAN2_R4 - Rename Mode FullDuplex into Enable FDCAN_TXFD for pin PD9 is applicable
2025-06-17 10:41:40,371 [INFO] Rule:225 - rule FDCAN2_R4 - Alternatepin_1 - Rename Mode FullDuplex into Enable FDCAN_TXFD for pin PB7 is applicable
2025-06-17 10:41:40,371 [INFO] Rule:225 - rule FDCAN2_R4 - Alternatepin_1 - Rename Mode FullDuplex into Enable FDCAN_TXFD for pin PD6 is applicable
2025-06-17 10:41:40,371 [INFO] Rule:225 - rule USART TxPinLevelInvertParam Mode is applicable
2025-06-17 10:41:40,371 [INFO] Rule:225 - rule USART RxPinLevelInvertParam Mode is applicable
2025-06-17 10:41:40,371 [INFO] Rule:225 - rule USART DataInvertParam Mode is applicable
2025-06-17 10:41:40,371 [INFO] Rule:225 - rule USART SwapParam Mode is applicable
2025-06-17 10:41:40,371 [INFO] Rule:225 - rule USART OverrunDisableParam Mode is applicable
2025-06-17 10:41:40,371 [INFO] Rule:225 - rule USART DMADisableonRxErrorParam Mode is applicable
2025-06-17 10:41:40,371 [INFO] Rule:225 - rule USART MSBFirstParam Mode is applicable
2025-06-17 10:41:40,371 [INFO] Rule:225 - rule Update MwName for USB_DEVICE is applicable
2025-06-17 10:41:40,371 [INFO] Rule:225 - rule Change PWR_Regulator_Voltage_Scale Default Value for RCC  H7 family is applicable
2025-06-17 10:41:40,371 [INFO] Rule:225 - rule UART/USART IPParameter rename Prescaler parameter to ClockPrescaler is applicable
2025-06-17 10:41:40,371 [INFO] Rule:225 - rule UART/USART Prescaler rename Prescaler parameter to ClockPrescaler is applicable
2025-06-17 10:41:40,371 [INFO] Rule:225 - rule TIM1CLockSelection is applicable
2025-06-17 10:41:40,371 [INFO] Rule:225 - rule TIM15CLockSelection is applicable
2025-06-17 10:41:40,371 [INFO] Rule:225 - rule align RCC SDMMC3CLockSelection default value on MP1 is applicable
2025-06-17 10:41:40,371 [INFO] Rule:225 - rule align RCC SDMMC12CLockSelection default value on MP1 is applicable
2025-06-17 10:41:40,371 [INFO] Rule:225 - rule align RCC QSPICLockSelection default value on MP1 is applicable
2025-06-17 10:41:40,371 [INFO] Rule:225 - rule align RCC QSPICLockSelection default value on MP1 is applicable
2025-06-17 10:41:40,373 [INFO] Rule:225 - rule align RCC SPI6CLockSelection default value on MP1 is applicable
2025-06-17 10:41:40,373 [INFO] Rule:225 - rule align RCC LPTIM23CLockSelection default value on MP1 is applicable
2025-06-17 10:41:40,373 [INFO] Rule:225 - rule align RCC LPTIM1CLockSelection default value on MP1 is applicable
2025-06-17 10:41:40,373 [INFO] Rule:225 - rule align RCC USART1CLockSelection default value on MP1 is applicable
2025-06-17 10:41:40,373 [INFO] Rule:225 - rule align RCC USART24CLockSelection default value on MP1 is applicable
2025-06-17 10:41:40,373 [INFO] Rule:225 - rule align RCC USART6CLockSelection default value on MP1 is applicable
2025-06-17 10:41:40,373 [INFO] Rule:225 - rule align RCC UART78CLockSelection default value on MP1 is applicable
2025-06-17 10:41:40,373 [INFO] Rule:225 - rule align RCC USART35CLockSelection default value on MP1 is applicable
2025-06-17 10:41:40,373 [INFO] Rule:225 - rule align RCC SPI45CLockSelection default value on MP1 is applicable
2025-06-17 10:41:40,373 [INFO] Rule:225 - rule align RCC I2C46CLockSelection BCLK value on MP1 is applicable
2025-06-17 10:41:40,373 [INFO] Rule:225 - rule align RCC SPI45CLockSelection default value on MP1 is applicable
2025-06-17 10:41:40,373 [INFO] Rule:225 - rule align RCC I2C12CLockSelection default value on MP1 is applicable
2025-06-17 10:41:40,373 [INFO] Rule:225 - rule align RCC I2C35CLockSelection default value on MP1 is applicable
2025-06-17 10:41:40,373 [INFO] Rule:225 - rule align RCC LPTIM45CLockSelection default value on MP1 is applicable
2025-06-17 10:41:40,373 [INFO] Rule:225 - rule Rename DCMI PIXCK signal is applicable
2025-06-17 10:41:40,373 [INFO] Rule:225 - rule Change Default Value for I2C46CLockSelection MP1 family is applicable
2025-06-17 10:41:40,373 [INFO] Rule:225 - rule Change Default Value for UART for G4, G0 and WB families is applicable
2025-06-17 10:41:40,373 [INFO] Rule:225 - rule Change Default Value for USART for G4, G0 and WB families is applicable
2025-06-17 10:41:40,373 [INFO] Rule:225 - rule Change Default Value for USART for G4 family is applicable
2025-06-17 10:41:40,373 [INFO] Rule:225 - rule Change USART1CLockSelection refparam name for MP1 is applicable
2025-06-17 10:41:40,373 [INFO] Rule:225 - rule Change USART2CLockSelection refparam name for MP1 is applicable
2025-06-17 10:41:40,374 [INFO] Rule:225 - rule Change USART3CLockSelection refparam name for MP1 is applicable
2025-06-17 10:41:40,374 [INFO] Rule:225 - rule Change UART4CLockSelection refparam name for MP1 is applicable
2025-06-17 10:41:40,374 [INFO] Rule:225 - rule Change UART5CLockSelection refparam name for MP1 is applicable
2025-06-17 10:41:40,374 [INFO] Rule:225 - rule Change LPUART1CLockSelection refparam name for MP1 is applicable
2025-06-17 10:41:40,374 [INFO] Rule:225 - rule Change LPTIM1CLockSelection refparam name for MP1 is applicable
2025-06-17 10:41:40,374 [INFO] Rule:225 - rule Change LPTIM2CLockSelection refparam name for MP1 is applicable
2025-06-17 10:41:40,374 [INFO] Rule:225 - rule Change RCC_MCO1Source refparam name for MP1 is applicable
2025-06-17 10:41:40,374 [INFO] Rule:225 - rule Change LSCOSource1 refparam name for MP1 is applicable
2025-06-17 10:41:40,374 [INFO] Rule:225 - rule Change SMPSCLockSelection refparam name for MP1 is applicable
2025-06-17 10:41:40,374 [INFO] Rule:225 - rule Change LPTIM3CLockSelection refparam name for MP1 is applicable
2025-06-17 10:41:40,374 [INFO] Rule:225 - rule Change MPCBB* Default Template Mode to Parameters is applicable
2025-06-17 10:41:40,374 [INFO] Rule:225 - rule Change MPCWM* or MPCBB* Secure Mode to Parameters is applicable
2025-06-17 10:41:40,374 [INFO] Rule:225 - rule Change MPCWM* or MPCBB* No Secure Mode to Parameters is applicable
2025-06-17 10:41:40,374 [INFO] Rule:225 - rule Change TZSC IP Secure Mode to Parameters is applicable
2025-06-17 10:41:40,374 [INFO] Rule:225 - rule Change TZSC IP No Secure Mode to Parameters is applicable
2025-06-17 10:41:40,374 [INFO] Rule:225 - rule Change TZSC IP Privilege Mode to Parameters is applicable
2025-06-17 10:41:40,374 [INFO] Rule:225 - rule Change TZSC IP No Privilege Mode to Parameters is applicable
2025-06-17 10:41:40,375 [INFO] Rule:225 - rule Change TZIC IT Secure Mode to Parameters is applicable
2025-06-17 10:41:40,375 [INFO] Rule:225 - rule Change TZIC IT No Secure Mode to Parameters is applicable
2025-06-17 10:41:40,375 [INFO] Rule:225 - rule Add MPCBB1_NonSecureArea_Start_Address value with referenced to MPCBB1_NonSecureArea_Start value is applicable
2025-06-17 10:41:40,375 [INFO] Rule:225 - rule Add MPCBB2_NonSecureArea_Start_Address value with referenced to MPCBB2_NonSecureArea_Start value is applicable
2025-06-17 10:41:40,375 [INFO] Rule:225 - rule Add MPCWM1_NonSecureArea*_Start_Address value with referenced to MPCWM1_NonSecureArea*_Start value is applicable
2025-06-17 10:41:40,375 [INFO] Rule:225 - rule Add MPCWM2_NonSecureArea*_Start_Address value with referenced to MPCWM2_NonSecureArea*_Start value is applicable
2025-06-17 10:41:40,375 [INFO] Rule:225 - rule Add MPCWM3_NonSecureArea_Start_Address value with referenced to MPCWM3_NonSecureArea_Start value is applicable
2025-06-17 10:41:40,375 [INFO] Rule:225 - rule Change Default Value for PLL1UserDefinedConfig is applicable
2025-06-17 10:41:40,375 [INFO] Rule:225 - rule Change GPIO_PuPd Default Value for USART in async mode is applicable
2025-06-17 10:41:40,375 [INFO] Rule:225 - rule Change SMPSDivider Default Value is applicable
2025-06-17 10:41:40,375 [INFO] Rule:225 - rule OPAMP is applicable
2025-06-17 10:41:40,375 [INFO] Rule:225 - rule LPUART IPParameter rename Prescaler parameter to ClockPrescaler for STM32H7 is applicable
2025-06-17 10:41:40,375 [INFO] Rule:225 - rule LPUART IPParameter rename Prescaler parameter to ClockPrescaler for STM32H7 is applicable
2025-06-17 10:41:40,375 [INFO] Rule:225 - rule LPUART IPParameter rename Prescaler parameter to ClockPrescaler for STM32WB is applicable
2025-06-17 10:41:40,375 [INFO] Rule:225 - rule LPUART IPParameter rename Prescaler parameter to ClockPrescaler for STM32WB is applicable
2025-06-17 10:41:40,375 [INFO] Rule:225 - rule LPUART IPParameter rename Prescaler parameter to ClockPrescaler for STM32G4 is applicable
2025-06-17 10:41:40,375 [INFO] Rule:225 - rule LPUART IPParameter rename Prescaler parameter to ClockPrescaler for STM32G4 is applicable
2025-06-17 10:41:40,375 [INFO] Rule:225 - rule LPUART IPParameter rename Prescaler parameter to ClockPrescaler for STM32L5 is applicable
2025-06-17 10:41:40,375 [INFO] Rule:225 - rule LPUART IPParameter rename Prescaler parameter to ClockPrescaler for STM32L5 is applicable
2025-06-17 10:41:40,375 [INFO] Rule:225 - rule LPUART IPParameter rename Prescaler parameter to ClockPrescaler for STM32G4 is applicable
2025-06-17 10:41:40,375 [INFO] Rule:225 - rule LPUART IPParameter rename Prescaler parameter to ClockPrescaler for STM32G4 is applicable
2025-06-17 10:41:40,375 [INFO] Rule:225 - rule USB device lib V2.5.3 for L0 rename USBD_SUPPORT_USER_STRING parameter to USBD_SUPPORT_USER_STRING_DESC4 is applicable
2025-06-17 10:41:40,375 [INFO] Rule:225 - rule I2SCLockSelection clock entry align is applicable
2025-06-17 10:41:40,375 [INFO] Rule:225 - rule Assign TIMx context if used as SYS timebase is applicable
2025-06-17 10:41:40,375 [INFO] Rule:225 - rule Change GPIO_Pu Default Value for I2C is applicable
2025-06-17 10:41:40,375 [INFO] Rule:225 - rule Change GPIO_Pu Default Value for SMBus is applicable
2025-06-17 10:41:40,375 [INFO] Rule:225 - rule change FDCAN default value is applicable
2025-06-17 10:41:40,375 [INFO] Rule:225 - rule Change mode sai is applicable
2025-06-17 10:41:40,375 [INFO] Rule:225 - rule **Change sai mode is applicable
2025-06-17 10:41:40,375 [INFO] Rule:225 - rule Rename STM32WPAN CFG_BLE_IRK to CFG_BLE_IR is applicable
2025-06-17 10:41:40,375 [INFO] Rule:225 - rule Rename STM32WPAN CFG_BLE_ERK to CFG_BLE_ER is applicable
2025-06-17 10:41:40,376 [INFO] Rule:225 - rule Rename STM32WPAN CFG_BLE_IRK_HEX to CFG_BLE_IR_HEX is applicable
2025-06-17 10:41:40,376 [INFO] Rule:225 - rule Rename STM32WPAN CFG_BLE_ERK_HEX to CFG_BLE_ER_HEX is applicable
2025-06-17 10:41:40,376 [INFO] Rule:225 - rule Adapt Old IOC before rework replace old CORTEX_M33/CORTEX_M55 attributes by the new one. is applicable
2025-06-17 10:41:40,376 [INFO] Rule:225 - rule Rename parametre of RCC RCC_APBDBG_DIV2 to RCC_TIMPRES_DIV2 is applicable
2025-06-17 10:41:40,376 [INFO] Rule:225 - rule Rename DIE493 pin PA10 [PA12] -> PA10 is applicable
2025-06-17 10:41:40,376 [INFO] Rule:225 - rule Rename DIE493 pin PA9 [PA11] -> PA9 is applicable
2025-06-17 10:41:40,376 [INFO] Rule:225 - rule Adapt Old IOC CSI. is applicable
2025-06-17 10:41:40,390 [INFO] DbConfProperties:307 - Apply Compatibility (49/267 Rules)
2025-06-17 10:41:40,406 [INFO] ImportTextPane:218 - (OptionalMessage_ERROR) Unable to find key (Mcu.ThirdPartyNb) in loaded IOC file
2025-06-17 10:41:40,411 [INFO] ImportTextPane:218 - (OptionalMessage_ERROR) Pin12 (VP_RIF_VS_RIF1) cannot be retrieved for this MCU
2025-06-17 10:41:40,519 [INFO] RtosManager:558 - Registered RTOS mode: class=CMSIS, group=RTOS, mode=CMSIS_V1, owner=FREERTOS
2025-06-17 10:41:40,519 [INFO] RtosManager:558 - Registered RTOS mode: class=CMSIS, group=RTOS2, mode=CMSIS_V2, owner=FREERTOS
2025-06-17 10:41:40,519 [INFO] RtosManager:558 - Registered RTOS mode: class=RTOS, group=Core, mode=CMSIS_V1, owner=FREERTOS
2025-06-17 10:41:40,519 [INFO] RtosManager:558 - Registered RTOS mode: class=RTOS, group=Core, mode=CMSIS_V2, owner=FREERTOS
2025-06-17 10:41:40,519 [WARN] ModelIntegratedComponent:184 - Missing modes for component STMicroelectronics:FreeRTOS:0.0.1:STMicroelectronics:RTOS:FreeRTOS:Core:::10.2.0:
2025-06-17 10:41:40,540 [WARN] ModelIntegratedComponent:63 - No mode defined for component null
2025-06-17 10:41:40,540 [WARN] ModelIntegratedComponent:63 - No mode defined for component null
2025-06-17 10:41:40,540 [WARN] ModelIntegratedComponent:63 - No mode defined for component null
2025-06-17 10:41:40,540 [WARN] ModelIntegratedComponent:63 - No mode defined for component null
2025-06-17 10:41:40,541 [WARN] ModelIntegratedComponent:63 - No mode defined for component null
2025-06-17 10:41:40,541 [WARN] ModelIntegratedComponent:63 - No mode defined for component null
2025-06-17 10:41:40,541 [WARN] ModelIntegratedComponent:63 - No mode defined for component null
2025-06-17 10:41:40,541 [WARN] ModelIntegratedComponent:63 - No mode defined for component null
2025-06-17 10:41:40,541 [WARN] ModelIntegratedComponent:63 - No mode defined for component null
2025-06-17 10:41:40,541 [WARN] ModelIntegratedComponent:63 - No mode defined for component null
2025-06-17 10:41:40,541 [WARN] ModelIntegratedComponent:63 - No mode defined for component null
2025-06-17 10:41:40,541 [WARN] ModelIntegratedComponent:63 - No mode defined for component null
2025-06-17 10:41:40,541 [WARN] ModelIntegratedComponent:63 - No mode defined for component null
2025-06-17 10:41:40,541 [WARN] ModelIntegratedComponent:63 - No mode defined for component null
2025-06-17 10:41:40,541 [WARN] ModelIntegratedComponent:63 - No mode defined for component null
2025-06-17 10:41:40,541 [WARN] ModelIntegratedComponent:63 - No mode defined for component null
2025-06-17 10:41:40,541 [WARN] ModelIntegratedComponent:63 - No mode defined for component null
2025-06-17 10:41:40,541 [WARN] ModelIntegratedComponent:63 - No mode defined for component null
2025-06-17 10:41:40,541 [WARN] ModelIntegratedComponent:63 - No mode defined for component null
2025-06-17 10:41:40,541 [WARN] ModelIntegratedComponent:63 - No mode defined for component null
2025-06-17 10:41:40,541 [WARN] ModelIntegratedComponent:63 - No mode defined for component null
2025-06-17 10:41:40,541 [WARN] ModelIntegratedComponent:63 - No mode defined for component null
2025-06-17 10:41:40,541 [WARN] ModelIntegratedComponent:63 - No mode defined for component null
2025-06-17 10:41:40,541 [WARN] ModelIntegratedComponent:63 - No mode defined for component null
2025-06-17 10:41:40,541 [WARN] ModelIntegratedComponent:63 - No mode defined for component null
2025-06-17 10:41:40,541 [WARN] ModelIntegratedComponent:63 - No mode defined for component null
2025-06-17 10:41:40,541 [WARN] ModelIntegratedComponent:63 - No mode defined for component null
2025-06-17 10:41:40,541 [WARN] ModelIntegratedComponent:63 - No mode defined for component null
2025-06-17 10:41:40,541 [WARN] ModelIntegratedComponent:63 - No mode defined for component null
2025-06-17 10:41:40,541 [WARN] ModelIntegratedComponent:63 - No mode defined for component null
2025-06-17 10:41:40,541 [WARN] ModelIntegratedComponent:63 - No mode defined for component null
2025-06-17 10:41:40,541 [WARN] ModelIntegratedComponent:63 - No mode defined for component null
2025-06-17 10:41:40,541 [WARN] ModelIntegratedComponent:63 - No mode defined for component null
2025-06-17 10:41:40,541 [WARN] ModelIntegratedComponent:63 - No mode defined for component null
2025-06-17 10:41:40,541 [WARN] ModelIntegratedComponent:63 - No mode defined for component null
2025-06-17 10:41:40,542 [WARN] ModelPack:524 - Component already loaded: STMicroelectronics:HAL Drivers:0.0.0:STMicroelectronics:Device:STMicro_Driver:XSPI:HAL::0.0.1:HAL_XSPI
2025-06-17 10:41:40,654 [INFO] ThirdPartyModel:298 - Start build external matchings
2025-06-17 10:41:41,064 [INFO] ThirdPartyModel:316 - End build external matchings
2025-06-17 10:41:41,083 [INFO] ImportTextPane:218 - (OptionalMessage_ERROR) IP (RCC) : Invalid parameter (FamilyName)
2025-06-17 10:41:41,084 [INFO] ImportTextPane:218 - (OptionalMessage_ERROR) IP (RCC) : Parameter (RNGFreq_Value) has invalid value (64000000)
2025-06-17 10:41:41,085 [INFO] ImportTextPane:218 - (OptionalMessage_ERROR) IP (RCC) : Parameter (SDMMCFreq_Value) has invalid value (64000000)
2025-06-17 10:41:41,085 [INFO] ImportTextPane:218 - (OptionalMessage_ERROR) IP (RCC) : Parameter (USBFreq_Value) has invalid value (64000000)
2025-06-17 10:41:41,523 [INFO] UtilMem:75 - End LoadConfig() Used Memory: 895971344 Bytes (1031798784)
2025-06-17 10:41:41,678 [WARN] ThirdParty:833 - waiting for thirdparty lock release [change project]
2025-06-17 10:41:41,678 [INFO] ThirdParty:835 - entering critical section [change project]
2025-06-17 10:41:41,678 [INFO] ThirdParty:1030 - CMSIS Pack Vendor :STMicroelectronics USBPD 4.1
2025-06-17 10:41:41,678 [INFO] ThirdParty:1030 - CMSIS Pack Vendor :STMicroelectronics X-CUBE-AZRTOS-H7 3.3.0
2025-06-17 10:41:41,679 [INFO] ThirdParty:1030 - CMSIS Pack Vendor :STMicroelectronics X-CUBE-NFC9 1.0.0
2025-06-17 10:41:41,679 [INFO] ThirdParty:1030 - CMSIS Pack Vendor :wolfSSL I-CUBE-wolfSSL 5.8.0
2025-06-17 10:41:41,679 [INFO] ThirdParty:1030 - CMSIS Pack Vendor :STMicroelectronics USB_HOST 2.0.0
2025-06-17 10:41:41,679 [INFO] ThirdParty:1030 - CMSIS Pack Vendor :STMicroelectronics FP-SNS-MOTENVWB1 1.4.0
2025-06-17 10:41:41,679 [INFO] ThirdParty:1030 - CMSIS Pack Vendor :STMicroelectronics X-CUBE-AZRTOS-F4 1.1.0
2025-06-17 10:41:41,679 [INFO] ThirdParty:1030 - CMSIS Pack Vendor :STMicroelectronics LIBJPEG 8.0.0
2025-06-17 10:41:41,679 [INFO] ThirdParty:1030 - CMSIS Pack Vendor :STMicroelectronics FP-ATR-ASTRA1 2.0.2
2025-06-17 10:41:41,679 [INFO] ThirdParty:1030 - CMSIS Pack Vendor :STMicroelectronics X-CUBE-BLE1 7.1.0
2025-06-17 10:41:41,679 [INFO] ThirdParty:1030 - CMSIS Pack Vendor :Avnet-IotConnect X-CUBE-IoTC-DA16k-PMOD 1.0.0
2025-06-17 10:41:41,679 [INFO] ThirdParty:1030 - CMSIS Pack Vendor :STMicroelectronics X-CUBE-SMBUS 2.1.0
2025-06-17 10:41:41,679 [INFO] ThirdParty:1030 - CMSIS Pack Vendor :wolfSSL I-CUBE-wolfMQTT 1.19.2
2025-06-17 10:41:41,679 [INFO] ThirdParty:1030 - CMSIS Pack Vendor :STMicroelectronics USB_DEVICE 3.0.0
2025-06-17 10:41:41,679 [INFO] ThirdParty:1030 - CMSIS Pack Vendor :STMicroelectronics X-CUBE-ISPU 2.1.0
2025-06-17 10:41:41,679 [INFO] ThirdParty:1030 - CMSIS Pack Vendor :STMicroelectronics X-CUBE-AZRTOS-WB 2.0.0
2025-06-17 10:41:41,679 [INFO] ThirdParty:1030 - CMSIS Pack Vendor :STMicroelectronics X-CUBE-ST60 1.0.0
2025-06-17 10:41:41,679 [INFO] ThirdParty:1030 - CMSIS Pack Vendor :STMicroelectronics X-CUBE-GNSS1 7.0.1
2025-06-17 10:41:41,679 [INFO] ThirdParty:1030 - CMSIS Pack Vendor :STMicroelectronics X-CUBE-AZRTOS-F7 1.1.0
2025-06-17 10:41:41,679 [INFO] ThirdParty:1030 - CMSIS Pack Vendor :STMicroelectronics X-CUBE-AZRTOS-L5 2.0.0
2025-06-17 10:41:41,679 [INFO] ThirdParty:1030 - CMSIS Pack Vendor :STMicroelectronics X-CUBE-TOUCHGFX 4.25.0
2025-06-17 10:41:41,679 [INFO] ThirdParty:1030 - CMSIS Pack Vendor :STMicroelectronics USB_DEVICE 2.0.0
2025-06-17 10:41:41,679 [INFO] ThirdParty:1030 - CMSIS Pack Vendor :STMicroelectronics X-CUBE-NFC6 3.1.0
2025-06-17 10:41:41,679 [INFO] ThirdParty:1030 - CMSIS Pack Vendor :STMicroelectronics X-CUBE-AI 10.1.0
2025-06-17 10:41:41,679 [INFO] ThirdParty:1030 - CMSIS Pack Vendor :STMicroelectronics FP-SNS-STBOX1 2.0.0
2025-06-17 10:41:41,679 [INFO] ThirdParty:1030 - CMSIS Pack Vendor :STMicroelectronics FreeRTOS 0.0.1
2025-06-17 10:41:41,679 [INFO] ThirdParty:1030 - CMSIS Pack Vendor :STMicroelectronics X-CUBE-AZRTOS-G0 1.1.0
2025-06-17 10:41:41,679 [INFO] ThirdParty:1030 - CMSIS Pack Vendor :STMicroelectronics X-CUBE-SAFEA1 1.2.2
2025-06-17 10:41:41,679 [INFO] ThirdParty:1030 - CMSIS Pack Vendor :STMicroelectronics X-CUBE-NFC4 3.0.0
2025-06-17 10:41:41,679 [INFO] ThirdParty:1030 - CMSIS Pack Vendor :STMicroelectronics X-CUBE-SUBG2 5.0.0
2025-06-17 10:41:41,679 [INFO] ThirdParty:1030 - CMSIS Pack Vendor :STMicroelectronics X-CUBE-AZRTOS-H7RS 1.1.0
2025-06-17 10:41:41,679 [INFO] ThirdParty:1030 - CMSIS Pack Vendor :STMicroelectronics STM32_WPAN 1.0.0
2025-06-17 10:41:41,679 [INFO] ThirdParty:1030 - CMSIS Pack Vendor :EmbeddedOffice I-CUBE-FS-RTOS 1.0.1
2025-06-17 10:41:41,679 [INFO] ThirdParty:1030 - CMSIS Pack Vendor :STMicroelectronics lwIP 2.0.3
2025-06-17 10:41:41,679 [INFO] ThirdParty:1030 - CMSIS Pack Vendor :Cesanta I-CUBE-Mongoose 7.13.0
2025-06-17 10:41:41,679 [INFO] ThirdParty:1030 - CMSIS Pack Vendor :STMicroelectronics USB_HOST 1.0.0
2025-06-17 10:41:41,679 [INFO] ThirdParty:1030 - CMSIS Pack Vendor :Infineon AIROC-Wi-Fi-Bluetooth-STM32 1.7.0
2025-06-17 10:41:41,680 [INFO] ThirdParty:1030 - CMSIS Pack Vendor :STMicroelectronics X-CUBE-AZRTOS-G4 2.0.0
2025-06-17 10:41:41,680 [INFO] ThirdParty:1030 - CMSIS Pack Vendor :STMicroelectronics X-CUBE-WB05N 2.0.0
2025-06-17 10:41:41,680 [INFO] ThirdParty:1030 - CMSIS Pack Vendor :STMicroelectronics PDM2PCM 3.1.0
2025-06-17 10:41:41,680 [INFO] ThirdParty:1030 - CMSIS Pack Vendor :STMicroelectronics PDM2PCM 3.3.0
2025-06-17 10:41:41,680 [INFO] ThirdParty:1030 - CMSIS Pack Vendor :wolfSSL I-CUBE-wolfTPM 3.8.0
2025-06-17 10:41:41,680 [INFO] ThirdParty:1030 - CMSIS Pack Vendor :STMicroelectronics X-CUBE-DISPLAY 3.0.0
2025-06-17 10:41:41,680 [INFO] ThirdParty:1030 - CMSIS Pack Vendor :wolfSSL I-CUBE-wolfSSH 1.4.20
2025-06-17 10:41:41,680 [INFO] ThirdParty:1030 - CMSIS Pack Vendor :STMicroelectronics X-CUBE-NFC7 2.0.0
2025-06-17 10:41:41,680 [INFO] ThirdParty:1030 - CMSIS Pack Vendor :STMicroelectronics X-CUBE-TCPP 4.2.0
2025-06-17 10:41:41,680 [INFO] ThirdParty:1030 - CMSIS Pack Vendor :RealThread X-CUBE-RT-Thread_Nano 4.1.1
2025-06-17 10:41:41,680 [INFO] ThirdParty:1030 - CMSIS Pack Vendor :STMicroelectronics FP-ATR-SIGFOX1 3.2.0
2025-06-17 10:41:41,680 [INFO] ThirdParty:1030 - CMSIS Pack Vendor :STMicroelectronics X-CUBE-NFC10 1.0.0
2025-06-17 10:41:41,680 [INFO] ThirdParty:1030 - CMSIS Pack Vendor :STMicroelectronics X-CUBE-BLEMGR 4.0.0
2025-06-17 10:41:41,680 [INFO] ThirdParty:1030 - CMSIS Pack Vendor :STMicroelectronics X-CUBE-EEPRMA1 5.1.0
2025-06-17 10:41:41,680 [INFO] ThirdParty:1030 - CMSIS Pack Vendor :STMicroelectronics X-CUBE-FREERTOS 1.3.1
2025-06-17 10:41:41,680 [INFO] ThirdParty:1030 - CMSIS Pack Vendor :STMicroelectronics HAL Drivers 0.0.0
2025-06-17 10:41:41,680 [INFO] ThirdParty:1030 - CMSIS Pack Vendor :STMicroelectronics MBEDTLS 2.16.2
2025-06-17 10:41:41,680 [INFO] ThirdParty:1030 - CMSIS Pack Vendor :STMicroelectronics X-CUBE-IPS 3.1.0
2025-06-17 10:41:41,680 [INFO] ThirdParty:1030 - CMSIS Pack Vendor :STMicroelectronics X-CUBE-ALS 1.0.2
2025-06-17 10:41:41,680 [INFO] ThirdParty:1030 - CMSIS Pack Vendor :emotas I-CUBE-CANOPEN 1.3.0
2025-06-17 10:41:41,680 [INFO] ThirdParty:1030 - CMSIS Pack Vendor :STMicroelectronics MBEDTLS 2.14.1
2025-06-17 10:41:41,680 [INFO] ThirdParty:1030 - CMSIS Pack Vendor :ITTIA_DB I-CUBE-ITTIADB 8.9.0
2025-06-17 10:41:41,680 [INFO] ThirdParty:1030 - CMSIS Pack Vendor :portGmbH I-Cube-SoM-uGOAL 1.1.0
2025-06-17 10:41:41,680 [INFO] ThirdParty:1030 - CMSIS Pack Vendor :quantropi X-CUBE-qispace-sdk-base 2.0.0
2025-06-17 10:41:41,680 [INFO] ThirdParty:1030 - CMSIS Pack Vendor :STMicroelectronics X-CUBE-ST67W61 1.0.0
2025-06-17 10:41:41,680 [INFO] ThirdParty:1030 - CMSIS Pack Vendor :STMicroelectronics ThreadX 1.0.0
2025-06-17 10:41:41,680 [INFO] ThirdParty:1030 - CMSIS Pack Vendor :STMicroelectronics FP-SNS-SMARTAG2 1.2.0
2025-06-17 10:41:41,680 [INFO] ThirdParty:1030 - CMSIS Pack Vendor :STMicroelectronics FP-SNS-FLIGHT1 5.1.0
2025-06-17 10:41:41,680 [INFO] ThirdParty:1030 - CMSIS Pack Vendor :STMicroelectronics X-CUBE-AZRTOS-WL 2.0.0
2025-06-17 10:41:41,680 [INFO] ThirdParty:1030 - CMSIS Pack Vendor :SEGGER I-CUBE-embOS 1.3.1
2025-06-17 10:41:41,680 [INFO] ThirdParty:1030 - CMSIS Pack Vendor :STMicroelectronics X-CUBE-ALGOBUILD 1.4.0
2025-06-17 10:41:41,680 [INFO] ThirdParty:1030 - CMSIS Pack Vendor :STMicroelectronics X-CUBE-DPower 1.3.0
2025-06-17 10:41:41,680 [INFO] ThirdParty:1030 - CMSIS Pack Vendor :STMicroelectronics X-CUBE-MEMS1 11.3.0
2025-06-17 10:41:41,680 [INFO] ThirdParty:1030 - CMSIS Pack Vendor :STMicroelectronics FP-SNS-MOTENV1 5.0.0
2025-06-17 10:41:41,680 [INFO] ThirdParty:1030 - CMSIS Pack Vendor :STMicroelectronics USB_DEVICE 1.0.0
2025-06-17 10:41:41,681 [INFO] ThirdParty:1030 - CMSIS Pack Vendor :STMicroelectronics X-CUBE-AZRTOS-L4 2.0.0
2025-06-17 10:41:41,681 [INFO] ThirdParty:1030 - CMSIS Pack Vendor :STMicroelectronics ThreadX 0.0.2
2025-06-17 10:41:41,681 [INFO] ThirdParty:1030 - CMSIS Pack Vendor :WES I-CUBE-Cesium 1.3.0
2025-06-17 10:41:41,681 [INFO] ThirdParty:1030 - CMSIS Pack Vendor :STMicroelectronics lwIP 2.1.2
2025-06-17 10:41:41,681 [INFO] ThirdParty:1030 - CMSIS Pack Vendor :STMicroelectronics X-CUBE-SFXS2LP1 4.0.0
2025-06-17 10:41:41,681 [INFO] ThirdParty:1030 - CMSIS Pack Vendor :STMicroelectronics X-CUBE-BLE2 3.3.0
2025-06-17 10:41:41,681 [INFO] ThirdParty:1030 - CMSIS Pack Vendor :STMicroelectronics X-CUBE-TOF1 3.4.3
2025-06-17 10:41:41,681 [INFO] ThirdParty:1030 - CMSIS Pack Vendor :STMicroelectronics PDM2PCM 3.2.0
2025-06-17 10:41:41,681 [INFO] ThirdParty:841 - exiting critical section [change project]
2025-06-17 10:41:42,166 [INFO] PinOutPanel:1589 - setPackage(No Configuration,No Configuration)
2025-06-17 10:41:42,168 [INFO] PinOutPanel:1589 - setPackage(STM32L476RGTx,LQFP64)
2025-06-17 10:41:42,816 [INFO] UtilMem:75 - Before build in PCC Used Memory: 894396432 Bytes (1031798784)
2025-06-17 10:41:43,588 [INFO] UtilMem:75 - After build in PCC Used Memory: 577655040 Bytes (1031798784)
2025-06-17 10:41:43,622 [INFO] IPUIPlugin:80 - create IPUIPlugin
2025-06-17 10:41:43,622 [INFO] IPUIPlugin:80 - create IPUIPlugin
2025-06-17 10:41:43,622 [INFO] IPUIPlugin:80 - create IPUIPlugin
2025-06-17 10:41:43,622 [INFO] IPUIPlugin:80 - create IPUIPlugin
2025-06-17 10:41:43,622 [INFO] IPUIPlugin:80 - create IPUIPlugin
2025-06-17 10:41:43,622 [INFO] IPUIPlugin:80 - create IPUIPlugin
2025-06-17 10:41:43,622 [INFO] IPUIPlugin:80 - create IPUIPlugin
2025-06-17 10:41:43,622 [INFO] IPUIPlugin:80 - create IPUIPlugin
2025-06-17 10:41:43,622 [INFO] IPUIPlugin:80 - create IPUIPlugin
2025-06-17 10:41:43,623 [INFO] IPUIPlugin:80 - create IPUIPlugin
2025-06-17 10:41:43,623 [INFO] IPUIPlugin:80 - create IPUIPlugin
2025-06-17 10:41:43,623 [INFO] IPUIPlugin:80 - create IPUIPlugin
2025-06-17 10:41:43,623 [INFO] IPUIPlugin:80 - create IPUIPlugin
2025-06-17 10:41:43,624 [INFO] IPUIPlugin:80 - create IPUIPlugin
2025-06-17 10:41:43,624 [INFO] IPUIPlugin:80 - create IPUIPlugin
2025-06-17 10:41:43,624 [INFO] IPUIPlugin:80 - create IPUIPlugin
2025-06-17 10:41:43,624 [INFO] IPUIPlugin:80 - create IPUIPlugin
2025-06-17 10:41:43,624 [INFO] IPUIPlugin:80 - create IPUIPlugin
2025-06-17 10:41:43,624 [INFO] IPUIPlugin:80 - create IPUIPlugin
2025-06-17 10:41:43,624 [INFO] IPUIPlugin:80 - create IPUIPlugin
2025-06-17 10:41:43,624 [INFO] IPUIPlugin:80 - create IPUIPlugin
2025-06-17 10:41:43,625 [INFO] IPUIPlugin:80 - create IPUIPlugin
2025-06-17 10:41:43,625 [INFO] IPUIPlugin:80 - create IPUIPlugin
2025-06-17 10:41:43,625 [INFO] IPUIPlugin:80 - create IPUIPlugin
2025-06-17 10:41:43,625 [INFO] IPUIPlugin:80 - create IPUIPlugin
2025-06-17 10:41:43,625 [INFO] IPUIPlugin:80 - create IPUIPlugin
2025-06-17 10:41:43,625 [INFO] IPUIPlugin:80 - create IPUIPlugin
2025-06-17 10:41:43,626 [INFO] IPUIPlugin:80 - create IPUIPlugin
2025-06-17 10:41:43,626 [INFO] IPUIPlugin:80 - create IPUIPlugin
2025-06-17 10:41:43,626 [INFO] IPUIPlugin:80 - create IPUIPlugin
2025-06-17 10:41:43,626 [INFO] IPUIPlugin:80 - create IPUIPlugin
2025-06-17 10:41:43,628 [INFO] IPUIPlugin:80 - create IPUIPlugin
2025-06-17 10:41:43,628 [INFO] IPUIPlugin:80 - create IPUIPlugin
2025-06-17 10:41:43,628 [INFO] IPUIPlugin:80 - create IPUIPlugin
2025-06-17 10:41:43,628 [INFO] IPUIPlugin:80 - create IPUIPlugin
2025-06-17 10:41:43,628 [INFO] IPUIPlugin:80 - create IPUIPlugin
2025-06-17 10:41:43,629 [INFO] IPUIPlugin:80 - create IPUIPlugin
2025-06-17 10:41:43,629 [INFO] IPUIPlugin:80 - create IPUIPlugin
2025-06-17 10:41:43,629 [INFO] IPUIPlugin:80 - create IPUIPlugin
2025-06-17 10:41:43,629 [INFO] IPUIPlugin:80 - create IPUIPlugin
2025-06-17 10:41:43,629 [INFO] IPUIPlugin:80 - create IPUIPlugin
2025-06-17 10:41:43,630 [INFO] IPUIPlugin:80 - create IPUIPlugin
2025-06-17 10:41:43,630 [INFO] IPUIPlugin:80 - create IPUIPlugin
2025-06-17 10:41:43,630 [INFO] IPUIPlugin:80 - create IPUIPlugin
2025-06-17 10:41:43,630 [INFO] IPUIPlugin:80 - create IPUIPlugin
2025-06-17 10:41:43,630 [INFO] IPUIPlugin:80 - create IPUIPlugin
2025-06-17 10:41:43,630 [INFO] IPUIPlugin:80 - create IPUIPlugin
2025-06-17 10:41:43,631 [INFO] IPUIPlugin:80 - create IPUIPlugin
2025-06-17 10:41:43,631 [INFO] IPUIPlugin:80 - create IPUIPlugin
2025-06-17 10:41:43,631 [INFO] IPUIPlugin:80 - create IPUIPlugin
2025-06-17 10:41:43,631 [INFO] IPUIPlugin:80 - create IPUIPlugin
2025-06-17 10:41:43,631 [INFO] IPUIPlugin:80 - create IPUIPlugin
2025-06-17 10:41:43,632 [INFO] IPUIPlugin:80 - create IPUIPlugin
2025-06-17 10:41:43,632 [INFO] IPUIPlugin:80 - create IPUIPlugin
2025-06-17 10:41:43,632 [INFO] IPUIPlugin:80 - create IPUIPlugin
2025-06-17 10:41:43,632 [INFO] IPUIPlugin:80 - create IPUIPlugin
2025-06-17 10:41:43,633 [INFO] IPUIPlugin:80 - create IPUIPlugin
2025-06-17 10:41:43,633 [INFO] IPUIPlugin:80 - create IPUIPlugin
2025-06-17 10:41:43,633 [INFO] IPUIPlugin:80 - create IPUIPlugin
2025-06-17 10:41:43,864 [INFO] CADModel:165 - CPN selected for project levelSTM32L476RGT3
2025-06-17 10:41:43,864 [INFO] CADModel:114 - Register for checkConnection events
2025-06-17 10:41:43,922 [INFO] OpenFileManager:385 - Restore cursor
2025-06-17 10:41:44,772 [INFO] UtilMem:75 - End SaveConfig() Used Memory: 758442904 Bytes (1031798784)
2025-06-17 10:41:44,880 [INFO] UtilMem:75 - End SaveConfig() Used Memory: 783175936 Bytes (1031798784)
2025-06-17 10:41:45,446 [INFO] BlockDiagram:2775 - set Specific Code input for plugin: SYS
2025-06-17 10:41:45,446 [INFO] BlockDiagram:2775 - set Specific Code input for plugin: RCC
2025-06-17 10:41:45,447 [INFO] BlockDiagram:2775 - set Specific Code input for plugin: NVIC
2025-06-17 10:41:45,447 [INFO] BlockDiagram:2775 - set Specific Code input for plugin: USART
2025-06-17 10:41:45,447 [INFO] BlockDiagram:2775 - set Specific Code input for plugin: GPIO
2025-06-17 10:41:45,448 [INFO] CodeGenerator:882 - code generatio: config db path: C:\ST\STM32CubeIDE_1.18.1\STM32CubeIDE\plugins\com.st.stm32cube.common.mx_6.14.1.202504091515\\db\
2025-06-17 10:41:45,636 [INFO] CodeEngine:263 - oldGeneratedFile, C:\Users\arumu\STM32CubeIDE\workspace_1.18.1\mpu_datalogger\MXTmpFiles\license.tmp_save
2025-06-17 10:41:45,986 [INFO] CodeEngine:287 - Generated code: C:\Users\arumu\STM32CubeIDE\workspace_1.18.1\mpu_datalogger\MXTmpFiles\license.tmp
2025-06-17 10:41:46,074 [INFO] CodeEngine:263 - oldGeneratedFile, C:\Users\arumu\STM32CubeIDE\workspace_1.18.1\mpu_datalogger\MXTmpFiles\gpio.tmp_save
2025-06-17 10:41:46,203 [INFO] CodeEngine:287 - Generated code: C:\Users\arumu\STM32CubeIDE\workspace_1.18.1\mpu_datalogger\MXTmpFiles\gpio.tmp
2025-06-17 10:41:46,325 [INFO] CodeEngine:263 - oldGeneratedFile, C:\Users\arumu\STM32CubeIDE\workspace_1.18.1\mpu_datalogger\Core\Src\stm32l4xx_it.c_save
2025-06-17 10:41:46,431 [INFO] CodeEngine:287 - Generated code: C:\Users\arumu\STM32CubeIDE\workspace_1.18.1\mpu_datalogger\Core\Src\stm32l4xx_it.c
2025-06-17 10:41:46,436 [INFO] CodeEngine:263 - oldGeneratedFile, C:\Users\arumu\STM32CubeIDE\workspace_1.18.1\mpu_datalogger\Core\Inc\stm32l4xx_it.h_save
2025-06-17 10:41:46,506 [INFO] CodeEngine:287 - Generated code: C:\Users\arumu\STM32CubeIDE\workspace_1.18.1\mpu_datalogger\Core\Inc\stm32l4xx_it.h
2025-06-17 10:41:46,521 [INFO] CodeEngine:263 - oldGeneratedFile, C:\Users\arumu\STM32CubeIDE\workspace_1.18.1\mpu_datalogger\Core\Src\stm32l4xx_hal_msp.c_save
2025-06-17 10:41:46,640 [INFO] CodeEngine:287 - Generated code: C:\Users\arumu\STM32CubeIDE\workspace_1.18.1\mpu_datalogger\Core\Src\stm32l4xx_hal_msp.c
2025-06-17 10:41:46,645 [INFO] CodeEngine:263 - oldGeneratedFile, C:\Users\arumu\STM32CubeIDE\workspace_1.18.1\mpu_datalogger\MXTmpFiles\system.tmp_save
2025-06-17 10:41:46,711 [INFO] CodeEngine:287 - Generated code: C:\Users\arumu\STM32CubeIDE\workspace_1.18.1\mpu_datalogger\MXTmpFiles\system.tmp
2025-06-17 10:41:46,725 [INFO] CodeEngine:319 - oldGeneratedFile, C:\Users\arumu\STM32CubeIDE\workspace_1.18.1\mpu_datalogger\Core\Inc\stm32l4xx_hal_conf.h_save
2025-06-17 10:41:46,804 [INFO] CodeEngine:343 - Generated code: C:\Users\arumu\STM32CubeIDE\workspace_1.18.1\mpu_datalogger\Core\Inc\stm32l4xx_hal_conf.h
2025-06-17 10:41:46,861 [INFO] ApiDbMcu:508 - Load IP Config File for USART2
2025-06-17 10:41:46,865 [INFO] ApiDbMcu:508 - Load IP Config File for RCC
2025-06-17 10:41:46,877 [INFO] CodeEngine:263 - oldGeneratedFile, C:\Users\arumu\STM32CubeIDE\workspace_1.18.1\mpu_datalogger\Core\Inc\main.h_save
2025-06-17 10:41:46,968 [INFO] CodeEngine:287 - Generated code: C:\Users\arumu\STM32CubeIDE\workspace_1.18.1\mpu_datalogger\Core\Inc\main.h
2025-06-17 10:41:46,973 [INFO] CodeEngine:263 - oldGeneratedFile, C:\Users\arumu\STM32CubeIDE\workspace_1.18.1\mpu_datalogger\Core\Src\main.c_save
2025-06-17 10:41:47,096 [INFO] CodeEngine:287 - Generated code: C:\Users\arumu\STM32CubeIDE\workspace_1.18.1\mpu_datalogger\Core\Src\main.c
2025-06-17 10:41:47,478 [INFO] ProjectBuilder:3324 - Time for Copy HAL[1] : 175mS.
2025-06-17 10:41:47,485 [INFO] ProjectBuilder:4912 - Project Generator version: 4.6.0.1-B1
2025-06-17 10:41:47,564 [INFO] ConfigFileManager:1590 - The Die is : DIE415
2025-06-17 10:41:47,575 [INFO] ApiDbMcu:508 - Load IP Config File for FATFS
2025-06-17 10:41:47,581 [INFO] ApiDbMcu:508 - Load IP Config File for FREERTOS
2025-06-17 10:41:47,595 [INFO] ApiDbMcu:508 - Load IP Config File for TOUCHSENSING
2025-06-17 10:41:47,602 [INFO] ApiDbMcu:508 - Load IP Config File for USB_DEVICE
2025-06-17 10:41:47,608 [INFO] ApiDbMcu:508 - Load IP Config File for USB_HOST
2025-06-17 10:41:48,138 [INFO] LogOutputStream:77 - [STDOUT_REDIRECT] 
2025-06-17 10:41:50,894 [INFO] ProjectBuilder:5191 - Time for Generating toolchain IDE Files: 3408mS.
2025-06-17 10:41:50,895 [INFO] ProjectBuilder:3181 - Time for Copy CMSIS : 0mS.
2025-06-17 10:41:50,898 [INFO] ProjectBuilder:3181 - Time for Copy CMSIS : 0mS.
2025-06-17 10:41:52,065 [INFO] McuFinderGlobals:76 - Set McuFinderConnectedMode to true
2025-06-17 10:41:52,069 [INFO] ApiDb:448 - Save user favorites file C:\Users\arumu/.stm32cubeide/favorites.mcus.txt: 0 item(s)
2025-06-17 10:41:52,070 [INFO] ApiDb:452 - User favorites MCUs=[]
2025-06-17 10:41:52,071 [INFO] ApiDb:448 - Save user favorites file C:\Users\arumu/.stm32cubeide/favorites.boards.txt: 0 item(s)
2025-06-17 10:41:52,071 [INFO] ApiDb:452 - User favorites Boards=[]
2025-06-17 10:42:28,918 [INFO] I2cTimingTraitement:330 - 0x10D19CE4
2025-06-17 10:42:34,448 [INFO] I2cTimingTraitement:330 - 0x10D19CE4
2025-06-17 10:42:46,054 [INFO] UtilMem:75 - End SaveConfig() Used Memory: 661272880 Bytes (1034944512)
2025-06-17 10:42:47,242 [INFO] UtilMem:75 - End SaveConfig() Used Memory: 704788768 Bytes (1034944512)
2025-06-17 10:42:49,819 [INFO] UtilMem:75 - End SaveConfig() Used Memory: 839528752 Bytes (1034944512)
2025-06-17 10:42:50,346 [INFO] BlockDiagram:2775 - set Specific Code input for plugin: SYS
2025-06-17 10:42:50,346 [INFO] BlockDiagram:2775 - set Specific Code input for plugin: RCC
2025-06-17 10:42:50,346 [INFO] BlockDiagram:2775 - set Specific Code input for plugin: I2C
2025-06-17 10:42:50,346 [INFO] BlockDiagram:2775 - set Specific Code input for plugin: I2C
2025-06-17 10:42:50,346 [INFO] BlockDiagram:2775 - set Specific Code input for plugin: NVIC
2025-06-17 10:42:50,347 [INFO] BlockDiagram:2775 - set Specific Code input for plugin: USART
2025-06-17 10:42:50,347 [INFO] BlockDiagram:2775 - set Specific Code input for plugin: GPIO
2025-06-17 10:42:50,348 [INFO] CodeGenerator:882 - code generatio: config db path: C:\ST\STM32CubeIDE_1.18.1\STM32CubeIDE\plugins\com.st.stm32cube.common.mx_6.14.1.202504091515\\db\
2025-06-17 10:42:50,441 [INFO] CodeEngine:263 - oldGeneratedFile, C:\Users\arumu\STM32CubeIDE\workspace_1.18.1\mpu_datalogger\MXTmpFiles\license.tmp_save
2025-06-17 10:42:50,612 [INFO] CodeEngine:287 - Generated code: C:\Users\arumu\STM32CubeIDE\workspace_1.18.1\mpu_datalogger\MXTmpFiles\license.tmp
2025-06-17 10:42:50,667 [INFO] CodeEngine:263 - oldGeneratedFile, C:\Users\arumu\STM32CubeIDE\workspace_1.18.1\mpu_datalogger\MXTmpFiles\gpio.tmp_save
2025-06-17 10:42:50,766 [INFO] CodeEngine:287 - Generated code: C:\Users\arumu\STM32CubeIDE\workspace_1.18.1\mpu_datalogger\MXTmpFiles\gpio.tmp
2025-06-17 10:42:50,976 [INFO] CodeEngine:263 - oldGeneratedFile, C:\Users\arumu\STM32CubeIDE\workspace_1.18.1\mpu_datalogger\Core\Src\stm32l4xx_it.c_save
2025-06-17 10:42:51,085 [INFO] CodeEngine:287 - Generated code: C:\Users\arumu\STM32CubeIDE\workspace_1.18.1\mpu_datalogger\Core\Src\stm32l4xx_it.c
2025-06-17 10:42:51,091 [INFO] CodeEngine:263 - oldGeneratedFile, C:\Users\arumu\STM32CubeIDE\workspace_1.18.1\mpu_datalogger\Core\Inc\stm32l4xx_it.h_save
2025-06-17 10:42:51,165 [INFO] CodeEngine:287 - Generated code: C:\Users\arumu\STM32CubeIDE\workspace_1.18.1\mpu_datalogger\Core\Inc\stm32l4xx_it.h
2025-06-17 10:42:51,179 [INFO] CodeEngine:263 - oldGeneratedFile, C:\Users\arumu\STM32CubeIDE\workspace_1.18.1\mpu_datalogger\Core\Src\stm32l4xx_hal_msp.c_save
2025-06-17 10:42:51,308 [INFO] CodeEngine:287 - Generated code: C:\Users\arumu\STM32CubeIDE\workspace_1.18.1\mpu_datalogger\Core\Src\stm32l4xx_hal_msp.c
2025-06-17 10:42:51,313 [INFO] CodeEngine:263 - oldGeneratedFile, C:\Users\arumu\STM32CubeIDE\workspace_1.18.1\mpu_datalogger\MXTmpFiles\system.tmp_save
2025-06-17 10:42:51,377 [INFO] CodeEngine:287 - Generated code: C:\Users\arumu\STM32CubeIDE\workspace_1.18.1\mpu_datalogger\MXTmpFiles\system.tmp
2025-06-17 10:42:51,392 [INFO] CodeEngine:319 - oldGeneratedFile, C:\Users\arumu\STM32CubeIDE\workspace_1.18.1\mpu_datalogger\Core\Inc\stm32l4xx_hal_conf.h_save
2025-06-17 10:42:51,461 [INFO] CodeEngine:343 - Generated code: C:\Users\arumu\STM32CubeIDE\workspace_1.18.1\mpu_datalogger\Core\Inc\stm32l4xx_hal_conf.h
2025-06-17 10:42:51,491 [INFO] ApiDbMcu:508 - Load IP Config File for I2C1
2025-06-17 10:42:51,495 [INFO] ApiDbMcu:508 - Load IP Config File for I2C2
2025-06-17 10:42:51,505 [INFO] CodeEngine:263 - oldGeneratedFile, C:\Users\arumu\STM32CubeIDE\workspace_1.18.1\mpu_datalogger\Core\Inc\main.h_save
2025-06-17 10:42:51,572 [INFO] CodeEngine:287 - Generated code: C:\Users\arumu\STM32CubeIDE\workspace_1.18.1\mpu_datalogger\Core\Inc\main.h
2025-06-17 10:42:51,579 [INFO] CodeEngine:263 - oldGeneratedFile, C:\Users\arumu\STM32CubeIDE\workspace_1.18.1\mpu_datalogger\Core\Src\main.c_save
2025-06-17 10:42:51,697 [INFO] CodeEngine:287 - Generated code: C:\Users\arumu\STM32CubeIDE\workspace_1.18.1\mpu_datalogger\Core\Src\main.c
2025-06-17 10:42:52,107 [INFO] ProjectBuilder:3324 - Time for Copy HAL[1] : 163mS.
2025-06-17 10:42:52,111 [INFO] ProjectBuilder:4912 - Project Generator version: 4.6.0.1-B1
2025-06-17 10:42:52,187 [INFO] ConfigFileManager:1590 - The Die is : DIE415
2025-06-17 10:42:53,334 [INFO] ProjectBuilder:5191 - Time for Generating toolchain IDE Files: 1222mS.
2025-06-17 10:42:53,336 [INFO] ProjectBuilder:3181 - Time for Copy CMSIS : 1mS.
2025-06-17 10:42:53,339 [INFO] ProjectBuilder:3181 - Time for Copy CMSIS : 1mS.
2025-06-17 11:19:42,966 [INFO] WebApp:194 - Connection lost
2025-06-17 11:20:00,961 [INFO] WebApp:191 - Connection restablished
2025-06-17 12:34:58,055 [INFO] MainUpdater:2872 - connection check result : 10
2025-06-17 12:34:58,066 [INFO] MainUpdater:2872 - connection check result : 10
2025-06-17 12:34:58,503 [INFO] I2cTimingTraitement:330 - 0x10D19CE4
2025-06-17 12:34:58,584 [INFO] I2cTimingTraitement:330 - 0x10D19CE4
2025-06-17 12:34:58,618 [INFO] MicroXplorer:468 - Change Database Path : 
2025-06-17 12:34:58,619 [INFO] MicroXplorer:498 - Change Database Version : DB.6.0.141
2025-06-17 12:34:58,791 [ERROR] ProjectManagerView:395 - 
java.lang.NullPointerException: Cannot invoke "javax.swing.JTextField.getText()" because the return value of "java.util.List.get(int)" is null
	at com.st.microxplorer.plugins.projectmanager.gui.ProjectChoiceTab$9.caretUpdate(ProjectChoiceTab.java:2678) ~[filemanager.jar:?]
	at javax.swing.text.JTextComponent.fireCaretUpdate(JTextComponent.java:408) ~[?:?]
	at javax.swing.text.JTextComponent$MutableCaretEvent.fire(JTextComponent.java:4484) ~[?:?]
	at javax.swing.text.JTextComponent$MutableCaretEvent.stateChanged(JTextComponent.java:4506) ~[?:?]
	at javax.swing.text.DefaultCaret.fireStateChanged(DefaultCaret.java:857) ~[?:?]
	at javax.swing.text.DefaultCaret.changeCaretPosition(DefaultCaret.java:1343) ~[?:?]
	at javax.swing.text.DefaultCaret.handleSetDot(DefaultCaret.java:1242) ~[?:?]
	at javax.swing.text.DefaultCaret.setDot(DefaultCaret.java:1223) ~[?:?]
	at javax.swing.text.DefaultCaret$Handler.insertUpdate(DefaultCaret.java:1819) ~[?:?]
	at javax.swing.text.AbstractDocument.fireInsertUpdate(AbstractDocument.java:227) ~[?:?]
	at javax.swing.text.AbstractDocument.handleInsertString(AbstractDocument.java:781) ~[?:?]
	at javax.swing.text.AbstractDocument.insertString(AbstractDocument.java:740) ~[?:?]
	at javax.swing.text.PlainDocument.insertString(PlainDocument.java:131) ~[?:?]
	at javax.swing.text.AbstractDocument.replace(AbstractDocument.java:699) ~[?:?]
	at javax.swing.text.JTextComponent.setText(JTextComponent.java:1725) ~[?:?]
	at com.st.microxplorer.plugins.projectmanager.gui.ProjectChoiceTab.createHeapStackFields(ProjectChoiceTab.java:979) ~[filemanager.jar:?]
	at com.st.microxplorer.plugins.projectmanager.gui.ProjectChoiceTab.buildLinkSettingsPanel(ProjectChoiceTab.java:3766) ~[filemanager.jar:?]
	at com.st.microxplorer.plugins.projectmanager.gui.ProjectChoiceTab.defineWindowsFields(ProjectChoiceTab.java:1962) ~[filemanager.jar:?]
	at com.st.microxplorer.plugins.projectmanager.gui.ProjectChoiceTab.updateSettings(ProjectChoiceTab.java:555) ~[filemanager.jar:?]
	at com.st.microxplorer.plugins.projectmanager.gui.ProjectSettingsPanel.UpdateDialog(ProjectSettingsPanel.java:245) ~[filemanager.jar:?]
	at com.st.microxplorer.plugins.projectmanager.ProjectManagerView.propertyChange(ProjectManagerView.java:392) ~[filemanager.jar:?]
	at java.beans.PropertyChangeSupport.fire(PropertyChangeSupport.java:343) ~[?:?]
	at java.beans.PropertyChangeSupport.firePropertyChange(PropertyChangeSupport.java:335) ~[?:?]
	at java.beans.PropertyChangeSupport.firePropertyChange(PropertyChangeSupport.java:268) ~[?:?]
	at com.st.microxplorer.util.MXPropertyChangeSupport.firePropertyChange(MXPropertyChangeSupport.java:54) ~[STM32CubeMX.jar:?]
	at com.st.microxplorer.mxsystem.MxSystem.closeConfig(MxSystem.java:899) ~[STM32CubeMX.jar:?]
	at com.st.microxplorer.maingui.MainPanel.closeConfig(MainPanel.java:789) ~[STM32CubeMX.jar:?]
	at com.st.microxplorer.plugins.filemanager.engine.OpenFileManager.loadConfigurationFile(OpenFileManager.java:287) ~[filemanager.jar:?]
	at com.st.microxplorer.plugins.filemanager.engine.MainFileManager.userLoadConfig(MainFileManager.java:341) ~[filemanager.jar:?]
	at com.st.microxplorer.plugins.filemanager.engine.MainFileManager.userLoadConfig(MainFileManager.java:319) ~[filemanager.jar:?]
	at com.st.microxplorer.plugins.filemanager.FileManagerView.getSpecificTask(FileManagerView.java:246) ~[filemanager.jar:?]
	at com.st.stm32cube.common.mx.editor.CubeMxEditor.getMxTabbedPaneInstance(CubeMxEditor.java:1198) ~[com.st.stm32cube.common.mx_6.14.1.202504091515/:?]
	at com.st.stm32cube.common.mx.editor.CubeMxEditor$12$1.createSwingComponent(CubeMxEditor.java:1068) ~[com.st.stm32cube.common.mx_6.14.1.202504091515/:?]
	at com.st.stm32cube.common.mx.oss.core.awtswtbridge.EmbeddedSwingComposite.doComponentCreation(EmbeddedSwingComposite.java:492) ~[com.st.stm32cube.common.mx.oss_6.14.1.202504091515/:?]
	at com.st.stm32cube.common.mx.oss.core.awtswtbridge.EmbeddedSwingComposite$4.run(EmbeddedSwingComposite.java:291) ~[com.st.stm32cube.common.mx.oss_6.14.1.202504091515/:?]
	at com.st.stm32cube.common.mx.oss.core.awtswtbridge.AwtEnvironment$2.run(AwtEnvironment.java:166) ~[com.st.stm32cube.common.mx.oss_6.14.1.202504091515/:?]
	at java.awt.event.InvocationEvent.dispatch(InvocationEvent.java:318) ~[?:?]
	at java.awt.EventQueue.dispatchEventImpl(EventQueue.java:773) ~[?:?]
	at java.awt.EventQueue$4.run(EventQueue.java:720) ~[?:?]
	at java.awt.EventQueue$4.run(EventQueue.java:714) ~[?:?]
	at java.security.AccessController.doPrivileged(AccessController.java:400) ~[?:?]
	at java.security.ProtectionDomain$JavaSecurityAccessImpl.doIntersectionPrivilege(ProtectionDomain.java:87) ~[?:?]
	at java.awt.EventQueue.dispatchEvent(EventQueue.java:742) ~[?:?]
	at java.awt.EventDispatchThread.pumpOneEventForFilters(EventDispatchThread.java:203) ~[?:?]
	at java.awt.EventDispatchThread.pumpEventsForFilter(EventDispatchThread.java:124) ~[?:?]
	at java.awt.EventDispatchThread.pumpEventsForHierarchy(EventDispatchThread.java:113) ~[?:?]
	at java.awt.EventDispatchThread.pumpEvents(EventDispatchThread.java:109) ~[?:?]
	at java.awt.EventDispatchThread.pumpEvents(EventDispatchThread.java:101) ~[?:?]
	at java.awt.EventDispatchThread.run(EventDispatchThread.java:90) ~[?:?]
2025-06-17 12:34:58,844 [WARN] ThirdParty:871 - waiting for thirdparty lock release [close project]
2025-06-17 12:34:58,844 [INFO] ThirdParty:873 - entering critical section [close project]
2025-06-17 12:34:58,846 [INFO] ThirdParty:883 - exiting critical section [close project]
2025-06-17 12:34:58,863 [INFO] PinOutPanel:1589 - setPackage(No Configuration,No Configuration)
2025-06-17 12:34:58,959 [INFO] UtilMem:75 - Begin LoadConfig() Used Memory: 894034728 Bytes (1034944512)
2025-06-17 12:34:58,965 [INFO] MicroXplorer:468 - Change Database Path : 
2025-06-17 12:34:58,966 [INFO] MicroXplorer:498 - Change Database Version : DB.6.0.141
2025-06-17 12:34:58,967 [INFO] OpenFileManager:354 - Change cursor
2025-06-17 12:34:59,042 [INFO] RulesReader:64 - Compatibility file has been processed (302 Rules)
2025-06-17 12:34:59,060 [INFO] Mcu:2011 - Initializing MCU STM32L476R(C-E-G)Tx STM32L476RGTx STM32L476RGT3
2025-06-17 12:35:02,569 [INFO] Context:756 - Trying to add GPIOservice into a context  which must be forbidden
2025-06-17 12:35:03,912 [INFO] ImportTextPane:218 - (OptionalMessage_ERROR) Pin16 (VP_RIF_VS_RIF1) cannot be retrieved for this MCU
2025-06-17 12:35:04,002 [INFO] RtosManager:558 - Registered RTOS mode: class=CMSIS, group=RTOS, mode=CMSIS_V1, owner=FREERTOS
2025-06-17 12:35:04,002 [INFO] RtosManager:558 - Registered RTOS mode: class=CMSIS, group=RTOS2, mode=CMSIS_V2, owner=FREERTOS
2025-06-17 12:35:04,002 [INFO] RtosManager:558 - Registered RTOS mode: class=RTOS, group=Core, mode=CMSIS_V1, owner=FREERTOS
2025-06-17 12:35:04,003 [INFO] RtosManager:558 - Registered RTOS mode: class=RTOS, group=Core, mode=CMSIS_V2, owner=FREERTOS
2025-06-17 12:35:04,003 [WARN] ModelIntegratedComponent:184 - Missing modes for component STMicroelectronics:FreeRTOS:0.0.1:STMicroelectronics:RTOS:FreeRTOS:Core:::10.2.0:
2025-06-17 12:35:04,048 [WARN] ModelIntegratedComponent:63 - No mode defined for component null
2025-06-17 12:35:04,048 [WARN] ModelIntegratedComponent:63 - No mode defined for component null
2025-06-17 12:35:04,048 [WARN] ModelIntegratedComponent:63 - No mode defined for component null
2025-06-17 12:35:04,048 [WARN] ModelIntegratedComponent:63 - No mode defined for component null
2025-06-17 12:35:04,048 [WARN] ModelIntegratedComponent:63 - No mode defined for component null
2025-06-17 12:35:04,050 [WARN] ModelIntegratedComponent:63 - No mode defined for component null
2025-06-17 12:35:04,050 [WARN] ModelIntegratedComponent:63 - No mode defined for component null
2025-06-17 12:35:04,050 [WARN] ModelIntegratedComponent:63 - No mode defined for component null
2025-06-17 12:35:04,050 [WARN] ModelIntegratedComponent:63 - No mode defined for component null
2025-06-17 12:35:04,050 [WARN] ModelIntegratedComponent:63 - No mode defined for component null
2025-06-17 12:35:04,050 [WARN] ModelIntegratedComponent:63 - No mode defined for component null
2025-06-17 12:35:04,050 [WARN] ModelIntegratedComponent:63 - No mode defined for component null
2025-06-17 12:35:04,051 [WARN] ModelIntegratedComponent:63 - No mode defined for component null
2025-06-17 12:35:04,051 [WARN] ModelIntegratedComponent:63 - No mode defined for component null
2025-06-17 12:35:04,051 [WARN] ModelIntegratedComponent:63 - No mode defined for component null
2025-06-17 12:35:04,051 [WARN] ModelIntegratedComponent:63 - No mode defined for component null
2025-06-17 12:35:04,051 [WARN] ModelIntegratedComponent:63 - No mode defined for component null
2025-06-17 12:35:04,051 [WARN] ModelIntegratedComponent:63 - No mode defined for component null
2025-06-17 12:35:04,052 [WARN] ModelIntegratedComponent:63 - No mode defined for component null
2025-06-17 12:35:04,052 [WARN] ModelIntegratedComponent:63 - No mode defined for component null
2025-06-17 12:35:04,052 [WARN] ModelIntegratedComponent:63 - No mode defined for component null
2025-06-17 12:35:04,052 [WARN] ModelIntegratedComponent:63 - No mode defined for component null
2025-06-17 12:35:04,052 [WARN] ModelIntegratedComponent:63 - No mode defined for component null
2025-06-17 12:35:04,052 [WARN] ModelIntegratedComponent:63 - No mode defined for component null
2025-06-17 12:35:04,052 [WARN] ModelIntegratedComponent:63 - No mode defined for component null
2025-06-17 12:35:04,052 [WARN] ModelIntegratedComponent:63 - No mode defined for component null
2025-06-17 12:35:04,052 [WARN] ModelIntegratedComponent:63 - No mode defined for component null
2025-06-17 12:35:04,052 [WARN] ModelIntegratedComponent:63 - No mode defined for component null
2025-06-17 12:35:04,052 [WARN] ModelIntegratedComponent:63 - No mode defined for component null
2025-06-17 12:35:04,052 [WARN] ModelIntegratedComponent:63 - No mode defined for component null
2025-06-17 12:35:04,052 [WARN] ModelIntegratedComponent:63 - No mode defined for component null
2025-06-17 12:35:04,053 [WARN] ModelIntegratedComponent:63 - No mode defined for component null
2025-06-17 12:35:04,053 [WARN] ModelIntegratedComponent:63 - No mode defined for component null
2025-06-17 12:35:04,053 [WARN] ModelIntegratedComponent:63 - No mode defined for component null
2025-06-17 12:35:04,053 [WARN] ModelIntegratedComponent:63 - No mode defined for component null
2025-06-17 12:35:04,053 [WARN] ModelPack:524 - Component already loaded: STMicroelectronics:HAL Drivers:0.0.0:STMicroelectronics:Device:STMicro_Driver:XSPI:HAL::0.0.1:HAL_XSPI
2025-06-17 12:35:04,300 [INFO] ThirdPartyModel:298 - Start build external matchings
2025-06-17 12:35:05,002 [INFO] ThirdPartyModel:316 - End build external matchings
2025-06-17 12:35:05,024 [INFO] ImportTextPane:218 - (OptionalMessage_ERROR) IP (RCC) : Invalid parameter (FamilyName)
2025-06-17 12:35:05,030 [INFO] ImportTextPane:218 - (OptionalMessage_ERROR) IP (RCC) : Parameter (RNGFreq_Value) has invalid value (64000000)
2025-06-17 12:35:05,030 [INFO] ImportTextPane:218 - (OptionalMessage_ERROR) IP (RCC) : Parameter (SDMMCFreq_Value) has invalid value (64000000)
2025-06-17 12:35:05,030 [INFO] ImportTextPane:218 - (OptionalMessage_ERROR) IP (RCC) : Parameter (USBFreq_Value) has invalid value (64000000)
2025-06-17 12:35:05,693 [INFO] UtilMem:75 - End LoadConfig() Used Memory: 693086032 Bytes (1034944512)
2025-06-17 12:35:05,847 [WARN] ThirdParty:833 - waiting for thirdparty lock release [change project]
2025-06-17 12:35:05,847 [INFO] ThirdParty:835 - entering critical section [change project]
2025-06-17 12:35:05,848 [INFO] ThirdParty:1030 - CMSIS Pack Vendor :STMicroelectronics USBPD 4.1
2025-06-17 12:35:05,848 [INFO] ThirdParty:1030 - CMSIS Pack Vendor :STMicroelectronics X-CUBE-AZRTOS-H7 3.3.0
2025-06-17 12:35:05,848 [INFO] ThirdParty:1030 - CMSIS Pack Vendor :STMicroelectronics X-CUBE-NFC9 1.0.0
2025-06-17 12:35:05,848 [INFO] ThirdParty:1030 - CMSIS Pack Vendor :wolfSSL I-CUBE-wolfSSL 5.8.0
2025-06-17 12:35:05,848 [INFO] ThirdParty:1030 - CMSIS Pack Vendor :STMicroelectronics USB_HOST 2.0.0
2025-06-17 12:35:05,848 [INFO] ThirdParty:1030 - CMSIS Pack Vendor :STMicroelectronics FP-SNS-MOTENVWB1 1.4.0
2025-06-17 12:35:05,848 [INFO] ThirdParty:1030 - CMSIS Pack Vendor :STMicroelectronics X-CUBE-AZRTOS-F4 1.1.0
2025-06-17 12:35:05,848 [INFO] ThirdParty:1030 - CMSIS Pack Vendor :STMicroelectronics LIBJPEG 8.0.0
2025-06-17 12:35:05,848 [INFO] ThirdParty:1030 - CMSIS Pack Vendor :STMicroelectronics FP-ATR-ASTRA1 2.0.2
2025-06-17 12:35:05,848 [INFO] ThirdParty:1030 - CMSIS Pack Vendor :STMicroelectronics X-CUBE-BLE1 7.1.0
2025-06-17 12:35:05,848 [INFO] ThirdParty:1030 - CMSIS Pack Vendor :Avnet-IotConnect X-CUBE-IoTC-DA16k-PMOD 1.0.0
2025-06-17 12:35:05,849 [INFO] ThirdParty:1030 - CMSIS Pack Vendor :STMicroelectronics X-CUBE-SMBUS 2.1.0
2025-06-17 12:35:05,849 [INFO] ThirdParty:1030 - CMSIS Pack Vendor :wolfSSL I-CUBE-wolfMQTT 1.19.2
2025-06-17 12:35:05,849 [INFO] ThirdParty:1030 - CMSIS Pack Vendor :STMicroelectronics USB_DEVICE 3.0.0
2025-06-17 12:35:05,849 [INFO] ThirdParty:1030 - CMSIS Pack Vendor :STMicroelectronics X-CUBE-ISPU 2.1.0
2025-06-17 12:35:05,849 [INFO] ThirdParty:1030 - CMSIS Pack Vendor :STMicroelectronics X-CUBE-AZRTOS-WB 2.0.0
2025-06-17 12:35:05,849 [INFO] ThirdParty:1030 - CMSIS Pack Vendor :STMicroelectronics X-CUBE-ST60 1.0.0
2025-06-17 12:35:05,849 [INFO] ThirdParty:1030 - CMSIS Pack Vendor :STMicroelectronics X-CUBE-GNSS1 7.0.1
2025-06-17 12:35:05,849 [INFO] ThirdParty:1030 - CMSIS Pack Vendor :STMicroelectronics X-CUBE-AZRTOS-F7 1.1.0
2025-06-17 12:35:05,849 [INFO] ThirdParty:1030 - CMSIS Pack Vendor :STMicroelectronics X-CUBE-AZRTOS-L5 2.0.0
2025-06-17 12:35:05,849 [INFO] ThirdParty:1030 - CMSIS Pack Vendor :STMicroelectronics X-CUBE-TOUCHGFX 4.25.0
2025-06-17 12:35:05,850 [INFO] ThirdParty:1030 - CMSIS Pack Vendor :STMicroelectronics USB_DEVICE 2.0.0
2025-06-17 12:35:05,850 [INFO] ThirdParty:1030 - CMSIS Pack Vendor :STMicroelectronics X-CUBE-NFC6 3.1.0
2025-06-17 12:35:05,850 [INFO] ThirdParty:1030 - CMSIS Pack Vendor :STMicroelectronics X-CUBE-AI 10.1.0
2025-06-17 12:35:05,850 [INFO] ThirdParty:1030 - CMSIS Pack Vendor :STMicroelectronics FP-SNS-STBOX1 2.0.0
2025-06-17 12:35:05,850 [INFO] ThirdParty:1030 - CMSIS Pack Vendor :STMicroelectronics FreeRTOS 0.0.1
2025-06-17 12:35:05,850 [INFO] ThirdParty:1030 - CMSIS Pack Vendor :STMicroelectronics X-CUBE-AZRTOS-G0 1.1.0
2025-06-17 12:35:05,850 [INFO] ThirdParty:1030 - CMSIS Pack Vendor :STMicroelectronics X-CUBE-SAFEA1 1.2.2
2025-06-17 12:35:05,850 [INFO] ThirdParty:1030 - CMSIS Pack Vendor :STMicroelectronics X-CUBE-NFC4 3.0.0
2025-06-17 12:35:05,850 [INFO] ThirdParty:1030 - CMSIS Pack Vendor :STMicroelectronics X-CUBE-SUBG2 5.0.0
2025-06-17 12:35:05,850 [INFO] ThirdParty:1030 - CMSIS Pack Vendor :STMicroelectronics X-CUBE-AZRTOS-H7RS 1.1.0
2025-06-17 12:35:05,850 [INFO] ThirdParty:1030 - CMSIS Pack Vendor :STMicroelectronics STM32_WPAN 1.0.0
2025-06-17 12:35:05,850 [INFO] ThirdParty:1030 - CMSIS Pack Vendor :EmbeddedOffice I-CUBE-FS-RTOS 1.0.1
2025-06-17 12:35:05,851 [INFO] ThirdParty:1030 - CMSIS Pack Vendor :STMicroelectronics lwIP 2.0.3
2025-06-17 12:35:05,851 [INFO] ThirdParty:1030 - CMSIS Pack Vendor :Cesanta I-CUBE-Mongoose 7.13.0
2025-06-17 12:35:05,851 [INFO] ThirdParty:1030 - CMSIS Pack Vendor :STMicroelectronics USB_HOST 1.0.0
2025-06-17 12:35:05,851 [INFO] ThirdParty:1030 - CMSIS Pack Vendor :Infineon AIROC-Wi-Fi-Bluetooth-STM32 1.7.0
2025-06-17 12:35:05,851 [INFO] ThirdParty:1030 - CMSIS Pack Vendor :STMicroelectronics X-CUBE-AZRTOS-G4 2.0.0
2025-06-17 12:35:05,851 [INFO] ThirdParty:1030 - CMSIS Pack Vendor :STMicroelectronics X-CUBE-WB05N 2.0.0
2025-06-17 12:35:05,851 [INFO] ThirdParty:1030 - CMSIS Pack Vendor :STMicroelectronics PDM2PCM 3.1.0
2025-06-17 12:35:05,851 [INFO] ThirdParty:1030 - CMSIS Pack Vendor :STMicroelectronics PDM2PCM 3.3.0
2025-06-17 12:35:05,851 [INFO] ThirdParty:1030 - CMSIS Pack Vendor :wolfSSL I-CUBE-wolfTPM 3.8.0
2025-06-17 12:35:05,851 [INFO] ThirdParty:1030 - CMSIS Pack Vendor :STMicroelectronics X-CUBE-DISPLAY 3.0.0
2025-06-17 12:35:05,851 [INFO] ThirdParty:1030 - CMSIS Pack Vendor :wolfSSL I-CUBE-wolfSSH 1.4.20
2025-06-17 12:35:05,852 [INFO] ThirdParty:1030 - CMSIS Pack Vendor :STMicroelectronics X-CUBE-NFC7 2.0.0
2025-06-17 12:35:05,852 [INFO] ThirdParty:1030 - CMSIS Pack Vendor :STMicroelectronics X-CUBE-TCPP 4.2.0
2025-06-17 12:35:05,852 [INFO] ThirdParty:1030 - CMSIS Pack Vendor :RealThread X-CUBE-RT-Thread_Nano 4.1.1
2025-06-17 12:35:05,852 [INFO] ThirdParty:1030 - CMSIS Pack Vendor :STMicroelectronics FP-ATR-SIGFOX1 3.2.0
2025-06-17 12:35:05,852 [INFO] ThirdParty:1030 - CMSIS Pack Vendor :STMicroelectronics X-CUBE-NFC10 1.0.0
2025-06-17 12:35:05,852 [INFO] ThirdParty:1030 - CMSIS Pack Vendor :STMicroelectronics X-CUBE-BLEMGR 4.0.0
2025-06-17 12:35:05,852 [INFO] ThirdParty:1030 - CMSIS Pack Vendor :STMicroelectronics X-CUBE-EEPRMA1 5.1.0
2025-06-17 12:35:05,853 [INFO] ThirdParty:1030 - CMSIS Pack Vendor :STMicroelectronics X-CUBE-FREERTOS 1.3.1
2025-06-17 12:35:05,853 [INFO] ThirdParty:1030 - CMSIS Pack Vendor :STMicroelectronics HAL Drivers 0.0.0
2025-06-17 12:35:05,853 [INFO] ThirdParty:1030 - CMSIS Pack Vendor :STMicroelectronics MBEDTLS 2.16.2
2025-06-17 12:35:05,853 [INFO] ThirdParty:1030 - CMSIS Pack Vendor :STMicroelectronics X-CUBE-IPS 3.1.0
2025-06-17 12:35:05,853 [INFO] ThirdParty:1030 - CMSIS Pack Vendor :STMicroelectronics X-CUBE-ALS 1.0.2
2025-06-17 12:35:05,853 [INFO] ThirdParty:1030 - CMSIS Pack Vendor :emotas I-CUBE-CANOPEN 1.3.0
2025-06-17 12:35:05,853 [INFO] ThirdParty:1030 - CMSIS Pack Vendor :STMicroelectronics MBEDTLS 2.14.1
2025-06-17 12:35:05,853 [INFO] ThirdParty:1030 - CMSIS Pack Vendor :ITTIA_DB I-CUBE-ITTIADB 8.9.0
2025-06-17 12:35:05,853 [INFO] ThirdParty:1030 - CMSIS Pack Vendor :portGmbH I-Cube-SoM-uGOAL 1.1.0
2025-06-17 12:35:05,853 [INFO] ThirdParty:1030 - CMSIS Pack Vendor :quantropi X-CUBE-qispace-sdk-base 2.0.0
2025-06-17 12:35:05,853 [INFO] ThirdParty:1030 - CMSIS Pack Vendor :STMicroelectronics X-CUBE-ST67W61 1.0.0
2025-06-17 12:35:05,853 [INFO] ThirdParty:1030 - CMSIS Pack Vendor :STMicroelectronics ThreadX 1.0.0
2025-06-17 12:35:05,853 [INFO] ThirdParty:1030 - CMSIS Pack Vendor :STMicroelectronics FP-SNS-SMARTAG2 1.2.0
2025-06-17 12:35:05,853 [INFO] ThirdParty:1030 - CMSIS Pack Vendor :STMicroelectronics FP-SNS-FLIGHT1 5.1.0
2025-06-17 12:35:05,853 [INFO] ThirdParty:1030 - CMSIS Pack Vendor :STMicroelectronics X-CUBE-AZRTOS-WL 2.0.0
2025-06-17 12:35:05,853 [INFO] ThirdParty:1030 - CMSIS Pack Vendor :SEGGER I-CUBE-embOS 1.3.1
2025-06-17 12:35:05,853 [INFO] ThirdParty:1030 - CMSIS Pack Vendor :STMicroelectronics X-CUBE-ALGOBUILD 1.4.0
2025-06-17 12:35:05,853 [INFO] ThirdParty:1030 - CMSIS Pack Vendor :STMicroelectronics X-CUBE-DPower 1.3.0
2025-06-17 12:35:05,853 [INFO] ThirdParty:1030 - CMSIS Pack Vendor :STMicroelectronics X-CUBE-MEMS1 11.3.0
2025-06-17 12:35:05,854 [INFO] ThirdParty:1030 - CMSIS Pack Vendor :STMicroelectronics FP-SNS-MOTENV1 5.0.0
2025-06-17 12:35:05,854 [INFO] ThirdParty:1030 - CMSIS Pack Vendor :STMicroelectronics USB_DEVICE 1.0.0
2025-06-17 12:35:05,854 [INFO] ThirdParty:1030 - CMSIS Pack Vendor :STMicroelectronics X-CUBE-AZRTOS-L4 2.0.0
2025-06-17 12:35:05,854 [INFO] ThirdParty:1030 - CMSIS Pack Vendor :STMicroelectronics ThreadX 0.0.2
2025-06-17 12:35:05,854 [INFO] ThirdParty:1030 - CMSIS Pack Vendor :WES I-CUBE-Cesium 1.3.0
2025-06-17 12:35:05,854 [INFO] ThirdParty:1030 - CMSIS Pack Vendor :STMicroelectronics lwIP 2.1.2
2025-06-17 12:35:05,854 [INFO] ThirdParty:1030 - CMSIS Pack Vendor :STMicroelectronics X-CUBE-SFXS2LP1 4.0.0
2025-06-17 12:35:05,854 [INFO] ThirdParty:1030 - CMSIS Pack Vendor :STMicroelectronics X-CUBE-BLE2 3.3.0
2025-06-17 12:35:05,854 [INFO] ThirdParty:1030 - CMSIS Pack Vendor :STMicroelectronics X-CUBE-TOF1 3.4.3
2025-06-17 12:35:05,854 [INFO] ThirdParty:1030 - CMSIS Pack Vendor :STMicroelectronics PDM2PCM 3.2.0
2025-06-17 12:35:05,854 [INFO] ThirdParty:841 - exiting critical section [change project]
2025-06-17 12:35:06,457 [INFO] PinOutPanel:1589 - setPackage(No Configuration,No Configuration)
2025-06-17 12:35:06,463 [INFO] PinOutPanel:1589 - setPackage(STM32L476RGTx,LQFP64)
2025-06-17 12:35:07,130 [INFO] UtilMem:75 - Before build in PCC Used Memory: 504745864 Bytes (1034944512)
2025-06-17 12:35:07,632 [INFO] UtilMem:75 - After build in PCC Used Memory: 587583368 Bytes (1034944512)
2025-06-17 12:35:07,667 [INFO] IPUIPlugin:80 - create IPUIPlugin
2025-06-17 12:35:07,667 [INFO] IPUIPlugin:80 - create IPUIPlugin
2025-06-17 12:35:07,667 [INFO] IPUIPlugin:80 - create IPUIPlugin
2025-06-17 12:35:07,667 [INFO] IPUIPlugin:80 - create IPUIPlugin
2025-06-17 12:35:07,667 [INFO] IPUIPlugin:80 - create IPUIPlugin
2025-06-17 12:35:07,667 [INFO] IPUIPlugin:80 - create IPUIPlugin
2025-06-17 12:35:07,667 [INFO] IPUIPlugin:80 - create IPUIPlugin
2025-06-17 12:35:07,668 [INFO] IPUIPlugin:80 - create IPUIPlugin
2025-06-17 12:35:07,668 [INFO] IPUIPlugin:80 - create IPUIPlugin
2025-06-17 12:35:07,668 [INFO] IPUIPlugin:80 - create IPUIPlugin
2025-06-17 12:35:07,668 [INFO] IPUIPlugin:80 - create IPUIPlugin
2025-06-17 12:35:07,668 [INFO] IPUIPlugin:80 - create IPUIPlugin
2025-06-17 12:35:07,669 [INFO] IPUIPlugin:80 - create IPUIPlugin
2025-06-17 12:35:07,669 [INFO] IPUIPlugin:80 - create IPUIPlugin
2025-06-17 12:35:07,669 [INFO] IPUIPlugin:80 - create IPUIPlugin
2025-06-17 12:35:07,669 [INFO] IPUIPlugin:80 - create IPUIPlugin
2025-06-17 12:35:07,670 [INFO] IPUIPlugin:80 - create IPUIPlugin
2025-06-17 12:35:07,670 [INFO] IPUIPlugin:80 - create IPUIPlugin
2025-06-17 12:35:07,670 [INFO] IPUIPlugin:80 - create IPUIPlugin
2025-06-17 12:35:07,670 [INFO] IPUIPlugin:80 - create IPUIPlugin
2025-06-17 12:35:07,671 [INFO] IPUIPlugin:80 - create IPUIPlugin
2025-06-17 12:35:07,671 [INFO] IPUIPlugin:80 - create IPUIPlugin
2025-06-17 12:35:07,671 [INFO] IPUIPlugin:80 - create IPUIPlugin
2025-06-17 12:35:07,672 [INFO] IPUIPlugin:80 - create IPUIPlugin
2025-06-17 12:35:07,672 [INFO] IPUIPlugin:80 - create IPUIPlugin
2025-06-17 12:35:07,672 [INFO] IPUIPlugin:80 - create IPUIPlugin
2025-06-17 12:35:07,672 [INFO] IPUIPlugin:80 - create IPUIPlugin
2025-06-17 12:35:07,672 [INFO] IPUIPlugin:80 - create IPUIPlugin
2025-06-17 12:35:07,672 [INFO] IPUIPlugin:80 - create IPUIPlugin
2025-06-17 12:35:07,673 [INFO] IPUIPlugin:80 - create IPUIPlugin
2025-06-17 12:35:07,673 [INFO] IPUIPlugin:80 - create IPUIPlugin
2025-06-17 12:35:07,673 [INFO] IPUIPlugin:80 - create IPUIPlugin
2025-06-17 12:35:07,673 [INFO] IPUIPlugin:80 - create IPUIPlugin
2025-06-17 12:35:07,673 [INFO] IPUIPlugin:80 - create IPUIPlugin
2025-06-17 12:35:07,673 [INFO] IPUIPlugin:80 - create IPUIPlugin
2025-06-17 12:35:07,673 [INFO] IPUIPlugin:80 - create IPUIPlugin
2025-06-17 12:35:07,673 [INFO] IPUIPlugin:80 - create IPUIPlugin
2025-06-17 12:35:07,674 [INFO] IPUIPlugin:80 - create IPUIPlugin
2025-06-17 12:35:07,674 [INFO] IPUIPlugin:80 - create IPUIPlugin
2025-06-17 12:35:07,674 [INFO] IPUIPlugin:80 - create IPUIPlugin
2025-06-17 12:35:07,674 [INFO] IPUIPlugin:80 - create IPUIPlugin
2025-06-17 12:35:07,675 [INFO] IPUIPlugin:80 - create IPUIPlugin
2025-06-17 12:35:07,675 [INFO] IPUIPlugin:80 - create IPUIPlugin
2025-06-17 12:35:07,675 [INFO] IPUIPlugin:80 - create IPUIPlugin
2025-06-17 12:35:07,676 [INFO] IPUIPlugin:80 - create IPUIPlugin
2025-06-17 12:35:07,676 [INFO] IPUIPlugin:80 - create IPUIPlugin
2025-06-17 12:35:07,677 [INFO] IPUIPlugin:80 - create IPUIPlugin
2025-06-17 12:35:07,677 [INFO] IPUIPlugin:80 - create IPUIPlugin
2025-06-17 12:35:07,677 [INFO] IPUIPlugin:80 - create IPUIPlugin
2025-06-17 12:35:07,678 [INFO] IPUIPlugin:80 - create IPUIPlugin
2025-06-17 12:35:07,678 [INFO] IPUIPlugin:80 - create IPUIPlugin
2025-06-17 12:35:07,678 [INFO] IPUIPlugin:80 - create IPUIPlugin
2025-06-17 12:35:07,679 [INFO] IPUIPlugin:80 - create IPUIPlugin
2025-06-17 12:35:07,679 [INFO] IPUIPlugin:80 - create IPUIPlugin
2025-06-17 12:35:07,679 [INFO] IPUIPlugin:80 - create IPUIPlugin
2025-06-17 12:35:07,680 [INFO] IPUIPlugin:80 - create IPUIPlugin
2025-06-17 12:35:07,680 [INFO] IPUIPlugin:80 - create IPUIPlugin
2025-06-17 12:35:07,680 [INFO] IPUIPlugin:80 - create IPUIPlugin
2025-06-17 12:35:07,681 [INFO] IPUIPlugin:80 - create IPUIPlugin
2025-06-17 12:35:07,788 [INFO] CADModel:165 - CPN selected for project levelSTM32L476RGT3
2025-06-17 12:35:07,788 [INFO] CADModel:114 - Register for checkConnection events
2025-06-17 12:35:07,886 [INFO] OpenFileManager:385 - Restore cursor
2025-06-17 12:35:24,334 [INFO] UtilMem:75 - End SaveConfig() Used Memory: 776329096 Bytes (1034944512)
2025-06-17 12:35:24,588 [INFO] BlockDiagram:2775 - set Specific Code input for plugin: SYS
2025-06-17 12:35:24,588 [INFO] BlockDiagram:2775 - set Specific Code input for plugin: RCC
2025-06-17 12:35:24,589 [INFO] BlockDiagram:2775 - set Specific Code input for plugin: I2C
2025-06-17 12:35:24,589 [INFO] BlockDiagram:2775 - set Specific Code input for plugin: I2C
2025-06-17 12:35:24,589 [INFO] BlockDiagram:2775 - set Specific Code input for plugin: NVIC
2025-06-17 12:35:24,589 [INFO] BlockDiagram:2775 - set Specific Code input for plugin: USART
2025-06-17 12:35:24,589 [INFO] BlockDiagram:2775 - set Specific Code input for plugin: GPIO
2025-06-17 12:35:24,591 [INFO] CodeGenerator:882 - code generatio: config db path: C:\ST\STM32CubeIDE_1.18.1\STM32CubeIDE\plugins\com.st.stm32cube.common.mx_6.14.1.202504091515\\db\
2025-06-17 12:35:24,764 [INFO] CodeEngine:263 - oldGeneratedFile, C:\Users\arumu\STM32CubeIDE\workspace_1.18.1\mpu_datalogger\MXTmpFiles\license.tmp_save
2025-06-17 12:35:25,146 [INFO] CodeEngine:287 - Generated code: C:\Users\arumu\STM32CubeIDE\workspace_1.18.1\mpu_datalogger\MXTmpFiles\license.tmp
2025-06-17 12:35:25,232 [INFO] CodeEngine:263 - oldGeneratedFile, C:\Users\arumu\STM32CubeIDE\workspace_1.18.1\mpu_datalogger\MXTmpFiles\gpio.tmp_save
2025-06-17 12:35:25,439 [INFO] CodeEngine:287 - Generated code: C:\Users\arumu\STM32CubeIDE\workspace_1.18.1\mpu_datalogger\MXTmpFiles\gpio.tmp
2025-06-17 12:35:25,787 [INFO] CodeEngine:263 - oldGeneratedFile, C:\Users\arumu\STM32CubeIDE\workspace_1.18.1\mpu_datalogger\Core\Src\stm32l4xx_it.c_save
2025-06-17 12:35:26,149 [INFO] CodeEngine:287 - Generated code: C:\Users\arumu\STM32CubeIDE\workspace_1.18.1\mpu_datalogger\Core\Src\stm32l4xx_it.c
2025-06-17 12:35:26,161 [INFO] CodeEngine:263 - oldGeneratedFile, C:\Users\arumu\STM32CubeIDE\workspace_1.18.1\mpu_datalogger\Core\Inc\stm32l4xx_it.h_save
2025-06-17 12:35:26,273 [INFO] CodeEngine:287 - Generated code: C:\Users\arumu\STM32CubeIDE\workspace_1.18.1\mpu_datalogger\Core\Inc\stm32l4xx_it.h
2025-06-17 12:35:26,298 [INFO] CodeEngine:263 - oldGeneratedFile, C:\Users\arumu\STM32CubeIDE\workspace_1.18.1\mpu_datalogger\Core\Src\stm32l4xx_hal_msp.c_save
2025-06-17 12:35:26,497 [INFO] CodeEngine:287 - Generated code: C:\Users\arumu\STM32CubeIDE\workspace_1.18.1\mpu_datalogger\Core\Src\stm32l4xx_hal_msp.c
2025-06-17 12:35:26,506 [INFO] CodeEngine:263 - oldGeneratedFile, C:\Users\arumu\STM32CubeIDE\workspace_1.18.1\mpu_datalogger\MXTmpFiles\system.tmp_save
2025-06-17 12:35:26,590 [INFO] CodeEngine:287 - Generated code: C:\Users\arumu\STM32CubeIDE\workspace_1.18.1\mpu_datalogger\MXTmpFiles\system.tmp
2025-06-17 12:35:26,610 [INFO] CodeEngine:319 - oldGeneratedFile, C:\Users\arumu\STM32CubeIDE\workspace_1.18.1\mpu_datalogger\Core\Inc\stm32l4xx_hal_conf.h_save
2025-06-17 12:35:26,718 [INFO] CodeEngine:343 - Generated code: C:\Users\arumu\STM32CubeIDE\workspace_1.18.1\mpu_datalogger\Core\Inc\stm32l4xx_hal_conf.h
2025-06-17 12:35:26,763 [INFO] ApiDbMcu:508 - Load IP Config File for I2C1
2025-06-17 12:35:26,771 [INFO] ApiDbMcu:508 - Load IP Config File for I2C2
2025-06-17 12:35:26,792 [INFO] ApiDbMcu:508 - Load IP Config File for USART2
2025-06-17 12:35:26,796 [INFO] ApiDbMcu:508 - Load IP Config File for RCC
2025-06-17 12:35:26,822 [INFO] CodeEngine:263 - oldGeneratedFile, C:\Users\arumu\STM32CubeIDE\workspace_1.18.1\mpu_datalogger\Core\Inc\main.h_save
2025-06-17 12:35:26,951 [INFO] CodeEngine:287 - Generated code: C:\Users\arumu\STM32CubeIDE\workspace_1.18.1\mpu_datalogger\Core\Inc\main.h
2025-06-17 12:35:26,961 [INFO] CodeEngine:263 - oldGeneratedFile, C:\Users\arumu\STM32CubeIDE\workspace_1.18.1\mpu_datalogger\Core\Src\main.c_save
2025-06-17 12:35:27,132 [INFO] CodeEngine:287 - Generated code: C:\Users\arumu\STM32CubeIDE\workspace_1.18.1\mpu_datalogger\Core\Src\main.c
2025-06-17 12:35:28,062 [INFO] ProjectBuilder:3324 - Time for Copy HAL[1] : 392mS.
2025-06-17 12:35:28,069 [INFO] ProjectBuilder:4912 - Project Generator version: 4.6.0.1-B1
2025-06-17 12:35:28,182 [INFO] ConfigFileManager:1590 - The Die is : DIE415
2025-06-17 12:35:28,189 [INFO] ApiDbMcu:508 - Load IP Config File for FATFS
2025-06-17 12:35:28,194 [INFO] ApiDbMcu:508 - Load IP Config File for FREERTOS
2025-06-17 12:35:28,208 [INFO] ApiDbMcu:508 - Load IP Config File for TOUCHSENSING
2025-06-17 12:35:28,216 [INFO] ApiDbMcu:508 - Load IP Config File for USB_DEVICE
2025-06-17 12:35:28,221 [INFO] ApiDbMcu:508 - Load IP Config File for USB_HOST
2025-06-17 12:35:29,975 [INFO] ProjectBuilder:5191 - Time for Generating toolchain IDE Files: 1904mS.
2025-06-17 12:35:29,977 [INFO] ProjectBuilder:3181 - Time for Copy CMSIS : 1mS.
2025-06-17 12:35:29,985 [INFO] ProjectBuilder:3181 - Time for Copy CMSIS : 0mS.
2025-06-17 14:19:02,345 [INFO] WebApp:194 - Connection lost
2025-06-17 14:19:04,266 [INFO] WebApp:191 - Connection restablished
2025-06-17 14:19:06,211 [INFO] WebApp:194 - Connection lost
2025-06-17 14:19:06,462 [INFO] WebApp:191 - Connection restablished
2025-06-17 16:41:33,778 [ERROR] LogOutputStream:75 - [STDERR_REDIRECT] 
