2025-06-10 15:39:52,380 [INFO] Activator:176 - 


2025-06-10 15:39:52,383 [INFO] Activator:177 - !SESSION log4j initialized
2025-06-10 15:39:58,506 [INFO] LogOutputStream:77 - [STDOUT_REDIRECT] 
2025-06-10 15:40:02,813 [INFO] ApplicationProperties:184 - Using Application install path: C:\ST\STM32CubeIDE_1.18.1\STM32CubeIDE\plugins\com.st.stm32cube.common.mx_6.14.1.202504091515
2025-06-10 15:40:02,838 [INFO] DbMcusXml:78 - Set database path to: C:\ST\STM32CubeIDE_1.18.1\STM32CubeIDE\plugins\com.st.stm32cube.common.mx_6.14.1.202504091515\\db\/mcu/
2025-06-10 15:40:02,838 [INFO] ApiDb:274 - Set plugin database path to: C:\ST\STM32CubeIDE_1.18.1\STM32CubeIDE\plugins\com.st.stm32cube.common.mx_6.14.1.202504091515\\db\/plugins/boardmanager/
2025-06-10 15:40:02,839 [WARN] ApiDb:259 - Overriding images path with different value:  => C:\ST\STM32CubeIDE_1.18.1\STM32CubeIDE\plugins\com.st.stm32cube.common.mx_6.14.1.202504091515\\db\/plugins/mcufinder/images/
2025-06-10 15:40:05,721 [WARN] ApiFinderProperties:113 - C:\Users\arumu\.stmcufinder\plugins\mcufinder\mcu\mcuFinder.mfd doesn't exist
2025-06-10 15:40:05,721 [INFO] ApiDb:250 - Set database path to: C:\Users\arumu\.stmcufinder\plugins\mcufinder//mcu/
2025-06-10 15:40:05,724 [INFO] DbMcusAds:125 - Set database path to: C:\Users\arumu\.stmcufinder\plugins\mcufinder//mcu/
2025-06-10 15:40:05,727 [INFO] CrossReferenceDbSqlite:203 - Set database path to: C:\Users\arumu\.stmcufinder\plugins\mcufinder//mcu/cs/
2025-06-10 15:40:05,892 [INFO] RulesReader:64 - Compatibility file has been processed (302 Rules)
2025-06-10 15:40:06,032 [INFO] DbMcusXml:78 - Set database path to: C:\ST\STM32CubeIDE_1.18.1\STM32CubeIDE\plugins\com.st.stm32cube.common.mx_6.14.1.202504091515\\db\/mcu/
2025-06-10 15:40:06,032 [INFO] ApiDb:274 - Set plugin database path to: C:\ST\STM32CubeIDE_1.18.1\STM32CubeIDE\plugins\com.st.stm32cube.common.mx_6.14.1.202504091515\\db\/plugins/boardmanager/
2025-06-10 15:40:06,032 [INFO] ApiDb:261 - Set plugin images path to: C:\ST\STM32CubeIDE_1.18.1\STM32CubeIDE\plugins\com.st.stm32cube.common.mx_6.14.1.202504091515\\db\/plugins/mcufinder/images/
2025-06-10 15:40:06,033 [WARN] DbFile:41 - Overriding database path with different value: C:\Users\arumu\.stmcufinder\plugins\mcufinder/ => C:\Users\arumu\.stmcufinder\plugins\mcufinder
2025-06-10 15:40:06,033 [INFO] ApiDb:250 - Set database path to: C:\Users\arumu\.stmcufinder\plugins\mcufinder//mcu/
2025-06-10 15:40:06,033 [WARN] DbFile:41 - Overriding database path with different value: C:\Users\arumu\.stmcufinder\plugins\mcufinder/ => C:\Users\arumu\.stmcufinder\plugins\mcufinder
2025-06-10 15:40:06,033 [INFO] DbMcusAds:125 - Set database path to: C:\Users\arumu\.stmcufinder\plugins\mcufinder//mcu/
2025-06-10 15:40:06,033 [WARN] DbFile:41 - Overriding database path with different value: C:\Users\arumu\.stmcufinder\plugins\mcufinder/ => C:\Users\arumu\.stmcufinder\plugins\mcufinder
2025-06-10 15:40:06,033 [WARN] DbFile:41 - Overriding database path with different value: C:\Users\arumu\.stmcufinder\plugins\mcufinder/ => C:\Users\arumu\.stmcufinder\plugins\mcufinder
2025-06-10 15:40:06,033 [INFO] CrossReferenceDbSqlite:203 - Set database path to: C:\Users\arumu\.stmcufinder\plugins\mcufinder//mcu/cs/
2025-06-10 15:40:06,156 [INFO] MainPanel:272 - HeapMemory: 268435456
2025-06-10 15:40:06,325 [INFO] DbMcusXml:78 - Set database path to: C:\ST\STM32CubeIDE_1.18.1\STM32CubeIDE\plugins\com.st.stm32cube.common.mx_6.14.1.202504091515\\db\/mcu/
2025-06-10 15:40:06,326 [INFO] ApiDb:274 - Set plugin database path to: C:\ST\STM32CubeIDE_1.18.1\STM32CubeIDE\plugins\com.st.stm32cube.common.mx_6.14.1.202504091515\\db\/plugins/boardmanager/
2025-06-10 15:40:06,326 [INFO] ApiDb:261 - Set plugin images path to: C:\ST\STM32CubeIDE_1.18.1\STM32CubeIDE\plugins\com.st.stm32cube.common.mx_6.14.1.202504091515\\db\/plugins/mcufinder/images/
2025-06-10 15:40:06,326 [WARN] DbFile:41 - Overriding database path with different value: C:\Users\arumu\.stmcufinder\plugins\mcufinder/ => C:\Users\arumu\.stmcufinder\plugins\mcufinder
2025-06-10 15:40:06,326 [INFO] ApiDb:250 - Set database path to: C:\Users\arumu\.stmcufinder\plugins\mcufinder//mcu/
2025-06-10 15:40:06,326 [WARN] DbFile:41 - Overriding database path with different value: C:\Users\arumu\.stmcufinder\plugins\mcufinder/ => C:\Users\arumu\.stmcufinder\plugins\mcufinder
2025-06-10 15:40:06,326 [INFO] DbMcusAds:125 - Set database path to: C:\Users\arumu\.stmcufinder\plugins\mcufinder//mcu/
2025-06-10 15:40:06,326 [WARN] DbFile:41 - Overriding database path with different value: C:\Users\arumu\.stmcufinder\plugins\mcufinder/ => C:\Users\arumu\.stmcufinder\plugins\mcufinder
2025-06-10 15:40:06,327 [WARN] DbFile:41 - Overriding database path with different value: C:\Users\arumu\.stmcufinder\plugins\mcufinder/ => C:\Users\arumu\.stmcufinder\plugins\mcufinder
2025-06-10 15:40:06,327 [INFO] CrossReferenceDbSqlite:203 - Set database path to: C:\Users\arumu\.stmcufinder\plugins\mcufinder//mcu/cs/
2025-06-10 15:40:06,351 [INFO] ApplicationProperties:184 - Using Application install path: C:\ST\STM32CubeIDE_1.18.1\STM32CubeIDE\plugins\com.st.stm32cube.common.mx_6.14.1.202504091515
2025-06-10 15:40:06,353 [INFO] PluginManage:196 - Search for loadable plugins [exclusion list=, ]
2025-06-10 15:40:06,355 [INFO] PluginManage:310 - Check plugin analytics
2025-06-10 15:40:06,585 [INFO] AnalyticsPlugin:253 - Accepted Software Licenses: 
2025-06-10 15:40:06,586 [INFO] AnalyticsPlugin:255 - Accepted CMSIS Pack Licenses: 
2025-06-10 15:40:06,586 [INFO] AnalyticsPlugin:257 - Accepted Firmware Licenses: 
2025-06-10 15:40:06,589 [INFO] PluginManage:359 - Loaded plugin analytics (category:tool,tabindex:-1)
2025-06-10 15:40:06,589 [INFO] PluginManage:310 - Check plugin cadmodel
2025-06-10 15:40:06,615 [INFO] CADModel:105 - Init CAD model plugin
2025-06-10 15:40:06,616 [INFO] PluginManage:359 - Loaded plugin cadmodel (category:power,tabindex:5)
2025-06-10 15:40:06,616 [INFO] PluginManage:310 - Check plugin clock
2025-06-10 15:40:06,648 [INFO] PluginManage:359 - Loaded plugin clock (category:base,tabindex:2)
2025-06-10 15:40:06,648 [INFO] PluginManage:310 - Check plugin ddr
2025-06-10 15:40:06,652 [INFO] PluginManage:359 - Loaded plugin ddr (category:tool,tabindex:6)
2025-06-10 15:40:06,652 [INFO] PluginManage:310 - Check plugin filemanager
2025-06-10 15:40:06,908 [INFO] PluginManage:359 - Loaded plugin filemanager (category:base,tabindex:10)
2025-06-10 15:40:06,909 [INFO] PluginManage:310 - Check plugin ipmanager
2025-06-10 15:40:06,922 [INFO] PluginManage:359 - Loaded plugin ipmanager (category:base,tabindex:5)
2025-06-10 15:40:06,922 [INFO] PluginManage:310 - Check plugin lpbam
2025-06-10 15:40:06,966 [INFO] PluginManage:359 - Loaded plugin lpbam (category:base,tabindex:0)
2025-06-10 15:40:06,966 [INFO] PluginManage:310 - Check plugin memorymap
2025-06-10 15:40:07,015 [INFO] PluginManage:359 - Loaded plugin memorymap (category:base,tabindex:4)
2025-06-10 15:40:07,016 [INFO] PluginManage:310 - Check plugin pinoutandconfiguration
2025-06-10 15:40:07,071 [INFO] PluginManage:359 - Loaded plugin pinoutandconfiguration (category:base,tabindex:1)
2025-06-10 15:40:07,071 [INFO] PluginManage:310 - Check plugin pinoutconfig
2025-06-10 15:40:07,290 [WARN] SupportedApi:132 - Cannot load RTOS API schema: s4s-elt-must-match.1: The content of 'definitions' must match (annotation?, (simpleType | complexType)?, (unique | key | keyref)*)). A problem was found starting at: attribute.
2025-06-10 15:40:07,529 [INFO] PluginManage:359 - Loaded plugin pinoutconfig (category:base,tabindex:0)
2025-06-10 15:40:07,530 [INFO] PluginManage:310 - Check plugin power
2025-06-10 15:40:07,568 [INFO] PluginManage:359 - Loaded plugin power (category:power,tabindex:4)
2025-06-10 15:40:07,569 [INFO] PluginManage:310 - Check plugin projectmanager
2025-06-10 15:40:07,597 [INFO] PluginManage:359 - Loaded plugin projectmanager (category:projectmanager,tabindex:4)
2025-06-10 15:40:07,597 [INFO] PluginManage:310 - Check plugin rif
2025-06-10 15:40:07,636 [INFO] PluginManage:359 - Loaded plugin rif (category:base,tabindex:3)
2025-06-10 15:40:07,637 [INFO] PluginManage:310 - Check plugin thirdparty
2025-06-10 15:40:08,183 [INFO] PluginManage:359 - Loaded plugin thirdparty (category:base,tabindex:-1)
2025-06-10 15:40:08,184 [WARN] IntegrityCheckThread:84 - waiting for thirdparty lock release [integrity check]
2025-06-10 15:40:08,184 [INFO] PluginManage:310 - Check plugin tools
2025-06-10 15:40:08,184 [INFO] IntegrityCheckThread:86 - entering critical section [integrity check]
2025-06-10 15:40:08,184 [INFO] ThirdPartyUpdaterWithRetryManager:70 - Updater plugin not ready yet. [1/15]
2025-06-10 15:40:08,338 [INFO] PluginManage:359 - Loaded plugin tools (category:base,tabindex:7)
2025-06-10 15:40:08,338 [INFO] PluginManage:310 - Check plugin tutovideos
2025-06-10 15:40:08,722 [INFO] PluginManage:359 - Loaded plugin tutovideos (category:base,tabindex:-1)
2025-06-10 15:40:08,722 [INFO] PluginManage:310 - Check plugin updater
2025-06-10 15:40:08,762 [INFO] PluginManage:359 - Loaded plugin updater (category:base,tabindex:12)
2025-06-10 15:40:08,762 [INFO] PluginManage:310 - Check plugin userauth
2025-06-10 15:40:08,771 [INFO] UserAuth:118 - Init User Auth plugin
2025-06-10 15:40:08,772 [INFO] PluginManage:359 - Loaded plugin userauth (category:base,tabindex:14)
2025-06-10 15:40:08,773 [INFO] PluginManage:283 - PluginManage : Loaded plugins [18]
2025-06-10 15:40:09,219 [INFO] PinOutPanel:1589 - setPackage(No Configuration,No Configuration)
2025-06-10 15:40:09,370 [INFO] CADModel:165 - CPN selected for project level
2025-06-10 15:40:09,371 [INFO] CADModel:114 - Register for checkConnection events
2025-06-10 15:40:09,423 [INFO] IPUIPlugin:80 - create IPUIPlugin
2025-06-10 15:40:09,424 [INFO] PluginManager:220 - loadIPPluginJar : add adc
2025-06-10 15:40:09,514 [INFO] IPUIPlugin:80 - create IPUIPlugin
2025-06-10 15:40:09,514 [INFO] PluginManager:220 - loadIPPluginJar : add aes
2025-06-10 15:40:09,621 [INFO] IPUIPlugin:80 - create IPUIPlugin
2025-06-10 15:40:09,621 [INFO] PluginManager:220 - loadIPPluginJar : add can
2025-06-10 15:40:09,692 [INFO] IPUIPlugin:80 - create IPUIPlugin
2025-06-10 15:40:09,693 [INFO] PluginManager:220 - loadIPPluginJar : add comp
2025-06-10 15:40:09,770 [INFO] IPUIPlugin:80 - create IPUIPlugin
2025-06-10 15:40:09,770 [INFO] PluginManager:220 - loadIPPluginJar : add cryp
2025-06-10 15:40:09,793 [INFO] IPUIPlugin:80 - create IPUIPlugin
2025-06-10 15:40:09,793 [INFO] PluginManager:220 - loadIPPluginJar : add ddr_ctrl_phy
2025-06-10 15:40:09,854 [INFO] IPUIPlugin:80 - create IPUIPlugin
2025-06-10 15:40:09,854 [INFO] PluginManager:220 - loadIPPluginJar : add dfsdm
2025-06-10 15:40:09,882 [INFO] IPUIPlugin:80 - create IPUIPlugin
2025-06-10 15:40:09,883 [INFO] PluginManager:220 - loadIPPluginJar : add dma
2025-06-10 15:40:09,990 [INFO] IPUIPlugin:80 - create IPUIPlugin
2025-06-10 15:40:09,990 [INFO] PluginManager:220 - loadIPPluginJar : add dma3
2025-06-10 15:40:10,099 [INFO] IPUIPlugin:80 - create IPUIPlugin
2025-06-10 15:40:10,099 [INFO] PluginManager:220 - loadIPPluginJar : add extmemmanager
2025-06-10 15:40:10,155 [INFO] IPUIPlugin:80 - create IPUIPlugin
2025-06-10 15:40:10,155 [INFO] PluginManager:220 - loadIPPluginJar : add fatfs
2025-06-10 15:40:10,261 [INFO] IPUIPlugin:80 - create IPUIPlugin
2025-06-10 15:40:10,262 [INFO] PluginManager:220 - loadIPPluginJar : add fmc
2025-06-10 15:40:10,288 [INFO] IPUIPlugin:80 - create IPUIPlugin
2025-06-10 15:40:10,288 [INFO] PluginManager:220 - loadIPPluginJar : add freertos
2025-06-10 15:40:10,334 [INFO] IPUIPlugin:80 - create IPUIPlugin
2025-06-10 15:40:10,334 [INFO] PluginManager:220 - loadIPPluginJar : add genericplugin
2025-06-10 15:40:10,550 [INFO] IPUIPlugin:80 - create IPUIPlugin
2025-06-10 15:40:10,551 [INFO] PluginManager:220 - loadIPPluginJar : add gfxmmu
2025-06-10 15:40:10,877 [INFO] IPUIPlugin:80 - create IPUIPlugin
2025-06-10 15:40:10,877 [INFO] PluginManager:220 - loadIPPluginJar : add gic
2025-06-10 15:40:10,909 [INFO] IPUIPlugin:80 - create IPUIPlugin
2025-06-10 15:40:10,910 [INFO] PluginManager:220 - loadIPPluginJar : add gpio
2025-06-10 15:40:11,107 [INFO] IPUIPlugin:80 - create IPUIPlugin
2025-06-10 15:40:11,108 [INFO] PluginManager:220 - loadIPPluginJar : add gtzc
2025-06-10 15:40:11,179 [INFO] IPUIPlugin:80 - create IPUIPlugin
2025-06-10 15:40:11,179 [INFO] PluginManager:220 - loadIPPluginJar : add hash
2025-06-10 15:40:11,201 [INFO] ThirdPartyUpdaterWithRetryManager:70 - Updater plugin not ready yet. [2/15]
2025-06-10 15:40:11,294 [INFO] IPUIPlugin:80 - create IPUIPlugin
2025-06-10 15:40:11,294 [INFO] PluginManager:220 - loadIPPluginJar : add i2c
2025-06-10 15:40:11,377 [INFO] IPUIPlugin:80 - create IPUIPlugin
2025-06-10 15:40:11,377 [INFO] PluginManager:220 - loadIPPluginJar : add i2s
2025-06-10 15:40:11,470 [INFO] IPUIPlugin:80 - create IPUIPlugin
2025-06-10 15:40:11,470 [INFO] PluginManager:220 - loadIPPluginJar : add i3c
2025-06-10 15:40:11,681 [INFO] IPUIPlugin:80 - create IPUIPlugin
2025-06-10 15:40:11,682 [INFO] PluginManager:220 - loadIPPluginJar : add ipddr
2025-06-10 15:40:11,916 [INFO] IPUIPlugin:80 - create IPUIPlugin
2025-06-10 15:40:11,916 [INFO] PluginManager:220 - loadIPPluginJar : add linkedlist
2025-06-10 15:40:11,996 [INFO] IPUIPlugin:80 - create IPUIPlugin
2025-06-10 15:40:11,997 [INFO] PluginManager:220 - loadIPPluginJar : add lorawan
2025-06-10 15:40:12,080 [INFO] IPUIPlugin:80 - create IPUIPlugin
2025-06-10 15:40:12,080 [INFO] PluginManager:220 - loadIPPluginJar : add ltdc
2025-06-10 15:40:12,109 [INFO] IPUIPlugin:80 - create IPUIPlugin
2025-06-10 15:40:12,109 [INFO] PluginManager:220 - loadIPPluginJar : add mdma
2025-06-10 15:40:12,132 [INFO] IPUIPlugin:80 - create IPUIPlugin
2025-06-10 15:40:12,132 [INFO] PluginManager:220 - loadIPPluginJar : add nvic
2025-06-10 15:40:12,213 [INFO] IPUIPlugin:80 - create IPUIPlugin
2025-06-10 15:40:12,214 [INFO] PluginManager:220 - loadIPPluginJar : add opamp
2025-06-10 15:40:12,351 [INFO] IPUIPlugin:80 - create IPUIPlugin
2025-06-10 15:40:12,351 [INFO] PluginManager:220 - loadIPPluginJar : add openamp
2025-06-10 15:40:12,474 [INFO] IPUIPlugin:80 - create IPUIPlugin
2025-06-10 15:40:12,476 [INFO] PluginManager:220 - loadIPPluginJar : add pdm2pcm
2025-06-10 15:40:12,520 [INFO] IPUIPlugin:80 - create IPUIPlugin
2025-06-10 15:40:12,525 [INFO] PluginManager:220 - loadIPPluginJar : add plateformsettings
2025-06-10 15:40:12,591 [INFO] IPUIPlugin:80 - create IPUIPlugin
2025-06-10 15:40:12,592 [INFO] PluginManager:220 - loadIPPluginJar : add quadspi
2025-06-10 15:40:12,662 [INFO] IPUIPlugin:80 - create IPUIPlugin
2025-06-10 15:40:12,662 [INFO] PluginManager:220 - loadIPPluginJar : add radio
2025-06-10 15:40:12,686 [INFO] IPUIPlugin:80 - create IPUIPlugin
2025-06-10 15:40:12,686 [INFO] PluginManager:220 - loadIPPluginJar : add resmgrutility
2025-06-10 15:40:12,778 [INFO] IPUIPlugin:80 - create IPUIPlugin
2025-06-10 15:40:12,778 [INFO] PluginManager:220 - loadIPPluginJar : add sai
2025-06-10 15:40:12,851 [INFO] IPUIPlugin:80 - create IPUIPlugin
2025-06-10 15:40:12,851 [INFO] PluginManager:220 - loadIPPluginJar : add spi
2025-06-10 15:40:13,026 [INFO] IPUIPlugin:80 - create IPUIPlugin
2025-06-10 15:40:13,027 [INFO] PluginManager:220 - loadIPPluginJar : add stm32_wpan
2025-06-10 15:40:13,078 [INFO] IPUIPlugin:80 - create IPUIPlugin
2025-06-10 15:40:13,078 [INFO] PluginManager:220 - loadIPPluginJar : add tim
2025-06-10 15:40:13,225 [INFO] IPUIPlugin:80 - create IPUIPlugin
2025-06-10 15:40:13,225 [INFO] PluginManager:220 - loadIPPluginJar : add touchsensing
2025-06-10 15:40:13,275 [INFO] IPUIPlugin:80 - create IPUIPlugin
2025-06-10 15:40:13,275 [INFO] PluginManager:220 - loadIPPluginJar : add tracer_emb
2025-06-10 15:40:13,325 [INFO] IPUIPlugin:80 - create IPUIPlugin
2025-06-10 15:40:13,325 [INFO] PluginManager:220 - loadIPPluginJar : add ts
2025-06-10 15:40:13,377 [INFO] IPUIPlugin:80 - create IPUIPlugin
2025-06-10 15:40:13,377 [INFO] PluginManager:220 - loadIPPluginJar : add tsc
2025-06-10 15:40:13,422 [INFO] IPUIPlugin:80 - create IPUIPlugin
2025-06-10 15:40:13,422 [INFO] PluginManager:220 - loadIPPluginJar : add ucpd
2025-06-10 15:40:13,543 [INFO] IPUIPlugin:80 - create IPUIPlugin
2025-06-10 15:40:13,543 [INFO] PluginManager:220 - loadIPPluginJar : add usart
2025-06-10 15:40:13,628 [INFO] IPUIPlugin:80 - create IPUIPlugin
2025-06-10 15:40:13,628 [INFO] PluginManager:220 - loadIPPluginJar : add usbx
2025-06-10 15:40:13,796 [FATAL] Updater:351 - Updater called before beeing initialized
2025-06-10 15:40:13,831 [INFO] RulesReader:64 - Compatibility file has been processed (302 Rules)
2025-06-10 15:40:13,847 [INFO] RulesReader:64 - Compatibility file has been processed (302 Rules)
2025-06-10 15:40:13,857 [INFO] CADModel:165 - CPN selected for project level
2025-06-10 15:40:13,858 [INFO] CADModel:114 - Register for checkConnection events
2025-06-10 15:40:13,858 [FATAL] Updater:351 - Updater called before beeing initialized
2025-06-10 15:40:13,858 [ERROR] CADModel:125 - Updater not yet initialized, retry later 
2025-06-10 15:40:14,094 [FATAL] Updater:351 - Updater called before beeing initialized
2025-06-10 15:40:14,097 [INFO] CADModel:165 - CPN selected for project level
2025-06-10 15:40:14,097 [INFO] CADModel:114 - Register for checkConnection events
2025-06-10 15:40:14,097 [FATAL] Updater:351 - Updater called before beeing initialized
2025-06-10 15:40:14,099 [ERROR] CADModel:125 - Updater not yet initialized, retry later 
2025-06-10 15:40:14,103 [FATAL] Updater:351 - Updater called before beeing initialized
2025-06-10 15:40:14,213 [INFO] ThirdPartyUpdaterWithRetryManager:70 - Updater plugin not ready yet. [3/15]
2025-06-10 15:40:14,261 [FATAL] Updater:351 - Updater called before beeing initialized
2025-06-10 15:40:14,266 [INFO] DbMcusAds:53 - JSON generation date=Thu Sep 30 12:25:09 IST 2021 (1632984909247)
2025-06-10 15:40:14,266 [FATAL] Updater:351 - Updater called before beeing initialized
2025-06-10 15:40:14,335 [WARN] DetailPanel:346 - Failed to get advertising image, set to default
2025-06-10 15:40:14,635 [FATAL] Updater:351 - Updater called before beeing initialized
2025-06-10 15:40:14,639 [FATAL] Updater:351 - Updater called before beeing initialized
2025-06-10 15:40:14,639 [FATAL] Updater:351 - Updater called before beeing initialized
2025-06-10 15:40:14,639 [WARN] DetailPanel:346 - Failed to get advertising image, set to default
2025-06-10 15:40:14,640 [FATAL] Updater:351 - Updater called before beeing initialized
2025-06-10 15:40:14,727 [ERROR] Updater:1198 - MainUpdater not yet initialized. External WinMGr cannot be set.
2025-06-10 15:40:14,742 [INFO] Updater:1134 - Updater Version found : 6.14.1
2025-06-10 15:40:14,769 [INFO] ApplicationProperties:184 - Using Application install path: C:\ST\STM32CubeIDE_1.18.1\STM32CubeIDE\plugins\com.st.stm32cube.common.mx_6.14.1.202504091515
2025-06-10 15:40:16,372 [ERROR] LogOutputStream:75 - [STDERR_REDIRECT] Jun 10, 2025 3:40:16 PM java.util.prefs.WindowsPreferences <init>
2025-06-10 15:40:16,376 [ERROR] LogOutputStream:75 - [STDERR_REDIRECT] WARNING: Could not open/create prefs root node Software\JavaSoft\Prefs at root 0xffffffff80000002. Windows RegCreateKeyEx(...) returned error code 5.
2025-06-10 15:40:16,377 [ERROR] LogOutputStream:75 - [STDERR_REDIRECT] 
2025-06-10 15:40:16,415 [INFO] MainUpdater:525 - Copy updater definitions from MX database
2025-06-10 15:40:16,504 [INFO] MainUpdater:558 - Copy flag file definitions from MX database
2025-06-10 15:40:16,509 [INFO] MainUpdater:574 - Copy thirdparty index definitions from MX database
2025-06-10 15:40:16,512 [INFO] MainUpdater:593 - Copy default thirdparty db definitions from MX database
2025-06-10 15:40:17,114 [INFO] MainUpdater:2872 - connection check result : 10
2025-06-10 15:40:17,114 [INFO] MainUpdater:3566 - Updater definition file requires update
2025-06-10 15:40:17,116 [INFO] MainUpdater:289 - Updater Check For Update Now.
2025-06-10 15:40:17,117 [INFO] MicroXplorer:498 - Change Database Version : DB.6.0.141
2025-06-10 15:40:17,156 [INFO] McuFinderGlobals:63 - Set McuFinder mode to 2 (CubeIDE integrated)
2025-06-10 15:40:17,158 [INFO] UserAuth:171 - activating auth plugin
2025-06-10 15:40:17,190 [INFO] UserAuth:484 - Internet connection configuration mode: 1
2025-06-10 15:40:17,218 [WARN] MainUpdater:1193 - Updater busy. Cannot search thirdparties
2025-06-10 15:40:17,219 [INFO] ThirdPartyUpdaterWithRetryManager:96 - Updater plugin is busy. [1/15]
2025-06-10 15:40:17,225 [INFO] JxBrowserEngine:152 - Initiate JxBrowser Engine with user profile folder
2025-06-10 15:40:17,526 [INFO] ServerAccessManage:473 - Download File updaters.zip
2025-06-10 15:40:17,805 [INFO] FileExtend:242 - Unzip File : updaters.zip
2025-06-10 15:40:17,806 [INFO] FileExtend:257 - Standard Zip Deflate
2025-06-10 15:40:19,858 [INFO] ServerAccessManage:473 - Download File PacksControlFlags.xml
2025-06-10 15:40:20,100 [INFO] ServerAccessManage:473 - Download File cubemx.pidx
2025-06-10 15:40:20,230 [WARN] MainUpdater:1193 - Updater busy. Cannot search thirdparties
2025-06-10 15:40:20,230 [INFO] ThirdPartyUpdaterWithRetryManager:96 - Updater plugin is busy. [2/15]
2025-06-10 15:40:20,520 [INFO] ServerAccessManage:473 - Download File STMicroelectronics.FP-ATR-ASTRA1.pdsc
2025-06-10 15:40:22,127 [INFO] ServerAccessManage:473 - Download File STMicroelectronics.FP-ATR-SIGFOX1.pdsc
2025-06-10 15:40:22,630 [INFO] ServerAccessManage:473 - Download File STMicroelectronics.FP-SNS-STBOX1.pdsc
2025-06-10 15:40:23,181 [INFO] ServerAccessManage:473 - Download File STMicroelectronics.FP-SNS-FLIGHT1.pdsc
2025-06-10 15:40:23,236 [WARN] MainUpdater:1193 - Updater busy. Cannot search thirdparties
2025-06-10 15:40:23,237 [INFO] ThirdPartyUpdaterWithRetryManager:96 - Updater plugin is busy. [3/15]
2025-06-10 15:40:24,375 [INFO] WebApp:169 - Instantiating new browser for Auth
2025-06-10 15:40:24,579 [INFO] ServerAccessManage:473 - Download File STMicroelectronics.FP-SNS-MOTENV1.pdsc
2025-06-10 15:40:25,411 [INFO] WebApp:463 - Apply proxy settings
2025-06-10 15:40:25,412 [INFO] WebApp:548 - Chromium requires no authentication
2025-06-10 15:40:25,423 [INFO] WebApp:491 - Direct internet connection detected
2025-06-10 15:40:25,457 [INFO] WebApp:894 - Register for checkConnection events
2025-06-10 15:40:25,457 [INFO] WebApp:463 - Apply proxy settings
2025-06-10 15:40:25,457 [INFO] WebApp:548 - Chromium requires no authentication
2025-06-10 15:40:25,459 [INFO] WebApp:491 - Direct internet connection detected
2025-06-10 15:40:25,719 [INFO] WebApp:225 - Starting web application
2025-06-10 15:40:25,719 [INFO] WebApp:593 - Web application path used C:\ST\STM32CubeIDE_1.18.1\STM32CubeIDE\plugins\com.st.stm32cube.common.mx_6.14.1.202504091515\db\plugins\mcufinder\reactClient1\index.html
2025-06-10 15:40:26,030 [INFO] WebApp:191 - Connection restablished
2025-06-10 15:40:26,043 [INFO] ServerAccessManage:473 - Download File STMicroelectronics.FP-SNS-MOTENVWB1.pdsc
2025-06-10 15:40:26,244 [WARN] MainUpdater:1193 - Updater busy. Cannot search thirdparties
2025-06-10 15:40:26,245 [INFO] ThirdPartyUpdaterWithRetryManager:96 - Updater plugin is busy. [4/15]
2025-06-10 15:40:27,242 [INFO] ServerAccessManage:473 - Download File STMicroelectronics.FP-SNS-SMARTAG2.pdsc
2025-06-10 15:40:27,883 [INFO] ServerAccessManage:473 - Download File STMicroelectronics.X-CUBE-AI.pdsc
2025-06-10 15:40:29,259 [WARN] MainUpdater:1193 - Updater busy. Cannot search thirdparties
2025-06-10 15:40:29,260 [INFO] ThirdPartyUpdaterWithRetryManager:96 - Updater plugin is busy. [5/15]
2025-06-10 15:40:32,134 [INFO] ServerAccessManage:473 - Download File STMicroelectronics.X-CUBE-ALS.pdsc
2025-06-10 15:40:32,270 [WARN] MainUpdater:1193 - Updater busy. Cannot search thirdparties
2025-06-10 15:40:32,271 [INFO] ThirdPartyUpdaterWithRetryManager:96 - Updater plugin is busy. [6/15]
2025-06-10 15:40:33,170 [INFO] ServerAccessManage:473 - Download File STMicroelectronics.X-CUBE-BLE1.pdsc
2025-06-10 15:40:35,286 [WARN] MainUpdater:1193 - Updater busy. Cannot search thirdparties
2025-06-10 15:40:35,286 [INFO] ThirdPartyUpdaterWithRetryManager:96 - Updater plugin is busy. [7/15]
2025-06-10 15:40:37,115 [ERROR] ServerAccessManage:1089 - Problem, file not found on Server
2025-06-10 15:40:37,342 [INFO] ServerAccessManage:473 - Download File STMicroelectronics.X-CUBE-BLE2.pdsc
2025-06-10 15:40:38,292 [WARN] MainUpdater:1193 - Updater busy. Cannot search thirdparties
2025-06-10 15:40:38,292 [INFO] ThirdPartyUpdaterWithRetryManager:96 - Updater plugin is busy. [8/15]
2025-06-10 15:40:39,708 [INFO] ServerAccessManage:473 - Download File STMicroelectronics.X-CUBE-BLEMGR.pdsc
2025-06-10 15:40:40,669 [ERROR] ServerAccessManage:1089 - Problem, file not found on Server
2025-06-10 15:40:41,297 [WARN] MainUpdater:1193 - Updater busy. Cannot search thirdparties
2025-06-10 15:40:41,297 [INFO] ThirdPartyUpdaterWithRetryManager:96 - Updater plugin is busy. [9/15]
2025-06-10 15:40:42,809 [INFO] ServerAccessManage:473 - Download File STMicroelectronics.X-CUBE-DISPLAY.pdsc
2025-06-10 15:40:44,307 [WARN] MainUpdater:1193 - Updater busy. Cannot search thirdparties
2025-06-10 15:40:44,307 [INFO] ThirdPartyUpdaterWithRetryManager:96 - Updater plugin is busy. [10/15]
2025-06-10 15:40:44,514 [INFO] ServerAccessManage:473 - Download File STMicroelectronics.X-CUBE-DPOWER.pdsc
2025-06-10 15:40:45,680 [ERROR] ServerAccessManage:1089 - Problem, file not found on Server
2025-06-10 15:40:46,749 [ERROR] ServerAccessManage:1089 - Problem, file not found on Server
2025-06-10 15:40:47,310 [WARN] MainUpdater:1193 - Updater busy. Cannot search thirdparties
2025-06-10 15:40:47,310 [INFO] ThirdPartyUpdaterWithRetryManager:96 - Updater plugin is busy. [11/15]
2025-06-10 15:40:47,670 [ERROR] ServerAccessManage:1089 - Problem, file not found on Server
2025-06-10 15:40:48,374 [ERROR] ServerAccessManage:1089 - Problem, file not found on Server
2025-06-10 15:40:48,787 [ERROR] ServerAccessManage:1089 - Problem, file not found on Server
2025-06-10 15:40:49,612 [ERROR] ServerAccessManage:1089 - Problem, file not found on Server
2025-06-10 15:40:50,315 [WARN] MainUpdater:1193 - Updater busy. Cannot search thirdparties
2025-06-10 15:40:50,315 [INFO] ThirdPartyUpdaterWithRetryManager:96 - Updater plugin is busy. [12/15]
2025-06-10 15:40:50,532 [ERROR] ServerAccessManage:1089 - Problem, file not found on Server
2025-06-10 15:40:50,946 [ERROR] ServerAccessManage:1089 - Problem, file not found on Server
2025-06-10 15:40:51,640 [ERROR] ServerAccessManage:1089 - Problem, file not found on Server
2025-06-10 15:40:51,985 [ERROR] ServerAccessManage:1089 - Problem, file not found on Server
2025-06-10 15:40:52,621 [ERROR] ServerAccessManage:1089 - Problem, file not found on Server
2025-06-10 15:40:52,826 [INFO] ServerAccessManage:473 - Download File STMicroelectronics.X-CUBE-EEPRMA1.pdsc
2025-06-10 15:40:53,317 [WARN] MainUpdater:1193 - Updater busy. Cannot search thirdparties
2025-06-10 15:40:53,317 [INFO] ThirdPartyUpdaterWithRetryManager:96 - Updater plugin is busy. [13/15]
2025-06-10 15:40:53,765 [ERROR] ServerAccessManage:1089 - Problem, file not found on Server
2025-06-10 15:40:54,836 [ERROR] ServerAccessManage:1089 - Problem, file not found on Server
2025-06-10 15:40:55,796 [INFO] ServerAccessManage:473 - Download File STMicroelectronics.X-CUBE-FREERTOS.pdsc
2025-06-10 15:40:56,322 [WARN] MainUpdater:1193 - Updater busy. Cannot search thirdparties
2025-06-10 15:40:56,323 [INFO] ThirdPartyUpdaterWithRetryManager:96 - Updater plugin is busy. [14/15]
2025-06-10 15:40:57,282 [INFO] ServerAccessManage:473 - Download File STMicroelectronics.X-CUBE-GNSS1.pdsc
2025-06-10 15:40:59,325 [WARN] MainUpdater:1193 - Updater busy. Cannot search thirdparties
2025-06-10 15:40:59,326 [INFO] ThirdPartyUpdaterWithRetryManager:96 - Updater plugin is busy. [15/15]
2025-06-10 15:40:59,326 [ERROR] IntegrityCheckThread:130 - Cannot retrieve database content from updater: error -1
2025-06-10 15:40:59,327 [INFO] ThirdParty:978 - Integrity check success = false
2025-06-10 15:40:59,327 [INFO] IntegrityCheckThread:100 - exiting critical section [integrity check]
2025-06-10 15:40:59,327 [INFO] IntegrityCheckThread:103 - End integrity checks thread
2025-06-10 15:41:00,370 [ERROR] ServerAccessManage:1089 - Problem, file not found on Server
2025-06-10 15:41:01,049 [ERROR] ServerAccessManage:1089 - Problem, file not found on Server
2025-06-10 15:41:01,781 [ERROR] ServerAccessManage:1089 - Problem, file not found on Server
2025-06-10 15:41:02,481 [ERROR] ServerAccessManage:1089 - Problem, file not found on Server
2025-06-10 15:41:03,117 [ERROR] ServerAccessManage:1089 - Problem, file not found on Server
2025-06-10 15:41:03,503 [ERROR] ServerAccessManage:1089 - Problem, file not found on Server
2025-06-10 15:41:03,791 [INFO] ServerAccessManage:473 - Download File STMicroelectronics.X-CUBE-ISPU.pdsc
2025-06-10 15:41:04,946 [INFO] ServerAccessManage:473 - Download File STMicroelectronics.X-CUBE-IPS.pdsc
2025-06-10 15:41:05,774 [INFO] ServerAccessManage:473 - Download File STMicroelectronics.X-CUBE-MEMS1.pdsc
2025-06-10 15:41:12,058 [INFO] ServerAccessManage:473 - Download File STMicroelectronics.X-CUBE-NFC4.pdsc
2025-06-10 15:41:16,011 [INFO] ServerAccessManage:473 - Download File STMicroelectronics.X-CUBE-NFC6.pdsc
2025-06-10 15:41:16,697 [INFO] ServerAccessManage:473 - Download File STMicroelectronics.X-CUBE-NFC7.pdsc
2025-06-10 15:41:17,652 [INFO] ServerAccessManage:473 - Download File STMicroelectronics.X-CUBE-NFC9.pdsc
2025-06-10 15:41:18,286 [INFO] ServerAccessManage:473 - Download File STMicroelectronics.X-CUBE-NFC10.pdsc
2025-06-10 15:41:18,824 [INFO] ServerAccessManage:473 - Download File STMicroelectronics.X-CUBE-SFXS2LP1.pdsc
2025-06-10 15:41:19,910 [INFO] ServerAccessManage:473 - Download File STMicroelectronics.X-CUBE-SAFEA1.pdsc
2025-06-10 15:41:20,598 [INFO] ServerAccessManage:473 - Download File STMicroelectronics.X-CUBE-SUBG2.pdsc
2025-06-10 15:41:22,989 [INFO] ServerAccessManage:473 - Download File STMicroelectronics.X-CUBE-SMBUS.pdsc
2025-06-10 15:41:24,152 [ERROR] ServerAccessManage:1089 - Problem, file not found on Server
2025-06-10 15:41:24,438 [INFO] ServerAccessManage:473 - Download File STMicroelectronics.X-CUBE-ST60.pdsc
2025-06-10 15:41:24,876 [INFO] ServerAccessManage:473 - Download File STMicroelectronics.X-CUBE-ST67W61.pdsc
2025-06-10 15:41:25,374 [INFO] ServerAccessManage:473 - Download File STMicroelectronics.X-CUBE-TCPP.pdsc
2025-06-10 15:41:26,408 [INFO] ServerAccessManage:473 - Download File STMicroelectronics.X-CUBE-TOF1.pdsc
2025-06-10 15:41:29,128 [ERROR] ServerAccessManage:1089 - Problem, file not found on Server
2025-06-10 15:41:29,845 [INFO] ServerAccessManage:473 - Download File STMicroelectronics.X-CUBE-TOUCHGFX.pdsc
2025-06-10 15:41:36,470 [INFO] ServerAccessManage:473 - Download File STMicroelectronics.X-CUBE-ALGOBUILD.pdsc
2025-06-10 15:41:38,579 [INFO] ServerAccessManage:473 - Download File STMicroelectronics.X-CUBE-AZRTOS-H7.pdsc
2025-06-10 15:41:41,542 [INFO] ServerAccessManage:473 - Download File STMicroelectronics.X-CUBE-AZRTOS-H7RS.pdsc
2025-06-10 15:41:42,400 [INFO] ServerAccessManage:473 - Download File STMicroelectronics.X-CUBE-AZRTOS-F4.pdsc
2025-06-10 15:41:43,169 [INFO] ServerAccessManage:473 - Download File STMicroelectronics.X-CUBE-AZRTOS-F7.pdsc
2025-06-10 15:41:43,869 [INFO] ServerAccessManage:473 - Download File STMicroelectronics.X-CUBE-AZRTOS-L4.pdsc
2025-06-10 15:41:44,701 [INFO] ServerAccessManage:473 - Download File STMicroelectronics.X-CUBE-AZRTOS-L5.pdsc
2025-06-10 15:41:45,876 [INFO] ServerAccessManage:473 - Download File STMicroelectronics.X-CUBE-AZRTOS-G0.pdsc
2025-06-10 15:41:46,657 [INFO] ServerAccessManage:473 - Download File STMicroelectronics.X-CUBE-AZRTOS-G4.pdsc
2025-06-10 15:41:47,421 [INFO] ServerAccessManage:473 - Download File STMicroelectronics.X-CUBE-AZRTOS-WB.pdsc
2025-06-10 15:41:48,219 [INFO] ServerAccessManage:473 - Download File STMicroelectronics.X-CUBE-AZRTOS-WL.pdsc
2025-06-10 15:41:49,076 [INFO] ServerAccessManage:473 - Download File STMicroelectronics.X-CUBE-WB05N.pdsc
2025-06-10 15:41:50,820 [INFO] ServerAccessManage:473 - Download File wolfSSL.I-CUBE-wolfSSL.pdsc
2025-06-10 15:42:02,927 [ERROR] ServerAccessManage:1089 - Problem, file not found on Server
2025-06-10 15:42:03,650 [ERROR] ServerAccessManage:1089 - Problem, file not found on Server
2025-06-10 15:42:04,464 [ERROR] ServerAccessManage:1089 - Problem, file not found on Server
2025-06-10 15:42:04,782 [INFO] ServerAccessManage:473 - Download File wolfSSL.I-CUBE-wolfMQTT.pdsc
2025-06-10 15:42:07,484 [ERROR] ServerAccessManage:1089 - Problem, file not found on Server
2025-06-10 15:42:07,792 [INFO] ServerAccessManage:473 - Download File wolfSSL.I-CUBE-wolfTPM.pdsc
2025-06-10 15:42:11,216 [INFO] ServerAccessManage:473 - Download File wolfSSL.I-CUBE-wolfSSH.pdsc
2025-06-10 15:42:15,469 [INFO] ServerAccessManage:473 - Download File RealThread.X-CUBE-RT-Thread_Nano.pdsc
2025-06-10 15:42:17,789 [INFO] ServerAccessManage:473 - Download File SEGGER.I-CUBE-embOS.pdsc
2025-06-10 15:42:20,472 [INFO] ServerAccessManage:473 - Download File portGmbH.I-Cube-SoM-uGOAL.pdsc
2025-06-10 15:42:22,377 [ERROR] ServerAccessManage:1089 - Problem, file not found on Server
2025-06-10 15:42:22,556 [ERROR] ServerAccessManage:1089 - Problem, file not found on Server
2025-06-10 15:42:22,737 [ERROR] ServerAccessManage:1089 - Problem, file not found on Server
2025-06-10 15:42:23,868 [INFO] ServerAccessManage:473 - Download File emotas.I-CUBE-CANOPEN.pdsc
2025-06-10 15:42:26,024 [INFO] ServerAccessManage:473 - Download File WES.I-CUBE-Cesium.pdsc
2025-06-10 15:42:27,065 [ERROR] ServerAccessManage:1089 - Problem, file not found on Server
2025-06-10 15:42:27,468 [ERROR] ServerAccessManage:1089 - Problem, file not found on Server
2025-06-10 15:42:28,821 [INFO] ServerAccessManage:473 - Download File ITTIA_DB.I-CUBE-ITTIADB.pdsc
2025-06-10 15:42:36,708 [INFO] ServerAccessManage:473 - Download File Infineon.AIROC-Wi-Fi-Bluetooth-STM32.pdsc
2025-06-10 15:42:48,389 [INFO] ServerAccessManage:473 - Download File Cesanta.I-CUBE-Mongoose.pdsc
2025-06-10 15:42:53,227 [INFO] ServerAccessManage:473 - Download File EmbeddedOffice.I-CUBE-FS-RTOS.pdsc
2025-06-10 15:42:54,868 [INFO] ServerAccessManage:473 - Download File quantropi.X-CUBE-qispace-sdk-base.pdsc
2025-06-10 15:42:55,749 [INFO] ServerAccessManage:473 - Download File Avnet-IotConnect.X-CUBE-IoTC-DA16k-PMOD.pdsc
2025-06-10 15:43:03,786 [WARN] CheckServerUpdateThread:151 - Open CheckUpdateFile Fail
2025-06-10 15:43:03,813 [WARN] PackLoader:240 - Cannot read IP mode file for STMicroelectronics.FP-ATR-ASTRA1.2.0.2
2025-06-10 15:43:03,828 [WARN] PackLoader:240 - Cannot read IP mode file for STMicroelectronics.FP-ATR-SIGFOX1.3.2.0
2025-06-10 15:43:03,853 [WARN] PackLoader:240 - Cannot read IP mode file for STMicroelectronics.FP-SNS-STBOX1.2.0.0
2025-06-10 15:43:03,881 [WARN] PackLoader:240 - Cannot read IP mode file for STMicroelectronics.FP-SNS-FLIGHT1.5.1.0
2025-06-10 15:43:03,901 [WARN] PackLoader:240 - Cannot read IP mode file for STMicroelectronics.FP-SNS-MOTENV1.5.0.0
2025-06-10 15:43:03,922 [WARN] PackLoader:240 - Cannot read IP mode file for STMicroelectronics.FP-SNS-MOTENVWB1.1.4.0
2025-06-10 15:43:03,939 [WARN] PackLoader:240 - Cannot read IP mode file for STMicroelectronics.FP-SNS-SMARTAG2.1.2.0
2025-06-10 15:43:03,947 [INFO] CheckServerUpdateThread:120 - End of CheckServer Thread
2025-06-10 15:43:03,961 [WARN] PackLoader:240 - Cannot read IP mode file for STMicroelectronics.X-CUBE-AI.10.1.0
2025-06-10 15:43:03,988 [WARN] PackLoader:240 - Cannot read IP mode file for STMicroelectronics.X-CUBE-ALS.1.0.2
2025-06-10 15:43:04,011 [WARN] PackLoader:240 - Cannot read IP mode file for STMicroelectronics.X-CUBE-BLE1.7.1.0
2025-06-10 15:43:04,029 [WARN] PackLoader:240 - Cannot read IP mode file for STMicroelectronics.X-CUBE-BLE2.3.3.0
2025-06-10 15:43:04,061 [WARN] PackLoader:240 - Cannot read IP mode file for STMicroelectronics.X-CUBE-BLEMGR.4.0.0
2025-06-10 15:43:04,117 [WARN] PackLoader:240 - Cannot read IP mode file for STMicroelectronics.X-CUBE-DISPLAY.3.0.0
2025-06-10 15:43:04,180 [WARN] PackLoader:240 - Cannot read IP mode file for STMicroelectronics.X-CUBE-DPower.1.3.0
2025-06-10 15:43:04,203 [WARN] PackLoader:240 - Cannot read IP mode file for STMicroelectronics.X-CUBE-EEPRMA1.5.1.0
2025-06-10 15:43:04,254 [WARN] PackLoader:240 - Cannot read IP mode file for STMicroelectronics.X-CUBE-FREERTOS.1.3.1
2025-06-10 15:43:04,286 [WARN] PackLoader:240 - Cannot read IP mode file for STMicroelectronics.X-CUBE-GNSS1.7.0.1
2025-06-10 15:43:04,324 [WARN] PackLoader:240 - Cannot read IP mode file for STMicroelectronics.X-CUBE-ISPU.2.1.0
2025-06-10 15:43:04,418 [WARN] PackLoader:240 - Cannot read IP mode file for STMicroelectronics.X-CUBE-IPS.3.1.0
2025-06-10 15:43:04,637 [WARN] PackLoader:240 - Cannot read IP mode file for STMicroelectronics.X-CUBE-MEMS1.11.3.0
2025-06-10 15:43:05,124 [WARN] PackLoader:240 - Cannot read IP mode file for STMicroelectronics.X-CUBE-NFC4.3.0.0
2025-06-10 15:43:05,146 [WARN] PackLoader:240 - Cannot read IP mode file for STMicroelectronics.X-CUBE-NFC6.3.1.0
2025-06-10 15:43:05,199 [WARN] PackLoader:240 - Cannot read IP mode file for STMicroelectronics.X-CUBE-NFC7.2.0.0
2025-06-10 15:43:05,228 [WARN] PackLoader:240 - Cannot read IP mode file for STMicroelectronics.X-CUBE-NFC9.1.0.0
2025-06-10 15:43:05,254 [WARN] PackLoader:240 - Cannot read IP mode file for STMicroelectronics.X-CUBE-NFC10.1.0.0
2025-06-10 15:43:05,276 [WARN] PackLoader:240 - Cannot read IP mode file for STMicroelectronics.X-CUBE-SFXS2LP1.4.0.0
2025-06-10 15:43:05,296 [WARN] PackLoader:240 - Cannot read IP mode file for STMicroelectronics.X-CUBE-SAFEA1.1.2.2
2025-06-10 15:43:05,326 [WARN] PackLoader:240 - Cannot read IP mode file for STMicroelectronics.X-CUBE-SUBG2.5.0.0
2025-06-10 15:43:05,358 [WARN] PackLoader:240 - Cannot read IP mode file for STMicroelectronics.X-CUBE-SMBUS.2.1.0
2025-06-10 15:43:05,370 [WARN] PackLoader:240 - Cannot read IP mode file for STMicroelectronics.X-CUBE-ST60.1.0.0
2025-06-10 15:43:05,385 [WARN] PackLoader:240 - Cannot read IP mode file for STMicroelectronics.X-CUBE-ST67W61.1.0.0
2025-06-10 15:43:05,395 [WARN] PackLoader:240 - Cannot read IP mode file for STMicroelectronics.X-CUBE-TCPP.4.2.0
2025-06-10 15:43:05,417 [WARN] PackLoader:240 - Cannot read IP mode file for STMicroelectronics.X-CUBE-TOF1.3.4.3
2025-06-10 15:43:05,438 [WARN] PackLoader:240 - Cannot read IP mode file for STMicroelectronics.X-CUBE-TOUCHGFX.4.25.0
2025-06-10 15:43:05,451 [WARN] PackLoader:240 - Cannot read IP mode file for STMicroelectronics.X-CUBE-ALGOBUILD.1.4.0
2025-06-10 15:43:05,490 [WARN] PackLoader:240 - Cannot read IP mode file for STMicroelectronics.X-CUBE-AZRTOS-H7.3.3.0
2025-06-10 15:43:05,525 [WARN] PackLoader:240 - Cannot read IP mode file for STMicroelectronics.X-CUBE-AZRTOS-H7RS.1.1.0
2025-06-10 15:43:05,549 [WARN] PackLoader:240 - Cannot read IP mode file for STMicroelectronics.X-CUBE-AZRTOS-F4.1.1.0
2025-06-10 15:43:05,573 [WARN] PackLoader:240 - Cannot read IP mode file for STMicroelectronics.X-CUBE-AZRTOS-F7.1.1.0
2025-06-10 15:43:05,593 [WARN] ConditionMgr:438 - getConditionDescription Invalid condition id : LAN8742 Phy interface Condition cause : null
2025-06-10 15:43:05,595 [WARN] PackLoader:240 - Cannot read IP mode file for STMicroelectronics.X-CUBE-AZRTOS-L4.2.0.0
2025-06-10 15:43:05,598 [WARN] ConditionMgr:1044 - genDependencies : Invalid condition id : LAN8742 Phy interface Condition cause : null
2025-06-10 15:43:05,600 [WARN] ConditionMgr:1044 - genDependencies : Invalid condition id : LAN8742 Phy interface Condition cause : null
2025-06-10 15:43:05,601 [WARN] ConditionMgr:1044 - genDependencies : Invalid condition id : LAN8742 Phy interface Condition cause : null
2025-06-10 15:43:05,620 [WARN] PackLoader:240 - Cannot read IP mode file for STMicroelectronics.X-CUBE-AZRTOS-L5.2.0.0
2025-06-10 15:43:05,640 [WARN] PackLoader:240 - Cannot read IP mode file for STMicroelectronics.X-CUBE-AZRTOS-G0.1.1.0
2025-06-10 15:43:05,661 [WARN] PackLoader:240 - Cannot read IP mode file for STMicroelectronics.X-CUBE-AZRTOS-G4.2.0.0
2025-06-10 15:43:05,676 [WARN] ConditionMgr:438 - getConditionDescription Invalid condition id : UX DEVICE CLASS RTOS Condition cause : null
2025-06-10 15:43:05,676 [WARN] ConditionMgr:438 - getConditionDescription Invalid condition id : UX DEVICE CLASS RTOS Condition cause : null
2025-06-10 15:43:05,679 [WARN] PackLoader:240 - Cannot read IP mode file for STMicroelectronics.X-CUBE-AZRTOS-WB.2.0.0
2025-06-10 15:43:05,679 [WARN] ConditionMgr:1044 - genDependencies : Invalid condition id : UX DEVICE CLASS RTOS Condition cause : null
2025-06-10 15:43:05,679 [WARN] ConditionMgr:1044 - genDependencies : Invalid condition id : UX DEVICE CLASS RTOS Condition cause : null
2025-06-10 15:43:05,680 [WARN] ConditionMgr:1044 - genDependencies : Invalid condition id : UX DEVICE CLASS RTOS Condition cause : null
2025-06-10 15:43:05,680 [WARN] ConditionMgr:1044 - genDependencies : Invalid condition id : UX DEVICE CLASS RTOS Condition cause : null
2025-06-10 15:43:05,681 [WARN] ConditionMgr:1044 - genDependencies : Invalid condition id : UX DEVICE CLASS RTOS Condition cause : null
2025-06-10 15:43:05,696 [INFO] LogOutputStream:77 - [STDOUT_REDIRECT] 1 : Invalid condition id : UX_CORESTACK_Condition cause : null
2025-06-10 15:43:05,697 [INFO] LogOutputStream:77 - [STDOUT_REDIRECT] 1 : Invalid condition id : UX_CORESTACK_Condition cause : null
2025-06-10 15:43:05,699 [INFO] LogOutputStream:77 - [STDOUT_REDIRECT] 1 : Invalid condition id : UX_CORESTACK_Condition cause : null
2025-06-10 15:43:05,700 [INFO] LogOutputStream:77 - [STDOUT_REDIRECT] 1 : Invalid condition id : UX_CORESTACK_Condition cause : null
2025-06-10 15:43:05,701 [INFO] LogOutputStream:77 - [STDOUT_REDIRECT] 1 : Invalid condition id : UX_CORESTACK_Condition cause : null
2025-06-10 15:43:05,705 [WARN] PackLoader:240 - Cannot read IP mode file for STMicroelectronics.X-CUBE-AZRTOS-WL.2.0.0
2025-06-10 15:43:05,714 [WARN] PackLoader:240 - Cannot read IP mode file for STMicroelectronics.X-CUBE-WB05N.2.0.0
2025-06-10 15:43:05,721 [WARN] PackLoader:240 - Cannot read IP mode file for wolfSSL.I-CUBE-wolfSSL.5.8.0
2025-06-10 15:43:05,729 [WARN] PackLoader:240 - Cannot read IP mode file for wolfSSL.I-CUBE-wolfMQTT.1.19.2
2025-06-10 15:43:05,735 [WARN] PackLoader:240 - Cannot read IP mode file for wolfSSL.I-CUBE-wolfTPM.3.8.0
2025-06-10 15:43:05,744 [WARN] PackLoader:240 - Cannot read IP mode file for wolfSSL.I-CUBE-wolfSSH.1.4.20
2025-06-10 15:43:05,753 [WARN] PackLoader:240 - Cannot read IP mode file for RealThread.X-CUBE-RT-Thread_Nano.4.1.1
2025-06-10 15:43:05,788 [WARN] PackLoader:240 - Cannot read IP mode file for SEGGER.I-CUBE-embOS.1.3.1
2025-06-10 15:43:05,838 [WARN] PackLoader:240 - Cannot read IP mode file for portGmbH.I-Cube-SoM-uGOAL.1.1.0
2025-06-10 15:43:05,851 [WARN] PackLoader:240 - Cannot read IP mode file for emotas.I-CUBE-CANOPEN.1.3.0
2025-06-10 15:43:05,865 [WARN] PackLoader:240 - Cannot read IP mode file for WES.I-CUBE-Cesium.1.3.0
2025-06-10 15:43:05,886 [WARN] PackLoader:240 - Cannot read IP mode file for ITTIA_DB.I-CUBE-ITTIADB.8.9.0
2025-06-10 15:43:05,917 [WARN] PackLoader:240 - Cannot read IP mode file for Infineon.AIROC-Wi-Fi-Bluetooth-STM32.1.7.0
2025-06-10 15:43:05,999 [WARN] PackLoader:240 - Cannot read IP mode file for Cesanta.I-CUBE-Mongoose.7.13.0
2025-06-10 15:43:06,026 [WARN] PackLoader:240 - Cannot read IP mode file for EmbeddedOffice.I-CUBE-FS-RTOS.1.0.1
2025-06-10 15:43:06,047 [WARN] ConditionMgr:438 - getConditionDescription Invalid condition id : Cortex-A Device cause : null
2025-06-10 15:43:06,137 [WARN] ConditionMgr:1044 - genDependencies : Invalid condition id : Cortex-A Device cause : null
2025-06-10 15:43:06,137 [WARN] ConditionMgr:1044 - genDependencies : Invalid condition id : Cortex-A Device cause : null
2025-06-10 15:43:06,137 [WARN] ConditionMgr:1044 - genDependencies : Invalid condition id : Cortex-A Device cause : null
2025-06-10 15:43:06,166 [WARN] PackLoader:240 - Cannot read IP mode file for Avnet-IotConnect.X-CUBE-IoTC-DA16k-PMOD.1.0.0
2025-06-10 15:43:06,168 [INFO] PopulateThirdPartyThread:66 - Ending populate Thread
2025-06-10 15:43:06,193 [INFO] ThirdParty:1030 - CMSIS Pack Vendor :STMicroelectronics X-CUBE-AZRTOS-H7 3.3.0
2025-06-10 15:43:06,193 [INFO] ThirdParty:1030 - CMSIS Pack Vendor :STMicroelectronics X-CUBE-NFC9 1.0.0
2025-06-10 15:43:06,193 [INFO] ThirdParty:1030 - CMSIS Pack Vendor :wolfSSL I-CUBE-wolfSSL 5.8.0
2025-06-10 15:43:06,193 [INFO] ThirdParty:1030 - CMSIS Pack Vendor :STMicroelectronics FP-SNS-MOTENVWB1 1.4.0
2025-06-10 15:43:06,193 [INFO] ThirdParty:1030 - CMSIS Pack Vendor :STMicroelectronics X-CUBE-AZRTOS-F4 1.1.0
2025-06-10 15:43:06,193 [INFO] ThirdParty:1030 - CMSIS Pack Vendor :STMicroelectronics FP-ATR-ASTRA1 2.0.2
2025-06-10 15:43:06,193 [INFO] ThirdParty:1030 - CMSIS Pack Vendor :STMicroelectronics X-CUBE-BLE1 7.1.0
2025-06-10 15:43:06,193 [INFO] ThirdParty:1030 - CMSIS Pack Vendor :Avnet-IotConnect X-CUBE-IoTC-DA16k-PMOD 1.0.0
2025-06-10 15:43:06,193 [INFO] ThirdParty:1030 - CMSIS Pack Vendor :STMicroelectronics X-CUBE-SMBUS 2.1.0
2025-06-10 15:43:06,194 [INFO] ThirdParty:1030 - CMSIS Pack Vendor :wolfSSL I-CUBE-wolfMQTT 1.19.2
2025-06-10 15:43:06,194 [INFO] ThirdParty:1030 - CMSIS Pack Vendor :STMicroelectronics X-CUBE-ISPU 2.1.0
2025-06-10 15:43:06,194 [INFO] ThirdParty:1030 - CMSIS Pack Vendor :STMicroelectronics X-CUBE-AZRTOS-WB 2.0.0
2025-06-10 15:43:06,194 [INFO] ThirdParty:1030 - CMSIS Pack Vendor :STMicroelectronics X-CUBE-ST60 1.0.0
2025-06-10 15:43:06,194 [INFO] ThirdParty:1030 - CMSIS Pack Vendor :STMicroelectronics X-CUBE-GNSS1 7.0.1
2025-06-10 15:43:06,194 [INFO] ThirdParty:1030 - CMSIS Pack Vendor :STMicroelectronics X-CUBE-TOUCHGFX 4.25.0
2025-06-10 15:43:06,194 [INFO] ThirdParty:1030 - CMSIS Pack Vendor :STMicroelectronics X-CUBE-AZRTOS-F7 1.1.0
2025-06-10 15:43:06,194 [INFO] ThirdParty:1030 - CMSIS Pack Vendor :STMicroelectronics X-CUBE-AZRTOS-L5 2.0.0
2025-06-10 15:43:06,194 [INFO] ThirdParty:1030 - CMSIS Pack Vendor :STMicroelectronics X-CUBE-NFC6 3.1.0
2025-06-10 15:43:06,194 [INFO] ThirdParty:1030 - CMSIS Pack Vendor :STMicroelectronics X-CUBE-AI 10.1.0
2025-06-10 15:43:06,194 [INFO] ThirdParty:1030 - CMSIS Pack Vendor :STMicroelectronics FP-SNS-STBOX1 2.0.0
2025-06-10 15:43:06,194 [INFO] ThirdParty:1030 - CMSIS Pack Vendor :STMicroelectronics X-CUBE-AZRTOS-G0 1.1.0
2025-06-10 15:43:06,194 [INFO] ThirdParty:1030 - CMSIS Pack Vendor :STMicroelectronics X-CUBE-NFC4 3.0.0
2025-06-10 15:43:06,194 [INFO] ThirdParty:1030 - CMSIS Pack Vendor :STMicroelectronics X-CUBE-SAFEA1 1.2.2
2025-06-10 15:43:06,194 [INFO] ThirdParty:1030 - CMSIS Pack Vendor :STMicroelectronics X-CUBE-SUBG2 5.0.0
2025-06-10 15:43:06,194 [INFO] ThirdParty:1030 - CMSIS Pack Vendor :STMicroelectronics X-CUBE-AZRTOS-H7RS 1.1.0
2025-06-10 15:43:06,195 [INFO] ThirdParty:1030 - CMSIS Pack Vendor :EmbeddedOffice I-CUBE-FS-RTOS 1.0.1
2025-06-10 15:43:06,195 [INFO] ThirdParty:1030 - CMSIS Pack Vendor :Cesanta I-CUBE-Mongoose 7.13.0
2025-06-10 15:43:06,195 [INFO] ThirdParty:1030 - CMSIS Pack Vendor :Infineon AIROC-Wi-Fi-Bluetooth-STM32 1.7.0
2025-06-10 15:43:06,195 [INFO] ThirdParty:1030 - CMSIS Pack Vendor :STMicroelectronics X-CUBE-AZRTOS-G4 2.0.0
2025-06-10 15:43:06,195 [INFO] ThirdParty:1030 - CMSIS Pack Vendor :STMicroelectronics X-CUBE-WB05N 2.0.0
2025-06-10 15:43:06,195 [INFO] ThirdParty:1030 - CMSIS Pack Vendor :wolfSSL I-CUBE-wolfTPM 3.8.0
2025-06-10 15:43:06,195 [INFO] ThirdParty:1030 - CMSIS Pack Vendor :STMicroelectronics X-CUBE-DISPLAY 3.0.0
2025-06-10 15:43:06,195 [INFO] ThirdParty:1030 - CMSIS Pack Vendor :wolfSSL I-CUBE-wolfSSH 1.4.20
2025-06-10 15:43:06,195 [INFO] ThirdParty:1030 - CMSIS Pack Vendor :STMicroelectronics X-CUBE-NFC7 2.0.0
2025-06-10 15:43:06,195 [INFO] ThirdParty:1030 - CMSIS Pack Vendor :STMicroelectronics X-CUBE-TCPP 4.2.0
2025-06-10 15:43:06,196 [INFO] ThirdParty:1030 - CMSIS Pack Vendor :RealThread X-CUBE-RT-Thread_Nano 4.1.1
2025-06-10 15:43:06,196 [INFO] ThirdParty:1030 - CMSIS Pack Vendor :STMicroelectronics FP-ATR-SIGFOX1 3.2.0
2025-06-10 15:43:06,196 [INFO] ThirdParty:1030 - CMSIS Pack Vendor :STMicroelectronics X-CUBE-NFC10 1.0.0
2025-06-10 15:43:06,196 [INFO] ThirdParty:1030 - CMSIS Pack Vendor :STMicroelectronics X-CUBE-BLEMGR 4.0.0
2025-06-10 15:43:06,197 [INFO] ThirdParty:1030 - CMSIS Pack Vendor :STMicroelectronics X-CUBE-EEPRMA1 5.1.0
2025-06-10 15:43:06,197 [INFO] ThirdParty:1030 - CMSIS Pack Vendor :STMicroelectronics X-CUBE-FREERTOS 1.3.1
2025-06-10 15:43:06,197 [INFO] ThirdParty:1030 - CMSIS Pack Vendor :STMicroelectronics X-CUBE-ALS 1.0.2
2025-06-10 15:43:06,197 [INFO] ThirdParty:1030 - CMSIS Pack Vendor :STMicroelectronics X-CUBE-IPS 3.1.0
2025-06-10 15:43:06,197 [INFO] ThirdParty:1030 - CMSIS Pack Vendor :emotas I-CUBE-CANOPEN 1.3.0
2025-06-10 15:43:06,197 [INFO] ThirdParty:1030 - CMSIS Pack Vendor :ITTIA_DB I-CUBE-ITTIADB 8.9.0
2025-06-10 15:43:06,198 [INFO] ThirdParty:1030 - CMSIS Pack Vendor :portGmbH I-Cube-SoM-uGOAL 1.1.0
2025-06-10 15:43:06,198 [INFO] ThirdParty:1030 - CMSIS Pack Vendor :STMicroelectronics X-CUBE-ST67W61 1.0.0
2025-06-10 15:43:06,198 [INFO] ThirdParty:1030 - CMSIS Pack Vendor :quantropi X-CUBE-qispace-sdk-base 2.0.0
2025-06-10 15:43:06,198 [INFO] ThirdParty:1030 - CMSIS Pack Vendor :STMicroelectronics FP-SNS-SMARTAG2 1.2.0
2025-06-10 15:43:06,198 [INFO] ThirdParty:1030 - CMSIS Pack Vendor :STMicroelectronics FP-SNS-FLIGHT1 5.1.0
2025-06-10 15:43:06,198 [INFO] ThirdParty:1030 - CMSIS Pack Vendor :STMicroelectronics X-CUBE-AZRTOS-WL 2.0.0
2025-06-10 15:43:06,198 [INFO] ThirdParty:1030 - CMSIS Pack Vendor :SEGGER I-CUBE-embOS 1.3.1
2025-06-10 15:43:06,198 [INFO] ThirdParty:1030 - CMSIS Pack Vendor :STMicroelectronics X-CUBE-DPower 1.3.0
2025-06-10 15:43:06,198 [INFO] ThirdParty:1030 - CMSIS Pack Vendor :STMicroelectronics X-CUBE-ALGOBUILD 1.4.0
2025-06-10 15:43:06,198 [INFO] ThirdParty:1030 - CMSIS Pack Vendor :STMicroelectronics X-CUBE-MEMS1 11.3.0
2025-06-10 15:43:06,198 [INFO] ThirdParty:1030 - CMSIS Pack Vendor :STMicroelectronics FP-SNS-MOTENV1 5.0.0
2025-06-10 15:43:06,198 [INFO] ThirdParty:1030 - CMSIS Pack Vendor :STMicroelectronics X-CUBE-AZRTOS-L4 2.0.0
2025-06-10 15:43:06,198 [INFO] ThirdParty:1030 - CMSIS Pack Vendor :WES I-CUBE-Cesium 1.3.0
2025-06-10 15:43:06,198 [INFO] ThirdParty:1030 - CMSIS Pack Vendor :STMicroelectronics X-CUBE-SFXS2LP1 4.0.0
2025-06-10 15:43:06,198 [INFO] ThirdParty:1030 - CMSIS Pack Vendor :STMicroelectronics X-CUBE-BLE2 3.3.0
2025-06-10 15:43:06,199 [INFO] ThirdParty:1030 - CMSIS Pack Vendor :STMicroelectronics X-CUBE-TOF1 3.4.3
2025-06-10 15:43:06,200 [INFO] LoadServerUpdatesThread:375 - End of LoadServerUpdate Thread
2025-06-10 15:53:41,770 [INFO] McuFinderGlobals:63 - Set McuFinder mode to 2 (CubeIDE integrated)
2025-06-10 15:53:41,798 [INFO] MainUpdater:2872 - connection check result : 10
2025-06-10 15:53:41,818 [INFO] McuFinderGlobals:76 - Set McuFinderConnectedMode to true
2025-06-10 15:53:42,534 [INFO] ServerAccessManage:473 - Download File mcusAds.json._tmp_
2025-06-10 15:53:43,594 [INFO] LoadUrlFilesThread:156 - End of LoadUrlFiles Thread
2025-06-10 15:53:43,943 [INFO] ServerAccessManage:473 - Download File cube-finder-db.zip
2025-06-10 15:54:00,436 [INFO] FileExtend:242 - Unzip File : cube-finder-db.zip
2025-06-10 15:54:00,436 [INFO] FileExtend:257 - Standard Zip Deflate
2025-06-10 15:54:02,834 [INFO] LoadUrlFilesThread:156 - End of LoadUrlFiles Thread
2025-06-10 15:54:05,118 [INFO] ServerAccessManage:473 - Download File crdb.zip
2025-06-10 15:54:07,412 [INFO] FileExtend:242 - Unzip File : crdb.zip
2025-06-10 15:54:07,413 [INFO] FileExtend:257 - Standard Zip Deflate
2025-06-10 15:54:07,543 [INFO] LoadUrlFilesThread:156 - End of LoadUrlFiles Thread
2025-06-10 15:54:07,667 [INFO] ServerAccessManage:473 - Download File tutoVideoDB.zip
2025-06-10 15:54:07,745 [INFO] FileExtend:242 - Unzip File : tutoVideoDB.zip
2025-06-10 15:54:07,745 [INFO] FileExtend:257 - Standard Zip Deflate
2025-06-10 15:54:07,859 [INFO] LoadUrlFilesThread:156 - End of LoadUrlFiles Thread
2025-06-10 15:54:07,863 [WARN] DbFile:41 - Overriding database path with different value: C:\Users\arumu\.stmcufinder\plugins\mcufinder/ => C:\Users\arumu\.stmcufinder\plugins\mcufinder
2025-06-10 15:54:08,029 [INFO] ServerAccessManage:473 - Download File api_config.json
2025-06-10 15:54:08,142 [INFO] LoadUrlFilesThread:156 - End of LoadUrlFiles Thread
2025-06-10 15:54:08,147 [INFO] DbMcusAds:53 - JSON generation date=Wed May 07 14:37:55 IST 2025 (1746608875484)
2025-06-10 15:54:08,336 [INFO] ServerAccessManage:473 - Download File 
2025-06-10 15:54:08,372 [INFO] LoadUrlFilesThread:185 - End of LoadServerUrlFiles without Thread
2025-06-10 15:54:08,374 [INFO] TargetSelectorAdapter:259 - Refresh data is successful
2025-06-10 15:54:08,588 [INFO] ApiDb:581 - Connected to CubeFinder SQLite database (C:\Users\arumu\.stmcufinder\plugins\mcufinder\mcu\cube-finder-db.db)
2025-06-10 15:54:08,726 [INFO] ApiDb:668 - CubeFinder database Data Model version=2.1
2025-06-10 15:54:08,726 [INFO] ApiDb:669 - CubeFinder database Configuration version=3.0.39
2025-06-10 15:54:08,729 [INFO] ApiDb:670 - CubeFinder database generation date=2025-05-20 (1747743314)
2025-06-10 15:54:08,729 [INFO] ApiDb:671 - CubeFinder database FW Pack versions=[FP-ATR-ASTRA1_V2.0.0, FP-SNS-FLIGHT1_V5.1.0, FP-SNS-MOTENV1_V5.0.0, FP-SNS-MOTENVWB1_V1.4.0, FP-SNS-SMARTAG2_V1.2.0, FP-SNS-STBOX1_V2.0.0, STM32Cube_FW_C0_V1.4.0, STM32Cube_FW_F4_V1.28.2, STM32Cube_FW_F7_V1.17.3, STM32Cube_FW_G0_V1.6.2, STM32Cube_FW_G4_V1.6.1, STM32Cube_FW_H5_V1.5.0, STM32Cube_FW_H7RS_V1.2.0, STM32Cube_FW_H7_V1.12.1, STM32Cube_FW_L0_V1.12.2, STM32Cube_FW_L4_V1.18.1, STM32Cube_FW_L5_V1.5.1, STM32Cube_FW_N6_V1.1.1, STM32Cube_FW_U0_V1.2.0, STM32Cube_FW_U3_V1.1.0, STM32Cube_FW_U5_V1.7.0, STM32Cube_FW_WB0_V1.2.0, STM32Cube_FW_WBA_V1.6.0, STM32Cube_FW_WB_V1.22.0, STM32Cube_FW_WL3_V1.1.0, STM32Cube_FW_WL_V1.3.1, X-CUBE-ALGOBUILD_V1.4.0, X-CUBE-ALS_V1.0.2, X-CUBE-AZRTOS-F4_V1.1.0, X-CUBE-AZRTOS-F7_V1.1.0, X-CUBE-AZRTOS-G0_V1.1.0, X-CUBE-AZRTOS-G4_V2.0.0, X-CUBE-AZRTOS-H7RS_V1.1.0, X-CUBE-AZRTOS-H7_V3.3.0, X-CUBE-AZRTOS-L4_V2.0.0, X-CUBE-AZRTOS-L5_V2.0.0, X-CUBE-AZRTOS-WB_V2.0.0, X-CUBE-AZRTOS-WL_V2.0.0, X-CUBE-BLE1_V7.1.0, X-CUBE-BLE2_V3.3.0, X-CUBE-BLEMGR_V4.0.0, X-CUBE-EEPRMA1_V5.1.0, X-CUBE-FREERTOS_V1.3.1, X-CUBE-GNSS1_V6.0.0, X-CUBE-MEMS1_V11.2.0, X-CUBE-NFC4_V3.0.0, X-CUBE-NFC7_V2.0.0, X-CUBE-SFXS2LP1_V4.0.0, X-CUBE-SUBG2_V5.0.0, X-CUBE-TOF1_V3.4.3]
2025-06-10 15:54:11,526 [INFO] ApiDb:240 - Found 895 in-development CPN: [B-G473E-ZEST1S, B-WB1M-WPAN1, B-WBA5M-WPAN, B-WL5M-SUBG1, NUCLEO-C031C6, NUCLEO-C051C8, NUCLEO-C071RB, NUCLEO-C092RC, NUCLEO-H503RB, NUCLEO-H533RE, NUCLEO-H563ZI, NUCLEO-H7S3L8, NUCLEO-N657X0-Q, NUCLEO-U031R8, NUCLEO-U083RC, NUCLEO-U385RG-Q, NUCLEO-U545RE-Q, NUCLEO-U5A5ZJ-Q, NUCLEO-WB05KZ, NUCLEO-WB07CC, NUCLEO-WB09KE, NUCLEO-WBA52CG, NUCLEO-WBA55CG, NUCLEO-WBA65RI, NUCLEO-WL33CC1, NUCLEO-WL33CC2, STEVAL-PROTEUS1, STEVAL-SMARTAG2, STEVAL-STWINBX1, STM320518-EVAL, STM32C0116-DK, STM32C011D6Y3TR, STM32C011D6Y6TR, STM32C011F4P3, STM32C011F4P6, STM32C011F4U3, STM32C011F4U6TR, STM32C011F6P3, STM32C011F6P6, STM32C011F6U3, STM32C011F6U6TR, STM32C011J4M3, STM32C011J4M6, STM32C011J6M3, STM32C011J6M6, STM32C0316-DK, STM32C031C4T3, STM32C031C4T6, STM32C031C4U3, STM32C031C4U6, STM32C031C6T3, STM32C031C6T6, STM32C031C6U3, STM32C031C6U6, STM32C031F4P3, STM32C031F4P6, STM32C031F6P3, STM32C031F6P6, STM32C031G4U3, STM32C031G4U6, STM32C031G6U3, STM32C031G6U6, STM32C031K4T3, STM32C031K4T6, STM32C031K4U3, STM32C031K4U6, STM32C031K6T3, STM32C031K6T6, STM32C031K6U3, STM32C031K6U6, STM32C051C6T6, STM32C051C6U6, STM32C051C8T6, STM32C051C8U6, STM32C051D8Y6TR, STM32C051F6P6, STM32C051F8P6, STM32C051G6U6, STM32C051G8U6, STM32C051K6T6, STM32C051K6U6, STM32C051K8T6, STM32C071C8T6, STM32C071C8T6N, STM32C071C8U6, STM32C071C8U6N, STM32C071CBT6, STM32C071CBT6N, STM32C071CBU6, STM32C071CBU6N, STM32C071F8P6, STM32C071F8P6N, STM32C071FBP6, STM32C071FBP6N, STM32C071FBY6TR, STM32C071G8U6, STM32C071G8U6N, STM32C071GBU6, STM32C071GBU6N, STM32C071K8T6, STM32C071K8T6N, STM32C071K8U6, STM32C071K8U6N, STM32C071KBT6, STM32C071KBT6N, STM32C071KBU6, STM32C071KBU6N, STM32C071R8T6, STM32C071R8T6N, STM32C071RBI6N, STM32C071RBT6, STM32C071RBT6N, STM32C091CBT6, STM32C091CBU6, STM32C091CCT6, STM32C091CCU6, STM32C091ECY6TR, STM32C091FBP6, STM32C091FCP6, STM32C091GBU6, STM32C091GCU6, STM32C091KBT6, STM32C091KBU6, STM32C091KCT6, STM32C091KCU6, STM32C091RBT6, STM32C091RCI6, STM32C091RCT6, STM32C092CBT6, STM32C092CBU6, STM32C092CCT6, STM32C092CCU6, STM32C092ECY6TR, STM32C092FBP6, STM32C092FCP6, STM32C092GBU6, STM32C092GCU6, STM32C092KBT6, STM32C092KBU6, STM32C092KCT6, STM32C092KCU6, STM32C092RBT6, STM32C092RCI6, STM32C092RCT6, STM32G071K8TXN, STM32G071K8UXN, STM32G081GBU6N, STM32G081KBT6N, STM32G081KBUXN, STM32G0B1CCT6N, STM32G0B1KCT6, STM32G0B1NEY6TR, STM32G0B1RCT6N, STM32G0C1CCT6, STM32G0C1CCT6N, STM32G0C1CCU6N, STM32G0C1CET6N, STM32G0C1CEU6N, STM32G0C1KCT6, STM32G0C1NEY6TR, STM32G0C1RCI6N, STM32G0C1RCT6N, STM32G0C1REI6N, STM32G0C1RET6N, STM32G0C1VCI6, STM32G0C1VEI6, STM32G411C6T3, STM32G411C6T6, STM32G411C6U3, STM32G411C6U6, STM32G411C8T3, STM32G411C8T6, STM32G411C8U3, STM32G411C8U6, STM32G411CBT3, STM32G411CBT6, STM32G411CBU3, STM32G411CBU6, STM32G411CCT3, STM32G411CCT6, STM32G411CCU3, STM32G411CCU6, STM32G411K6T3, STM32G411K6T6, STM32G411K6U3, STM32G411K6U6, STM32G411K8T3, STM32G411K8T6, STM32G411K8U3, STM32G411K8U6, STM32G411KBT3, STM32G411KBT6, STM32G411KBU3, STM32G411KBU6, STM32G411M6T3, STM32G411M6T6, STM32G411M8T3, STM32G411M8T6, STM32G411MBT3, STM32G411MBT6, STM32G411MCT3, STM32G411MCT6, STM32G411R6T3, STM32G411R6T6, STM32G411R8T3, STM32G411R8T6, STM32G411RBT3, STM32G411RBT6, STM32G411RCT3, STM32G411RCT6, STM32G414CBT3, STM32G414CBT6, STM32G414CBU3, STM32G414CBU6, STM32G414CCT3, STM32G414CCT6, STM32G414CCU3, STM32G414CCU6, STM32G414MBT3, STM32G414MBT6, STM32G414MCT3, STM32G414MCT6, STM32G414RBT3, STM32G414RBT6, STM32G414RCT3, STM32G414RCT6, STM32G414VBT3, STM32G414VBT6, STM32G414VCT3, STM32G414VCT6, STM32G431CBT3Z, STM32G431RBT3Z, STM32G471CCT6, STM32G471CCU6, STM32G471CET3, STM32G471CET6, STM32G471CEU3, STM32G471CEU6, STM32G471MCT6, STM32G471MET3, STM32G471MET6, STM32G471MEY6TR, STM32G471QCT6, STM32G471QET3, STM32G471RCT6, STM32G471RET3, STM32G471RET6, STM32G471VCH6, STM32G471VCI6, STM32G471VCT6, STM32G471VEH3, STM32G471VEH6, STM32G471VEI3, STM32G471VEI6, STM32G471VET3, STM32G471VET6, STM32G473QET3Z, STM32G473RET3Z, STM32G474CCT6, STM32G491RET3Z, STM32H503CBT6, STM32H503CBU6, STM32H503EBY6TR, STM32H503KBU6, STM32H503RBT6, STM32H523CCT6, STM32H523CCU6, STM32H523CET6, STM32H523CEU6, STM32H523HEY6TR, STM32H523RCT6, STM32H523RET6, STM32H523VCI6, STM32H523VCT6, STM32H523VEI6, STM32H523VET6, STM32H523ZCJ6, STM32H523ZCT6, STM32H523ZEJ6, STM32H523ZET6, STM32H533CET6, STM32H533CEU6, STM32H533HEY6TR, STM32H533RET6, STM32H533VEI6, STM32H533VET6, STM32H533ZEJ6, STM32H533ZET6, STM32H562AGI6, STM32H562AII6, STM32H562IGK6, STM32H562IGT6, STM32H562IIK6, STM32H562IIT6, STM32H562RGT6, STM32H562RGV6, STM32H562RIT6, STM32H562RIV6, STM32H562VGT6, STM32H562VIT6, STM32H562ZGT6, STM32H562ZIT6, STM32H563AGI6, STM32H563AII3Q, STM32H563AII6, STM32H563IGK6, STM32H563IGT6, STM32H563IIK3Q, STM32H563IIK6, STM32H563IIT3Q, STM32H563IIT6, STM32H563MIY3QTR, STM32H563RGT6, STM32H563RGV6, STM32H563RIT6, STM32H563RIV6, STM32H563VGT6, STM32H563VIT3Q, STM32H563VIT6, STM32H563ZGT6, STM32H563ZIT3Q, STM32H563ZIT6, STM32H573AII3Q, STM32H573AII6, STM32H573I-DK, STM32H573IIK3Q, STM32H573IIK6, STM32H573IIT3Q, STM32H573IIT6, STM32H573MIY3QTR, STM32H573RIT6, STM32H573RIV6, STM32H573VIT3Q, STM32H573VIT6, STM32H573ZIT3Q, STM32H573ZIT6, STM32H7R3A8I6, STM32H7R3I8K6, STM32H7R3I8T6, STM32H7R3L8H6, STM32H7R3L8H6H, STM32H7R3R8V6, STM32H7R3V8H6, STM32H7R3V8T6, STM32H7R3V8Y6TR, STM32H7R3Z8J6, STM32H7R3Z8T6, STM32H7R7A8I6, STM32H7R7I8K6, STM32H7R7I8T6, STM32H7R7L8H6, STM32H7R7L8H6H, STM32H7R7Z8J6, STM32H7S3A8I6, STM32H7S3I8K6, STM32H7S3I8T6, STM32H7S3L8H6, STM32H7S3L8H6H, STM32H7S3R8V6, STM32H7S3V8H6, STM32H7S3V8T6, STM32H7S3V8Y6TR, STM32H7S3Z8J6, STM32H7S3Z8T6, STM32H7S78-DK, STM32H7S7A8I6, STM32H7S7I8K6, STM32H7S7I8T6, STM32H7S7L8H6, STM32H7S7L8H6H, STM32H7S7Z8J6, STM32L4R5QGI6STR, STM32MP131AAE3, STM32MP131AAF3, STM32MP131AAG3, STM32MP131CAE3, STM32MP131CAF3, STM32MP131CAG3, STM32MP131DAE7, STM32MP131DAF7, STM32MP131DAG7, STM32MP131FAE7, STM32MP131FAF7, STM32MP131FAG7, STM32MP133AAE3, STM32MP133AAF3, STM32MP133AAG3, STM32MP133CAE3, STM32MP133CAF3, STM32MP133CAG3, STM32MP133DAE7, STM32MP133DAF7, STM32MP133DAG7, STM32MP133FAE7, STM32MP133FAF7, STM32MP133FAG7, STM32MP135AAE3, STM32MP135AAF3, STM32MP135AAG3, STM32MP135CAE3, STM32MP135CAF3, STM32MP135CAG3, STM32MP135DAE7, STM32MP135DAF7, STM32MP135DAG7, STM32MP135F-DK, STM32MP135FAE7, STM32MP135FAF7, STM32MP135FAF7T, STM32MP135FAF7U, STM32MP135FAG7, STM32MP231AAJ3, STM32MP231AAK3, STM32MP231AAL3, STM32MP231CAJ3, STM32MP231CAK3, STM32MP231CAL3, STM32MP231DAJ3, STM32MP231DAK3, STM32MP231DAL3, STM32MP231FAJ3, STM32MP231FAK3, STM32MP231FAL3, STM32MP233AAJ3, STM32MP233AAK3, STM32MP233AAL3, STM32MP233CAJ3, STM32MP233CAK3, STM32MP233CAL3, STM32MP233DAJ3, STM32MP233DAK3, STM32MP233DAL3, STM32MP233FAJ3, STM32MP233FAK3, STM32MP233FAL3, STM32MP235AAJ3, STM32MP235AAK3, STM32MP235AAL3, STM32MP235CAJ3, STM32MP235CAK3, STM32MP235CAL3, STM32MP235DAJ3, STM32MP235DAK3, STM32MP235DAL3, STM32MP235FAJ3, STM32MP235FAK3, STM32MP235FAL3, STM32MP251AAI3, STM32MP251AAJ3, STM32MP251AAK3, STM32MP251AAL3, STM32MP251CAI3, STM32MP251CAJ3, STM32MP251CAK3, STM32MP251CAL3, STM32MP251DAI3, STM32MP251DAJ3, STM32MP251DAK3, STM32MP251DAL3, STM32MP251FAI3, STM32MP251FAJ3, STM32MP251FAK3, STM32MP251FAL3, STM32MP253AAI3, STM32MP253AAJ3, STM32MP253AAK3, STM32MP253AAL3, STM32MP253CAI3, STM32MP253CAJ3, STM32MP253CAK3, STM32MP253CAL3, STM32MP253DAI3, STM32MP253DAJ3, STM32MP253DAK3, STM32MP253DAL3, STM32MP253FAI3, STM32MP253FAJ3, STM32MP253FAK3, STM32MP253FAL3, STM32MP255AAI3, STM32MP255AAJ3, STM32MP255AAK3, STM32MP255AAL3, STM32MP255CAI3, STM32MP255CAJ3, STM32MP255CAK3, STM32MP255CAL3, STM32MP255DAI3, STM32MP255DAJ3, STM32MP255DAK3, STM32MP255DAL3, STM32MP255FAI3, STM32MP255FAJ3, STM32MP255FAK3, STM32MP255FAL3, STM32MP257AAI3, STM32MP257AAJ3, STM32MP257AAK3, STM32MP257AAL3, STM32MP257CAI3, STM32MP257CAJ3, STM32MP257CAK3, STM32MP257CAL3, STM32MP257DAI3, STM32MP257DAJ3, STM32MP257DAK3, STM32MP257DAL3, STM32MP257F-DK, STM32MP257F-EV1, STM32MP257FAI3, STM32MP257FAJ3, STM32MP257FAK3, STM32MP257FAL3, STM32N645A0H3Q, STM32N645B0H3Q, STM32N645I0H3Q, STM32N645L0H3Q, STM32N645X0H3Q, STM32N645Z0H3Q, STM32N647A0H3Q, STM32N647B0H3Q, STM32N647I0H3Q, STM32N647L0H3Q, STM32N647X0H3Q, STM32N647Z0H3Q, STM32N655A0H3Q, STM32N655B0H3Q, STM32N655I0H3Q, STM32N655L0H3Q, STM32N655X0H3Q, STM32N655Z0H3Q, STM32N6570-DK, STM32N657A0H3Q, STM32N657B0H3Q, STM32N657I0H3Q, STM32N657L0H3Q, STM32N657X0H3Q, STM32N657Z0H3Q, STM32U031C6T6, STM32U031C6U6, STM32U031C8T6, STM32U031C8U6, STM32U031F4P6, STM32U031F6P6, STM32U031F8P6, STM32U031G6Y6TR, STM32U031G8Y6TR, STM32U031K4U6, STM32U031K6U6, STM32U031K8U6, STM32U031R6I6, STM32U031R6T6, STM32U031R8I6, STM32U031R8T6, STM32U073C8T6, STM32U073C8U6, STM32U073CBT6, STM32U073CBU6, STM32U073CCT6, STM32U073CCU6, STM32U073H8Y6TR, STM32U073HBY6TR, STM32U073HCY6TR, STM32U073K8U6, STM32U073KBU6, STM32U073KCU6, STM32U073M8I6, STM32U073M8T6, STM32U073MBI6, STM32U073MBT6, STM32U073MCI6, STM32U073MCT6, STM32U073R8I6, STM32U073R8T6, STM32U073RBI6, STM32U073RBT6, STM32U073RCI6, STM32U073RCT6, STM32U083C-DK, STM32U083CCT6, STM32U083CCU6, STM32U083HCY6TR, STM32U083KCU6, STM32U083MCI6, STM32U083MCT6, STM32U083RCI6, STM32U083RCT6, STM32U375CET6, STM32U375CET6Q, STM32U375CEU6, STM32U375CEU6Q, STM32U375CEY6QTR, STM32U375CGT6, STM32U375CGT6Q, STM32U375CGU6, STM32U375CGU6Q, STM32U375CGY6QTR, STM32U375KEU6, STM32U375KGU6, STM32U375REI6, STM32U375REI6Q, STM32U375RET6, STM32U375RET6Q, STM32U375REY6GTR, STM32U375REY6QTR, STM32U375RGI6, STM32U375RGI6Q, STM32U375RGT6, STM32U375RGT6Q, STM32U375RGY6GTR, STM32U375RGY6QTR, STM32U375VEI6, STM32U375VEI6Q, STM32U375VET6, STM32U375VET6Q, STM32U375VGI6, STM32U375VGI6Q, STM32U375VGT6, STM32U375VGT6Q, STM32U385CGT6, STM32U385CGT6Q, STM32U385CGU6, STM32U385CGU6Q, STM32U385CGY6QTR, STM32U385KGU6, STM32U385RGI6, STM32U385RGI6Q, STM32U385RGT6, STM32U385RGT6Q, STM32U385RGY6GTR, STM32U385RGY6QTR, STM32U385VGI6, STM32U385VGI6Q, STM32U385VGT6, STM32U385VGT6Q, STM32U535CBT6, STM32U535CBT6Q, STM32U535CBU6, STM32U535CBU6Q, STM32U535CCT6, STM32U535CCT6Q, STM32U535CCU6, STM32U535CCU6Q, STM32U535CET6, STM32U535CET6Q, STM32U535CEU6, STM32U535CEU6Q, STM32U535JEY6QTR, STM32U535NCY6QTR, STM32U535NEY6QTR, STM32U535RBI6, STM32U535RBI6Q, STM32U535RBT6, STM32U535RBT6Q, STM32U535RCI6, STM32U535RCI6Q, STM32U535RCT6, STM32U535RCT6Q, STM32U535REI6, STM32U535REI6Q, STM32U535RET6, STM32U535RET6Q, STM32U535VCI6, STM32U535VCI6Q, STM32U535VCT6, STM32U535VCT6Q, STM32U535VEI6, STM32U535VEI6Q, STM32U535VET6, STM32U535VET6Q, STM32U545CET6, STM32U545CET6Q, STM32U545CEU6, STM32U545CEU6Q, STM32U545JEY6QTR, STM32U545NEY6QTR, STM32U545REI6, STM32U545REI6Q, STM32U545RET6, STM32U545RET6Q, STM32U545VEI6, STM32U545VEI6Q, STM32U545VET6, STM32U545VET6Q, STM32U595AIH6, STM32U595AIH6Q, STM32U595AJH6, STM32U595AJH6Q, STM32U595QII6, STM32U595QII6Q, STM32U595QJI6, STM32U595QJI6Q, STM32U595RIT6, STM32U595RIT6Q, STM32U595RJT6, STM32U595RJT6Q, STM32U595VIT6, STM32U595VIT6Q, STM32U595VJT6, STM32U595VJT6Q, STM32U595ZIT6, STM32U595ZIT6Q, STM32U595ZIY6QTR, STM32U595ZJT6, STM32U595ZJT6Q, STM32U595ZJY6QTR, STM32U599BJY6QTR, STM32U599NIH6Q, STM32U599NJH6Q, STM32U599VIT6Q, STM32U599VJT6, STM32U599VJT6Q, STM32U599ZIT6Q, STM32U599ZIY6QTR, STM32U599ZJT6Q, STM32U599ZJY6QTR, STM32U5A5AJH6, STM32U5A5AJH6Q, STM32U5A5QII3Q , STM32U5A5QJI6, STM32U5A5QJI6Q, STM32U5A5RJT6, STM32U5A5RJT6Q, STM32U5A5VJT6, STM32U5A5VJT6Q, STM32U5A5ZJT6, STM32U5A5ZJT6Q, STM32U5A5ZJY6QTR, STM32U5A9BJY6QTR, STM32U5A9J-DK, STM32U5A9NJH6Q, STM32U5A9VJT6Q, STM32U5A9ZJT6Q, STM32U5A9ZJY6QTR, STM32U5F7VIT6, STM32U5F7VIT6Q, STM32U5F7VJT6, STM32U5F7VJT6Q, STM32U5F9BJY6QTR, STM32U5F9NJH6Q, STM32U5F9VIT6Q, STM32U5F9VJT6Q, STM32U5F9ZIJ6QTR, STM32U5F9ZIT6Q, STM32U5F9ZJJ6QTR, STM32U5F9ZJT6Q, STM32U5G7VJT6, STM32U5G7VJT6Q, STM32U5G9BJY6QTR, STM32U5G9J-DK1, STM32U5G9J-DK2, STM32U5G9NJH6Q, STM32U5G9VJT6Q, STM32U5G9ZJJ6QTR, STM32U5G9ZJT6Q, STM32WB05KZV6TR, STM32WB05KZV7TR, STM32WB05TZF6TR, STM32WB05TZF7TR, STM32WB06CCF6TR, STM32WB06CCF7TR, STM32WB06CCV6TR, STM32WB06CCV7TR, STM32WB06KCV6TR, STM32WB06KCV7TR, STM32WB07CCF6TR, STM32WB07CCF7TR, STM32WB07CCV6TR, STM32WB07CCV7TR, STM32WB07KCV6TR, STM32WB07KCV7TR, STM32WB09KEV6TR, STM32WB09KEV7TR, STM32WB09TEF6TR, STM32WB09TEF7TR, STM32WB1MMCH6, STM32WBA50KGU6, STM32WBA50KGU6TR, STM32WBA52CEU6, STM32WBA52CEU6TR, STM32WBA52CEU7, STM32WBA52CEU7TR, STM32WBA52CGU6, STM32WBA52CGU6TR, STM32WBA52CGU6U, STM32WBA52CGU7, STM32WBA52CGU7TR, STM32WBA52KEU6, STM32WBA52KEU6TR, STM32WBA52KGU6, STM32WBA52KGU6TR, STM32WBA54CEU6, STM32WBA54CEU6TR, STM32WBA54CEU7, STM32WBA54CEU7TR, STM32WBA54CGU6, STM32WBA54CGU6TR, STM32WBA54CGU7, STM32WBA54CGU7TR, STM32WBA54KEU6, STM32WBA54KEU6TR, STM32WBA54KEU7, STM32WBA54KEU7TR, STM32WBA54KGU6, STM32WBA54KGU6TR, STM32WBA54KGU7, STM32WBA54KGU7TR, STM32WBA55CEU6, STM32WBA55CEU6TR, STM32WBA55CEU7, STM32WBA55CEU7TR, STM32WBA55CGU6, STM32WBA55CGU6TR, STM32WBA55CGU6U, STM32WBA55CGU7, STM32WBA55CGU7TR, STM32WBA55G-DK1, STM32WBA55HEF6, STM32WBA55HEF7, STM32WBA55HGF6, STM32WBA55HGF7, STM32WBA55UEI6, STM32WBA55UEI6TR, STM32WBA55UEI7, STM32WBA55UEI7TR, STM32WBA55UGI6, STM32WBA55UGI6TR, STM32WBA55UGI7, STM32WBA55UGI7TR, STM32WBA5MJGH6TR, STM32WBA62CGU6, STM32WBA62CIU6, STM32WBA62MGF6, STM32WBA62MIF6, STM32WBA62PGI6, STM32WBA62PII6, STM32WBA63CGU6, STM32WBA63CGU7, STM32WBA63CIU6, STM32WBA63CIU7, STM32WBA64CGU6, STM32WBA64CGU7, STM32WBA64CIU6, STM32WBA64CIU7, STM32WBA65CGU6, STM32WBA65CGU7, STM32WBA65CIU6, STM32WBA65CIU7, STM32WBA65I-DK1, STM32WBA65MGF6, STM32WBA65MGF7, STM32WBA65MIF6, STM32WBA65MIF7, STM32WBA65PGI6, STM32WBA65PGI7, STM32WBA65PII6, STM32WBA65PII7, STM32WBA65RGV6, STM32WBA65RGV7, STM32WBA65RIV6, STM32WBA65RIV7, STM32WL30K8V6, STM32WL30KBV6, STM32WL31C8V6, STM32WL31CBV6, STM32WL31K8V6, STM32WL31KBV6, STM32WL33C8V6, STM32WL33C8V6TR, STM32WL33C8V7, STM32WL33C8V7TR, STM32WL33CBV6, STM32WL33CBV6TR, STM32WL33CBV7, STM32WL33CBV7TR, STM32WL33CCV6, STM32WL33CCV6TR, STM32WL33CCV7, STM32WL33CCV7A, STM32WL33CCV7ATR, STM32WL33CCV7TR, STM32WL33K8V6, STM32WL33K8V6TR, STM32WL33K8V7, STM32WL33K8V7TR, STM32WL33KBV6, STM32WL33KBV6TR, STM32WL33KBV7, STM32WL33KBV7TR, STM32WL33KCV6, STM32WL33KCV6TR, STM32WL33KCV7, STM32WL33KCV7TR, STM32WL5MOCH6, STM32WL5MOCH6TR]
2025-06-10 15:54:11,533 [INFO] DbMcus:218 - Found 4686 MCUs, 4686 are supported
2025-06-10 15:54:11,533 [INFO] ApiDb:414 - User favorites file not found: C:\Users\arumu/.stm32cubeide/favorites.mcus.txt
2025-06-10 15:54:11,533 [INFO] DbMcus:224 - Set 0 / 0 favorites MCUs
2025-06-10 15:54:12,278 [INFO] ApiDb:668 - CubeFinder database Data Model version=2.1
2025-06-10 15:54:12,279 [INFO] ApiDb:669 - CubeFinder database Configuration version=3.0.39
2025-06-10 15:54:12,279 [INFO] ApiDb:670 - CubeFinder database generation date=2025-05-20 (1747743314)
2025-06-10 15:54:12,279 [INFO] ApiDb:671 - CubeFinder database FW Pack versions=[FP-ATR-ASTRA1_V2.0.0, FP-SNS-FLIGHT1_V5.1.0, FP-SNS-MOTENV1_V5.0.0, FP-SNS-MOTENVWB1_V1.4.0, FP-SNS-SMARTAG2_V1.2.0, FP-SNS-STBOX1_V2.0.0, STM32Cube_FW_C0_V1.4.0, STM32Cube_FW_F4_V1.28.2, STM32Cube_FW_F7_V1.17.3, STM32Cube_FW_G0_V1.6.2, STM32Cube_FW_G4_V1.6.1, STM32Cube_FW_H5_V1.5.0, STM32Cube_FW_H7RS_V1.2.0, STM32Cube_FW_H7_V1.12.1, STM32Cube_FW_L0_V1.12.2, STM32Cube_FW_L4_V1.18.1, STM32Cube_FW_L5_V1.5.1, STM32Cube_FW_N6_V1.1.1, STM32Cube_FW_U0_V1.2.0, STM32Cube_FW_U3_V1.1.0, STM32Cube_FW_U5_V1.7.0, STM32Cube_FW_WB0_V1.2.0, STM32Cube_FW_WBA_V1.6.0, STM32Cube_FW_WB_V1.22.0, STM32Cube_FW_WL3_V1.1.0, STM32Cube_FW_WL_V1.3.1, X-CUBE-ALGOBUILD_V1.4.0, X-CUBE-ALS_V1.0.2, X-CUBE-AZRTOS-F4_V1.1.0, X-CUBE-AZRTOS-F7_V1.1.0, X-CUBE-AZRTOS-G0_V1.1.0, X-CUBE-AZRTOS-G4_V2.0.0, X-CUBE-AZRTOS-H7RS_V1.1.0, X-CUBE-AZRTOS-H7_V3.3.0, X-CUBE-AZRTOS-L4_V2.0.0, X-CUBE-AZRTOS-L5_V2.0.0, X-CUBE-AZRTOS-WB_V2.0.0, X-CUBE-AZRTOS-WL_V2.0.0, X-CUBE-BLE1_V7.1.0, X-CUBE-BLE2_V3.3.0, X-CUBE-BLEMGR_V4.0.0, X-CUBE-EEPRMA1_V5.1.0, X-CUBE-FREERTOS_V1.3.1, X-CUBE-GNSS1_V6.0.0, X-CUBE-MEMS1_V11.2.0, X-CUBE-NFC4_V3.0.0, X-CUBE-NFC7_V2.0.0, X-CUBE-SFXS2LP1_V4.0.0, X-CUBE-SUBG2_V5.0.0, X-CUBE-TOF1_V3.4.3]
2025-06-10 15:54:12,349 [INFO] DbBoardsSqlite:226 - include board P-NUCLEO-WB55-NUCLEO as a kit item of type 'Nucleo-64'
2025-06-10 15:54:12,355 [INFO] DbBoardsSqlite:226 - include board P-NUCLEO-WB55-USBDONGLE as a kit item of type 'Nucleo USB Dongle'
2025-06-10 15:54:12,356 [INFO] DbBoardsSqlite:226 - include board STEVAL-IDP005V1 as a kit item of type 'Evaluation Board'
2025-06-10 15:54:12,356 [INFO] DbBoardsSqlite:226 - include board STEVAL-IDP005V2 as a kit item of type 'Evaluation Board'
2025-06-10 15:54:12,447 [INFO] ApiDb:240 - Found 895 in-development CPN: [B-G473E-ZEST1S, B-WB1M-WPAN1, B-WBA5M-WPAN, B-WL5M-SUBG1, NUCLEO-C031C6, NUCLEO-C051C8, NUCLEO-C071RB, NUCLEO-C092RC, NUCLEO-H503RB, NUCLEO-H533RE, NUCLEO-H563ZI, NUCLEO-H7S3L8, NUCLEO-N657X0-Q, NUCLEO-U031R8, NUCLEO-U083RC, NUCLEO-U385RG-Q, NUCLEO-U545RE-Q, NUCLEO-U5A5ZJ-Q, NUCLEO-WB05KZ, NUCLEO-WB07CC, NUCLEO-WB09KE, NUCLEO-WBA52CG, NUCLEO-WBA55CG, NUCLEO-WBA65RI, NUCLEO-WL33CC1, NUCLEO-WL33CC2, STEVAL-PROTEUS1, STEVAL-SMARTAG2, STEVAL-STWINBX1, STM320518-EVAL, STM32C0116-DK, STM32C011D6Y3TR, STM32C011D6Y6TR, STM32C011F4P3, STM32C011F4P6, STM32C011F4U3, STM32C011F4U6TR, STM32C011F6P3, STM32C011F6P6, STM32C011F6U3, STM32C011F6U6TR, STM32C011J4M3, STM32C011J4M6, STM32C011J6M3, STM32C011J6M6, STM32C0316-DK, STM32C031C4T3, STM32C031C4T6, STM32C031C4U3, STM32C031C4U6, STM32C031C6T3, STM32C031C6T6, STM32C031C6U3, STM32C031C6U6, STM32C031F4P3, STM32C031F4P6, STM32C031F6P3, STM32C031F6P6, STM32C031G4U3, STM32C031G4U6, STM32C031G6U3, STM32C031G6U6, STM32C031K4T3, STM32C031K4T6, STM32C031K4U3, STM32C031K4U6, STM32C031K6T3, STM32C031K6T6, STM32C031K6U3, STM32C031K6U6, STM32C051C6T6, STM32C051C6U6, STM32C051C8T6, STM32C051C8U6, STM32C051D8Y6TR, STM32C051F6P6, STM32C051F8P6, STM32C051G6U6, STM32C051G8U6, STM32C051K6T6, STM32C051K6U6, STM32C051K8T6, STM32C071C8T6, STM32C071C8T6N, STM32C071C8U6, STM32C071C8U6N, STM32C071CBT6, STM32C071CBT6N, STM32C071CBU6, STM32C071CBU6N, STM32C071F8P6, STM32C071F8P6N, STM32C071FBP6, STM32C071FBP6N, STM32C071FBY6TR, STM32C071G8U6, STM32C071G8U6N, STM32C071GBU6, STM32C071GBU6N, STM32C071K8T6, STM32C071K8T6N, STM32C071K8U6, STM32C071K8U6N, STM32C071KBT6, STM32C071KBT6N, STM32C071KBU6, STM32C071KBU6N, STM32C071R8T6, STM32C071R8T6N, STM32C071RBI6N, STM32C071RBT6, STM32C071RBT6N, STM32C091CBT6, STM32C091CBU6, STM32C091CCT6, STM32C091CCU6, STM32C091ECY6TR, STM32C091FBP6, STM32C091FCP6, STM32C091GBU6, STM32C091GCU6, STM32C091KBT6, STM32C091KBU6, STM32C091KCT6, STM32C091KCU6, STM32C091RBT6, STM32C091RCI6, STM32C091RCT6, STM32C092CBT6, STM32C092CBU6, STM32C092CCT6, STM32C092CCU6, STM32C092ECY6TR, STM32C092FBP6, STM32C092FCP6, STM32C092GBU6, STM32C092GCU6, STM32C092KBT6, STM32C092KBU6, STM32C092KCT6, STM32C092KCU6, STM32C092RBT6, STM32C092RCI6, STM32C092RCT6, STM32G071K8TXN, STM32G071K8UXN, STM32G081GBU6N, STM32G081KBT6N, STM32G081KBUXN, STM32G0B1CCT6N, STM32G0B1KCT6, STM32G0B1NEY6TR, STM32G0B1RCT6N, STM32G0C1CCT6, STM32G0C1CCT6N, STM32G0C1CCU6N, STM32G0C1CET6N, STM32G0C1CEU6N, STM32G0C1KCT6, STM32G0C1NEY6TR, STM32G0C1RCI6N, STM32G0C1RCT6N, STM32G0C1REI6N, STM32G0C1RET6N, STM32G0C1VCI6, STM32G0C1VEI6, STM32G411C6T3, STM32G411C6T6, STM32G411C6U3, STM32G411C6U6, STM32G411C8T3, STM32G411C8T6, STM32G411C8U3, STM32G411C8U6, STM32G411CBT3, STM32G411CBT6, STM32G411CBU3, STM32G411CBU6, STM32G411CCT3, STM32G411CCT6, STM32G411CCU3, STM32G411CCU6, STM32G411K6T3, STM32G411K6T6, STM32G411K6U3, STM32G411K6U6, STM32G411K8T3, STM32G411K8T6, STM32G411K8U3, STM32G411K8U6, STM32G411KBT3, STM32G411KBT6, STM32G411KBU3, STM32G411KBU6, STM32G411M6T3, STM32G411M6T6, STM32G411M8T3, STM32G411M8T6, STM32G411MBT3, STM32G411MBT6, STM32G411MCT3, STM32G411MCT6, STM32G411R6T3, STM32G411R6T6, STM32G411R8T3, STM32G411R8T6, STM32G411RBT3, STM32G411RBT6, STM32G411RCT3, STM32G411RCT6, STM32G414CBT3, STM32G414CBT6, STM32G414CBU3, STM32G414CBU6, STM32G414CCT3, STM32G414CCT6, STM32G414CCU3, STM32G414CCU6, STM32G414MBT3, STM32G414MBT6, STM32G414MCT3, STM32G414MCT6, STM32G414RBT3, STM32G414RBT6, STM32G414RCT3, STM32G414RCT6, STM32G414VBT3, STM32G414VBT6, STM32G414VCT3, STM32G414VCT6, STM32G431CBT3Z, STM32G431RBT3Z, STM32G471CCT6, STM32G471CCU6, STM32G471CET3, STM32G471CET6, STM32G471CEU3, STM32G471CEU6, STM32G471MCT6, STM32G471MET3, STM32G471MET6, STM32G471MEY6TR, STM32G471QCT6, STM32G471QET3, STM32G471RCT6, STM32G471RET3, STM32G471RET6, STM32G471VCH6, STM32G471VCI6, STM32G471VCT6, STM32G471VEH3, STM32G471VEH6, STM32G471VEI3, STM32G471VEI6, STM32G471VET3, STM32G471VET6, STM32G473QET3Z, STM32G473RET3Z, STM32G474CCT6, STM32G491RET3Z, STM32H503CBT6, STM32H503CBU6, STM32H503EBY6TR, STM32H503KBU6, STM32H503RBT6, STM32H523CCT6, STM32H523CCU6, STM32H523CET6, STM32H523CEU6, STM32H523HEY6TR, STM32H523RCT6, STM32H523RET6, STM32H523VCI6, STM32H523VCT6, STM32H523VEI6, STM32H523VET6, STM32H523ZCJ6, STM32H523ZCT6, STM32H523ZEJ6, STM32H523ZET6, STM32H533CET6, STM32H533CEU6, STM32H533HEY6TR, STM32H533RET6, STM32H533VEI6, STM32H533VET6, STM32H533ZEJ6, STM32H533ZET6, STM32H562AGI6, STM32H562AII6, STM32H562IGK6, STM32H562IGT6, STM32H562IIK6, STM32H562IIT6, STM32H562RGT6, STM32H562RGV6, STM32H562RIT6, STM32H562RIV6, STM32H562VGT6, STM32H562VIT6, STM32H562ZGT6, STM32H562ZIT6, STM32H563AGI6, STM32H563AII3Q, STM32H563AII6, STM32H563IGK6, STM32H563IGT6, STM32H563IIK3Q, STM32H563IIK6, STM32H563IIT3Q, STM32H563IIT6, STM32H563MIY3QTR, STM32H563RGT6, STM32H563RGV6, STM32H563RIT6, STM32H563RIV6, STM32H563VGT6, STM32H563VIT3Q, STM32H563VIT6, STM32H563ZGT6, STM32H563ZIT3Q, STM32H563ZIT6, STM32H573AII3Q, STM32H573AII6, STM32H573I-DK, STM32H573IIK3Q, STM32H573IIK6, STM32H573IIT3Q, STM32H573IIT6, STM32H573MIY3QTR, STM32H573RIT6, STM32H573RIV6, STM32H573VIT3Q, STM32H573VIT6, STM32H573ZIT3Q, STM32H573ZIT6, STM32H7R3A8I6, STM32H7R3I8K6, STM32H7R3I8T6, STM32H7R3L8H6, STM32H7R3L8H6H, STM32H7R3R8V6, STM32H7R3V8H6, STM32H7R3V8T6, STM32H7R3V8Y6TR, STM32H7R3Z8J6, STM32H7R3Z8T6, STM32H7R7A8I6, STM32H7R7I8K6, STM32H7R7I8T6, STM32H7R7L8H6, STM32H7R7L8H6H, STM32H7R7Z8J6, STM32H7S3A8I6, STM32H7S3I8K6, STM32H7S3I8T6, STM32H7S3L8H6, STM32H7S3L8H6H, STM32H7S3R8V6, STM32H7S3V8H6, STM32H7S3V8T6, STM32H7S3V8Y6TR, STM32H7S3Z8J6, STM32H7S3Z8T6, STM32H7S78-DK, STM32H7S7A8I6, STM32H7S7I8K6, STM32H7S7I8T6, STM32H7S7L8H6, STM32H7S7L8H6H, STM32H7S7Z8J6, STM32L4R5QGI6STR, STM32MP131AAE3, STM32MP131AAF3, STM32MP131AAG3, STM32MP131CAE3, STM32MP131CAF3, STM32MP131CAG3, STM32MP131DAE7, STM32MP131DAF7, STM32MP131DAG7, STM32MP131FAE7, STM32MP131FAF7, STM32MP131FAG7, STM32MP133AAE3, STM32MP133AAF3, STM32MP133AAG3, STM32MP133CAE3, STM32MP133CAF3, STM32MP133CAG3, STM32MP133DAE7, STM32MP133DAF7, STM32MP133DAG7, STM32MP133FAE7, STM32MP133FAF7, STM32MP133FAG7, STM32MP135AAE3, STM32MP135AAF3, STM32MP135AAG3, STM32MP135CAE3, STM32MP135CAF3, STM32MP135CAG3, STM32MP135DAE7, STM32MP135DAF7, STM32MP135DAG7, STM32MP135F-DK, STM32MP135FAE7, STM32MP135FAF7, STM32MP135FAF7T, STM32MP135FAF7U, STM32MP135FAG7, STM32MP231AAJ3, STM32MP231AAK3, STM32MP231AAL3, STM32MP231CAJ3, STM32MP231CAK3, STM32MP231CAL3, STM32MP231DAJ3, STM32MP231DAK3, STM32MP231DAL3, STM32MP231FAJ3, STM32MP231FAK3, STM32MP231FAL3, STM32MP233AAJ3, STM32MP233AAK3, STM32MP233AAL3, STM32MP233CAJ3, STM32MP233CAK3, STM32MP233CAL3, STM32MP233DAJ3, STM32MP233DAK3, STM32MP233DAL3, STM32MP233FAJ3, STM32MP233FAK3, STM32MP233FAL3, STM32MP235AAJ3, STM32MP235AAK3, STM32MP235AAL3, STM32MP235CAJ3, STM32MP235CAK3, STM32MP235CAL3, STM32MP235DAJ3, STM32MP235DAK3, STM32MP235DAL3, STM32MP235FAJ3, STM32MP235FAK3, STM32MP235FAL3, STM32MP251AAI3, STM32MP251AAJ3, STM32MP251AAK3, STM32MP251AAL3, STM32MP251CAI3, STM32MP251CAJ3, STM32MP251CAK3, STM32MP251CAL3, STM32MP251DAI3, STM32MP251DAJ3, STM32MP251DAK3, STM32MP251DAL3, STM32MP251FAI3, STM32MP251FAJ3, STM32MP251FAK3, STM32MP251FAL3, STM32MP253AAI3, STM32MP253AAJ3, STM32MP253AAK3, STM32MP253AAL3, STM32MP253CAI3, STM32MP253CAJ3, STM32MP253CAK3, STM32MP253CAL3, STM32MP253DAI3, STM32MP253DAJ3, STM32MP253DAK3, STM32MP253DAL3, STM32MP253FAI3, STM32MP253FAJ3, STM32MP253FAK3, STM32MP253FAL3, STM32MP255AAI3, STM32MP255AAJ3, STM32MP255AAK3, STM32MP255AAL3, STM32MP255CAI3, STM32MP255CAJ3, STM32MP255CAK3, STM32MP255CAL3, STM32MP255DAI3, STM32MP255DAJ3, STM32MP255DAK3, STM32MP255DAL3, STM32MP255FAI3, STM32MP255FAJ3, STM32MP255FAK3, STM32MP255FAL3, STM32MP257AAI3, STM32MP257AAJ3, STM32MP257AAK3, STM32MP257AAL3, STM32MP257CAI3, STM32MP257CAJ3, STM32MP257CAK3, STM32MP257CAL3, STM32MP257DAI3, STM32MP257DAJ3, STM32MP257DAK3, STM32MP257DAL3, STM32MP257F-DK, STM32MP257F-EV1, STM32MP257FAI3, STM32MP257FAJ3, STM32MP257FAK3, STM32MP257FAL3, STM32N645A0H3Q, STM32N645B0H3Q, STM32N645I0H3Q, STM32N645L0H3Q, STM32N645X0H3Q, STM32N645Z0H3Q, STM32N647A0H3Q, STM32N647B0H3Q, STM32N647I0H3Q, STM32N647L0H3Q, STM32N647X0H3Q, STM32N647Z0H3Q, STM32N655A0H3Q, STM32N655B0H3Q, STM32N655I0H3Q, STM32N655L0H3Q, STM32N655X0H3Q, STM32N655Z0H3Q, STM32N6570-DK, STM32N657A0H3Q, STM32N657B0H3Q, STM32N657I0H3Q, STM32N657L0H3Q, STM32N657X0H3Q, STM32N657Z0H3Q, STM32U031C6T6, STM32U031C6U6, STM32U031C8T6, STM32U031C8U6, STM32U031F4P6, STM32U031F6P6, STM32U031F8P6, STM32U031G6Y6TR, STM32U031G8Y6TR, STM32U031K4U6, STM32U031K6U6, STM32U031K8U6, STM32U031R6I6, STM32U031R6T6, STM32U031R8I6, STM32U031R8T6, STM32U073C8T6, STM32U073C8U6, STM32U073CBT6, STM32U073CBU6, STM32U073CCT6, STM32U073CCU6, STM32U073H8Y6TR, STM32U073HBY6TR, STM32U073HCY6TR, STM32U073K8U6, STM32U073KBU6, STM32U073KCU6, STM32U073M8I6, STM32U073M8T6, STM32U073MBI6, STM32U073MBT6, STM32U073MCI6, STM32U073MCT6, STM32U073R8I6, STM32U073R8T6, STM32U073RBI6, STM32U073RBT6, STM32U073RCI6, STM32U073RCT6, STM32U083C-DK, STM32U083CCT6, STM32U083CCU6, STM32U083HCY6TR, STM32U083KCU6, STM32U083MCI6, STM32U083MCT6, STM32U083RCI6, STM32U083RCT6, STM32U375CET6, STM32U375CET6Q, STM32U375CEU6, STM32U375CEU6Q, STM32U375CEY6QTR, STM32U375CGT6, STM32U375CGT6Q, STM32U375CGU6, STM32U375CGU6Q, STM32U375CGY6QTR, STM32U375KEU6, STM32U375KGU6, STM32U375REI6, STM32U375REI6Q, STM32U375RET6, STM32U375RET6Q, STM32U375REY6GTR, STM32U375REY6QTR, STM32U375RGI6, STM32U375RGI6Q, STM32U375RGT6, STM32U375RGT6Q, STM32U375RGY6GTR, STM32U375RGY6QTR, STM32U375VEI6, STM32U375VEI6Q, STM32U375VET6, STM32U375VET6Q, STM32U375VGI6, STM32U375VGI6Q, STM32U375VGT6, STM32U375VGT6Q, STM32U385CGT6, STM32U385CGT6Q, STM32U385CGU6, STM32U385CGU6Q, STM32U385CGY6QTR, STM32U385KGU6, STM32U385RGI6, STM32U385RGI6Q, STM32U385RGT6, STM32U385RGT6Q, STM32U385RGY6GTR, STM32U385RGY6QTR, STM32U385VGI6, STM32U385VGI6Q, STM32U385VGT6, STM32U385VGT6Q, STM32U535CBT6, STM32U535CBT6Q, STM32U535CBU6, STM32U535CBU6Q, STM32U535CCT6, STM32U535CCT6Q, STM32U535CCU6, STM32U535CCU6Q, STM32U535CET6, STM32U535CET6Q, STM32U535CEU6, STM32U535CEU6Q, STM32U535JEY6QTR, STM32U535NCY6QTR, STM32U535NEY6QTR, STM32U535RBI6, STM32U535RBI6Q, STM32U535RBT6, STM32U535RBT6Q, STM32U535RCI6, STM32U535RCI6Q, STM32U535RCT6, STM32U535RCT6Q, STM32U535REI6, STM32U535REI6Q, STM32U535RET6, STM32U535RET6Q, STM32U535VCI6, STM32U535VCI6Q, STM32U535VCT6, STM32U535VCT6Q, STM32U535VEI6, STM32U535VEI6Q, STM32U535VET6, STM32U535VET6Q, STM32U545CET6, STM32U545CET6Q, STM32U545CEU6, STM32U545CEU6Q, STM32U545JEY6QTR, STM32U545NEY6QTR, STM32U545REI6, STM32U545REI6Q, STM32U545RET6, STM32U545RET6Q, STM32U545VEI6, STM32U545VEI6Q, STM32U545VET6, STM32U545VET6Q, STM32U595AIH6, STM32U595AIH6Q, STM32U595AJH6, STM32U595AJH6Q, STM32U595QII6, STM32U595QII6Q, STM32U595QJI6, STM32U595QJI6Q, STM32U595RIT6, STM32U595RIT6Q, STM32U595RJT6, STM32U595RJT6Q, STM32U595VIT6, STM32U595VIT6Q, STM32U595VJT6, STM32U595VJT6Q, STM32U595ZIT6, STM32U595ZIT6Q, STM32U595ZIY6QTR, STM32U595ZJT6, STM32U595ZJT6Q, STM32U595ZJY6QTR, STM32U599BJY6QTR, STM32U599NIH6Q, STM32U599NJH6Q, STM32U599VIT6Q, STM32U599VJT6, STM32U599VJT6Q, STM32U599ZIT6Q, STM32U599ZIY6QTR, STM32U599ZJT6Q, STM32U599ZJY6QTR, STM32U5A5AJH6, STM32U5A5AJH6Q, STM32U5A5QII3Q , STM32U5A5QJI6, STM32U5A5QJI6Q, STM32U5A5RJT6, STM32U5A5RJT6Q, STM32U5A5VJT6, STM32U5A5VJT6Q, STM32U5A5ZJT6, STM32U5A5ZJT6Q, STM32U5A5ZJY6QTR, STM32U5A9BJY6QTR, STM32U5A9J-DK, STM32U5A9NJH6Q, STM32U5A9VJT6Q, STM32U5A9ZJT6Q, STM32U5A9ZJY6QTR, STM32U5F7VIT6, STM32U5F7VIT6Q, STM32U5F7VJT6, STM32U5F7VJT6Q, STM32U5F9BJY6QTR, STM32U5F9NJH6Q, STM32U5F9VIT6Q, STM32U5F9VJT6Q, STM32U5F9ZIJ6QTR, STM32U5F9ZIT6Q, STM32U5F9ZJJ6QTR, STM32U5F9ZJT6Q, STM32U5G7VJT6, STM32U5G7VJT6Q, STM32U5G9BJY6QTR, STM32U5G9J-DK1, STM32U5G9J-DK2, STM32U5G9NJH6Q, STM32U5G9VJT6Q, STM32U5G9ZJJ6QTR, STM32U5G9ZJT6Q, STM32WB05KZV6TR, STM32WB05KZV7TR, STM32WB05TZF6TR, STM32WB05TZF7TR, STM32WB06CCF6TR, STM32WB06CCF7TR, STM32WB06CCV6TR, STM32WB06CCV7TR, STM32WB06KCV6TR, STM32WB06KCV7TR, STM32WB07CCF6TR, STM32WB07CCF7TR, STM32WB07CCV6TR, STM32WB07CCV7TR, STM32WB07KCV6TR, STM32WB07KCV7TR, STM32WB09KEV6TR, STM32WB09KEV7TR, STM32WB09TEF6TR, STM32WB09TEF7TR, STM32WB1MMCH6, STM32WBA50KGU6, STM32WBA50KGU6TR, STM32WBA52CEU6, STM32WBA52CEU6TR, STM32WBA52CEU7, STM32WBA52CEU7TR, STM32WBA52CGU6, STM32WBA52CGU6TR, STM32WBA52CGU6U, STM32WBA52CGU7, STM32WBA52CGU7TR, STM32WBA52KEU6, STM32WBA52KEU6TR, STM32WBA52KGU6, STM32WBA52KGU6TR, STM32WBA54CEU6, STM32WBA54CEU6TR, STM32WBA54CEU7, STM32WBA54CEU7TR, STM32WBA54CGU6, STM32WBA54CGU6TR, STM32WBA54CGU7, STM32WBA54CGU7TR, STM32WBA54KEU6, STM32WBA54KEU6TR, STM32WBA54KEU7, STM32WBA54KEU7TR, STM32WBA54KGU6, STM32WBA54KGU6TR, STM32WBA54KGU7, STM32WBA54KGU7TR, STM32WBA55CEU6, STM32WBA55CEU6TR, STM32WBA55CEU7, STM32WBA55CEU7TR, STM32WBA55CGU6, STM32WBA55CGU6TR, STM32WBA55CGU6U, STM32WBA55CGU7, STM32WBA55CGU7TR, STM32WBA55G-DK1, STM32WBA55HEF6, STM32WBA55HEF7, STM32WBA55HGF6, STM32WBA55HGF7, STM32WBA55UEI6, STM32WBA55UEI6TR, STM32WBA55UEI7, STM32WBA55UEI7TR, STM32WBA55UGI6, STM32WBA55UGI6TR, STM32WBA55UGI7, STM32WBA55UGI7TR, STM32WBA5MJGH6TR, STM32WBA62CGU6, STM32WBA62CIU6, STM32WBA62MGF6, STM32WBA62MIF6, STM32WBA62PGI6, STM32WBA62PII6, STM32WBA63CGU6, STM32WBA63CGU7, STM32WBA63CIU6, STM32WBA63CIU7, STM32WBA64CGU6, STM32WBA64CGU7, STM32WBA64CIU6, STM32WBA64CIU7, STM32WBA65CGU6, STM32WBA65CGU7, STM32WBA65CIU6, STM32WBA65CIU7, STM32WBA65I-DK1, STM32WBA65MGF6, STM32WBA65MGF7, STM32WBA65MIF6, STM32WBA65MIF7, STM32WBA65PGI6, STM32WBA65PGI7, STM32WBA65PII6, STM32WBA65PII7, STM32WBA65RGV6, STM32WBA65RGV7, STM32WBA65RIV6, STM32WBA65RIV7, STM32WL30K8V6, STM32WL30KBV6, STM32WL31C8V6, STM32WL31CBV6, STM32WL31K8V6, STM32WL31KBV6, STM32WL33C8V6, STM32WL33C8V6TR, STM32WL33C8V7, STM32WL33C8V7TR, STM32WL33CBV6, STM32WL33CBV6TR, STM32WL33CBV7, STM32WL33CBV7TR, STM32WL33CCV6, STM32WL33CCV6TR, STM32WL33CCV7, STM32WL33CCV7A, STM32WL33CCV7ATR, STM32WL33CCV7TR, STM32WL33K8V6, STM32WL33K8V6TR, STM32WL33K8V7, STM32WL33K8V7TR, STM32WL33KBV6, STM32WL33KBV6TR, STM32WL33KBV7, STM32WL33KBV7TR, STM32WL33KCV6, STM32WL33KCV6TR, STM32WL33KCV7, STM32WL33KCV7TR, STM32WL5MOCH6, STM32WL5MOCH6TR]
2025-06-10 15:54:13,077 [INFO] BoardInfo:889 - No configuration file found for board P-NUCLEO-WB55
2025-06-10 15:54:13,079 [INFO] DbBoards:161 - Kit is not supported: P-NUCLEO-WB55
2025-06-10 15:54:13,100 [INFO] BoardInfo:889 - No configuration file found for board STEVAL-BFA001V1B
2025-06-10 15:54:13,132 [INFO] DbBoards:161 - Kit is not supported: STEVAL-BFA001V1B
2025-06-10 15:54:13,136 [INFO] BoardInfo:889 - No configuration file found for board STEVAL-BFA001V2B
2025-06-10 15:54:13,137 [INFO] DbBoards:161 - Kit is not supported: STEVAL-BFA001V2B
2025-06-10 15:54:13,420 [INFO] DbBoards:168 - Found 211 boards, 208 are supported
2025-06-10 15:54:13,420 [INFO] DbBoards:169 - Found 211 boards, 43 of them is supported for  Bsp
2025-06-10 15:54:13,422 [INFO] ApiDb:414 - User favorites file not found: C:\Users\arumu/.stm32cubeide/favorites.boards.txt
2025-06-10 15:54:13,422 [INFO] DbBoards:198 - Set 0 / 0 favorites Boards
2025-06-10 15:54:13,426 [INFO] ApiDb:668 - CubeFinder database Data Model version=2.1
2025-06-10 15:54:13,427 [INFO] ApiDb:669 - CubeFinder database Configuration version=3.0.39
2025-06-10 15:54:13,427 [INFO] ApiDb:670 - CubeFinder database generation date=2025-05-20 (1747743314)
2025-06-10 15:54:13,427 [INFO] ApiDb:671 - CubeFinder database FW Pack versions=[FP-ATR-ASTRA1_V2.0.0, FP-SNS-FLIGHT1_V5.1.0, FP-SNS-MOTENV1_V5.0.0, FP-SNS-MOTENVWB1_V1.4.0, FP-SNS-SMARTAG2_V1.2.0, FP-SNS-STBOX1_V2.0.0, STM32Cube_FW_C0_V1.4.0, STM32Cube_FW_F4_V1.28.2, STM32Cube_FW_F7_V1.17.3, STM32Cube_FW_G0_V1.6.2, STM32Cube_FW_G4_V1.6.1, STM32Cube_FW_H5_V1.5.0, STM32Cube_FW_H7RS_V1.2.0, STM32Cube_FW_H7_V1.12.1, STM32Cube_FW_L0_V1.12.2, STM32Cube_FW_L4_V1.18.1, STM32Cube_FW_L5_V1.5.1, STM32Cube_FW_N6_V1.1.1, STM32Cube_FW_U0_V1.2.0, STM32Cube_FW_U3_V1.1.0, STM32Cube_FW_U5_V1.7.0, STM32Cube_FW_WB0_V1.2.0, STM32Cube_FW_WBA_V1.6.0, STM32Cube_FW_WB_V1.22.0, STM32Cube_FW_WL3_V1.1.0, STM32Cube_FW_WL_V1.3.1, X-CUBE-ALGOBUILD_V1.4.0, X-CUBE-ALS_V1.0.2, X-CUBE-AZRTOS-F4_V1.1.0, X-CUBE-AZRTOS-F7_V1.1.0, X-CUBE-AZRTOS-G0_V1.1.0, X-CUBE-AZRTOS-G4_V2.0.0, X-CUBE-AZRTOS-H7RS_V1.1.0, X-CUBE-AZRTOS-H7_V3.3.0, X-CUBE-AZRTOS-L4_V2.0.0, X-CUBE-AZRTOS-L5_V2.0.0, X-CUBE-AZRTOS-WB_V2.0.0, X-CUBE-AZRTOS-WL_V2.0.0, X-CUBE-BLE1_V7.1.0, X-CUBE-BLE2_V3.3.0, X-CUBE-BLEMGR_V4.0.0, X-CUBE-EEPRMA1_V5.1.0, X-CUBE-FREERTOS_V1.3.1, X-CUBE-GNSS1_V6.0.0, X-CUBE-MEMS1_V11.2.0, X-CUBE-NFC4_V3.0.0, X-CUBE-NFC7_V2.0.0, X-CUBE-SFXS2LP1_V4.0.0, X-CUBE-SUBG2_V5.0.0, X-CUBE-TOF1_V3.4.3]
2025-06-10 15:54:14,297 [ERROR] DbExamplesSqlite:437 - Missing JSON key: board_cpn
2025-06-10 15:54:14,298 [ERROR] DbExamplesSqlite:437 - Missing JSON key: board_cpn
2025-06-10 15:54:14,298 [ERROR] DbExamplesSqlite:437 - Missing JSON key: board_cpn
2025-06-10 15:54:14,298 [ERROR] DbExamplesSqlite:437 - Missing JSON key: board_cpn
2025-06-10 15:54:14,508 [ERROR] DbExamplesSqlite:437 - Missing JSON key: board_cpn
2025-06-10 15:54:14,508 [ERROR] DbExamplesSqlite:437 - Missing JSON key: board_cpn
2025-06-10 15:54:14,508 [ERROR] DbExamplesSqlite:437 - Missing JSON key: board_cpn
2025-06-10 15:54:14,508 [ERROR] DbExamplesSqlite:437 - Missing JSON key: board_cpn
2025-06-10 15:54:14,509 [ERROR] DbExamplesSqlite:437 - Missing JSON key: board_cpn
2025-06-10 15:54:14,509 [ERROR] DbExamplesSqlite:437 - Missing JSON key: board_cpn
2025-06-10 15:54:14,509 [ERROR] DbExamplesSqlite:437 - Missing JSON key: board_cpn
2025-06-10 15:54:14,510 [ERROR] DbExamplesSqlite:437 - Missing JSON key: board_cpn
2025-06-10 15:54:14,510 [ERROR] DbExamplesSqlite:437 - Missing JSON key: board_cpn
2025-06-10 15:54:14,782 [ERROR] DbExamplesSqlite:437 - Missing JSON key: board_cpn
2025-06-10 15:54:14,800 [INFO] DbExamplesSqlite:395 - Ignored 46 examples not supported by CubeIDE
2025-06-10 15:54:14,800 [INFO] DbExamplesSqlite:396 - Found 10821 examples active
2025-06-10 15:54:14,800 [INFO] DbExamplesSqlite:397 - Found 0 examples obsolete
2025-06-10 15:54:14,800 [INFO] DbExamplesSqlite:398 - Found 0 examples under development
2025-06-10 15:54:14,801 [INFO] DbExamplesSqlite:399 - Found 79 examples not building
2025-06-10 15:54:14,806 [INFO] DbExamples:125 - Found 10854 examples
2025-06-10 15:54:14,829 [ERROR] DbExamples:208 - Found 3 examples with invalid data (board or MCU)
2025-06-10 15:54:14,830 [INFO] DbExamples:222 - Found 133 boards with related examples
2025-06-10 15:54:14,832 [INFO] DbExamples:235 - Found 109 MCUs with related examples
2025-06-10 15:54:14,870 [INFO] ApiDb:414 - User favorites file not found: C:\Users\arumu/.stm32cubeide/favorites.examples.txt
2025-06-10 15:54:14,870 [INFO] DbExamples:250 - Set 0 / 0 favorites Examples
2025-06-10 15:54:15,106 [INFO] McuFinderGlobals:76 - Set McuFinderConnectedMode to true
2025-06-10 15:54:15,131 [INFO] MultiScanPanel:200 - Auto-refresh data requested => check proxy status ongoing
2025-06-10 15:54:15,143 [INFO] FinderPluginLoader:95 - Searching for filters in installed packs
2025-06-10 15:54:17,107 [INFO] LoadUrlFilesThread:185 - End of LoadServerUrlFiles without Thread
2025-06-10 15:54:17,130 [INFO] DetailPanel:341 - Set advertising image to C:/Users/arumu/STM32Cube/Repository/\en.summit-h1-25-promotion.jpg
2025-06-10 15:59:31,147 [INFO] MultiScanPanel:200 - Auto-refresh data requested => check proxy status ongoing
2025-06-10 15:59:31,375 [INFO] LoadUrlFilesThread:185 - End of LoadServerUrlFiles without Thread
2025-06-10 15:59:31,375 [INFO] DetailPanel:341 - Set advertising image to C:/Users/arumu/STM32Cube/Repository/\en.summit-h1-25-promotion.jpg
2025-06-10 15:59:31,397 [INFO] DbBoards:642 - Loading board mini-images...
2025-06-10 15:59:31,562 [ERROR] DbBoards:659 - Image file not found for board B-WBA5M-WPAN: C:\Users\arumu\.stmcufinder\plugins\mcufinder//mcu//boards_images/B-WBA5M-WPAN.jpg
2025-06-10 15:59:34,735 [INFO] DbBoards:665 - Loaded 210 board mini-images
2025-06-10 16:06:45,383 [INFO] McuFinderGlobals:76 - Set McuFinderConnectedMode to true
2025-06-10 16:06:47,996 [INFO] ApiDb:448 - Save user favorites file C:\Users\arumu/.stm32cubeide/favorites.mcus.txt: 0 item(s)
2025-06-10 16:06:47,998 [INFO] ApiDb:452 - User favorites MCUs=[]
2025-06-10 16:06:48,016 [INFO] ApiDb:448 - Save user favorites file C:\Users\arumu/.stm32cubeide/favorites.boards.txt: 0 item(s)
2025-06-10 16:06:48,016 [INFO] ApiDb:452 - User favorites Boards=[]
2025-06-10 16:06:49,772 [INFO] McuFinderGlobals:76 - Set McuFinderConnectedMode to true
2025-06-10 16:06:49,861 [INFO] ApiDb:448 - Save user favorites file C:\Users\arumu/.stm32cubeide/favorites.mcus.txt: 0 item(s)
2025-06-10 16:06:49,862 [INFO] ApiDb:452 - User favorites MCUs=[]
2025-06-10 16:06:49,866 [INFO] ApiDb:448 - Save user favorites file C:\Users\arumu/.stm32cubeide/favorites.boards.txt: 0 item(s)
2025-06-10 16:06:49,866 [INFO] ApiDb:452 - User favorites Boards=[]
2025-06-10 16:06:55,573 [INFO] McuFinderGlobals:63 - Set McuFinder mode to 2 (CubeIDE integrated)
2025-06-10 16:06:55,575 [INFO] UserAuth:171 - activating auth plugin
2025-06-10 16:06:55,597 [INFO] UserAuth:484 - Internet connection configuration mode: 1
2025-06-10 16:11:30,076 [INFO] McuFinderGlobals:63 - Set McuFinder mode to 2 (CubeIDE integrated)
2025-06-10 16:11:30,098 [INFO] McuFinderGlobals:76 - Set McuFinderConnectedMode to true
2025-06-10 16:11:30,135 [INFO] MainUpdater:2872 - connection check result : 10
2025-06-10 16:11:30,168 [INFO] MenuBar:473 - Manual Refresh Data
2025-06-10 16:11:30,225 [INFO] FinderAction:103 - Refresh Data: download all database files
2025-06-10 16:11:31,051 [INFO] ServerAccessManage:473 - Download File mcusAds.json._tmp_
2025-06-10 16:11:31,236 [INFO] LoadUrlFilesThread:156 - End of LoadUrlFiles Thread
2025-06-10 16:11:32,160 [INFO] ServerAccessManage:473 - Download File cube-finder-db.zip
2025-06-10 16:11:32,171 [ERROR] ServerAccessManage:651 - User Cancel Download : cube-finder-db.zip.
2025-06-10 16:11:32,321 [INFO] LoadUrlFilesThread:156 - End of LoadUrlFiles Thread
2025-06-10 16:11:34,059 [INFO] DbMcusAds:53 - JSON generation date=Wed May 07 14:37:55 IST 2025 (1746608875484)
2025-06-10 16:11:34,120 [INFO] ApiDb:448 - Save user favorites file C:\Users\arumu/.stm32cubeide/favorites.mcus.txt: 0 item(s)
2025-06-10 16:11:34,120 [INFO] ApiDb:452 - User favorites MCUs=[]
2025-06-10 16:11:34,148 [INFO] ApiDb:581 - Connected to CubeFinder SQLite database (C:\Users\arumu\.stmcufinder\plugins\mcufinder\mcu\cube-finder-db.db)
2025-06-10 16:11:34,357 [INFO] ApiDb:668 - CubeFinder database Data Model version=2.1
2025-06-10 16:11:34,357 [INFO] ApiDb:669 - CubeFinder database Configuration version=3.0.39
2025-06-10 16:11:34,358 [INFO] ApiDb:670 - CubeFinder database generation date=2025-05-20 (1747743314)
2025-06-10 16:11:34,358 [INFO] ApiDb:671 - CubeFinder database FW Pack versions=[FP-ATR-ASTRA1_V2.0.0, FP-SNS-FLIGHT1_V5.1.0, FP-SNS-MOTENV1_V5.0.0, FP-SNS-MOTENVWB1_V1.4.0, FP-SNS-SMARTAG2_V1.2.0, FP-SNS-STBOX1_V2.0.0, STM32Cube_FW_C0_V1.4.0, STM32Cube_FW_F4_V1.28.2, STM32Cube_FW_F7_V1.17.3, STM32Cube_FW_G0_V1.6.2, STM32Cube_FW_G4_V1.6.1, STM32Cube_FW_H5_V1.5.0, STM32Cube_FW_H7RS_V1.2.0, STM32Cube_FW_H7_V1.12.1, STM32Cube_FW_L0_V1.12.2, STM32Cube_FW_L4_V1.18.1, STM32Cube_FW_L5_V1.5.1, STM32Cube_FW_N6_V1.1.1, STM32Cube_FW_U0_V1.2.0, STM32Cube_FW_U3_V1.1.0, STM32Cube_FW_U5_V1.7.0, STM32Cube_FW_WB0_V1.2.0, STM32Cube_FW_WBA_V1.6.0, STM32Cube_FW_WB_V1.22.0, STM32Cube_FW_WL3_V1.1.0, STM32Cube_FW_WL_V1.3.1, X-CUBE-ALGOBUILD_V1.4.0, X-CUBE-ALS_V1.0.2, X-CUBE-AZRTOS-F4_V1.1.0, X-CUBE-AZRTOS-F7_V1.1.0, X-CUBE-AZRTOS-G0_V1.1.0, X-CUBE-AZRTOS-G4_V2.0.0, X-CUBE-AZRTOS-H7RS_V1.1.0, X-CUBE-AZRTOS-H7_V3.3.0, X-CUBE-AZRTOS-L4_V2.0.0, X-CUBE-AZRTOS-L5_V2.0.0, X-CUBE-AZRTOS-WB_V2.0.0, X-CUBE-AZRTOS-WL_V2.0.0, X-CUBE-BLE1_V7.1.0, X-CUBE-BLE2_V3.3.0, X-CUBE-BLEMGR_V4.0.0, X-CUBE-EEPRMA1_V5.1.0, X-CUBE-FREERTOS_V1.3.1, X-CUBE-GNSS1_V6.0.0, X-CUBE-MEMS1_V11.2.0, X-CUBE-NFC4_V3.0.0, X-CUBE-NFC7_V2.0.0, X-CUBE-SFXS2LP1_V4.0.0, X-CUBE-SUBG2_V5.0.0, X-CUBE-TOF1_V3.4.3]
2025-06-10 16:11:38,398 [INFO] ApiDb:240 - Found 895 in-development CPN: [B-G473E-ZEST1S, B-WB1M-WPAN1, B-WBA5M-WPAN, B-WL5M-SUBG1, NUCLEO-C031C6, NUCLEO-C051C8, NUCLEO-C071RB, NUCLEO-C092RC, NUCLEO-H503RB, NUCLEO-H533RE, NUCLEO-H563ZI, NUCLEO-H7S3L8, NUCLEO-N657X0-Q, NUCLEO-U031R8, NUCLEO-U083RC, NUCLEO-U385RG-Q, NUCLEO-U545RE-Q, NUCLEO-U5A5ZJ-Q, NUCLEO-WB05KZ, NUCLEO-WB07CC, NUCLEO-WB09KE, NUCLEO-WBA52CG, NUCLEO-WBA55CG, NUCLEO-WBA65RI, NUCLEO-WL33CC1, NUCLEO-WL33CC2, STEVAL-PROTEUS1, STEVAL-SMARTAG2, STEVAL-STWINBX1, STM320518-EVAL, STM32C0116-DK, STM32C011D6Y3TR, STM32C011D6Y6TR, STM32C011F4P3, STM32C011F4P6, STM32C011F4U3, STM32C011F4U6TR, STM32C011F6P3, STM32C011F6P6, STM32C011F6U3, STM32C011F6U6TR, STM32C011J4M3, STM32C011J4M6, STM32C011J6M3, STM32C011J6M6, STM32C0316-DK, STM32C031C4T3, STM32C031C4T6, STM32C031C4U3, STM32C031C4U6, STM32C031C6T3, STM32C031C6T6, STM32C031C6U3, STM32C031C6U6, STM32C031F4P3, STM32C031F4P6, STM32C031F6P3, STM32C031F6P6, STM32C031G4U3, STM32C031G4U6, STM32C031G6U3, STM32C031G6U6, STM32C031K4T3, STM32C031K4T6, STM32C031K4U3, STM32C031K4U6, STM32C031K6T3, STM32C031K6T6, STM32C031K6U3, STM32C031K6U6, STM32C051C6T6, STM32C051C6U6, STM32C051C8T6, STM32C051C8U6, STM32C051D8Y6TR, STM32C051F6P6, STM32C051F8P6, STM32C051G6U6, STM32C051G8U6, STM32C051K6T6, STM32C051K6U6, STM32C051K8T6, STM32C071C8T6, STM32C071C8T6N, STM32C071C8U6, STM32C071C8U6N, STM32C071CBT6, STM32C071CBT6N, STM32C071CBU6, STM32C071CBU6N, STM32C071F8P6, STM32C071F8P6N, STM32C071FBP6, STM32C071FBP6N, STM32C071FBY6TR, STM32C071G8U6, STM32C071G8U6N, STM32C071GBU6, STM32C071GBU6N, STM32C071K8T6, STM32C071K8T6N, STM32C071K8U6, STM32C071K8U6N, STM32C071KBT6, STM32C071KBT6N, STM32C071KBU6, STM32C071KBU6N, STM32C071R8T6, STM32C071R8T6N, STM32C071RBI6N, STM32C071RBT6, STM32C071RBT6N, STM32C091CBT6, STM32C091CBU6, STM32C091CCT6, STM32C091CCU6, STM32C091ECY6TR, STM32C091FBP6, STM32C091FCP6, STM32C091GBU6, STM32C091GCU6, STM32C091KBT6, STM32C091KBU6, STM32C091KCT6, STM32C091KCU6, STM32C091RBT6, STM32C091RCI6, STM32C091RCT6, STM32C092CBT6, STM32C092CBU6, STM32C092CCT6, STM32C092CCU6, STM32C092ECY6TR, STM32C092FBP6, STM32C092FCP6, STM32C092GBU6, STM32C092GCU6, STM32C092KBT6, STM32C092KBU6, STM32C092KCT6, STM32C092KCU6, STM32C092RBT6, STM32C092RCI6, STM32C092RCT6, STM32G071K8TXN, STM32G071K8UXN, STM32G081GBU6N, STM32G081KBT6N, STM32G081KBUXN, STM32G0B1CCT6N, STM32G0B1KCT6, STM32G0B1NEY6TR, STM32G0B1RCT6N, STM32G0C1CCT6, STM32G0C1CCT6N, STM32G0C1CCU6N, STM32G0C1CET6N, STM32G0C1CEU6N, STM32G0C1KCT6, STM32G0C1NEY6TR, STM32G0C1RCI6N, STM32G0C1RCT6N, STM32G0C1REI6N, STM32G0C1RET6N, STM32G0C1VCI6, STM32G0C1VEI6, STM32G411C6T3, STM32G411C6T6, STM32G411C6U3, STM32G411C6U6, STM32G411C8T3, STM32G411C8T6, STM32G411C8U3, STM32G411C8U6, STM32G411CBT3, STM32G411CBT6, STM32G411CBU3, STM32G411CBU6, STM32G411CCT3, STM32G411CCT6, STM32G411CCU3, STM32G411CCU6, STM32G411K6T3, STM32G411K6T6, STM32G411K6U3, STM32G411K6U6, STM32G411K8T3, STM32G411K8T6, STM32G411K8U3, STM32G411K8U6, STM32G411KBT3, STM32G411KBT6, STM32G411KBU3, STM32G411KBU6, STM32G411M6T3, STM32G411M6T6, STM32G411M8T3, STM32G411M8T6, STM32G411MBT3, STM32G411MBT6, STM32G411MCT3, STM32G411MCT6, STM32G411R6T3, STM32G411R6T6, STM32G411R8T3, STM32G411R8T6, STM32G411RBT3, STM32G411RBT6, STM32G411RCT3, STM32G411RCT6, STM32G414CBT3, STM32G414CBT6, STM32G414CBU3, STM32G414CBU6, STM32G414CCT3, STM32G414CCT6, STM32G414CCU3, STM32G414CCU6, STM32G414MBT3, STM32G414MBT6, STM32G414MCT3, STM32G414MCT6, STM32G414RBT3, STM32G414RBT6, STM32G414RCT3, STM32G414RCT6, STM32G414VBT3, STM32G414VBT6, STM32G414VCT3, STM32G414VCT6, STM32G431CBT3Z, STM32G431RBT3Z, STM32G471CCT6, STM32G471CCU6, STM32G471CET3, STM32G471CET6, STM32G471CEU3, STM32G471CEU6, STM32G471MCT6, STM32G471MET3, STM32G471MET6, STM32G471MEY6TR, STM32G471QCT6, STM32G471QET3, STM32G471RCT6, STM32G471RET3, STM32G471RET6, STM32G471VCH6, STM32G471VCI6, STM32G471VCT6, STM32G471VEH3, STM32G471VEH6, STM32G471VEI3, STM32G471VEI6, STM32G471VET3, STM32G471VET6, STM32G473QET3Z, STM32G473RET3Z, STM32G474CCT6, STM32G491RET3Z, STM32H503CBT6, STM32H503CBU6, STM32H503EBY6TR, STM32H503KBU6, STM32H503RBT6, STM32H523CCT6, STM32H523CCU6, STM32H523CET6, STM32H523CEU6, STM32H523HEY6TR, STM32H523RCT6, STM32H523RET6, STM32H523VCI6, STM32H523VCT6, STM32H523VEI6, STM32H523VET6, STM32H523ZCJ6, STM32H523ZCT6, STM32H523ZEJ6, STM32H523ZET6, STM32H533CET6, STM32H533CEU6, STM32H533HEY6TR, STM32H533RET6, STM32H533VEI6, STM32H533VET6, STM32H533ZEJ6, STM32H533ZET6, STM32H562AGI6, STM32H562AII6, STM32H562IGK6, STM32H562IGT6, STM32H562IIK6, STM32H562IIT6, STM32H562RGT6, STM32H562RGV6, STM32H562RIT6, STM32H562RIV6, STM32H562VGT6, STM32H562VIT6, STM32H562ZGT6, STM32H562ZIT6, STM32H563AGI6, STM32H563AII3Q, STM32H563AII6, STM32H563IGK6, STM32H563IGT6, STM32H563IIK3Q, STM32H563IIK6, STM32H563IIT3Q, STM32H563IIT6, STM32H563MIY3QTR, STM32H563RGT6, STM32H563RGV6, STM32H563RIT6, STM32H563RIV6, STM32H563VGT6, STM32H563VIT3Q, STM32H563VIT6, STM32H563ZGT6, STM32H563ZIT3Q, STM32H563ZIT6, STM32H573AII3Q, STM32H573AII6, STM32H573I-DK, STM32H573IIK3Q, STM32H573IIK6, STM32H573IIT3Q, STM32H573IIT6, STM32H573MIY3QTR, STM32H573RIT6, STM32H573RIV6, STM32H573VIT3Q, STM32H573VIT6, STM32H573ZIT3Q, STM32H573ZIT6, STM32H7R3A8I6, STM32H7R3I8K6, STM32H7R3I8T6, STM32H7R3L8H6, STM32H7R3L8H6H, STM32H7R3R8V6, STM32H7R3V8H6, STM32H7R3V8T6, STM32H7R3V8Y6TR, STM32H7R3Z8J6, STM32H7R3Z8T6, STM32H7R7A8I6, STM32H7R7I8K6, STM32H7R7I8T6, STM32H7R7L8H6, STM32H7R7L8H6H, STM32H7R7Z8J6, STM32H7S3A8I6, STM32H7S3I8K6, STM32H7S3I8T6, STM32H7S3L8H6, STM32H7S3L8H6H, STM32H7S3R8V6, STM32H7S3V8H6, STM32H7S3V8T6, STM32H7S3V8Y6TR, STM32H7S3Z8J6, STM32H7S3Z8T6, STM32H7S78-DK, STM32H7S7A8I6, STM32H7S7I8K6, STM32H7S7I8T6, STM32H7S7L8H6, STM32H7S7L8H6H, STM32H7S7Z8J6, STM32L4R5QGI6STR, STM32MP131AAE3, STM32MP131AAF3, STM32MP131AAG3, STM32MP131CAE3, STM32MP131CAF3, STM32MP131CAG3, STM32MP131DAE7, STM32MP131DAF7, STM32MP131DAG7, STM32MP131FAE7, STM32MP131FAF7, STM32MP131FAG7, STM32MP133AAE3, STM32MP133AAF3, STM32MP133AAG3, STM32MP133CAE3, STM32MP133CAF3, STM32MP133CAG3, STM32MP133DAE7, STM32MP133DAF7, STM32MP133DAG7, STM32MP133FAE7, STM32MP133FAF7, STM32MP133FAG7, STM32MP135AAE3, STM32MP135AAF3, STM32MP135AAG3, STM32MP135CAE3, STM32MP135CAF3, STM32MP135CAG3, STM32MP135DAE7, STM32MP135DAF7, STM32MP135DAG7, STM32MP135F-DK, STM32MP135FAE7, STM32MP135FAF7, STM32MP135FAF7T, STM32MP135FAF7U, STM32MP135FAG7, STM32MP231AAJ3, STM32MP231AAK3, STM32MP231AAL3, STM32MP231CAJ3, STM32MP231CAK3, STM32MP231CAL3, STM32MP231DAJ3, STM32MP231DAK3, STM32MP231DAL3, STM32MP231FAJ3, STM32MP231FAK3, STM32MP231FAL3, STM32MP233AAJ3, STM32MP233AAK3, STM32MP233AAL3, STM32MP233CAJ3, STM32MP233CAK3, STM32MP233CAL3, STM32MP233DAJ3, STM32MP233DAK3, STM32MP233DAL3, STM32MP233FAJ3, STM32MP233FAK3, STM32MP233FAL3, STM32MP235AAJ3, STM32MP235AAK3, STM32MP235AAL3, STM32MP235CAJ3, STM32MP235CAK3, STM32MP235CAL3, STM32MP235DAJ3, STM32MP235DAK3, STM32MP235DAL3, STM32MP235FAJ3, STM32MP235FAK3, STM32MP235FAL3, STM32MP251AAI3, STM32MP251AAJ3, STM32MP251AAK3, STM32MP251AAL3, STM32MP251CAI3, STM32MP251CAJ3, STM32MP251CAK3, STM32MP251CAL3, STM32MP251DAI3, STM32MP251DAJ3, STM32MP251DAK3, STM32MP251DAL3, STM32MP251FAI3, STM32MP251FAJ3, STM32MP251FAK3, STM32MP251FAL3, STM32MP253AAI3, STM32MP253AAJ3, STM32MP253AAK3, STM32MP253AAL3, STM32MP253CAI3, STM32MP253CAJ3, STM32MP253CAK3, STM32MP253CAL3, STM32MP253DAI3, STM32MP253DAJ3, STM32MP253DAK3, STM32MP253DAL3, STM32MP253FAI3, STM32MP253FAJ3, STM32MP253FAK3, STM32MP253FAL3, STM32MP255AAI3, STM32MP255AAJ3, STM32MP255AAK3, STM32MP255AAL3, STM32MP255CAI3, STM32MP255CAJ3, STM32MP255CAK3, STM32MP255CAL3, STM32MP255DAI3, STM32MP255DAJ3, STM32MP255DAK3, STM32MP255DAL3, STM32MP255FAI3, STM32MP255FAJ3, STM32MP255FAK3, STM32MP255FAL3, STM32MP257AAI3, STM32MP257AAJ3, STM32MP257AAK3, STM32MP257AAL3, STM32MP257CAI3, STM32MP257CAJ3, STM32MP257CAK3, STM32MP257CAL3, STM32MP257DAI3, STM32MP257DAJ3, STM32MP257DAK3, STM32MP257DAL3, STM32MP257F-DK, STM32MP257F-EV1, STM32MP257FAI3, STM32MP257FAJ3, STM32MP257FAK3, STM32MP257FAL3, STM32N645A0H3Q, STM32N645B0H3Q, STM32N645I0H3Q, STM32N645L0H3Q, STM32N645X0H3Q, STM32N645Z0H3Q, STM32N647A0H3Q, STM32N647B0H3Q, STM32N647I0H3Q, STM32N647L0H3Q, STM32N647X0H3Q, STM32N647Z0H3Q, STM32N655A0H3Q, STM32N655B0H3Q, STM32N655I0H3Q, STM32N655L0H3Q, STM32N655X0H3Q, STM32N655Z0H3Q, STM32N6570-DK, STM32N657A0H3Q, STM32N657B0H3Q, STM32N657I0H3Q, STM32N657L0H3Q, STM32N657X0H3Q, STM32N657Z0H3Q, STM32U031C6T6, STM32U031C6U6, STM32U031C8T6, STM32U031C8U6, STM32U031F4P6, STM32U031F6P6, STM32U031F8P6, STM32U031G6Y6TR, STM32U031G8Y6TR, STM32U031K4U6, STM32U031K6U6, STM32U031K8U6, STM32U031R6I6, STM32U031R6T6, STM32U031R8I6, STM32U031R8T6, STM32U073C8T6, STM32U073C8U6, STM32U073CBT6, STM32U073CBU6, STM32U073CCT6, STM32U073CCU6, STM32U073H8Y6TR, STM32U073HBY6TR, STM32U073HCY6TR, STM32U073K8U6, STM32U073KBU6, STM32U073KCU6, STM32U073M8I6, STM32U073M8T6, STM32U073MBI6, STM32U073MBT6, STM32U073MCI6, STM32U073MCT6, STM32U073R8I6, STM32U073R8T6, STM32U073RBI6, STM32U073RBT6, STM32U073RCI6, STM32U073RCT6, STM32U083C-DK, STM32U083CCT6, STM32U083CCU6, STM32U083HCY6TR, STM32U083KCU6, STM32U083MCI6, STM32U083MCT6, STM32U083RCI6, STM32U083RCT6, STM32U375CET6, STM32U375CET6Q, STM32U375CEU6, STM32U375CEU6Q, STM32U375CEY6QTR, STM32U375CGT6, STM32U375CGT6Q, STM32U375CGU6, STM32U375CGU6Q, STM32U375CGY6QTR, STM32U375KEU6, STM32U375KGU6, STM32U375REI6, STM32U375REI6Q, STM32U375RET6, STM32U375RET6Q, STM32U375REY6GTR, STM32U375REY6QTR, STM32U375RGI6, STM32U375RGI6Q, STM32U375RGT6, STM32U375RGT6Q, STM32U375RGY6GTR, STM32U375RGY6QTR, STM32U375VEI6, STM32U375VEI6Q, STM32U375VET6, STM32U375VET6Q, STM32U375VGI6, STM32U375VGI6Q, STM32U375VGT6, STM32U375VGT6Q, STM32U385CGT6, STM32U385CGT6Q, STM32U385CGU6, STM32U385CGU6Q, STM32U385CGY6QTR, STM32U385KGU6, STM32U385RGI6, STM32U385RGI6Q, STM32U385RGT6, STM32U385RGT6Q, STM32U385RGY6GTR, STM32U385RGY6QTR, STM32U385VGI6, STM32U385VGI6Q, STM32U385VGT6, STM32U385VGT6Q, STM32U535CBT6, STM32U535CBT6Q, STM32U535CBU6, STM32U535CBU6Q, STM32U535CCT6, STM32U535CCT6Q, STM32U535CCU6, STM32U535CCU6Q, STM32U535CET6, STM32U535CET6Q, STM32U535CEU6, STM32U535CEU6Q, STM32U535JEY6QTR, STM32U535NCY6QTR, STM32U535NEY6QTR, STM32U535RBI6, STM32U535RBI6Q, STM32U535RBT6, STM32U535RBT6Q, STM32U535RCI6, STM32U535RCI6Q, STM32U535RCT6, STM32U535RCT6Q, STM32U535REI6, STM32U535REI6Q, STM32U535RET6, STM32U535RET6Q, STM32U535VCI6, STM32U535VCI6Q, STM32U535VCT6, STM32U535VCT6Q, STM32U535VEI6, STM32U535VEI6Q, STM32U535VET6, STM32U535VET6Q, STM32U545CET6, STM32U545CET6Q, STM32U545CEU6, STM32U545CEU6Q, STM32U545JEY6QTR, STM32U545NEY6QTR, STM32U545REI6, STM32U545REI6Q, STM32U545RET6, STM32U545RET6Q, STM32U545VEI6, STM32U545VEI6Q, STM32U545VET6, STM32U545VET6Q, STM32U595AIH6, STM32U595AIH6Q, STM32U595AJH6, STM32U595AJH6Q, STM32U595QII6, STM32U595QII6Q, STM32U595QJI6, STM32U595QJI6Q, STM32U595RIT6, STM32U595RIT6Q, STM32U595RJT6, STM32U595RJT6Q, STM32U595VIT6, STM32U595VIT6Q, STM32U595VJT6, STM32U595VJT6Q, STM32U595ZIT6, STM32U595ZIT6Q, STM32U595ZIY6QTR, STM32U595ZJT6, STM32U595ZJT6Q, STM32U595ZJY6QTR, STM32U599BJY6QTR, STM32U599NIH6Q, STM32U599NJH6Q, STM32U599VIT6Q, STM32U599VJT6, STM32U599VJT6Q, STM32U599ZIT6Q, STM32U599ZIY6QTR, STM32U599ZJT6Q, STM32U599ZJY6QTR, STM32U5A5AJH6, STM32U5A5AJH6Q, STM32U5A5QII3Q , STM32U5A5QJI6, STM32U5A5QJI6Q, STM32U5A5RJT6, STM32U5A5RJT6Q, STM32U5A5VJT6, STM32U5A5VJT6Q, STM32U5A5ZJT6, STM32U5A5ZJT6Q, STM32U5A5ZJY6QTR, STM32U5A9BJY6QTR, STM32U5A9J-DK, STM32U5A9NJH6Q, STM32U5A9VJT6Q, STM32U5A9ZJT6Q, STM32U5A9ZJY6QTR, STM32U5F7VIT6, STM32U5F7VIT6Q, STM32U5F7VJT6, STM32U5F7VJT6Q, STM32U5F9BJY6QTR, STM32U5F9NJH6Q, STM32U5F9VIT6Q, STM32U5F9VJT6Q, STM32U5F9ZIJ6QTR, STM32U5F9ZIT6Q, STM32U5F9ZJJ6QTR, STM32U5F9ZJT6Q, STM32U5G7VJT6, STM32U5G7VJT6Q, STM32U5G9BJY6QTR, STM32U5G9J-DK1, STM32U5G9J-DK2, STM32U5G9NJH6Q, STM32U5G9VJT6Q, STM32U5G9ZJJ6QTR, STM32U5G9ZJT6Q, STM32WB05KZV6TR, STM32WB05KZV7TR, STM32WB05TZF6TR, STM32WB05TZF7TR, STM32WB06CCF6TR, STM32WB06CCF7TR, STM32WB06CCV6TR, STM32WB06CCV7TR, STM32WB06KCV6TR, STM32WB06KCV7TR, STM32WB07CCF6TR, STM32WB07CCF7TR, STM32WB07CCV6TR, STM32WB07CCV7TR, STM32WB07KCV6TR, STM32WB07KCV7TR, STM32WB09KEV6TR, STM32WB09KEV7TR, STM32WB09TEF6TR, STM32WB09TEF7TR, STM32WB1MMCH6, STM32WBA50KGU6, STM32WBA50KGU6TR, STM32WBA52CEU6, STM32WBA52CEU6TR, STM32WBA52CEU7, STM32WBA52CEU7TR, STM32WBA52CGU6, STM32WBA52CGU6TR, STM32WBA52CGU6U, STM32WBA52CGU7, STM32WBA52CGU7TR, STM32WBA52KEU6, STM32WBA52KEU6TR, STM32WBA52KGU6, STM32WBA52KGU6TR, STM32WBA54CEU6, STM32WBA54CEU6TR, STM32WBA54CEU7, STM32WBA54CEU7TR, STM32WBA54CGU6, STM32WBA54CGU6TR, STM32WBA54CGU7, STM32WBA54CGU7TR, STM32WBA54KEU6, STM32WBA54KEU6TR, STM32WBA54KEU7, STM32WBA54KEU7TR, STM32WBA54KGU6, STM32WBA54KGU6TR, STM32WBA54KGU7, STM32WBA54KGU7TR, STM32WBA55CEU6, STM32WBA55CEU6TR, STM32WBA55CEU7, STM32WBA55CEU7TR, STM32WBA55CGU6, STM32WBA55CGU6TR, STM32WBA55CGU6U, STM32WBA55CGU7, STM32WBA55CGU7TR, STM32WBA55G-DK1, STM32WBA55HEF6, STM32WBA55HEF7, STM32WBA55HGF6, STM32WBA55HGF7, STM32WBA55UEI6, STM32WBA55UEI6TR, STM32WBA55UEI7, STM32WBA55UEI7TR, STM32WBA55UGI6, STM32WBA55UGI6TR, STM32WBA55UGI7, STM32WBA55UGI7TR, STM32WBA5MJGH6TR, STM32WBA62CGU6, STM32WBA62CIU6, STM32WBA62MGF6, STM32WBA62MIF6, STM32WBA62PGI6, STM32WBA62PII6, STM32WBA63CGU6, STM32WBA63CGU7, STM32WBA63CIU6, STM32WBA63CIU7, STM32WBA64CGU6, STM32WBA64CGU7, STM32WBA64CIU6, STM32WBA64CIU7, STM32WBA65CGU6, STM32WBA65CGU7, STM32WBA65CIU6, STM32WBA65CIU7, STM32WBA65I-DK1, STM32WBA65MGF6, STM32WBA65MGF7, STM32WBA65MIF6, STM32WBA65MIF7, STM32WBA65PGI6, STM32WBA65PGI7, STM32WBA65PII6, STM32WBA65PII7, STM32WBA65RGV6, STM32WBA65RGV7, STM32WBA65RIV6, STM32WBA65RIV7, STM32WL30K8V6, STM32WL30KBV6, STM32WL31C8V6, STM32WL31CBV6, STM32WL31K8V6, STM32WL31KBV6, STM32WL33C8V6, STM32WL33C8V6TR, STM32WL33C8V7, STM32WL33C8V7TR, STM32WL33CBV6, STM32WL33CBV6TR, STM32WL33CBV7, STM32WL33CBV7TR, STM32WL33CCV6, STM32WL33CCV6TR, STM32WL33CCV7, STM32WL33CCV7A, STM32WL33CCV7ATR, STM32WL33CCV7TR, STM32WL33K8V6, STM32WL33K8V6TR, STM32WL33K8V7, STM32WL33K8V7TR, STM32WL33KBV6, STM32WL33KBV6TR, STM32WL33KBV7, STM32WL33KBV7TR, STM32WL33KCV6, STM32WL33KCV6TR, STM32WL33KCV7, STM32WL33KCV7TR, STM32WL5MOCH6, STM32WL5MOCH6TR]
2025-06-10 16:11:38,408 [INFO] DbMcus:218 - Found 4686 MCUs, 4686 are supported
2025-06-10 16:11:38,412 [INFO] ApiDb:423 - Load user favorites file C:\Users\arumu/.stm32cubeide/favorites.mcus.txt: 0 item(s)
2025-06-10 16:11:38,412 [INFO] ApiDb:427 - User favorites MCUs=[]
2025-06-10 16:11:38,413 [INFO] DbMcus:224 - Set 0 / 0 favorites MCUs
2025-06-10 16:11:39,254 [INFO] ApiDb:448 - Save user favorites file C:\Users\arumu/.stm32cubeide/favorites.boards.txt: 0 item(s)
2025-06-10 16:11:39,255 [INFO] ApiDb:452 - User favorites Boards=[]
2025-06-10 16:11:39,259 [INFO] ApiDb:581 - Connected to CubeFinder SQLite database (C:\Users\arumu\.stmcufinder\plugins\mcufinder\mcu\cube-finder-db.db)
2025-06-10 16:11:39,369 [INFO] ApiDb:668 - CubeFinder database Data Model version=2.1
2025-06-10 16:11:39,369 [INFO] ApiDb:669 - CubeFinder database Configuration version=3.0.39
2025-06-10 16:11:39,370 [INFO] ApiDb:670 - CubeFinder database generation date=2025-05-20 (1747743314)
2025-06-10 16:11:39,370 [INFO] ApiDb:671 - CubeFinder database FW Pack versions=[FP-ATR-ASTRA1_V2.0.0, FP-SNS-FLIGHT1_V5.1.0, FP-SNS-MOTENV1_V5.0.0, FP-SNS-MOTENVWB1_V1.4.0, FP-SNS-SMARTAG2_V1.2.0, FP-SNS-STBOX1_V2.0.0, STM32Cube_FW_C0_V1.4.0, STM32Cube_FW_F4_V1.28.2, STM32Cube_FW_F7_V1.17.3, STM32Cube_FW_G0_V1.6.2, STM32Cube_FW_G4_V1.6.1, STM32Cube_FW_H5_V1.5.0, STM32Cube_FW_H7RS_V1.2.0, STM32Cube_FW_H7_V1.12.1, STM32Cube_FW_L0_V1.12.2, STM32Cube_FW_L4_V1.18.1, STM32Cube_FW_L5_V1.5.1, STM32Cube_FW_N6_V1.1.1, STM32Cube_FW_U0_V1.2.0, STM32Cube_FW_U3_V1.1.0, STM32Cube_FW_U5_V1.7.0, STM32Cube_FW_WB0_V1.2.0, STM32Cube_FW_WBA_V1.6.0, STM32Cube_FW_WB_V1.22.0, STM32Cube_FW_WL3_V1.1.0, STM32Cube_FW_WL_V1.3.1, X-CUBE-ALGOBUILD_V1.4.0, X-CUBE-ALS_V1.0.2, X-CUBE-AZRTOS-F4_V1.1.0, X-CUBE-AZRTOS-F7_V1.1.0, X-CUBE-AZRTOS-G0_V1.1.0, X-CUBE-AZRTOS-G4_V2.0.0, X-CUBE-AZRTOS-H7RS_V1.1.0, X-CUBE-AZRTOS-H7_V3.3.0, X-CUBE-AZRTOS-L4_V2.0.0, X-CUBE-AZRTOS-L5_V2.0.0, X-CUBE-AZRTOS-WB_V2.0.0, X-CUBE-AZRTOS-WL_V2.0.0, X-CUBE-BLE1_V7.1.0, X-CUBE-BLE2_V3.3.0, X-CUBE-BLEMGR_V4.0.0, X-CUBE-EEPRMA1_V5.1.0, X-CUBE-FREERTOS_V1.3.1, X-CUBE-GNSS1_V6.0.0, X-CUBE-MEMS1_V11.2.0, X-CUBE-NFC4_V3.0.0, X-CUBE-NFC7_V2.0.0, X-CUBE-SFXS2LP1_V4.0.0, X-CUBE-SUBG2_V5.0.0, X-CUBE-TOF1_V3.4.3]
2025-06-10 16:11:39,467 [INFO] DbBoardsSqlite:226 - include board P-NUCLEO-WB55-NUCLEO as a kit item of type 'Nucleo-64'
2025-06-10 16:11:39,467 [INFO] DbBoardsSqlite:226 - include board P-NUCLEO-WB55-USBDONGLE as a kit item of type 'Nucleo USB Dongle'
2025-06-10 16:11:39,468 [INFO] DbBoardsSqlite:226 - include board STEVAL-IDP005V1 as a kit item of type 'Evaluation Board'
2025-06-10 16:11:39,468 [INFO] DbBoardsSqlite:226 - include board STEVAL-IDP005V2 as a kit item of type 'Evaluation Board'
2025-06-10 16:11:39,583 [INFO] ApiDb:240 - Found 895 in-development CPN: [B-G473E-ZEST1S, B-WB1M-WPAN1, B-WBA5M-WPAN, B-WL5M-SUBG1, NUCLEO-C031C6, NUCLEO-C051C8, NUCLEO-C071RB, NUCLEO-C092RC, NUCLEO-H503RB, NUCLEO-H533RE, NUCLEO-H563ZI, NUCLEO-H7S3L8, NUCLEO-N657X0-Q, NUCLEO-U031R8, NUCLEO-U083RC, NUCLEO-U385RG-Q, NUCLEO-U545RE-Q, NUCLEO-U5A5ZJ-Q, NUCLEO-WB05KZ, NUCLEO-WB07CC, NUCLEO-WB09KE, NUCLEO-WBA52CG, NUCLEO-WBA55CG, NUCLEO-WBA65RI, NUCLEO-WL33CC1, NUCLEO-WL33CC2, STEVAL-PROTEUS1, STEVAL-SMARTAG2, STEVAL-STWINBX1, STM320518-EVAL, STM32C0116-DK, STM32C011D6Y3TR, STM32C011D6Y6TR, STM32C011F4P3, STM32C011F4P6, STM32C011F4U3, STM32C011F4U6TR, STM32C011F6P3, STM32C011F6P6, STM32C011F6U3, STM32C011F6U6TR, STM32C011J4M3, STM32C011J4M6, STM32C011J6M3, STM32C011J6M6, STM32C0316-DK, STM32C031C4T3, STM32C031C4T6, STM32C031C4U3, STM32C031C4U6, STM32C031C6T3, STM32C031C6T6, STM32C031C6U3, STM32C031C6U6, STM32C031F4P3, STM32C031F4P6, STM32C031F6P3, STM32C031F6P6, STM32C031G4U3, STM32C031G4U6, STM32C031G6U3, STM32C031G6U6, STM32C031K4T3, STM32C031K4T6, STM32C031K4U3, STM32C031K4U6, STM32C031K6T3, STM32C031K6T6, STM32C031K6U3, STM32C031K6U6, STM32C051C6T6, STM32C051C6U6, STM32C051C8T6, STM32C051C8U6, STM32C051D8Y6TR, STM32C051F6P6, STM32C051F8P6, STM32C051G6U6, STM32C051G8U6, STM32C051K6T6, STM32C051K6U6, STM32C051K8T6, STM32C071C8T6, STM32C071C8T6N, STM32C071C8U6, STM32C071C8U6N, STM32C071CBT6, STM32C071CBT6N, STM32C071CBU6, STM32C071CBU6N, STM32C071F8P6, STM32C071F8P6N, STM32C071FBP6, STM32C071FBP6N, STM32C071FBY6TR, STM32C071G8U6, STM32C071G8U6N, STM32C071GBU6, STM32C071GBU6N, STM32C071K8T6, STM32C071K8T6N, STM32C071K8U6, STM32C071K8U6N, STM32C071KBT6, STM32C071KBT6N, STM32C071KBU6, STM32C071KBU6N, STM32C071R8T6, STM32C071R8T6N, STM32C071RBI6N, STM32C071RBT6, STM32C071RBT6N, STM32C091CBT6, STM32C091CBU6, STM32C091CCT6, STM32C091CCU6, STM32C091ECY6TR, STM32C091FBP6, STM32C091FCP6, STM32C091GBU6, STM32C091GCU6, STM32C091KBT6, STM32C091KBU6, STM32C091KCT6, STM32C091KCU6, STM32C091RBT6, STM32C091RCI6, STM32C091RCT6, STM32C092CBT6, STM32C092CBU6, STM32C092CCT6, STM32C092CCU6, STM32C092ECY6TR, STM32C092FBP6, STM32C092FCP6, STM32C092GBU6, STM32C092GCU6, STM32C092KBT6, STM32C092KBU6, STM32C092KCT6, STM32C092KCU6, STM32C092RBT6, STM32C092RCI6, STM32C092RCT6, STM32G071K8TXN, STM32G071K8UXN, STM32G081GBU6N, STM32G081KBT6N, STM32G081KBUXN, STM32G0B1CCT6N, STM32G0B1KCT6, STM32G0B1NEY6TR, STM32G0B1RCT6N, STM32G0C1CCT6, STM32G0C1CCT6N, STM32G0C1CCU6N, STM32G0C1CET6N, STM32G0C1CEU6N, STM32G0C1KCT6, STM32G0C1NEY6TR, STM32G0C1RCI6N, STM32G0C1RCT6N, STM32G0C1REI6N, STM32G0C1RET6N, STM32G0C1VCI6, STM32G0C1VEI6, STM32G411C6T3, STM32G411C6T6, STM32G411C6U3, STM32G411C6U6, STM32G411C8T3, STM32G411C8T6, STM32G411C8U3, STM32G411C8U6, STM32G411CBT3, STM32G411CBT6, STM32G411CBU3, STM32G411CBU6, STM32G411CCT3, STM32G411CCT6, STM32G411CCU3, STM32G411CCU6, STM32G411K6T3, STM32G411K6T6, STM32G411K6U3, STM32G411K6U6, STM32G411K8T3, STM32G411K8T6, STM32G411K8U3, STM32G411K8U6, STM32G411KBT3, STM32G411KBT6, STM32G411KBU3, STM32G411KBU6, STM32G411M6T3, STM32G411M6T6, STM32G411M8T3, STM32G411M8T6, STM32G411MBT3, STM32G411MBT6, STM32G411MCT3, STM32G411MCT6, STM32G411R6T3, STM32G411R6T6, STM32G411R8T3, STM32G411R8T6, STM32G411RBT3, STM32G411RBT6, STM32G411RCT3, STM32G411RCT6, STM32G414CBT3, STM32G414CBT6, STM32G414CBU3, STM32G414CBU6, STM32G414CCT3, STM32G414CCT6, STM32G414CCU3, STM32G414CCU6, STM32G414MBT3, STM32G414MBT6, STM32G414MCT3, STM32G414MCT6, STM32G414RBT3, STM32G414RBT6, STM32G414RCT3, STM32G414RCT6, STM32G414VBT3, STM32G414VBT6, STM32G414VCT3, STM32G414VCT6, STM32G431CBT3Z, STM32G431RBT3Z, STM32G471CCT6, STM32G471CCU6, STM32G471CET3, STM32G471CET6, STM32G471CEU3, STM32G471CEU6, STM32G471MCT6, STM32G471MET3, STM32G471MET6, STM32G471MEY6TR, STM32G471QCT6, STM32G471QET3, STM32G471RCT6, STM32G471RET3, STM32G471RET6, STM32G471VCH6, STM32G471VCI6, STM32G471VCT6, STM32G471VEH3, STM32G471VEH6, STM32G471VEI3, STM32G471VEI6, STM32G471VET3, STM32G471VET6, STM32G473QET3Z, STM32G473RET3Z, STM32G474CCT6, STM32G491RET3Z, STM32H503CBT6, STM32H503CBU6, STM32H503EBY6TR, STM32H503KBU6, STM32H503RBT6, STM32H523CCT6, STM32H523CCU6, STM32H523CET6, STM32H523CEU6, STM32H523HEY6TR, STM32H523RCT6, STM32H523RET6, STM32H523VCI6, STM32H523VCT6, STM32H523VEI6, STM32H523VET6, STM32H523ZCJ6, STM32H523ZCT6, STM32H523ZEJ6, STM32H523ZET6, STM32H533CET6, STM32H533CEU6, STM32H533HEY6TR, STM32H533RET6, STM32H533VEI6, STM32H533VET6, STM32H533ZEJ6, STM32H533ZET6, STM32H562AGI6, STM32H562AII6, STM32H562IGK6, STM32H562IGT6, STM32H562IIK6, STM32H562IIT6, STM32H562RGT6, STM32H562RGV6, STM32H562RIT6, STM32H562RIV6, STM32H562VGT6, STM32H562VIT6, STM32H562ZGT6, STM32H562ZIT6, STM32H563AGI6, STM32H563AII3Q, STM32H563AII6, STM32H563IGK6, STM32H563IGT6, STM32H563IIK3Q, STM32H563IIK6, STM32H563IIT3Q, STM32H563IIT6, STM32H563MIY3QTR, STM32H563RGT6, STM32H563RGV6, STM32H563RIT6, STM32H563RIV6, STM32H563VGT6, STM32H563VIT3Q, STM32H563VIT6, STM32H563ZGT6, STM32H563ZIT3Q, STM32H563ZIT6, STM32H573AII3Q, STM32H573AII6, STM32H573I-DK, STM32H573IIK3Q, STM32H573IIK6, STM32H573IIT3Q, STM32H573IIT6, STM32H573MIY3QTR, STM32H573RIT6, STM32H573RIV6, STM32H573VIT3Q, STM32H573VIT6, STM32H573ZIT3Q, STM32H573ZIT6, STM32H7R3A8I6, STM32H7R3I8K6, STM32H7R3I8T6, STM32H7R3L8H6, STM32H7R3L8H6H, STM32H7R3R8V6, STM32H7R3V8H6, STM32H7R3V8T6, STM32H7R3V8Y6TR, STM32H7R3Z8J6, STM32H7R3Z8T6, STM32H7R7A8I6, STM32H7R7I8K6, STM32H7R7I8T6, STM32H7R7L8H6, STM32H7R7L8H6H, STM32H7R7Z8J6, STM32H7S3A8I6, STM32H7S3I8K6, STM32H7S3I8T6, STM32H7S3L8H6, STM32H7S3L8H6H, STM32H7S3R8V6, STM32H7S3V8H6, STM32H7S3V8T6, STM32H7S3V8Y6TR, STM32H7S3Z8J6, STM32H7S3Z8T6, STM32H7S78-DK, STM32H7S7A8I6, STM32H7S7I8K6, STM32H7S7I8T6, STM32H7S7L8H6, STM32H7S7L8H6H, STM32H7S7Z8J6, STM32L4R5QGI6STR, STM32MP131AAE3, STM32MP131AAF3, STM32MP131AAG3, STM32MP131CAE3, STM32MP131CAF3, STM32MP131CAG3, STM32MP131DAE7, STM32MP131DAF7, STM32MP131DAG7, STM32MP131FAE7, STM32MP131FAF7, STM32MP131FAG7, STM32MP133AAE3, STM32MP133AAF3, STM32MP133AAG3, STM32MP133CAE3, STM32MP133CAF3, STM32MP133CAG3, STM32MP133DAE7, STM32MP133DAF7, STM32MP133DAG7, STM32MP133FAE7, STM32MP133FAF7, STM32MP133FAG7, STM32MP135AAE3, STM32MP135AAF3, STM32MP135AAG3, STM32MP135CAE3, STM32MP135CAF3, STM32MP135CAG3, STM32MP135DAE7, STM32MP135DAF7, STM32MP135DAG7, STM32MP135F-DK, STM32MP135FAE7, STM32MP135FAF7, STM32MP135FAF7T, STM32MP135FAF7U, STM32MP135FAG7, STM32MP231AAJ3, STM32MP231AAK3, STM32MP231AAL3, STM32MP231CAJ3, STM32MP231CAK3, STM32MP231CAL3, STM32MP231DAJ3, STM32MP231DAK3, STM32MP231DAL3, STM32MP231FAJ3, STM32MP231FAK3, STM32MP231FAL3, STM32MP233AAJ3, STM32MP233AAK3, STM32MP233AAL3, STM32MP233CAJ3, STM32MP233CAK3, STM32MP233CAL3, STM32MP233DAJ3, STM32MP233DAK3, STM32MP233DAL3, STM32MP233FAJ3, STM32MP233FAK3, STM32MP233FAL3, STM32MP235AAJ3, STM32MP235AAK3, STM32MP235AAL3, STM32MP235CAJ3, STM32MP235CAK3, STM32MP235CAL3, STM32MP235DAJ3, STM32MP235DAK3, STM32MP235DAL3, STM32MP235FAJ3, STM32MP235FAK3, STM32MP235FAL3, STM32MP251AAI3, STM32MP251AAJ3, STM32MP251AAK3, STM32MP251AAL3, STM32MP251CAI3, STM32MP251CAJ3, STM32MP251CAK3, STM32MP251CAL3, STM32MP251DAI3, STM32MP251DAJ3, STM32MP251DAK3, STM32MP251DAL3, STM32MP251FAI3, STM32MP251FAJ3, STM32MP251FAK3, STM32MP251FAL3, STM32MP253AAI3, STM32MP253AAJ3, STM32MP253AAK3, STM32MP253AAL3, STM32MP253CAI3, STM32MP253CAJ3, STM32MP253CAK3, STM32MP253CAL3, STM32MP253DAI3, STM32MP253DAJ3, STM32MP253DAK3, STM32MP253DAL3, STM32MP253FAI3, STM32MP253FAJ3, STM32MP253FAK3, STM32MP253FAL3, STM32MP255AAI3, STM32MP255AAJ3, STM32MP255AAK3, STM32MP255AAL3, STM32MP255CAI3, STM32MP255CAJ3, STM32MP255CAK3, STM32MP255CAL3, STM32MP255DAI3, STM32MP255DAJ3, STM32MP255DAK3, STM32MP255DAL3, STM32MP255FAI3, STM32MP255FAJ3, STM32MP255FAK3, STM32MP255FAL3, STM32MP257AAI3, STM32MP257AAJ3, STM32MP257AAK3, STM32MP257AAL3, STM32MP257CAI3, STM32MP257CAJ3, STM32MP257CAK3, STM32MP257CAL3, STM32MP257DAI3, STM32MP257DAJ3, STM32MP257DAK3, STM32MP257DAL3, STM32MP257F-DK, STM32MP257F-EV1, STM32MP257FAI3, STM32MP257FAJ3, STM32MP257FAK3, STM32MP257FAL3, STM32N645A0H3Q, STM32N645B0H3Q, STM32N645I0H3Q, STM32N645L0H3Q, STM32N645X0H3Q, STM32N645Z0H3Q, STM32N647A0H3Q, STM32N647B0H3Q, STM32N647I0H3Q, STM32N647L0H3Q, STM32N647X0H3Q, STM32N647Z0H3Q, STM32N655A0H3Q, STM32N655B0H3Q, STM32N655I0H3Q, STM32N655L0H3Q, STM32N655X0H3Q, STM32N655Z0H3Q, STM32N6570-DK, STM32N657A0H3Q, STM32N657B0H3Q, STM32N657I0H3Q, STM32N657L0H3Q, STM32N657X0H3Q, STM32N657Z0H3Q, STM32U031C6T6, STM32U031C6U6, STM32U031C8T6, STM32U031C8U6, STM32U031F4P6, STM32U031F6P6, STM32U031F8P6, STM32U031G6Y6TR, STM32U031G8Y6TR, STM32U031K4U6, STM32U031K6U6, STM32U031K8U6, STM32U031R6I6, STM32U031R6T6, STM32U031R8I6, STM32U031R8T6, STM32U073C8T6, STM32U073C8U6, STM32U073CBT6, STM32U073CBU6, STM32U073CCT6, STM32U073CCU6, STM32U073H8Y6TR, STM32U073HBY6TR, STM32U073HCY6TR, STM32U073K8U6, STM32U073KBU6, STM32U073KCU6, STM32U073M8I6, STM32U073M8T6, STM32U073MBI6, STM32U073MBT6, STM32U073MCI6, STM32U073MCT6, STM32U073R8I6, STM32U073R8T6, STM32U073RBI6, STM32U073RBT6, STM32U073RCI6, STM32U073RCT6, STM32U083C-DK, STM32U083CCT6, STM32U083CCU6, STM32U083HCY6TR, STM32U083KCU6, STM32U083MCI6, STM32U083MCT6, STM32U083RCI6, STM32U083RCT6, STM32U375CET6, STM32U375CET6Q, STM32U375CEU6, STM32U375CEU6Q, STM32U375CEY6QTR, STM32U375CGT6, STM32U375CGT6Q, STM32U375CGU6, STM32U375CGU6Q, STM32U375CGY6QTR, STM32U375KEU6, STM32U375KGU6, STM32U375REI6, STM32U375REI6Q, STM32U375RET6, STM32U375RET6Q, STM32U375REY6GTR, STM32U375REY6QTR, STM32U375RGI6, STM32U375RGI6Q, STM32U375RGT6, STM32U375RGT6Q, STM32U375RGY6GTR, STM32U375RGY6QTR, STM32U375VEI6, STM32U375VEI6Q, STM32U375VET6, STM32U375VET6Q, STM32U375VGI6, STM32U375VGI6Q, STM32U375VGT6, STM32U375VGT6Q, STM32U385CGT6, STM32U385CGT6Q, STM32U385CGU6, STM32U385CGU6Q, STM32U385CGY6QTR, STM32U385KGU6, STM32U385RGI6, STM32U385RGI6Q, STM32U385RGT6, STM32U385RGT6Q, STM32U385RGY6GTR, STM32U385RGY6QTR, STM32U385VGI6, STM32U385VGI6Q, STM32U385VGT6, STM32U385VGT6Q, STM32U535CBT6, STM32U535CBT6Q, STM32U535CBU6, STM32U535CBU6Q, STM32U535CCT6, STM32U535CCT6Q, STM32U535CCU6, STM32U535CCU6Q, STM32U535CET6, STM32U535CET6Q, STM32U535CEU6, STM32U535CEU6Q, STM32U535JEY6QTR, STM32U535NCY6QTR, STM32U535NEY6QTR, STM32U535RBI6, STM32U535RBI6Q, STM32U535RBT6, STM32U535RBT6Q, STM32U535RCI6, STM32U535RCI6Q, STM32U535RCT6, STM32U535RCT6Q, STM32U535REI6, STM32U535REI6Q, STM32U535RET6, STM32U535RET6Q, STM32U535VCI6, STM32U535VCI6Q, STM32U535VCT6, STM32U535VCT6Q, STM32U535VEI6, STM32U535VEI6Q, STM32U535VET6, STM32U535VET6Q, STM32U545CET6, STM32U545CET6Q, STM32U545CEU6, STM32U545CEU6Q, STM32U545JEY6QTR, STM32U545NEY6QTR, STM32U545REI6, STM32U545REI6Q, STM32U545RET6, STM32U545RET6Q, STM32U545VEI6, STM32U545VEI6Q, STM32U545VET6, STM32U545VET6Q, STM32U595AIH6, STM32U595AIH6Q, STM32U595AJH6, STM32U595AJH6Q, STM32U595QII6, STM32U595QII6Q, STM32U595QJI6, STM32U595QJI6Q, STM32U595RIT6, STM32U595RIT6Q, STM32U595RJT6, STM32U595RJT6Q, STM32U595VIT6, STM32U595VIT6Q, STM32U595VJT6, STM32U595VJT6Q, STM32U595ZIT6, STM32U595ZIT6Q, STM32U595ZIY6QTR, STM32U595ZJT6, STM32U595ZJT6Q, STM32U595ZJY6QTR, STM32U599BJY6QTR, STM32U599NIH6Q, STM32U599NJH6Q, STM32U599VIT6Q, STM32U599VJT6, STM32U599VJT6Q, STM32U599ZIT6Q, STM32U599ZIY6QTR, STM32U599ZJT6Q, STM32U599ZJY6QTR, STM32U5A5AJH6, STM32U5A5AJH6Q, STM32U5A5QII3Q , STM32U5A5QJI6, STM32U5A5QJI6Q, STM32U5A5RJT6, STM32U5A5RJT6Q, STM32U5A5VJT6, STM32U5A5VJT6Q, STM32U5A5ZJT6, STM32U5A5ZJT6Q, STM32U5A5ZJY6QTR, STM32U5A9BJY6QTR, STM32U5A9J-DK, STM32U5A9NJH6Q, STM32U5A9VJT6Q, STM32U5A9ZJT6Q, STM32U5A9ZJY6QTR, STM32U5F7VIT6, STM32U5F7VIT6Q, STM32U5F7VJT6, STM32U5F7VJT6Q, STM32U5F9BJY6QTR, STM32U5F9NJH6Q, STM32U5F9VIT6Q, STM32U5F9VJT6Q, STM32U5F9ZIJ6QTR, STM32U5F9ZIT6Q, STM32U5F9ZJJ6QTR, STM32U5F9ZJT6Q, STM32U5G7VJT6, STM32U5G7VJT6Q, STM32U5G9BJY6QTR, STM32U5G9J-DK1, STM32U5G9J-DK2, STM32U5G9NJH6Q, STM32U5G9VJT6Q, STM32U5G9ZJJ6QTR, STM32U5G9ZJT6Q, STM32WB05KZV6TR, STM32WB05KZV7TR, STM32WB05TZF6TR, STM32WB05TZF7TR, STM32WB06CCF6TR, STM32WB06CCF7TR, STM32WB06CCV6TR, STM32WB06CCV7TR, STM32WB06KCV6TR, STM32WB06KCV7TR, STM32WB07CCF6TR, STM32WB07CCF7TR, STM32WB07CCV6TR, STM32WB07CCV7TR, STM32WB07KCV6TR, STM32WB07KCV7TR, STM32WB09KEV6TR, STM32WB09KEV7TR, STM32WB09TEF6TR, STM32WB09TEF7TR, STM32WB1MMCH6, STM32WBA50KGU6, STM32WBA50KGU6TR, STM32WBA52CEU6, STM32WBA52CEU6TR, STM32WBA52CEU7, STM32WBA52CEU7TR, STM32WBA52CGU6, STM32WBA52CGU6TR, STM32WBA52CGU6U, STM32WBA52CGU7, STM32WBA52CGU7TR, STM32WBA52KEU6, STM32WBA52KEU6TR, STM32WBA52KGU6, STM32WBA52KGU6TR, STM32WBA54CEU6, STM32WBA54CEU6TR, STM32WBA54CEU7, STM32WBA54CEU7TR, STM32WBA54CGU6, STM32WBA54CGU6TR, STM32WBA54CGU7, STM32WBA54CGU7TR, STM32WBA54KEU6, STM32WBA54KEU6TR, STM32WBA54KEU7, STM32WBA54KEU7TR, STM32WBA54KGU6, STM32WBA54KGU6TR, STM32WBA54KGU7, STM32WBA54KGU7TR, STM32WBA55CEU6, STM32WBA55CEU6TR, STM32WBA55CEU7, STM32WBA55CEU7TR, STM32WBA55CGU6, STM32WBA55CGU6TR, STM32WBA55CGU6U, STM32WBA55CGU7, STM32WBA55CGU7TR, STM32WBA55G-DK1, STM32WBA55HEF6, STM32WBA55HEF7, STM32WBA55HGF6, STM32WBA55HGF7, STM32WBA55UEI6, STM32WBA55UEI6TR, STM32WBA55UEI7, STM32WBA55UEI7TR, STM32WBA55UGI6, STM32WBA55UGI6TR, STM32WBA55UGI7, STM32WBA55UGI7TR, STM32WBA5MJGH6TR, STM32WBA62CGU6, STM32WBA62CIU6, STM32WBA62MGF6, STM32WBA62MIF6, STM32WBA62PGI6, STM32WBA62PII6, STM32WBA63CGU6, STM32WBA63CGU7, STM32WBA63CIU6, STM32WBA63CIU7, STM32WBA64CGU6, STM32WBA64CGU7, STM32WBA64CIU6, STM32WBA64CIU7, STM32WBA65CGU6, STM32WBA65CGU7, STM32WBA65CIU6, STM32WBA65CIU7, STM32WBA65I-DK1, STM32WBA65MGF6, STM32WBA65MGF7, STM32WBA65MIF6, STM32WBA65MIF7, STM32WBA65PGI6, STM32WBA65PGI7, STM32WBA65PII6, STM32WBA65PII7, STM32WBA65RGV6, STM32WBA65RGV7, STM32WBA65RIV6, STM32WBA65RIV7, STM32WL30K8V6, STM32WL30KBV6, STM32WL31C8V6, STM32WL31CBV6, STM32WL31K8V6, STM32WL31KBV6, STM32WL33C8V6, STM32WL33C8V6TR, STM32WL33C8V7, STM32WL33C8V7TR, STM32WL33CBV6, STM32WL33CBV6TR, STM32WL33CBV7, STM32WL33CBV7TR, STM32WL33CCV6, STM32WL33CCV6TR, STM32WL33CCV7, STM32WL33CCV7A, STM32WL33CCV7ATR, STM32WL33CCV7TR, STM32WL33K8V6, STM32WL33K8V6TR, STM32WL33K8V7, STM32WL33K8V7TR, STM32WL33KBV6, STM32WL33KBV6TR, STM32WL33KBV7, STM32WL33KBV7TR, STM32WL33KCV6, STM32WL33KCV6TR, STM32WL33KCV7, STM32WL33KCV7TR, STM32WL5MOCH6, STM32WL5MOCH6TR]
2025-06-10 16:11:40,423 [INFO] BoardInfo:889 - No configuration file found for board P-NUCLEO-WB55
2025-06-10 16:11:40,424 [INFO] DbBoards:161 - Kit is not supported: P-NUCLEO-WB55
2025-06-10 16:11:40,450 [INFO] BoardInfo:889 - No configuration file found for board STEVAL-BFA001V1B
2025-06-10 16:11:40,453 [INFO] DbBoards:161 - Kit is not supported: STEVAL-BFA001V1B
2025-06-10 16:11:40,459 [INFO] BoardInfo:889 - No configuration file found for board STEVAL-BFA001V2B
2025-06-10 16:11:40,462 [INFO] DbBoards:161 - Kit is not supported: STEVAL-BFA001V2B
2025-06-10 16:11:41,297 [INFO] DbBoards:168 - Found 211 boards, 208 are supported
2025-06-10 16:11:41,300 [INFO] DbBoards:169 - Found 211 boards, 43 of them is supported for  Bsp
2025-06-10 16:11:41,308 [INFO] ApiDb:423 - Load user favorites file C:\Users\arumu/.stm32cubeide/favorites.boards.txt: 0 item(s)
2025-06-10 16:11:41,309 [INFO] ApiDb:427 - User favorites Boards=[]
2025-06-10 16:11:41,309 [INFO] DbBoards:198 - Set 0 / 0 favorites Boards
2025-06-10 16:11:41,490 [ERROR] FinderAction:121 - Unable to refresh all data
2025-06-10 16:12:35,814 [INFO] McuFinderGlobals:63 - Set McuFinder mode to 2 (CubeIDE integrated)
2025-06-10 16:12:35,818 [INFO] UserAuth:171 - activating auth plugin
2025-06-10 16:12:35,897 [INFO] UserAuth:484 - Internet connection configuration mode: 1
2025-06-10 16:29:44,782 [INFO] MainUpdater:2872 - connection check result : 10
2025-06-10 16:29:45,163 [INFO] McuFinderGlobals:76 - Set McuFinderConnectedMode to true
2025-06-10 16:29:45,180 [INFO] MultiScanPanel:200 - Auto-refresh data requested => check proxy status ongoing
2025-06-10 16:29:45,187 [INFO] FinderPluginLoader:95 - Searching for filters in installed packs
2025-06-10 16:29:47,141 [INFO] LoadUrlFilesThread:185 - End of LoadServerUrlFiles without Thread
2025-06-10 16:29:47,150 [INFO] DetailPanel:341 - Set advertising image to C:/Users/arumu/STM32Cube/Repository/\en.summit-h1-25-promotion.jpg
2025-06-10 16:29:54,652 [INFO] MultiScanPanel:200 - Auto-refresh data requested => check proxy status ongoing
2025-06-10 16:29:54,740 [INFO] LoadUrlFilesThread:185 - End of LoadServerUrlFiles without Thread
2025-06-10 16:29:54,741 [INFO] DetailPanel:341 - Set advertising image to C:/Users/arumu/STM32Cube/Repository/\en.summit-h1-25-promotion.jpg
2025-06-10 16:29:54,750 [INFO] DbBoards:642 - Loading board mini-images...
2025-06-10 16:29:54,870 [ERROR] DbBoards:659 - Image file not found for board B-WBA5M-WPAN: C:\Users\arumu\.stmcufinder\plugins\mcufinder//mcu//boards_images/B-WBA5M-WPAN.jpg
2025-06-10 16:29:57,896 [INFO] DbBoards:665 - Loaded 210 board mini-images
2025-06-10 16:37:18,419 [INFO] MainUpdater:2872 - connection check result : 10
2025-06-10 16:37:18,419 [INFO] MainUpdater:2872 - connection check result : 10
2025-06-10 16:37:18,474 [INFO] MicroXplorer:468 - Change Database Path : 
2025-06-10 16:37:18,475 [INFO] MicroXplorer:498 - Change Database Version : DB.6.0.141
2025-06-10 16:37:18,490 [WARN] ThirdParty:871 - waiting for thirdparty lock release [close project]
2025-06-10 16:37:18,490 [INFO] ThirdParty:873 - entering critical section [close project]
2025-06-10 16:37:18,495 [INFO] ThirdParty:883 - exiting critical section [close project]
2025-06-10 16:37:18,502 [INFO] PinOutPanel:1589 - setPackage(No Configuration,No Configuration)
2025-06-10 16:37:18,512 [INFO] UtilMem:75 - Begin LoadConfig() Used Memory: 482215952 Bytes (656408576)
2025-06-10 16:37:18,524 [INFO] OpenFileManager:354 - Change cursor
2025-06-10 16:37:18,579 [WARN] IntegrityCheckThread:84 - waiting for thirdparty lock release [integrity check]
2025-06-10 16:37:18,579 [INFO] IntegrityCheckThread:86 - entering critical section [integrity check]
2025-06-10 16:37:19,060 [WARN] PackLoader:240 - Cannot read IP mode file for STMicroelectronics.FP-SNS-MOTENVWB1.1.4.0
2025-06-10 16:37:19,071 [WARN] PackLoader:240 - Cannot read IP mode file for STMicroelectronics.FP-ATR-ASTRA1.2.0.2
2025-06-10 16:37:19,079 [WARN] PackLoader:240 - Cannot read IP mode file for STMicroelectronics.X-CUBE-SMBUS.2.1.0
2025-06-10 16:37:19,089 [WARN] PackLoader:240 - Cannot read IP mode file for STMicroelectronics.X-CUBE-ST60.1.0.0
2025-06-10 16:37:19,123 [WARN] PackLoader:240 - Cannot read IP mode file for STMicroelectronics.X-CUBE-AZRTOS-F7.1.1.0
2025-06-10 16:37:19,188 [WARN] PackLoader:240 - Cannot read IP mode file for Infineon.AIROC-Wi-Fi-Bluetooth-STM32.1.7.0
2025-06-10 16:37:19,208 [WARN] PackLoader:240 - Cannot read IP mode file for STMicroelectronics.X-CUBE-DISPLAY.3.0.0
2025-06-10 16:37:19,233 [WARN] PackLoader:240 - Cannot read IP mode file for STMicroelectronics.X-CUBE-NFC10.1.0.0
2025-06-10 16:37:19,263 [WARN] PackLoader:240 - Cannot read IP mode file for STMicroelectronics.X-CUBE-BLEMGR.4.0.0
2025-06-10 16:37:19,285 [WARN] PackLoader:240 - Cannot read IP mode file for emotas.I-CUBE-CANOPEN.1.3.0
2025-06-10 16:37:19,297 [WARN] ConditionMgr:438 - getConditionDescription Invalid condition id : Cortex-A Device cause : null
2025-06-10 16:37:19,314 [WARN] ConditionMgr:1044 - genDependencies : Invalid condition id : Cortex-A Device cause : null
2025-06-10 16:37:19,314 [WARN] ConditionMgr:1044 - genDependencies : Invalid condition id : Cortex-A Device cause : null
2025-06-10 16:37:19,314 [WARN] ConditionMgr:1044 - genDependencies : Invalid condition id : Cortex-A Device cause : null
2025-06-10 16:37:19,323 [WARN] PackLoader:240 - Cannot read IP mode file for STMicroelectronics.FP-SNS-SMARTAG2.1.2.0
2025-06-10 16:37:19,335 [WARN] PackLoader:240 - Cannot read IP mode file for STMicroelectronics.FP-SNS-FLIGHT1.5.1.0
2025-06-10 16:37:19,357 [INFO] LogOutputStream:77 - [STDOUT_REDIRECT] 1 : Invalid condition id : UX_CORESTACK_Condition cause : null
2025-06-10 16:37:19,362 [INFO] LogOutputStream:77 - [STDOUT_REDIRECT] 1 : Invalid condition id : UX_CORESTACK_Condition cause : null
2025-06-10 16:37:19,364 [INFO] LogOutputStream:77 - [STDOUT_REDIRECT] 1 : Invalid condition id : UX_CORESTACK_Condition cause : null
2025-06-10 16:37:19,365 [INFO] LogOutputStream:77 - [STDOUT_REDIRECT] 1 : Invalid condition id : UX_CORESTACK_Condition cause : null
2025-06-10 16:37:19,368 [INFO] LogOutputStream:77 - [STDOUT_REDIRECT] 1 : Invalid condition id : UX_CORESTACK_Condition cause : null
2025-06-10 16:37:19,378 [WARN] PackLoader:240 - Cannot read IP mode file for STMicroelectronics.X-CUBE-AZRTOS-WL.2.0.0
2025-06-10 16:37:19,387 [WARN] PackLoader:240 - Cannot read IP mode file for STMicroelectronics.FP-SNS-MOTENV1.5.0.0
2025-06-10 16:37:19,404 [WARN] PackLoader:240 - Cannot read IP mode file for WES.I-CUBE-Cesium.1.3.0
2025-06-10 16:37:19,414 [WARN] PackLoader:240 - Cannot read IP mode file for STMicroelectronics.X-CUBE-BLE2.3.3.0
2025-06-10 16:37:19,426 [WARN] PackLoader:240 - Cannot read IP mode file for STMicroelectronics.X-CUBE-NFC9.1.0.0
2025-06-10 16:37:19,437 [WARN] PackLoader:240 - Cannot read IP mode file for wolfSSL.I-CUBE-wolfSSL.5.8.0
2025-06-10 16:37:19,446 [WARN] PackLoader:240 - Cannot read IP mode file for STMicroelectronics.X-CUBE-BLE1.7.1.0
2025-06-10 16:37:19,453 [WARN] PackLoader:240 - Cannot read IP mode file for wolfSSL.I-CUBE-wolfMQTT.1.19.2
2025-06-10 16:37:19,460 [WARN] PackLoader:240 - Cannot read IP mode file for STMicroelectronics.X-CUBE-AI.10.1.0
2025-06-10 16:37:19,477 [WARN] PackLoader:240 - Cannot read IP mode file for STMicroelectronics.X-CUBE-AZRTOS-G0.1.1.0
2025-06-10 16:37:19,489 [WARN] PackLoader:240 - Cannot read IP mode file for STMicroelectronics.X-CUBE-SAFEA1.1.2.2
2025-06-10 16:37:19,498 [WARN] PackLoader:240 - Cannot read IP mode file for STMicroelectronics.X-CUBE-NFC4.3.0.0
2025-06-10 16:37:19,510 [WARN] PackLoader:240 - Cannot read IP mode file for EmbeddedOffice.I-CUBE-FS-RTOS.1.0.1
2025-06-10 16:37:19,518 [WARN] PackLoader:240 - Cannot read IP mode file for STMicroelectronics.X-CUBE-WB05N.2.0.0
2025-06-10 16:37:19,524 [WARN] PackLoader:240 - Cannot read IP mode file for wolfSSL.I-CUBE-wolfTPM.3.8.0
2025-06-10 16:37:19,532 [WARN] PackLoader:240 - Cannot read IP mode file for STMicroelectronics.X-CUBE-TCPP.4.2.0
2025-06-10 16:37:19,541 [WARN] PackLoader:240 - Cannot read IP mode file for RealThread.X-CUBE-RT-Thread_Nano.4.1.1
2025-06-10 16:37:19,549 [WARN] PackLoader:240 - Cannot read IP mode file for STMicroelectronics.FP-ATR-SIGFOX1.3.2.0
2025-06-10 16:37:19,557 [WARN] PackLoader:240 - Cannot read IP mode file for STMicroelectronics.X-CUBE-EEPRMA1.5.1.0
2025-06-10 16:37:19,567 [WARN] PackLoader:240 - Cannot read IP mode file for ITTIA_DB.I-CUBE-ITTIADB.8.9.0
2025-06-10 16:37:19,576 [WARN] PackLoader:240 - Cannot read IP mode file for STMicroelectronics.X-CUBE-ST67W61.1.0.0
2025-06-10 16:37:19,607 [WARN] PackLoader:240 - Cannot read IP mode file for SEGGER.I-CUBE-embOS.1.3.1
2025-06-10 16:37:19,660 [WARN] PackLoader:240 - Cannot read IP mode file for STMicroelectronics.X-CUBE-ALGOBUILD.1.4.0
2025-06-10 16:37:19,709 [WARN] PackLoader:240 - Cannot read IP mode file for STMicroelectronics.X-CUBE-MEMS1.11.3.0
2025-06-10 16:37:19,840 [WARN] PackLoader:240 - Cannot read IP mode file for STMicroelectronics.X-CUBE-AZRTOS-F4.1.1.0
2025-06-10 16:37:19,850 [WARN] PackLoader:240 - Cannot read IP mode file for Avnet-IotConnect.X-CUBE-IoTC-DA16k-PMOD.1.0.0
2025-06-10 16:37:19,855 [WARN] PackLoader:240 - Cannot read IP mode file for STMicroelectronics.X-CUBE-ISPU.2.1.0
2025-06-10 16:37:19,875 [WARN] PackLoader:240 - Cannot read IP mode file for STMicroelectronics.X-CUBE-AZRTOS-L5.2.0.0
2025-06-10 16:37:19,885 [WARN] PackLoader:240 - Cannot read IP mode file for STMicroelectronics.X-CUBE-NFC6.3.1.0
2025-06-10 16:37:19,895 [WARN] PackLoader:240 - Cannot read IP mode file for STMicroelectronics.X-CUBE-FREERTOS.1.3.1
2025-06-10 16:37:19,903 [WARN] PackLoader:240 - Cannot read IP mode file for STMicroelectronics.X-CUBE-DPower.1.3.0
2025-06-10 16:37:19,924 [WARN] ConditionMgr:438 - getConditionDescription Invalid condition id : LAN8742 Phy interface Condition cause : null
2025-06-10 16:37:19,925 [WARN] PackLoader:240 - Cannot read IP mode file for STMicroelectronics.X-CUBE-AZRTOS-L4.2.0.0
2025-06-10 16:37:19,926 [WARN] ConditionMgr:1044 - genDependencies : Invalid condition id : LAN8742 Phy interface Condition cause : null
2025-06-10 16:37:19,926 [WARN] ConditionMgr:1044 - genDependencies : Invalid condition id : LAN8742 Phy interface Condition cause : null
2025-06-10 16:37:19,926 [WARN] ConditionMgr:1044 - genDependencies : Invalid condition id : LAN8742 Phy interface Condition cause : null
2025-06-10 16:37:19,934 [WARN] PackLoader:240 - Cannot read IP mode file for STMicroelectronics.X-CUBE-SFXS2LP1.4.0.0
2025-06-10 16:37:19,975 [WARN] PackLoader:240 - Cannot read IP mode file for STMicroelectronics.X-CUBE-AZRTOS-H7.3.3.0
2025-06-10 16:37:19,998 [WARN] ConditionMgr:438 - getConditionDescription Invalid condition id : UX DEVICE CLASS RTOS Condition cause : null
2025-06-10 16:37:19,998 [WARN] ConditionMgr:438 - getConditionDescription Invalid condition id : UX DEVICE CLASS RTOS Condition cause : null
2025-06-10 16:37:20,002 [WARN] PackLoader:240 - Cannot read IP mode file for STMicroelectronics.X-CUBE-AZRTOS-WB.2.0.0
2025-06-10 16:37:20,003 [WARN] ConditionMgr:1044 - genDependencies : Invalid condition id : UX DEVICE CLASS RTOS Condition cause : null
2025-06-10 16:37:20,003 [WARN] ConditionMgr:1044 - genDependencies : Invalid condition id : UX DEVICE CLASS RTOS Condition cause : null
2025-06-10 16:37:20,003 [WARN] ConditionMgr:1044 - genDependencies : Invalid condition id : UX DEVICE CLASS RTOS Condition cause : null
2025-06-10 16:37:20,004 [WARN] ConditionMgr:1044 - genDependencies : Invalid condition id : UX DEVICE CLASS RTOS Condition cause : null
2025-06-10 16:37:20,004 [WARN] ConditionMgr:1044 - genDependencies : Invalid condition id : UX DEVICE CLASS RTOS Condition cause : null
2025-06-10 16:37:20,014 [WARN] PackLoader:240 - Cannot read IP mode file for STMicroelectronics.X-CUBE-GNSS1.7.0.1
2025-06-10 16:37:20,023 [WARN] PackLoader:240 - Cannot read IP mode file for STMicroelectronics.X-CUBE-TOUCHGFX.4.25.0
2025-06-10 16:37:20,033 [WARN] PackLoader:240 - Cannot read IP mode file for STMicroelectronics.FP-SNS-STBOX1.2.0.0
2025-06-10 16:37:20,052 [WARN] PackLoader:240 - Cannot read IP mode file for STMicroelectronics.X-CUBE-SUBG2.5.0.0
2025-06-10 16:37:20,083 [WARN] PackLoader:240 - Cannot read IP mode file for STMicroelectronics.X-CUBE-AZRTOS-H7RS.1.1.0
2025-06-10 16:37:20,095 [WARN] PackLoader:240 - Cannot read IP mode file for Cesanta.I-CUBE-Mongoose.7.13.0
2025-06-10 16:37:20,115 [WARN] PackLoader:240 - Cannot read IP mode file for STMicroelectronics.X-CUBE-AZRTOS-G4.2.0.0
2025-06-10 16:37:20,192 [WARN] PackLoader:240 - Cannot read IP mode file for wolfSSL.I-CUBE-wolfSSH.1.4.20
2025-06-10 16:37:20,204 [WARN] PackLoader:240 - Cannot read IP mode file for STMicroelectronics.X-CUBE-NFC7.2.0.0
2025-06-10 16:37:20,221 [WARN] PackLoader:240 - Cannot read IP mode file for STMicroelectronics.X-CUBE-IPS.3.1.0
2025-06-10 16:37:20,234 [WARN] PackLoader:240 - Cannot read IP mode file for STMicroelectronics.X-CUBE-ALS.1.0.2
2025-06-10 16:37:20,244 [WARN] PackLoader:240 - Cannot read IP mode file for portGmbH.I-Cube-SoM-uGOAL.1.1.0
2025-06-10 16:37:20,262 [WARN] PackLoader:240 - Cannot read IP mode file for STMicroelectronics.X-CUBE-TOF1.3.4.3
2025-06-10 16:37:20,272 [INFO] ThirdParty:978 - Integrity check success = true
2025-06-10 16:37:20,273 [INFO] IntegrityCheckThread:100 - exiting critical section [integrity check]
2025-06-10 16:37:20,273 [INFO] IntegrityCheckThread:103 - End integrity checks thread
2025-06-10 16:37:20,320 [INFO] ProjectFactory:442 - No CPN specified for board NUCLEO-L476RG => set CPN to STM32L476RGT3
2025-06-10 16:37:20,322 [INFO] Mcu:2011 - Initializing MCU STM32L476R(C-E-G)Tx STM32L476RGTx STM32L476RGT3
2025-06-10 16:37:23,713 [INFO] Context:756 - Trying to add GPIOservice into a context  which must be forbidden
2025-06-10 16:37:25,093 [INFO] Rule:225 - rule 117617 - U5Cobra4M][GTZC] default value MPCBB3 and MPCBB5 - Not Secured memory - MPCBB1 is applicable
2025-06-10 16:37:25,093 [INFO] Rule:225 - rule 117617 - U5Cobra4M][GTZC] default value MPCBB3 and MPCBB5 - Not Secured memory - MPCBB1 is applicable
2025-06-10 16:37:25,093 [INFO] Rule:225 - rule 117617 - U5Cobra4M][GTZC] default value MPCBB3 and MPCBB5 - Not Secured memory - MPCBB2 is applicable
2025-06-10 16:37:25,093 [INFO] Rule:225 - rule 117617 - U5Cobra4M][GTZC] default value MPCBB3 and MPCBB5 - Not Secured memory - MPCBB2 is applicable
2025-06-10 16:37:25,093 [INFO] Rule:225 - rule 117617 - U5Cobra4M][GTZC] default value MPCBB3 and MPCBB5 - Not Secured memory - MPCBB3 is applicable
2025-06-10 16:37:25,093 [INFO] Rule:225 - rule 117617 - U5Cobra4M][GTZC] default value MPCBB3 and MPCBB5 - Not Secured memory - MPCBB3 is applicable
2025-06-10 16:37:25,093 [INFO] Rule:225 - rule 117617 - U5Cobra4M][GTZC] default value MPCBB3 and MPCBB5 - Not Secured memory - MPCBB4 is applicable
2025-06-10 16:37:25,093 [INFO] Rule:225 - rule 117617 - U5Cobra4M][GTZC] default value MPCBB3 and MPCBB5 - Not Secured memory - MPCBB4 is applicable
2025-06-10 16:37:25,093 [INFO] Rule:225 - rule 117617 - U5Cobra4M][GTZC] default value MPCBB3 and MPCBB5 - Secured memory - MPCBB1 is applicable
2025-06-10 16:37:25,093 [INFO] Rule:225 - rule 117617 - U5Cobra4M][GTZC] default value MPCBB3 and MPCBB5 - Secured memory - MPCBB2 is applicable
2025-06-10 16:37:25,093 [INFO] Rule:225 - rule 117617 - U5Cobra4M][GTZC] default value MPCBB3 and MPCBB5 - Secured memory - MPCBB3 is applicable
2025-06-10 16:37:25,093 [INFO] Rule:225 - rule 117617 - U5Cobra4M][GTZC] default value MPCBB3 and MPCBB5 - Secured memory - MPCBB4 is applicable
2025-06-10 16:37:25,093 [INFO] Rule:225 - rule 117617 - U5Cobra4M][GTZC] default value MPCBB3 and MPCBB5 - Privileged memory - MPCBB1 is applicable
2025-06-10 16:37:25,094 [INFO] Rule:225 - rule 117617 - U5Cobra4M][GTZC] default value MPCBB3 and MPCBB5 - Privileged memory - MPCBB2 is applicable
2025-06-10 16:37:25,094 [INFO] Rule:225 - rule 117617 - U5Cobra4M][GTZC] default value MPCBB3 and MPCBB5 - Privileged memory - MPCBB3 is applicable
2025-06-10 16:37:25,094 [INFO] Rule:225 - rule 117617 - U5Cobra4M][GTZC] default value MPCBB3 and MPCBB5 - Privileged memory - MPCBB4 is applicable
2025-06-10 16:37:25,094 [INFO] Rule:225 - rule 117617 - U5Cobra4M][GTZC] default value MPCBB3 and MPCBB5 - Not Privileged memory - MPCBB1 is applicable
2025-06-10 16:37:25,094 [INFO] Rule:225 - rule 117617 - U5Cobra4M][GTZC] default value MPCBB3 and MPCBB5 - Not Privileged memory - MPCBB2 is applicable
2025-06-10 16:37:25,094 [INFO] Rule:225 - rule 117617 - U5Cobra4M][GTZC] default value MPCBB3 and MPCBB5 - Not Privileged memory - MPCBB3 is applicable
2025-06-10 16:37:25,094 [INFO] Rule:225 - rule 117617 - U5Cobra4M][GTZC] default value MPCBB3 and MPCBB5 - Not Privileged memory - MPCBB4 is applicable
2025-06-10 16:37:25,094 [INFO] Rule:225 - rule 117617 - U5Cobra4M][GTZC] default value MPCBB3 and MPCBB5 - Privileged memory - MPCBB1 is applicable
2025-06-10 16:37:25,094 [INFO] Rule:225 - rule 117617 - U5Cobra4M][GTZC] default value MPCBB3 and MPCBB5 - Privileged memory - MPCBB2 is applicable
2025-06-10 16:37:25,094 [INFO] Rule:225 - rule 117617 - U5Cobra4M][GTZC] default value MPCBB3 and MPCBB5 - Privileged memory - MPCBB3 is applicable
2025-06-10 16:37:25,094 [INFO] Rule:225 - rule 117617 - U5Cobra4M][GTZC] default value MPCBB3 and MPCBB5 - Privileged memory - MPCBB4 is applicable
2025-06-10 16:37:25,094 [INFO] Rule:225 - rule 117617 - U5Cobra4M][GTZC] default value MPCBB3 and MPCBB5 - Privileged memory - MPCBB1 is applicable
2025-06-10 16:37:25,094 [INFO] Rule:225 - rule 117617 - U5Cobra4M][GTZC] default value MPCBB3 and MPCBB5 - Privileged memory - MPCBB2 is applicable
2025-06-10 16:37:25,094 [INFO] Rule:225 - rule 117617 - U5Cobra4M][GTZC] default value MPCBB3 and MPCBB5 - Privileged memory - MPCBB3 is applicable
2025-06-10 16:37:25,094 [INFO] Rule:225 - rule 117617 - U5Cobra4M][GTZC] default value MPCBB3 and MPCBB5 - Privileged memory - MPCBB4 is applicable
2025-06-10 16:37:25,094 [INFO] Rule:225 - rule 117617 - U5Cobra4M][GTZC] default value MPCBB3 and MPCBB5 - Not Privileged memory - MPCBB1 is applicable
2025-06-10 16:37:25,094 [INFO] Rule:225 - rule 117617 - U5Cobra4M][GTZC] default value MPCBB3 and MPCBB5 - Not Privileged memory - MPCBB2 is applicable
2025-06-10 16:37:25,094 [INFO] Rule:225 - rule 117617 - U5Cobra4M][GTZC] default value MPCBB3 and MPCBB5 - Not Privileged memory - MPCBB3 is applicable
2025-06-10 16:37:25,094 [INFO] Rule:225 - rule 117617 - U5Cobra4M][GTZC] default value MPCBB3 and MPCBB5 - Not Privileged memory - MPCBB4 is applicable
2025-06-10 16:37:25,094 [INFO] Rule:225 - rule 117617 - U5Cobra4M][GTZC] default value MPCBB3 and MPCBB5 - Privileged memory - MPCBB1 is applicable
2025-06-10 16:37:25,095 [INFO] Rule:225 - rule 117617 - U5Cobra4M][GTZC] default value MPCBB3 and MPCBB5 - Privileged memory - MPCBB2 is applicable
2025-06-10 16:37:25,095 [INFO] Rule:225 - rule 117617 - U5Cobra4M][GTZC] default value MPCBB3 and MPCBB5 - Privileged memory - MPCBB3 is applicable
2025-06-10 16:37:25,095 [INFO] Rule:225 - rule 117617 - U5Cobra4M][GTZC] default value MPCBB3 and MPCBB5 - Privileged memory - MPCBB4 is applicable
2025-06-10 16:37:25,095 [INFO] Rule:225 - rule Rename SubGHz_Phy SUBGHZ_APPLICATION SUBGHZ_PINGPONG to SUBGHZ_ADV_APPLICATION is applicable
2025-06-10 16:37:25,095 [INFO] Rule:225 - rule Rename Enabled to IBEACON is applicable
2025-06-10 16:37:25,095 [INFO] Rule:225 - rule GTZC_S instance for project manager is applicable
2025-06-10 16:37:25,095 [INFO] Rule:225 - rule GTZC_S instance for context M33S is applicable
2025-06-10 16:37:25,095 [INFO] Rule:225 - rule GTZC_S instance value for IP GTZC is applicable
2025-06-10 16:37:25,095 [INFO] Rule:225 - rule GTZC_S instance for mcu.IP is applicable
2025-06-10 16:37:25,095 [INFO] Rule:225 - rule GTZC_S instance for VP is applicable
2025-06-10 16:37:25,095 [INFO] Rule:225 - rule GTZC_S instance for signal is applicable
2025-06-10 16:37:25,095 [INFO] Rule:225 - rule GTZC_S instance for mcu.Pin is applicable
2025-06-10 16:37:25,096 [INFO] Rule:225 - rule GTZC_S instance for VP is applicable
2025-06-10 16:37:25,096 [INFO] Rule:225 - rule GTZC_S instance for signal is applicable
2025-06-10 16:37:25,096 [INFO] Rule:225 - rule GTZC_S instance for mcu is applicable
2025-06-10 16:37:25,096 [INFO] Rule:225 - rule GTZC_S instance for mcu.Pin is applicable
2025-06-10 16:37:25,096 [INFO] Rule:225 - rule GTZC_S instance value for IP GTZC is applicable
2025-06-10 16:37:25,096 [INFO] Rule:225 - rule GTZC_S instance for project manager is applicable
2025-06-10 16:37:25,096 [INFO] Rule:225 - rule GTZC_S instance for context M33S is applicable
2025-06-10 16:37:25,096 [INFO] Rule:225 - rule GTZC_S instance for VP is applicable
2025-06-10 16:37:25,096 [INFO] Rule:225 - rule GTZC_S instance for signal is applicable
2025-06-10 16:37:25,096 [INFO] Rule:225 - rule SPDIFRX instance for mcu is applicable
2025-06-10 16:37:25,096 [INFO] Rule:225 - rule Rename Tracer Mode is applicable
2025-06-10 16:37:25,096 [INFO] Rule:225 - rule SPDIFRX instance value for IP SPDIFRX is applicable
2025-06-10 16:37:25,096 [INFO] Rule:225 - rule SPDIFRX instance for signal is applicable
2025-06-10 16:37:25,096 [INFO] Rule:225 - rule SPDIFRX instance for project manager is applicable
2025-06-10 16:37:25,096 [INFO] Rule:225 - rule SPDIFRX instance for project manager is applicable
2025-06-10 16:37:25,096 [INFO] Rule:225 - rule ADC Scan  fix with FW F7 is applicable
2025-06-10 16:37:25,096 [INFO] Rule:225 - rule ADC Scan  fix with FW F7 is applicable
2025-06-10 16:37:25,096 [INFO] Rule:225 - rule WakeUp0 Mode is applicable
2025-06-10 16:37:25,096 [INFO] Rule:225 - rule WakeUp0 SIGNAL is applicable
2025-06-10 16:37:25,096 [INFO] Rule:225 - rule WakeUp1 Mode is applicable
2025-06-10 16:37:25,096 [INFO] Rule:225 - rule WakeUp1 SIGNAL is applicable
2025-06-10 16:37:25,096 [INFO] Rule:225 - rule WakeUp2 Mode is applicable
2025-06-10 16:37:25,097 [INFO] Rule:225 - rule WakeUp2 SIGNAL is applicable
2025-06-10 16:37:25,097 [INFO] Rule:225 - rule WakeUp4 Mode is applicable
2025-06-10 16:37:25,097 [INFO] Rule:225 - rule WakeUp4 SIGNAL is applicable
2025-06-10 16:37:25,097 [INFO] Rule:225 - rule WakeUp5 Mode is applicable
2025-06-10 16:37:25,097 [INFO] Rule:225 - rule WakeUp5 SIGNAL is applicable
2025-06-10 16:37:25,097 [INFO] Rule:225 - rule Add RTC Activate Clock Source is applicable
2025-06-10 16:37:25,097 [INFO] Rule:225 - rule Add RTC Activate Calendar 1 is applicable
2025-06-10 16:37:25,097 [INFO] Rule:225 - rule Add RTC Activate Calendar 2 is applicable
2025-06-10 16:37:25,097 [INFO] Rule:225 - rule Add RTC Activate Calendar 3 is applicable
2025-06-10 16:37:25,097 [INFO] Rule:225 - rule UART/USART TX Mode is applicable
2025-06-10 16:37:25,097 [INFO] Rule:225 - rule UART/USART RX Mode is applicable
2025-06-10 16:37:25,097 [INFO] Rule:225 - rule UART/USART RX TX Mode is applicable
2025-06-10 16:37:25,097 [INFO] Rule:225 - rule UART/USART PARITY NONE is applicable
2025-06-10 16:37:25,097 [INFO] Rule:225 - rule UART/USART PARITY EVEN is applicable
2025-06-10 16:37:25,097 [INFO] Rule:225 - rule UART/USART PARITY ODD is applicable
2025-06-10 16:37:25,097 [INFO] Rule:225 - rule USART StopBits 1 is applicable
2025-06-10 16:37:25,097 [INFO] Rule:225 - rule USART StopBits 2 is applicable
2025-06-10 16:37:25,097 [INFO] Rule:225 - rule USART StopBits 1.5 is applicable
2025-06-10 16:37:25,098 [INFO] Rule:225 - rule USART StopBits 0.5 is applicable
2025-06-10 16:37:25,098 [INFO] Rule:225 - rule UART/USART WORD LENGTH 7 is applicable
2025-06-10 16:37:25,098 [INFO] Rule:225 - rule UART/USART WORD LENGTH 8 is applicable
2025-06-10 16:37:25,098 [INFO] Rule:225 - rule UART/USART WORD LENGTH 9 is applicable
2025-06-10 16:37:25,098 [INFO] Rule:225 - rule Rename FMC NAND NCE signal is applicable
2025-06-10 16:37:25,098 [INFO] Rule:225 - rule Rename FMC NAND INT signal is applicable
2025-06-10 16:37:25,098 [INFO] Rule:225 - rule Change Default Value for LSE Drive Capability for WB family is applicable
2025-06-10 16:37:25,098 [INFO] Rule:225 - rule Change Default Value for ADC Clock Prescaler G0 family is applicable
2025-06-10 16:37:25,098 [INFO] Rule:225 - rule Change Default Value for ADC ExternalTrigConv L4 family is applicable
2025-06-10 16:37:25,098 [INFO] Rule:225 - rule Change Default Value for ADC ExternalTrigInjecConv L4 family is applicable
2025-06-10 16:37:25,098 [INFO] Rule:225 - rule Change Default Value for ADC ExternalTrigConv F3 family is applicable
2025-06-10 16:37:25,098 [INFO] Rule:225 - rule Change Default Value for ADC ExternalTrigInjecConv F3 family is applicable
2025-06-10 16:37:25,098 [INFO] Rule:225 - rule Change Default Value for ADC ExternalTrigConv Goldfish serie is applicable
2025-06-10 16:37:25,099 [INFO] Rule:225 - rule Change Default Value for ADC ExternalTrigInjecConv Goldfish serie is applicable
2025-06-10 16:37:25,099 [INFO] Rule:225 - rule Change Default Value for ADC ExternalTrigConv L0 family is applicable
2025-06-10 16:37:25,099 [INFO] Rule:225 - rule Change Default Value for ADC ExternalTrigConv F0 family is applicable
2025-06-10 16:37:25,099 [INFO] Rule:225 - rule Change Default Value for ADC ExternalTrigConvn L1 family is applicable
2025-06-10 16:37:25,099 [INFO] Rule:225 - rule Change Default Value for ADC ExternalTrigInjecConv L1 family is applicable
2025-06-10 16:37:25,099 [INFO] Rule:225 - rule Change Default Value for ADC ExternalTrigConv F1 family is applicable
2025-06-10 16:37:25,099 [INFO] Rule:225 - rule Change Default Value for ADC ExternalTrigInjecConv F1 family is applicable
2025-06-10 16:37:25,099 [INFO] Rule:225 - rule Change Default Value for ADC ExternalTrigConv F7 family is applicable
2025-06-10 16:37:25,099 [INFO] Rule:225 - rule Change Default Value for ADC ExternalTrigInjecConv F7 family is applicable
2025-06-10 16:37:25,099 [INFO] Rule:225 - rule Change Default Value for ADC ExternalTrigConv F4 and F2 family is applicable
2025-06-10 16:37:25,099 [INFO] Rule:225 - rule Change Default Value for ADC ExternalTrigInjecConv F4 and F2 family is applicable
2025-06-10 16:37:25,099 [INFO] Rule:225 - rule ADC SamplingTime fix with FW L0  is applicable
2025-06-10 16:37:25,099 [INFO] Rule:225 - rule ADC SamplingTime fix with FW L0  is applicable
2025-06-10 16:37:25,100 [INFO] Rule:225 - rule ADC SamplingTime fix with FW L0 is applicable
2025-06-10 16:37:25,100 [INFO] Rule:225 - rule ADC SamplingTime fix with FW L0 is applicable
2025-06-10 16:37:25,100 [INFO] Rule:225 - rule ADC SamplingTime fix with FW L0  is applicable
2025-06-10 16:37:25,100 [INFO] Rule:225 - rule ADC SamplingTime fix with FW L0 is applicable
2025-06-10 16:37:25,100 [INFO] Rule:225 - rule Rename USB_OE Signal is applicable
2025-06-10 16:37:25,100 [INFO] Rule:225 - rule Rename Activate_OE Mode is applicable
2025-06-10 16:37:25,100 [INFO] Rule:225 - rule Rename DIE462/DIE415 pin PC14/OSC32_IN -> PC14-OSC32_IN (PC14) is applicable
2025-06-10 16:37:25,100 [INFO] Rule:225 - rule Rename DIE462/DIE415 pin PC15/OSC32_OUT -> PC15-OSC32_OUT (PC15) is applicable
2025-06-10 16:37:25,100 [INFO] Rule:225 - rule Rename DIE462/DIE415 pin PH0/OSC_IN -> PH0-OSC_IN (PH0) is applicable
2025-06-10 16:37:25,100 [INFO] Rule:225 - rule Rename DIE462/DIE415 pin PH1/OSC_OUT -> PH1-OSC_OUT (PH1) is applicable
2025-06-10 16:37:25,100 [INFO] Rule:225 - rule Rename DIE462 pin PA13 -> PA13 (JTMS/SWDIO) is applicable
2025-06-10 16:37:25,100 [INFO] Rule:225 - rule Rename DIE415 pin PA13 -> PA13 (JTMS/SWDIO) is applicable
2025-06-10 16:37:25,100 [INFO] Rule:225 - rule Rename DIE462 pin PA14 -> PA14 (JTCK/SWCLK) is applicable
2025-06-10 16:37:25,100 [INFO] Rule:225 - rule Rename DIE415 pin PA14 -> PA14 (JTCK/SWCLK) is applicable
2025-06-10 16:37:25,100 [INFO] Rule:225 - rule Rename DIE462/DIE415 pin PA15 -> PA15 (JTDI) is applicable
2025-06-10 16:37:25,100 [INFO] Rule:225 - rule Rename DIE462 pin PB3 -> PB3 (JTD0/TRACESWO) is applicable
2025-06-10 16:37:25,101 [INFO] Rule:225 - rule Rename DIE415 pin PB3 -> PB3 (JTD0-TRACESWO) is applicable
2025-06-10 16:37:25,101 [INFO] Rule:225 - rule Rename DIE462/DIE415 pin PB4 -> PB4 (NJTRST) is applicable
2025-06-10 16:37:25,101 [INFO] Rule:225 - rule Rename DIE462 pin PH3/BOOT0 -> PH3-BOOT0 (BOOT0) is applicable
2025-06-10 16:37:25,101 [INFO] Rule:225 - rule Rename CRYP DataEncryptionTypesList to Algorithm is applicable
2025-06-10 16:37:25,101 [INFO] Rule:225 - rule Rename AES DataEncryptionTypesList to Algorithm is applicable
2025-06-10 16:37:25,101 [INFO] Rule:225 - rule Rename TDESECB to CRYP_TDES_ECB is applicable
2025-06-10 16:37:25,101 [INFO] Rule:225 - rule Rename TDESCBC to CRYP_TDES_CBC is applicable
2025-06-10 16:37:25,101 [INFO] Rule:225 - rule Rename DESECB to CRYP_DES_ECB is applicable
2025-06-10 16:37:25,101 [INFO] Rule:225 - rule Rename DESCBC to CRYP_DES_CBC is applicable
2025-06-10 16:37:25,101 [INFO] Rule:225 - rule Rename AESECB to CRYP_AES_ECB is applicable
2025-06-10 16:37:25,101 [INFO] Rule:225 - rule Rename AESCBC to CRYP_AES_CBC is applicable
2025-06-10 16:37:25,101 [INFO] Rule:225 - rule Rename AESCTR to CRYP_AES_CTR is applicable
2025-06-10 16:37:25,101 [INFO] Rule:225 - rule Rename AESGCM to CRYP_AES_GCM is applicable
2025-06-10 16:37:25,101 [INFO] Rule:225 - rule Rename AESCCM to CRYP_AES_CCM is applicable
2025-06-10 16:37:25,101 [INFO] Rule:225 - rule Rename CAN TimeSeg1 to BS1 is applicable
2025-06-10 16:37:25,102 [INFO] Rule:225 - rule Rename CAN TimeSeg2 to BS2 is applicable
2025-06-10 16:37:25,102 [INFO] Rule:225 - rule Rename CAN SyncJumpWidth to SJW is applicable
2025-06-10 16:37:25,102 [INFO] Rule:225 - rule TimeTriggeredMode to TTCM is applicable
2025-06-10 16:37:25,102 [INFO] Rule:225 - rule Rename CAN AutoBusOff to ABOM is applicable
2025-06-10 16:37:25,102 [INFO] Rule:225 - rule Rename CAN AutoWakeUp to AWUM is applicable
2025-06-10 16:37:25,102 [INFO] Rule:225 - rule Rename CAN AutoRetransmission to NART is applicable
2025-06-10 16:37:25,102 [INFO] Rule:225 - rule Rename CAN ReceiveFifoLocked to RFLM is applicable
2025-06-10 16:37:25,102 [INFO] Rule:225 - rule Rename CAN TransmitFifoPriority to TXFP is applicable
2025-06-10 16:37:25,102 [INFO] Rule:225 - rule Rename HRTIMER HRTIM_OUTPUTFAULTLEVEL_HIGH in HRTIMER HRTIM_OUTPUTFAULTLEVEL_HIGHZ is applicable
2025-06-10 16:37:25,102 [INFO] Rule:225 - rule Rename TIMER TIM_CLEARINPUTSOURCE_OCREFCLR in  TIMER TIM_CLEARINPUTSOURCE_NONE for F7 family is applicable
2025-06-10 16:37:25,102 [INFO] Rule:225 - rule FDCAN_R1 - Rename FDCAN mode Master into Classic is applicable
2025-06-10 16:37:25,102 [INFO] Rule:225 - rule FDCAN_R2 - Rename FDCAN mode Slave into Classic is applicable
2025-06-10 16:37:25,102 [INFO] Rule:225 - rule FDCAN1_R3 - if PA10.Mode=FullDuplex, add Pin PA12 is applicable
2025-06-10 16:37:25,102 [INFO] Rule:225 - rule FDCAN1_R3 - if PA9.Mode=FullDuplex, add Pin PA11 is applicable
2025-06-10 16:37:25,102 [INFO] Rule:225 - rule FDCAN1_R3 - Alternatepin_1 - if PE1.Mode=FullDuplex, add Pin PB9 is applicable
2025-06-10 16:37:25,102 [INFO] Rule:225 - rule FDCAN1_R3 - Alternatepin_1 - if PE0.Mode=FullDuplex, add Pin PB8 is applicable
2025-06-10 16:37:25,102 [INFO] Rule:225 - rule FDCAN1_R3 - Alternatepin_2 - if PD5.Mode=FullDuplex, add Pin PD1 is applicable
2025-06-10 16:37:25,102 [INFO] Rule:225 - rule FDCAN1_R3 - Alternatepin_2 - if PD4.Mode=FullDuplex, add Pin PD0 is applicable
2025-06-10 16:37:25,103 [INFO] Rule:225 - rule FDCAN1_R4 - Rename Mode FullDuplex into Enable FDCAN_TXFD for pin PA10 is applicable
2025-06-10 16:37:25,103 [INFO] Rule:225 - rule FDCAN1_R4 - Rename Mode FullDuplex into Enable FDCAN_TXFD for pin PA9 is applicable
2025-06-10 16:37:25,103 [INFO] Rule:225 - rule FDCAN1_R4 - Alternatepin_1 - Rename Mode FullDuplex into Enable FDCAN_TXFD for pin PE1 is applicable
2025-06-10 16:37:25,103 [INFO] Rule:225 - rule FDCAN1_R4 - Alternatepin_1 - Rename Mode FullDuplex into Enable FDCAN_TXFD for pin PE0 is applicable
2025-06-10 16:37:25,103 [INFO] Rule:225 - rule FDCAN1_R4 - Alternatepin_2 - Rename Mode FullDuplex into Enable FDCAN_TXFD for pin PD5 is applicable
2025-06-10 16:37:25,103 [INFO] Rule:225 - rule FDCAN1_R4 - Alternatepin_2 - Rename Mode FullDuplex into Enable FDCAN_TXFD for pin PD4 is applicable
2025-06-10 16:37:25,103 [INFO] Rule:225 - rule FDCAN2_R3 - if PD10.Mode=FullDuplex, add Pin PB13 is applicable
2025-06-10 16:37:25,103 [INFO] Rule:225 - rule FDCAN2_R3 - if PD9.Mode=FullDuplex, add Pin PB12 is applicable
2025-06-10 16:37:25,103 [INFO] Rule:225 - rule FDCAN2_R3 - Alternatepin_1 - if PB7.Mode=FullDuplex, add Pin PB6 is applicable
2025-06-10 16:37:25,103 [INFO] Rule:225 - rule FDCAN2_R3 - Alternatepin_1 - if PD9.Mode=FullDuplex, add Pin PB12 is applicable
2025-06-10 16:37:25,103 [INFO] Rule:225 - rule FDCAN2_R4 - Rename Mode FullDuplex into Enable FDCAN_TXFD for pin PD10 is applicable
2025-06-10 16:37:25,103 [INFO] Rule:225 - rule FDCAN2_R4 - Rename Mode FullDuplex into Enable FDCAN_TXFD for pin PD9 is applicable
2025-06-10 16:37:25,103 [INFO] Rule:225 - rule FDCAN2_R4 - Alternatepin_1 - Rename Mode FullDuplex into Enable FDCAN_TXFD for pin PB7 is applicable
2025-06-10 16:37:25,103 [INFO] Rule:225 - rule FDCAN2_R4 - Alternatepin_1 - Rename Mode FullDuplex into Enable FDCAN_TXFD for pin PD6 is applicable
2025-06-10 16:37:25,103 [INFO] Rule:225 - rule USART TxPinLevelInvertParam Mode is applicable
2025-06-10 16:37:25,103 [INFO] Rule:225 - rule USART RxPinLevelInvertParam Mode is applicable
2025-06-10 16:37:25,103 [INFO] Rule:225 - rule USART DataInvertParam Mode is applicable
2025-06-10 16:37:25,103 [INFO] Rule:225 - rule USART SwapParam Mode is applicable
2025-06-10 16:37:25,103 [INFO] Rule:225 - rule USART OverrunDisableParam Mode is applicable
2025-06-10 16:37:25,103 [INFO] Rule:225 - rule USART DMADisableonRxErrorParam Mode is applicable
2025-06-10 16:37:25,103 [INFO] Rule:225 - rule USART MSBFirstParam Mode is applicable
2025-06-10 16:37:25,103 [INFO] Rule:225 - rule Update MwName for USB_DEVICE is applicable
2025-06-10 16:37:25,103 [INFO] Rule:225 - rule Change PWR_Regulator_Voltage_Scale Default Value for RCC  H7 family is applicable
2025-06-10 16:37:25,104 [INFO] Rule:225 - rule UART/USART IPParameter rename Prescaler parameter to ClockPrescaler is applicable
2025-06-10 16:37:25,104 [INFO] Rule:225 - rule UART/USART Prescaler rename Prescaler parameter to ClockPrescaler is applicable
2025-06-10 16:37:25,104 [INFO] Rule:225 - rule TIM1CLockSelection is applicable
2025-06-10 16:37:25,104 [INFO] Rule:225 - rule TIM15CLockSelection is applicable
2025-06-10 16:37:25,104 [INFO] Rule:225 - rule align RCC SDMMC3CLockSelection default value on MP1 is applicable
2025-06-10 16:37:25,104 [INFO] Rule:225 - rule align RCC SDMMC12CLockSelection default value on MP1 is applicable
2025-06-10 16:37:25,104 [INFO] Rule:225 - rule align RCC QSPICLockSelection default value on MP1 is applicable
2025-06-10 16:37:25,104 [INFO] Rule:225 - rule align RCC QSPICLockSelection default value on MP1 is applicable
2025-06-10 16:37:25,104 [INFO] Rule:225 - rule align RCC SPI6CLockSelection default value on MP1 is applicable
2025-06-10 16:37:25,104 [INFO] Rule:225 - rule align RCC LPTIM23CLockSelection default value on MP1 is applicable
2025-06-10 16:37:25,104 [INFO] Rule:225 - rule align RCC LPTIM1CLockSelection default value on MP1 is applicable
2025-06-10 16:37:25,104 [INFO] Rule:225 - rule align RCC USART1CLockSelection default value on MP1 is applicable
2025-06-10 16:37:25,104 [INFO] Rule:225 - rule align RCC USART24CLockSelection default value on MP1 is applicable
2025-06-10 16:37:25,104 [INFO] Rule:225 - rule align RCC USART6CLockSelection default value on MP1 is applicable
2025-06-10 16:37:25,104 [INFO] Rule:225 - rule align RCC UART78CLockSelection default value on MP1 is applicable
2025-06-10 16:37:25,104 [INFO] Rule:225 - rule align RCC USART35CLockSelection default value on MP1 is applicable
2025-06-10 16:37:25,104 [INFO] Rule:225 - rule align RCC SPI45CLockSelection default value on MP1 is applicable
2025-06-10 16:37:25,104 [INFO] Rule:225 - rule align RCC I2C46CLockSelection BCLK value on MP1 is applicable
2025-06-10 16:37:25,104 [INFO] Rule:225 - rule align RCC SPI45CLockSelection default value on MP1 is applicable
2025-06-10 16:37:25,104 [INFO] Rule:225 - rule align RCC I2C12CLockSelection default value on MP1 is applicable
2025-06-10 16:37:25,104 [INFO] Rule:225 - rule align RCC I2C35CLockSelection default value on MP1 is applicable
2025-06-10 16:37:25,104 [INFO] Rule:225 - rule align RCC LPTIM45CLockSelection default value on MP1 is applicable
2025-06-10 16:37:25,105 [INFO] Rule:225 - rule Rename DCMI PIXCK signal is applicable
2025-06-10 16:37:25,105 [INFO] Rule:225 - rule Change Default Value for I2C46CLockSelection MP1 family is applicable
2025-06-10 16:37:25,105 [INFO] Rule:225 - rule Change Default Value for UART for G4, G0 and WB families is applicable
2025-06-10 16:37:25,105 [INFO] Rule:225 - rule Change Default Value for USART for G4, G0 and WB families is applicable
2025-06-10 16:37:25,105 [INFO] Rule:225 - rule Change Default Value for USART for G4 family is applicable
2025-06-10 16:37:25,105 [INFO] Rule:225 - rule Change USART1CLockSelection refparam name for MP1 is applicable
2025-06-10 16:37:25,105 [INFO] Rule:225 - rule Change USART2CLockSelection refparam name for MP1 is applicable
2025-06-10 16:37:25,105 [INFO] Rule:225 - rule Change USART3CLockSelection refparam name for MP1 is applicable
2025-06-10 16:37:25,105 [INFO] Rule:225 - rule Change UART4CLockSelection refparam name for MP1 is applicable
2025-06-10 16:37:25,105 [INFO] Rule:225 - rule Change UART5CLockSelection refparam name for MP1 is applicable
2025-06-10 16:37:25,105 [INFO] Rule:225 - rule Change LPUART1CLockSelection refparam name for MP1 is applicable
2025-06-10 16:37:25,105 [INFO] Rule:225 - rule Change LPTIM1CLockSelection refparam name for MP1 is applicable
2025-06-10 16:37:25,105 [INFO] Rule:225 - rule Change LPTIM2CLockSelection refparam name for MP1 is applicable
2025-06-10 16:37:25,106 [INFO] Rule:225 - rule Change RCC_MCO1Source refparam name for MP1 is applicable
2025-06-10 16:37:25,106 [INFO] Rule:225 - rule Change LSCOSource1 refparam name for MP1 is applicable
2025-06-10 16:37:25,106 [INFO] Rule:225 - rule Change SMPSCLockSelection refparam name for MP1 is applicable
2025-06-10 16:37:25,106 [INFO] Rule:225 - rule Change LPTIM3CLockSelection refparam name for MP1 is applicable
2025-06-10 16:37:25,106 [INFO] Rule:225 - rule Change MPCBB* Default Template Mode to Parameters is applicable
2025-06-10 16:37:25,106 [INFO] Rule:225 - rule Change MPCWM* or MPCBB* Secure Mode to Parameters is applicable
2025-06-10 16:37:25,106 [INFO] Rule:225 - rule Change MPCWM* or MPCBB* No Secure Mode to Parameters is applicable
2025-06-10 16:37:25,106 [INFO] Rule:225 - rule Change TZSC IP Secure Mode to Parameters is applicable
2025-06-10 16:37:25,106 [INFO] Rule:225 - rule Change TZSC IP No Secure Mode to Parameters is applicable
2025-06-10 16:37:25,106 [INFO] Rule:225 - rule Change TZSC IP Privilege Mode to Parameters is applicable
2025-06-10 16:37:25,106 [INFO] Rule:225 - rule Change TZSC IP No Privilege Mode to Parameters is applicable
2025-06-10 16:37:25,106 [INFO] Rule:225 - rule Change TZIC IT Secure Mode to Parameters is applicable
2025-06-10 16:37:25,106 [INFO] Rule:225 - rule Change TZIC IT No Secure Mode to Parameters is applicable
2025-06-10 16:37:25,106 [INFO] Rule:225 - rule Add MPCBB1_NonSecureArea_Start_Address value with referenced to MPCBB1_NonSecureArea_Start value is applicable
2025-06-10 16:37:25,106 [INFO] Rule:225 - rule Add MPCBB2_NonSecureArea_Start_Address value with referenced to MPCBB2_NonSecureArea_Start value is applicable
2025-06-10 16:37:25,106 [INFO] Rule:225 - rule Add MPCWM1_NonSecureArea*_Start_Address value with referenced to MPCWM1_NonSecureArea*_Start value is applicable
2025-06-10 16:37:25,107 [INFO] Rule:225 - rule Add MPCWM2_NonSecureArea*_Start_Address value with referenced to MPCWM2_NonSecureArea*_Start value is applicable
2025-06-10 16:37:25,107 [INFO] Rule:225 - rule Add MPCWM3_NonSecureArea_Start_Address value with referenced to MPCWM3_NonSecureArea_Start value is applicable
2025-06-10 16:37:25,107 [INFO] Rule:225 - rule Change Default Value for PLL1UserDefinedConfig is applicable
2025-06-10 16:37:25,107 [INFO] Rule:225 - rule Change GPIO_PuPd Default Value for USART in async mode is applicable
2025-06-10 16:37:25,107 [INFO] Rule:225 - rule Change SMPSDivider Default Value is applicable
2025-06-10 16:37:25,107 [INFO] Rule:225 - rule OPAMP is applicable
2025-06-10 16:37:25,107 [INFO] Rule:225 - rule LPUART IPParameter rename Prescaler parameter to ClockPrescaler for STM32H7 is applicable
2025-06-10 16:37:25,107 [INFO] Rule:225 - rule LPUART IPParameter rename Prescaler parameter to ClockPrescaler for STM32H7 is applicable
2025-06-10 16:37:25,107 [INFO] Rule:225 - rule LPUART IPParameter rename Prescaler parameter to ClockPrescaler for STM32WB is applicable
2025-06-10 16:37:25,107 [INFO] Rule:225 - rule LPUART IPParameter rename Prescaler parameter to ClockPrescaler for STM32WB is applicable
2025-06-10 16:37:25,107 [INFO] Rule:225 - rule LPUART IPParameter rename Prescaler parameter to ClockPrescaler for STM32G4 is applicable
2025-06-10 16:37:25,107 [INFO] Rule:225 - rule LPUART IPParameter rename Prescaler parameter to ClockPrescaler for STM32G4 is applicable
2025-06-10 16:37:25,107 [INFO] Rule:225 - rule LPUART IPParameter rename Prescaler parameter to ClockPrescaler for STM32L5 is applicable
2025-06-10 16:37:25,107 [INFO] Rule:225 - rule LPUART IPParameter rename Prescaler parameter to ClockPrescaler for STM32L5 is applicable
2025-06-10 16:37:25,107 [INFO] Rule:225 - rule LPUART IPParameter rename Prescaler parameter to ClockPrescaler for STM32G4 is applicable
2025-06-10 16:37:25,107 [INFO] Rule:225 - rule LPUART IPParameter rename Prescaler parameter to ClockPrescaler for STM32G4 is applicable
2025-06-10 16:37:25,107 [INFO] Rule:225 - rule USB device lib V2.5.3 for L0 rename USBD_SUPPORT_USER_STRING parameter to USBD_SUPPORT_USER_STRING_DESC4 is applicable
2025-06-10 16:37:25,107 [INFO] Rule:225 - rule I2SCLockSelection clock entry align is applicable
2025-06-10 16:37:25,107 [INFO] Rule:225 - rule Assign TIMx context if used as SYS timebase is applicable
2025-06-10 16:37:25,107 [INFO] Rule:225 - rule Change GPIO_Pu Default Value for I2C is applicable
2025-06-10 16:37:25,107 [INFO] Rule:225 - rule Change GPIO_Pu Default Value for SMBus is applicable
2025-06-10 16:37:25,107 [INFO] Rule:225 - rule change FDCAN default value is applicable
2025-06-10 16:37:25,108 [INFO] Rule:225 - rule Change mode sai is applicable
2025-06-10 16:37:25,108 [INFO] Rule:225 - rule **Change sai mode is applicable
2025-06-10 16:37:25,108 [INFO] Rule:225 - rule Rename STM32WPAN CFG_BLE_IRK to CFG_BLE_IR is applicable
2025-06-10 16:37:25,108 [INFO] Rule:225 - rule Rename STM32WPAN CFG_BLE_ERK to CFG_BLE_ER is applicable
2025-06-10 16:37:25,108 [INFO] Rule:225 - rule Rename STM32WPAN CFG_BLE_IRK_HEX to CFG_BLE_IR_HEX is applicable
2025-06-10 16:37:25,108 [INFO] Rule:225 - rule Rename STM32WPAN CFG_BLE_ERK_HEX to CFG_BLE_ER_HEX is applicable
2025-06-10 16:37:25,108 [INFO] Rule:225 - rule Adapt Old IOC before rework replace old CORTEX_M33/CORTEX_M55 attributes by the new one. is applicable
2025-06-10 16:37:25,108 [INFO] Rule:225 - rule Rename parametre of RCC RCC_APBDBG_DIV2 to RCC_TIMPRES_DIV2 is applicable
2025-06-10 16:37:25,108 [INFO] Rule:225 - rule Rename DIE493 pin PA10 [PA12] -> PA10 is applicable
2025-06-10 16:37:25,108 [INFO] Rule:225 - rule Rename DIE493 pin PA9 [PA11] -> PA9 is applicable
2025-06-10 16:37:25,108 [INFO] Rule:225 - rule Adapt Old IOC CSI. is applicable
2025-06-10 16:37:25,130 [INFO] DbConfProperties:307 - Apply Compatibility (49/267 Rules)
2025-06-10 16:37:25,155 [INFO] ImportTextPane:218 - (OptionalMessage_ERROR) Unable to find key (Mcu.ThirdPartyNb) in loaded IOC file
2025-06-10 16:37:25,161 [INFO] ImportTextPane:218 - (OptionalMessage_ERROR) Pin12 (VP_RIF_VS_RIF1) cannot be retrieved for this MCU
2025-06-10 16:37:25,322 [INFO] RtosManager:558 - Registered RTOS mode: class=CMSIS, group=RTOS, mode=CMSIS_V1, owner=FREERTOS
2025-06-10 16:37:25,322 [INFO] RtosManager:558 - Registered RTOS mode: class=CMSIS, group=RTOS2, mode=CMSIS_V2, owner=FREERTOS
2025-06-10 16:37:25,322 [INFO] RtosManager:558 - Registered RTOS mode: class=RTOS, group=Core, mode=CMSIS_V1, owner=FREERTOS
2025-06-10 16:37:25,323 [INFO] RtosManager:558 - Registered RTOS mode: class=RTOS, group=Core, mode=CMSIS_V2, owner=FREERTOS
2025-06-10 16:37:25,323 [WARN] ModelIntegratedComponent:184 - Missing modes for component STMicroelectronics:FreeRTOS:0.0.1:STMicroelectronics:RTOS:FreeRTOS:Core:::10.2.0:
2025-06-10 16:37:25,354 [WARN] ModelIntegratedComponent:63 - No mode defined for component null
2025-06-10 16:37:25,354 [WARN] ModelIntegratedComponent:63 - No mode defined for component null
2025-06-10 16:37:25,355 [WARN] ModelIntegratedComponent:63 - No mode defined for component null
2025-06-10 16:37:25,355 [WARN] ModelIntegratedComponent:63 - No mode defined for component null
2025-06-10 16:37:25,355 [WARN] ModelIntegratedComponent:63 - No mode defined for component null
2025-06-10 16:37:25,355 [WARN] ModelIntegratedComponent:63 - No mode defined for component null
2025-06-10 16:37:25,355 [WARN] ModelIntegratedComponent:63 - No mode defined for component null
2025-06-10 16:37:25,355 [WARN] ModelIntegratedComponent:63 - No mode defined for component null
2025-06-10 16:37:25,355 [WARN] ModelIntegratedComponent:63 - No mode defined for component null
2025-06-10 16:37:25,356 [WARN] ModelIntegratedComponent:63 - No mode defined for component null
2025-06-10 16:37:25,356 [WARN] ModelIntegratedComponent:63 - No mode defined for component null
2025-06-10 16:37:25,356 [WARN] ModelIntegratedComponent:63 - No mode defined for component null
2025-06-10 16:37:25,356 [WARN] ModelIntegratedComponent:63 - No mode defined for component null
2025-06-10 16:37:25,356 [WARN] ModelIntegratedComponent:63 - No mode defined for component null
2025-06-10 16:37:25,356 [WARN] ModelIntegratedComponent:63 - No mode defined for component null
2025-06-10 16:37:25,356 [WARN] ModelIntegratedComponent:63 - No mode defined for component null
2025-06-10 16:37:25,356 [WARN] ModelIntegratedComponent:63 - No mode defined for component null
2025-06-10 16:37:25,356 [WARN] ModelIntegratedComponent:63 - No mode defined for component null
2025-06-10 16:37:25,356 [WARN] ModelIntegratedComponent:63 - No mode defined for component null
2025-06-10 16:37:25,356 [WARN] ModelIntegratedComponent:63 - No mode defined for component null
2025-06-10 16:37:25,356 [WARN] ModelIntegratedComponent:63 - No mode defined for component null
2025-06-10 16:37:25,356 [WARN] ModelIntegratedComponent:63 - No mode defined for component null
2025-06-10 16:37:25,356 [WARN] ModelIntegratedComponent:63 - No mode defined for component null
2025-06-10 16:37:25,356 [WARN] ModelIntegratedComponent:63 - No mode defined for component null
2025-06-10 16:37:25,356 [WARN] ModelIntegratedComponent:63 - No mode defined for component null
2025-06-10 16:37:25,356 [WARN] ModelIntegratedComponent:63 - No mode defined for component null
2025-06-10 16:37:25,356 [WARN] ModelIntegratedComponent:63 - No mode defined for component null
2025-06-10 16:37:25,356 [WARN] ModelIntegratedComponent:63 - No mode defined for component null
2025-06-10 16:37:25,356 [WARN] ModelIntegratedComponent:63 - No mode defined for component null
2025-06-10 16:37:25,356 [WARN] ModelIntegratedComponent:63 - No mode defined for component null
2025-06-10 16:37:25,356 [WARN] ModelIntegratedComponent:63 - No mode defined for component null
2025-06-10 16:37:25,357 [WARN] ModelIntegratedComponent:63 - No mode defined for component null
2025-06-10 16:37:25,357 [WARN] ModelIntegratedComponent:63 - No mode defined for component null
2025-06-10 16:37:25,357 [WARN] ModelIntegratedComponent:63 - No mode defined for component null
2025-06-10 16:37:25,357 [WARN] ModelIntegratedComponent:63 - No mode defined for component null
2025-06-10 16:37:25,357 [WARN] ModelPack:524 - Component already loaded: STMicroelectronics:HAL Drivers:0.0.0:STMicroelectronics:Device:STMicro_Driver:XSPI:HAL::0.0.1:HAL_XSPI
2025-06-10 16:37:25,639 [INFO] ThirdPartyModel:298 - Start build external matchings
2025-06-10 16:37:26,236 [INFO] ThirdPartyModel:316 - End build external matchings
2025-06-10 16:37:26,258 [INFO] ImportTextPane:218 - (OptionalMessage_ERROR) IP (RCC) : Invalid parameter (FamilyName)
2025-06-10 16:37:26,261 [INFO] ImportTextPane:218 - (OptionalMessage_ERROR) IP (RCC) : Parameter (RNGFreq_Value) has invalid value (64000000)
2025-06-10 16:37:26,262 [INFO] ImportTextPane:218 - (OptionalMessage_ERROR) IP (RCC) : Parameter (SDMMCFreq_Value) has invalid value (64000000)
2025-06-10 16:37:26,262 [INFO] ImportTextPane:218 - (OptionalMessage_ERROR) IP (RCC) : Parameter (USBFreq_Value) has invalid value (64000000)
2025-06-10 16:37:26,956 [INFO] UtilMem:75 - End LoadConfig() Used Memory: 676345576 Bytes (886046720)
2025-06-10 16:37:27,339 [WARN] ThirdParty:833 - waiting for thirdparty lock release [change project]
2025-06-10 16:37:27,340 [INFO] ThirdParty:835 - entering critical section [change project]
2025-06-10 16:37:27,340 [INFO] ThirdParty:1030 - CMSIS Pack Vendor :STMicroelectronics USBPD 4.1
2025-06-10 16:37:27,340 [INFO] ThirdParty:1030 - CMSIS Pack Vendor :STMicroelectronics X-CUBE-AZRTOS-H7 3.3.0
2025-06-10 16:37:27,340 [INFO] ThirdParty:1030 - CMSIS Pack Vendor :STMicroelectronics X-CUBE-NFC9 1.0.0
2025-06-10 16:37:27,340 [INFO] ThirdParty:1030 - CMSIS Pack Vendor :wolfSSL I-CUBE-wolfSSL 5.8.0
2025-06-10 16:37:27,340 [INFO] ThirdParty:1030 - CMSIS Pack Vendor :STMicroelectronics USB_HOST 2.0.0
2025-06-10 16:37:27,340 [INFO] ThirdParty:1030 - CMSIS Pack Vendor :STMicroelectronics FP-SNS-MOTENVWB1 1.4.0
2025-06-10 16:37:27,340 [INFO] ThirdParty:1030 - CMSIS Pack Vendor :STMicroelectronics X-CUBE-AZRTOS-F4 1.1.0
2025-06-10 16:37:27,340 [INFO] ThirdParty:1030 - CMSIS Pack Vendor :STMicroelectronics LIBJPEG 8.0.0
2025-06-10 16:37:27,340 [INFO] ThirdParty:1030 - CMSIS Pack Vendor :STMicroelectronics FP-ATR-ASTRA1 2.0.2
2025-06-10 16:37:27,340 [INFO] ThirdParty:1030 - CMSIS Pack Vendor :STMicroelectronics X-CUBE-BLE1 7.1.0
2025-06-10 16:37:27,340 [INFO] ThirdParty:1030 - CMSIS Pack Vendor :Avnet-IotConnect X-CUBE-IoTC-DA16k-PMOD 1.0.0
2025-06-10 16:37:27,340 [INFO] ThirdParty:1030 - CMSIS Pack Vendor :STMicroelectronics X-CUBE-SMBUS 2.1.0
2025-06-10 16:37:27,340 [INFO] ThirdParty:1030 - CMSIS Pack Vendor :wolfSSL I-CUBE-wolfMQTT 1.19.2
2025-06-10 16:37:27,340 [INFO] ThirdParty:1030 - CMSIS Pack Vendor :STMicroelectronics USB_DEVICE 3.0.0
2025-06-10 16:37:27,340 [INFO] ThirdParty:1030 - CMSIS Pack Vendor :STMicroelectronics X-CUBE-ISPU 2.1.0
2025-06-10 16:37:27,340 [INFO] ThirdParty:1030 - CMSIS Pack Vendor :STMicroelectronics X-CUBE-AZRTOS-WB 2.0.0
2025-06-10 16:37:27,340 [INFO] ThirdParty:1030 - CMSIS Pack Vendor :STMicroelectronics X-CUBE-ST60 1.0.0
2025-06-10 16:37:27,341 [INFO] ThirdParty:1030 - CMSIS Pack Vendor :STMicroelectronics X-CUBE-GNSS1 7.0.1
2025-06-10 16:37:27,341 [INFO] ThirdParty:1030 - CMSIS Pack Vendor :STMicroelectronics X-CUBE-AZRTOS-F7 1.1.0
2025-06-10 16:37:27,341 [INFO] ThirdParty:1030 - CMSIS Pack Vendor :STMicroelectronics X-CUBE-AZRTOS-L5 2.0.0
2025-06-10 16:37:27,341 [INFO] ThirdParty:1030 - CMSIS Pack Vendor :STMicroelectronics X-CUBE-TOUCHGFX 4.25.0
2025-06-10 16:37:27,341 [INFO] ThirdParty:1030 - CMSIS Pack Vendor :STMicroelectronics USB_DEVICE 2.0.0
2025-06-10 16:37:27,341 [INFO] ThirdParty:1030 - CMSIS Pack Vendor :STMicroelectronics X-CUBE-NFC6 3.1.0
2025-06-10 16:37:27,341 [INFO] ThirdParty:1030 - CMSIS Pack Vendor :STMicroelectronics X-CUBE-AI 10.1.0
2025-06-10 16:37:27,341 [INFO] ThirdParty:1030 - CMSIS Pack Vendor :STMicroelectronics FP-SNS-STBOX1 2.0.0
2025-06-10 16:37:27,341 [INFO] ThirdParty:1030 - CMSIS Pack Vendor :STMicroelectronics FreeRTOS 0.0.1
2025-06-10 16:37:27,341 [INFO] ThirdParty:1030 - CMSIS Pack Vendor :STMicroelectronics X-CUBE-AZRTOS-G0 1.1.0
2025-06-10 16:37:27,341 [INFO] ThirdParty:1030 - CMSIS Pack Vendor :STMicroelectronics X-CUBE-SAFEA1 1.2.2
2025-06-10 16:37:27,341 [INFO] ThirdParty:1030 - CMSIS Pack Vendor :STMicroelectronics X-CUBE-NFC4 3.0.0
2025-06-10 16:37:27,341 [INFO] ThirdParty:1030 - CMSIS Pack Vendor :STMicroelectronics X-CUBE-SUBG2 5.0.0
2025-06-10 16:37:27,341 [INFO] ThirdParty:1030 - CMSIS Pack Vendor :STMicroelectronics X-CUBE-AZRTOS-H7RS 1.1.0
2025-06-10 16:37:27,341 [INFO] ThirdParty:1030 - CMSIS Pack Vendor :STMicroelectronics STM32_WPAN 1.0.0
2025-06-10 16:37:27,341 [INFO] ThirdParty:1030 - CMSIS Pack Vendor :EmbeddedOffice I-CUBE-FS-RTOS 1.0.1
2025-06-10 16:37:27,341 [INFO] ThirdParty:1030 - CMSIS Pack Vendor :STMicroelectronics lwIP 2.0.3
2025-06-10 16:37:27,341 [INFO] ThirdParty:1030 - CMSIS Pack Vendor :Cesanta I-CUBE-Mongoose 7.13.0
2025-06-10 16:37:27,341 [INFO] ThirdParty:1030 - CMSIS Pack Vendor :STMicroelectronics USB_HOST 1.0.0
2025-06-10 16:37:27,341 [INFO] ThirdParty:1030 - CMSIS Pack Vendor :Infineon AIROC-Wi-Fi-Bluetooth-STM32 1.7.0
2025-06-10 16:37:27,341 [INFO] ThirdParty:1030 - CMSIS Pack Vendor :STMicroelectronics X-CUBE-AZRTOS-G4 2.0.0
2025-06-10 16:37:27,341 [INFO] ThirdParty:1030 - CMSIS Pack Vendor :STMicroelectronics X-CUBE-WB05N 2.0.0
2025-06-10 16:37:27,341 [INFO] ThirdParty:1030 - CMSIS Pack Vendor :STMicroelectronics PDM2PCM 3.1.0
2025-06-10 16:37:27,341 [INFO] ThirdParty:1030 - CMSIS Pack Vendor :STMicroelectronics PDM2PCM 3.3.0
2025-06-10 16:37:27,341 [INFO] ThirdParty:1030 - CMSIS Pack Vendor :wolfSSL I-CUBE-wolfTPM 3.8.0
2025-06-10 16:37:27,341 [INFO] ThirdParty:1030 - CMSIS Pack Vendor :STMicroelectronics X-CUBE-DISPLAY 3.0.0
2025-06-10 16:37:27,341 [INFO] ThirdParty:1030 - CMSIS Pack Vendor :wolfSSL I-CUBE-wolfSSH 1.4.20
2025-06-10 16:37:27,341 [INFO] ThirdParty:1030 - CMSIS Pack Vendor :STMicroelectronics X-CUBE-NFC7 2.0.0
2025-06-10 16:37:27,341 [INFO] ThirdParty:1030 - CMSIS Pack Vendor :STMicroelectronics X-CUBE-TCPP 4.2.0
2025-06-10 16:37:27,341 [INFO] ThirdParty:1030 - CMSIS Pack Vendor :RealThread X-CUBE-RT-Thread_Nano 4.1.1
2025-06-10 16:37:27,341 [INFO] ThirdParty:1030 - CMSIS Pack Vendor :STMicroelectronics FP-ATR-SIGFOX1 3.2.0
2025-06-10 16:37:27,341 [INFO] ThirdParty:1030 - CMSIS Pack Vendor :STMicroelectronics X-CUBE-NFC10 1.0.0
2025-06-10 16:37:27,341 [INFO] ThirdParty:1030 - CMSIS Pack Vendor :STMicroelectronics X-CUBE-BLEMGR 4.0.0
2025-06-10 16:37:27,341 [INFO] ThirdParty:1030 - CMSIS Pack Vendor :STMicroelectronics X-CUBE-EEPRMA1 5.1.0
2025-06-10 16:37:27,341 [INFO] ThirdParty:1030 - CMSIS Pack Vendor :STMicroelectronics X-CUBE-FREERTOS 1.3.1
2025-06-10 16:37:27,341 [INFO] ThirdParty:1030 - CMSIS Pack Vendor :STMicroelectronics HAL Drivers 0.0.0
2025-06-10 16:37:27,341 [INFO] ThirdParty:1030 - CMSIS Pack Vendor :STMicroelectronics MBEDTLS 2.16.2
2025-06-10 16:37:27,341 [INFO] ThirdParty:1030 - CMSIS Pack Vendor :STMicroelectronics X-CUBE-IPS 3.1.0
2025-06-10 16:37:27,341 [INFO] ThirdParty:1030 - CMSIS Pack Vendor :STMicroelectronics X-CUBE-ALS 1.0.2
2025-06-10 16:37:27,341 [INFO] ThirdParty:1030 - CMSIS Pack Vendor :emotas I-CUBE-CANOPEN 1.3.0
2025-06-10 16:37:27,342 [INFO] ThirdParty:1030 - CMSIS Pack Vendor :STMicroelectronics MBEDTLS 2.14.1
2025-06-10 16:37:27,342 [INFO] ThirdParty:1030 - CMSIS Pack Vendor :ITTIA_DB I-CUBE-ITTIADB 8.9.0
2025-06-10 16:37:27,342 [INFO] ThirdParty:1030 - CMSIS Pack Vendor :portGmbH I-Cube-SoM-uGOAL 1.1.0
2025-06-10 16:37:27,342 [INFO] ThirdParty:1030 - CMSIS Pack Vendor :quantropi X-CUBE-qispace-sdk-base 2.0.0
2025-06-10 16:37:27,342 [INFO] ThirdParty:1030 - CMSIS Pack Vendor :STMicroelectronics X-CUBE-ST67W61 1.0.0
2025-06-10 16:37:27,342 [INFO] ThirdParty:1030 - CMSIS Pack Vendor :STMicroelectronics ThreadX 1.0.0
2025-06-10 16:37:27,342 [INFO] ThirdParty:1030 - CMSIS Pack Vendor :STMicroelectronics FP-SNS-SMARTAG2 1.2.0
2025-06-10 16:37:27,342 [INFO] ThirdParty:1030 - CMSIS Pack Vendor :STMicroelectronics FP-SNS-FLIGHT1 5.1.0
2025-06-10 16:37:27,342 [INFO] ThirdParty:1030 - CMSIS Pack Vendor :STMicroelectronics X-CUBE-AZRTOS-WL 2.0.0
2025-06-10 16:37:27,342 [INFO] ThirdParty:1030 - CMSIS Pack Vendor :SEGGER I-CUBE-embOS 1.3.1
2025-06-10 16:37:27,342 [INFO] ThirdParty:1030 - CMSIS Pack Vendor :STMicroelectronics X-CUBE-ALGOBUILD 1.4.0
2025-06-10 16:37:27,342 [INFO] ThirdParty:1030 - CMSIS Pack Vendor :STMicroelectronics X-CUBE-DPower 1.3.0
2025-06-10 16:37:27,342 [INFO] ThirdParty:1030 - CMSIS Pack Vendor :STMicroelectronics X-CUBE-MEMS1 11.3.0
2025-06-10 16:37:27,342 [INFO] ThirdParty:1030 - CMSIS Pack Vendor :STMicroelectronics FP-SNS-MOTENV1 5.0.0
2025-06-10 16:37:27,342 [INFO] ThirdParty:1030 - CMSIS Pack Vendor :STMicroelectronics USB_DEVICE 1.0.0
2025-06-10 16:37:27,342 [INFO] ThirdParty:1030 - CMSIS Pack Vendor :STMicroelectronics X-CUBE-AZRTOS-L4 2.0.0
2025-06-10 16:37:27,342 [INFO] ThirdParty:1030 - CMSIS Pack Vendor :STMicroelectronics ThreadX 0.0.2
2025-06-10 16:37:27,342 [INFO] ThirdParty:1030 - CMSIS Pack Vendor :WES I-CUBE-Cesium 1.3.0
2025-06-10 16:37:27,342 [INFO] ThirdParty:1030 - CMSIS Pack Vendor :STMicroelectronics lwIP 2.1.2
2025-06-10 16:37:27,342 [INFO] ThirdParty:1030 - CMSIS Pack Vendor :STMicroelectronics X-CUBE-SFXS2LP1 4.0.0
2025-06-10 16:37:27,342 [INFO] ThirdParty:1030 - CMSIS Pack Vendor :STMicroelectronics X-CUBE-BLE2 3.3.0
2025-06-10 16:37:27,342 [INFO] ThirdParty:1030 - CMSIS Pack Vendor :STMicroelectronics X-CUBE-TOF1 3.4.3
2025-06-10 16:37:27,342 [INFO] ThirdParty:1030 - CMSIS Pack Vendor :STMicroelectronics PDM2PCM 3.2.0
2025-06-10 16:37:27,342 [INFO] ThirdParty:841 - exiting critical section [change project]
2025-06-10 16:37:27,993 [INFO] PinOutPanel:1589 - setPackage(No Configuration,No Configuration)
2025-06-10 16:37:27,997 [INFO] PinOutPanel:1589 - setPackage(STM32L476RGTx,LQFP64)
2025-06-10 16:37:28,911 [INFO] UtilMem:75 - Before build in PCC Used Memory: 746834416 Bytes (886046720)
2025-06-10 16:37:29,968 [INFO] UtilMem:75 - After build in PCC Used Memory: 509809216 Bytes (886046720)
2025-06-10 16:37:30,006 [INFO] IPUIPlugin:80 - create IPUIPlugin
2025-06-10 16:37:30,007 [INFO] IPUIPlugin:80 - create IPUIPlugin
2025-06-10 16:37:30,007 [INFO] IPUIPlugin:80 - create IPUIPlugin
2025-06-10 16:37:30,007 [INFO] IPUIPlugin:80 - create IPUIPlugin
2025-06-10 16:37:30,007 [INFO] IPUIPlugin:80 - create IPUIPlugin
2025-06-10 16:37:30,007 [INFO] IPUIPlugin:80 - create IPUIPlugin
2025-06-10 16:37:30,007 [INFO] IPUIPlugin:80 - create IPUIPlugin
2025-06-10 16:37:30,007 [INFO] IPUIPlugin:80 - create IPUIPlugin
2025-06-10 16:37:30,007 [INFO] IPUIPlugin:80 - create IPUIPlugin
2025-06-10 16:37:30,008 [INFO] IPUIPlugin:80 - create IPUIPlugin
2025-06-10 16:37:30,008 [INFO] IPUIPlugin:80 - create IPUIPlugin
2025-06-10 16:37:30,008 [INFO] IPUIPlugin:80 - create IPUIPlugin
2025-06-10 16:37:30,008 [INFO] IPUIPlugin:80 - create IPUIPlugin
2025-06-10 16:37:30,008 [INFO] IPUIPlugin:80 - create IPUIPlugin
2025-06-10 16:37:30,008 [INFO] IPUIPlugin:80 - create IPUIPlugin
2025-06-10 16:37:30,009 [INFO] IPUIPlugin:80 - create IPUIPlugin
2025-06-10 16:37:30,009 [INFO] IPUIPlugin:80 - create IPUIPlugin
2025-06-10 16:37:30,009 [INFO] IPUIPlugin:80 - create IPUIPlugin
2025-06-10 16:37:30,009 [INFO] IPUIPlugin:80 - create IPUIPlugin
2025-06-10 16:37:30,010 [INFO] IPUIPlugin:80 - create IPUIPlugin
2025-06-10 16:37:30,010 [INFO] IPUIPlugin:80 - create IPUIPlugin
2025-06-10 16:37:30,010 [INFO] IPUIPlugin:80 - create IPUIPlugin
2025-06-10 16:37:30,010 [INFO] IPUIPlugin:80 - create IPUIPlugin
2025-06-10 16:37:30,010 [INFO] IPUIPlugin:80 - create IPUIPlugin
2025-06-10 16:37:30,010 [INFO] IPUIPlugin:80 - create IPUIPlugin
2025-06-10 16:37:30,011 [INFO] IPUIPlugin:80 - create IPUIPlugin
2025-06-10 16:37:30,011 [INFO] IPUIPlugin:80 - create IPUIPlugin
2025-06-10 16:37:30,011 [INFO] IPUIPlugin:80 - create IPUIPlugin
2025-06-10 16:37:30,011 [INFO] IPUIPlugin:80 - create IPUIPlugin
2025-06-10 16:37:30,012 [INFO] IPUIPlugin:80 - create IPUIPlugin
2025-06-10 16:37:30,012 [INFO] IPUIPlugin:80 - create IPUIPlugin
2025-06-10 16:37:30,012 [INFO] IPUIPlugin:80 - create IPUIPlugin
2025-06-10 16:37:30,012 [INFO] IPUIPlugin:80 - create IPUIPlugin
2025-06-10 16:37:30,014 [INFO] IPUIPlugin:80 - create IPUIPlugin
2025-06-10 16:37:30,014 [INFO] IPUIPlugin:80 - create IPUIPlugin
2025-06-10 16:37:30,014 [INFO] IPUIPlugin:80 - create IPUIPlugin
2025-06-10 16:37:30,014 [INFO] IPUIPlugin:80 - create IPUIPlugin
2025-06-10 16:37:30,014 [INFO] IPUIPlugin:80 - create IPUIPlugin
2025-06-10 16:37:30,015 [INFO] IPUIPlugin:80 - create IPUIPlugin
2025-06-10 16:37:30,015 [INFO] IPUIPlugin:80 - create IPUIPlugin
2025-06-10 16:37:30,015 [INFO] IPUIPlugin:80 - create IPUIPlugin
2025-06-10 16:37:30,015 [INFO] IPUIPlugin:80 - create IPUIPlugin
2025-06-10 16:37:30,015 [INFO] IPUIPlugin:80 - create IPUIPlugin
2025-06-10 16:37:30,016 [INFO] IPUIPlugin:80 - create IPUIPlugin
2025-06-10 16:37:30,016 [INFO] IPUIPlugin:80 - create IPUIPlugin
2025-06-10 16:37:30,016 [INFO] IPUIPlugin:80 - create IPUIPlugin
2025-06-10 16:37:30,016 [INFO] IPUIPlugin:80 - create IPUIPlugin
2025-06-10 16:37:30,016 [INFO] IPUIPlugin:80 - create IPUIPlugin
2025-06-10 16:37:30,017 [INFO] IPUIPlugin:80 - create IPUIPlugin
2025-06-10 16:37:30,017 [INFO] IPUIPlugin:80 - create IPUIPlugin
2025-06-10 16:37:30,017 [INFO] IPUIPlugin:80 - create IPUIPlugin
2025-06-10 16:37:30,018 [INFO] IPUIPlugin:80 - create IPUIPlugin
2025-06-10 16:37:30,018 [INFO] IPUIPlugin:80 - create IPUIPlugin
2025-06-10 16:37:30,019 [INFO] IPUIPlugin:80 - create IPUIPlugin
2025-06-10 16:37:30,019 [INFO] IPUIPlugin:80 - create IPUIPlugin
2025-06-10 16:37:30,020 [INFO] IPUIPlugin:80 - create IPUIPlugin
2025-06-10 16:37:30,020 [INFO] IPUIPlugin:80 - create IPUIPlugin
2025-06-10 16:37:30,020 [INFO] IPUIPlugin:80 - create IPUIPlugin
2025-06-10 16:37:30,021 [INFO] IPUIPlugin:80 - create IPUIPlugin
2025-06-10 16:37:30,298 [INFO] CADModel:165 - CPN selected for project levelSTM32L476RGT3
2025-06-10 16:37:30,298 [INFO] CADModel:114 - Register for checkConnection events
2025-06-10 16:37:30,363 [INFO] OpenFileManager:385 - Restore cursor
2025-06-10 16:37:31,467 [INFO] UtilMem:75 - End SaveConfig() Used Memory: 687448584 Bytes (886046720)
2025-06-10 16:37:37,722 [INFO] McuFinderGlobals:76 - Set McuFinderConnectedMode to true
2025-06-10 16:37:37,725 [INFO] ApiDb:448 - Save user favorites file C:\Users\arumu/.stm32cubeide/favorites.mcus.txt: 0 item(s)
2025-06-10 16:37:37,725 [INFO] ApiDb:452 - User favorites MCUs=[]
2025-06-10 16:37:37,727 [INFO] ApiDb:448 - Save user favorites file C:\Users\arumu/.stm32cubeide/favorites.boards.txt: 0 item(s)
2025-06-10 16:37:37,727 [INFO] ApiDb:452 - User favorites Boards=[]
2025-06-10 16:37:42,891 [INFO] McuFinderGlobals:63 - Set McuFinder mode to 2 (CubeIDE integrated)
2025-06-10 16:37:42,891 [INFO] UserAuth:171 - activating auth plugin
2025-06-10 16:37:42,904 [INFO] UserAuth:484 - Internet connection configuration mode: 1
2025-06-10 16:38:18,169 [INFO] McuFinderGlobals:63 - Set McuFinder mode to 2 (CubeIDE integrated)
2025-06-10 16:38:18,169 [INFO] UserAuth:171 - activating auth plugin
2025-06-10 16:38:18,176 [INFO] UserAuth:484 - Internet connection configuration mode: 1
2025-06-10 16:38:45,510 [INFO] WebApp:650 - userauth.ini created with success
2025-06-10 16:38:55,529 [INFO] McuFinderGlobals:63 - Set McuFinder mode to 2 (CubeIDE integrated)
2025-06-10 16:38:55,530 [INFO] UserAuth:484 - Internet connection configuration mode: 1
2025-06-10 16:48:29,617 [INFO] ServerAccessManage:473 - Download File stm32cube_fw_l4_v1180.zip
2025-06-10 16:51:12,795 [INFO] AnalyticsPlugin:368 - Accepted License(s): [FW.L4.1.18.0]
2025-06-10 16:51:12,801 [INFO] FileExtend:242 - Unzip File : stm32cube_fw_l4_v1180.zip
2025-06-10 16:51:12,802 [INFO] FileExtend:257 - Standard Zip Deflate
2025-06-10 16:51:53,741 [INFO] ServerAccessManage:473 - Download File stm32cube_fw_l4_v1181.zip
2025-06-10 16:52:38,352 [INFO] FileExtend:242 - Unzip File : stm32cube_fw_l4_v1181.zip
2025-06-10 16:52:38,352 [INFO] FileExtend:257 - Standard Zip Deflate
2025-06-10 16:53:03,584 [INFO] LoadServerPackagesThread:196 - End of LoadServerPackages Thread
2025-06-10 16:53:03,849 [INFO] ThirdPartyModel:298 - Start build external matchings
2025-06-10 16:53:03,878 [INFO] UtilMem:75 - End SaveConfig() Used Memory: 254387864 Bytes (1073741824)
2025-06-10 16:53:04,943 [INFO] ThirdPartyModel:316 - End build external matchings
2025-06-10 16:53:04,968 [INFO] CheckServerUpdateThread:120 - End of CheckServer Thread
2025-06-10 16:53:05,095 [INFO] BlockDiagram:2775 - set Specific Code input for plugin: SYS
2025-06-10 16:53:05,095 [INFO] BlockDiagram:2775 - set Specific Code input for plugin: RCC
2025-06-10 16:53:05,095 [INFO] BlockDiagram:2775 - set Specific Code input for plugin: NVIC
2025-06-10 16:53:05,096 [INFO] BlockDiagram:2775 - set Specific Code input for plugin: USART
2025-06-10 16:53:05,097 [INFO] BlockDiagram:2775 - set Specific Code input for plugin: GPIO
2025-06-10 16:53:05,102 [INFO] CodeGenerator:882 - code generatio: config db path: C:\ST\STM32CubeIDE_1.18.1\STM32CubeIDE\plugins\com.st.stm32cube.common.mx_6.14.1.202504091515\\db\
2025-06-10 16:53:05,693 [INFO] CodeEngine:263 - oldGeneratedFile, C:\Users\arumu\Documents\Intern-DigiToad\MXTmpFiles\license.tmp_save
2025-06-10 16:53:06,388 [INFO] CodeEngine:287 - Generated code: C:\Users\arumu\Documents\Intern-DigiToad\MXTmpFiles\license.tmp
2025-06-10 16:53:06,585 [INFO] CodeEngine:263 - oldGeneratedFile, C:\Users\arumu\Documents\Intern-DigiToad\MXTmpFiles\gpio.tmp_save
2025-06-10 16:53:06,776 [INFO] CodeEngine:287 - Generated code: C:\Users\arumu\Documents\Intern-DigiToad\MXTmpFiles\gpio.tmp
2025-06-10 16:53:06,988 [INFO] CodeEngine:263 - oldGeneratedFile, C:\Users\arumu\Documents\Intern-DigiToad\Core\Src\stm32l4xx_it.c_save
2025-06-10 16:53:07,212 [INFO] CodeEngine:287 - Generated code: C:\Users\arumu\Documents\Intern-DigiToad\Core\Src\stm32l4xx_it.c
2025-06-10 16:53:07,220 [INFO] CodeEngine:263 - oldGeneratedFile, C:\Users\arumu\Documents\Intern-DigiToad\Core\Inc\stm32l4xx_it.h_save
2025-06-10 16:53:07,337 [INFO] CodeEngine:287 - Generated code: C:\Users\arumu\Documents\Intern-DigiToad\Core\Inc\stm32l4xx_it.h
2025-06-10 16:53:07,356 [INFO] CodeEngine:263 - oldGeneratedFile, C:\Users\arumu\Documents\Intern-DigiToad\Core\Src\stm32l4xx_hal_msp.c_save
2025-06-10 16:53:07,518 [INFO] CodeEngine:287 - Generated code: C:\Users\arumu\Documents\Intern-DigiToad\Core\Src\stm32l4xx_hal_msp.c
2025-06-10 16:53:07,524 [INFO] CodeEngine:263 - oldGeneratedFile, C:\Users\arumu\Documents\Intern-DigiToad\MXTmpFiles\system.tmp_save
2025-06-10 16:53:07,603 [INFO] CodeEngine:287 - Generated code: C:\Users\arumu\Documents\Intern-DigiToad\MXTmpFiles\system.tmp
2025-06-10 16:53:07,618 [INFO] CodeEngine:319 - oldGeneratedFile, C:\Users\arumu\Documents\Intern-DigiToad\Core\Inc\stm32l4xx_hal_conf.h_save
2025-06-10 16:53:07,710 [INFO] CodeEngine:343 - Generated code: C:\Users\arumu\Documents\Intern-DigiToad\Core\Inc\stm32l4xx_hal_conf.h
2025-06-10 16:53:07,787 [INFO] ApiDbMcu:508 - Load IP Config File for USART2
2025-06-10 16:53:07,792 [INFO] ApiDbMcu:508 - Load IP Config File for RCC
2025-06-10 16:53:07,805 [INFO] CodeEngine:263 - oldGeneratedFile, C:\Users\arumu\Documents\Intern-DigiToad\Core\Inc\main.h_save
2025-06-10 16:53:07,930 [INFO] CodeEngine:287 - Generated code: C:\Users\arumu\Documents\Intern-DigiToad\Core\Inc\main.h
2025-06-10 16:53:07,936 [INFO] CodeEngine:263 - oldGeneratedFile, C:\Users\arumu\Documents\Intern-DigiToad\Core\Src\main.c_save
2025-06-10 16:53:08,085 [INFO] CodeEngine:287 - Generated code: C:\Users\arumu\Documents\Intern-DigiToad\Core\Src\main.c
2025-06-10 16:53:08,635 [INFO] ProjectBuilder:3324 - Time for Copy HAL[1] : 239mS.
2025-06-10 16:53:08,646 [INFO] ProjectBuilder:4912 - Project Generator version: 4.6.0.1-B1
2025-06-10 16:53:08,752 [INFO] ConfigFileManager:1590 - The Die is : DIE415
2025-06-10 16:53:08,768 [INFO] ApiDbMcu:508 - Load IP Config File for FATFS
2025-06-10 16:53:08,776 [INFO] ApiDbMcu:508 - Load IP Config File for FREERTOS
2025-06-10 16:53:08,788 [INFO] ApiDbMcu:508 - Load IP Config File for TOUCHSENSING
2025-06-10 16:53:08,797 [INFO] ApiDbMcu:508 - Load IP Config File for USB_DEVICE
2025-06-10 16:53:08,801 [INFO] ApiDbMcu:508 - Load IP Config File for USB_HOST
2025-06-10 16:53:09,329 [INFO] LogOutputStream:77 - [STDOUT_REDIRECT] 
2025-06-10 16:53:15,102 [INFO] ProjectBuilder:5191 - Time for Generating toolchain IDE Files: 6456mS.
2025-06-10 16:53:15,104 [INFO] ProjectBuilder:3181 - Time for Copy CMSIS : 1mS.
2025-06-10 16:53:15,109 [INFO] ProjectBuilder:3181 - Time for Copy CMSIS : 0mS.
2025-06-10 21:06:44,248 [INFO] Activator:176 - 


2025-06-10 21:06:44,251 [INFO] Activator:177 - !SESSION log4j initialized
2025-06-10 21:06:50,970 [INFO] LogOutputStream:77 - [STDOUT_REDIRECT] 
2025-06-10 21:06:52,200 [INFO] ApplicationProperties:184 - Using Application install path: C:\ST\STM32CubeIDE_1.18.1\STM32CubeIDE\plugins\com.st.stm32cube.common.mx_6.14.1.202504091515
2025-06-10 21:06:52,219 [INFO] DbMcusXml:78 - Set database path to: C:\ST\STM32CubeIDE_1.18.1\STM32CubeIDE\plugins\com.st.stm32cube.common.mx_6.14.1.202504091515\\db\/mcu/
2025-06-10 21:06:52,221 [INFO] ApiDb:274 - Set plugin database path to: C:\ST\STM32CubeIDE_1.18.1\STM32CubeIDE\plugins\com.st.stm32cube.common.mx_6.14.1.202504091515\\db\/plugins/boardmanager/
2025-06-10 21:06:52,221 [WARN] ApiDb:259 - Overriding images path with different value:  => C:\ST\STM32CubeIDE_1.18.1\STM32CubeIDE\plugins\com.st.stm32cube.common.mx_6.14.1.202504091515\\db\/plugins/mcufinder/images/
2025-06-10 21:06:52,230 [INFO] ApiDb:250 - Set database path to: C:\Users\arumu\.stmcufinder\plugins\mcufinder//mcu/
2025-06-10 21:06:52,231 [INFO] DbMcusAds:125 - Set database path to: C:\Users\arumu\.stmcufinder\plugins\mcufinder//mcu/
2025-06-10 21:06:52,234 [INFO] CrossReferenceDbSqlite:203 - Set database path to: C:\Users\arumu\.stmcufinder\plugins\mcufinder//mcu/cs/
2025-06-10 21:06:52,359 [INFO] RulesReader:64 - Compatibility file has been processed (302 Rules)
2025-06-10 21:06:52,453 [INFO] DbMcusXml:78 - Set database path to: C:\ST\STM32CubeIDE_1.18.1\STM32CubeIDE\plugins\com.st.stm32cube.common.mx_6.14.1.202504091515\\db\/mcu/
2025-06-10 21:06:52,453 [INFO] ApiDb:274 - Set plugin database path to: C:\ST\STM32CubeIDE_1.18.1\STM32CubeIDE\plugins\com.st.stm32cube.common.mx_6.14.1.202504091515\\db\/plugins/boardmanager/
2025-06-10 21:06:52,453 [INFO] ApiDb:261 - Set plugin images path to: C:\ST\STM32CubeIDE_1.18.1\STM32CubeIDE\plugins\com.st.stm32cube.common.mx_6.14.1.202504091515\\db\/plugins/mcufinder/images/
2025-06-10 21:06:52,453 [WARN] DbFile:41 - Overriding database path with different value: C:\Users\arumu\.stmcufinder\plugins\mcufinder/ => C:\Users\arumu\.stmcufinder\plugins\mcufinder
2025-06-10 21:06:52,453 [INFO] ApiDb:250 - Set database path to: C:\Users\arumu\.stmcufinder\plugins\mcufinder//mcu/
2025-06-10 21:06:52,453 [WARN] DbFile:41 - Overriding database path with different value: C:\Users\arumu\.stmcufinder\plugins\mcufinder/ => C:\Users\arumu\.stmcufinder\plugins\mcufinder
2025-06-10 21:06:52,454 [INFO] DbMcusAds:125 - Set database path to: C:\Users\arumu\.stmcufinder\plugins\mcufinder//mcu/
2025-06-10 21:06:52,454 [WARN] DbFile:41 - Overriding database path with different value: C:\Users\arumu\.stmcufinder\plugins\mcufinder/ => C:\Users\arumu\.stmcufinder\plugins\mcufinder
2025-06-10 21:06:52,454 [WARN] DbFile:41 - Overriding database path with different value: C:\Users\arumu\.stmcufinder\plugins\mcufinder/ => C:\Users\arumu\.stmcufinder\plugins\mcufinder
2025-06-10 21:06:52,454 [INFO] CrossReferenceDbSqlite:203 - Set database path to: C:\Users\arumu\.stmcufinder\plugins\mcufinder//mcu/cs/
2025-06-10 21:06:52,543 [INFO] MainPanel:272 - HeapMemory: 268435456
2025-06-10 21:06:52,672 [INFO] DbMcusXml:78 - Set database path to: C:\ST\STM32CubeIDE_1.18.1\STM32CubeIDE\plugins\com.st.stm32cube.common.mx_6.14.1.202504091515\\db\/mcu/
2025-06-10 21:06:52,672 [INFO] ApiDb:274 - Set plugin database path to: C:\ST\STM32CubeIDE_1.18.1\STM32CubeIDE\plugins\com.st.stm32cube.common.mx_6.14.1.202504091515\\db\/plugins/boardmanager/
2025-06-10 21:06:52,672 [INFO] ApiDb:261 - Set plugin images path to: C:\ST\STM32CubeIDE_1.18.1\STM32CubeIDE\plugins\com.st.stm32cube.common.mx_6.14.1.202504091515\\db\/plugins/mcufinder/images/
2025-06-10 21:06:52,673 [WARN] DbFile:41 - Overriding database path with different value: C:\Users\arumu\.stmcufinder\plugins\mcufinder/ => C:\Users\arumu\.stmcufinder\plugins\mcufinder
2025-06-10 21:06:52,673 [INFO] ApiDb:250 - Set database path to: C:\Users\arumu\.stmcufinder\plugins\mcufinder//mcu/
2025-06-10 21:06:52,673 [WARN] DbFile:41 - Overriding database path with different value: C:\Users\arumu\.stmcufinder\plugins\mcufinder/ => C:\Users\arumu\.stmcufinder\plugins\mcufinder
2025-06-10 21:06:52,673 [INFO] DbMcusAds:125 - Set database path to: C:\Users\arumu\.stmcufinder\plugins\mcufinder//mcu/
2025-06-10 21:06:52,673 [WARN] DbFile:41 - Overriding database path with different value: C:\Users\arumu\.stmcufinder\plugins\mcufinder/ => C:\Users\arumu\.stmcufinder\plugins\mcufinder
2025-06-10 21:06:52,673 [WARN] DbFile:41 - Overriding database path with different value: C:\Users\arumu\.stmcufinder\plugins\mcufinder/ => C:\Users\arumu\.stmcufinder\plugins\mcufinder
2025-06-10 21:06:52,673 [INFO] CrossReferenceDbSqlite:203 - Set database path to: C:\Users\arumu\.stmcufinder\plugins\mcufinder//mcu/cs/
2025-06-10 21:06:52,697 [INFO] ApplicationProperties:184 - Using Application install path: C:\ST\STM32CubeIDE_1.18.1\STM32CubeIDE\plugins\com.st.stm32cube.common.mx_6.14.1.202504091515
2025-06-10 21:06:52,699 [INFO] PluginManage:196 - Search for loadable plugins [exclusion list=, ]
2025-06-10 21:06:52,701 [INFO] PluginManage:310 - Check plugin analytics
2025-06-10 21:06:52,886 [INFO] AnalyticsPlugin:253 - Accepted Software Licenses: 
2025-06-10 21:06:52,887 [INFO] AnalyticsPlugin:255 - Accepted CMSIS Pack Licenses: 
2025-06-10 21:06:52,887 [INFO] AnalyticsPlugin:257 - Accepted Firmware Licenses: FW.L4.1.18.0
2025-06-10 21:06:52,891 [INFO] PluginManage:359 - Loaded plugin analytics (category:tool,tabindex:-1)
2025-06-10 21:06:52,891 [INFO] PluginManage:310 - Check plugin cadmodel
2025-06-10 21:06:52,899 [INFO] CADModel:105 - Init CAD model plugin
2025-06-10 21:06:52,901 [INFO] PluginManage:359 - Loaded plugin cadmodel (category:power,tabindex:5)
2025-06-10 21:06:52,901 [INFO] PluginManage:310 - Check plugin clock
2025-06-10 21:06:52,913 [INFO] PluginManage:359 - Loaded plugin clock (category:base,tabindex:2)
2025-06-10 21:06:52,914 [INFO] PluginManage:310 - Check plugin ddr
2025-06-10 21:06:52,918 [INFO] PluginManage:359 - Loaded plugin ddr (category:tool,tabindex:6)
2025-06-10 21:06:52,918 [INFO] PluginManage:310 - Check plugin filemanager
2025-06-10 21:06:53,095 [INFO] PluginManage:359 - Loaded plugin filemanager (category:base,tabindex:10)
2025-06-10 21:06:53,095 [INFO] PluginManage:310 - Check plugin ipmanager
2025-06-10 21:06:53,103 [INFO] PluginManage:359 - Loaded plugin ipmanager (category:base,tabindex:5)
2025-06-10 21:06:53,103 [INFO] PluginManage:310 - Check plugin lpbam
2025-06-10 21:06:53,113 [INFO] PluginManage:359 - Loaded plugin lpbam (category:base,tabindex:0)
2025-06-10 21:06:53,113 [INFO] PluginManage:310 - Check plugin memorymap
2025-06-10 21:06:53,131 [INFO] PluginManage:359 - Loaded plugin memorymap (category:base,tabindex:4)
2025-06-10 21:06:53,131 [INFO] PluginManage:310 - Check plugin pinoutandconfiguration
2025-06-10 21:06:53,144 [INFO] PluginManage:359 - Loaded plugin pinoutandconfiguration (category:base,tabindex:1)
2025-06-10 21:06:53,144 [INFO] PluginManage:310 - Check plugin pinoutconfig
2025-06-10 21:06:53,251 [WARN] SupportedApi:132 - Cannot load RTOS API schema: s4s-elt-must-match.1: The content of 'definitions' must match (annotation?, (simpleType | complexType)?, (unique | key | keyref)*)). A problem was found starting at: attribute.
2025-06-10 21:06:53,407 [INFO] PluginManage:359 - Loaded plugin pinoutconfig (category:base,tabindex:0)
2025-06-10 21:06:53,407 [INFO] PluginManage:310 - Check plugin power
2025-06-10 21:06:53,422 [INFO] PluginManage:359 - Loaded plugin power (category:power,tabindex:4)
2025-06-10 21:06:53,422 [INFO] PluginManage:310 - Check plugin projectmanager
2025-06-10 21:06:53,445 [INFO] PluginManage:359 - Loaded plugin projectmanager (category:projectmanager,tabindex:4)
2025-06-10 21:06:53,446 [INFO] PluginManage:310 - Check plugin rif
2025-06-10 21:06:53,461 [INFO] PluginManage:359 - Loaded plugin rif (category:base,tabindex:3)
2025-06-10 21:06:53,462 [INFO] PluginManage:310 - Check plugin thirdparty
2025-06-10 21:06:53,668 [INFO] PluginManage:359 - Loaded plugin thirdparty (category:base,tabindex:-1)
2025-06-10 21:06:53,668 [WARN] IntegrityCheckThread:84 - waiting for thirdparty lock release [integrity check]
2025-06-10 21:06:53,668 [INFO] PluginManage:310 - Check plugin tools
2025-06-10 21:06:53,668 [INFO] IntegrityCheckThread:86 - entering critical section [integrity check]
2025-06-10 21:06:53,669 [INFO] ThirdPartyUpdaterWithRetryManager:70 - Updater plugin not ready yet. [1/15]
2025-06-10 21:06:53,673 [INFO] PluginManage:359 - Loaded plugin tools (category:base,tabindex:7)
2025-06-10 21:06:53,674 [INFO] PluginManage:310 - Check plugin tutovideos
2025-06-10 21:06:53,897 [INFO] PluginManage:359 - Loaded plugin tutovideos (category:base,tabindex:-1)
2025-06-10 21:06:53,897 [INFO] PluginManage:310 - Check plugin updater
2025-06-10 21:06:53,925 [INFO] PluginManage:359 - Loaded plugin updater (category:base,tabindex:12)
2025-06-10 21:06:53,926 [INFO] PluginManage:310 - Check plugin userauth
2025-06-10 21:06:53,930 [INFO] UserAuth:118 - Init User Auth plugin
2025-06-10 21:06:53,932 [INFO] PluginManage:359 - Loaded plugin userauth (category:base,tabindex:14)
2025-06-10 21:06:53,932 [INFO] PluginManage:283 - PluginManage : Loaded plugins [18]
2025-06-10 21:06:54,207 [INFO] PinOutPanel:1589 - setPackage(No Configuration,No Configuration)
2025-06-10 21:06:54,324 [INFO] CADModel:165 - CPN selected for project level
2025-06-10 21:06:54,324 [INFO] CADModel:114 - Register for checkConnection events
2025-06-10 21:06:54,352 [INFO] IPUIPlugin:80 - create IPUIPlugin
2025-06-10 21:06:54,352 [INFO] PluginManager:220 - loadIPPluginJar : add adc
2025-06-10 21:06:54,356 [INFO] IPUIPlugin:80 - create IPUIPlugin
2025-06-10 21:06:54,357 [INFO] PluginManager:220 - loadIPPluginJar : add aes
2025-06-10 21:06:54,361 [INFO] IPUIPlugin:80 - create IPUIPlugin
2025-06-10 21:06:54,361 [INFO] PluginManager:220 - loadIPPluginJar : add can
2025-06-10 21:06:54,364 [INFO] IPUIPlugin:80 - create IPUIPlugin
2025-06-10 21:06:54,364 [INFO] PluginManager:220 - loadIPPluginJar : add comp
2025-06-10 21:06:54,367 [INFO] IPUIPlugin:80 - create IPUIPlugin
2025-06-10 21:06:54,367 [INFO] PluginManager:220 - loadIPPluginJar : add cryp
2025-06-10 21:06:54,370 [INFO] IPUIPlugin:80 - create IPUIPlugin
2025-06-10 21:06:54,370 [INFO] PluginManager:220 - loadIPPluginJar : add ddr_ctrl_phy
2025-06-10 21:06:54,374 [INFO] IPUIPlugin:80 - create IPUIPlugin
2025-06-10 21:06:54,374 [INFO] PluginManager:220 - loadIPPluginJar : add dfsdm
2025-06-10 21:06:54,379 [INFO] IPUIPlugin:80 - create IPUIPlugin
2025-06-10 21:06:54,380 [INFO] PluginManager:220 - loadIPPluginJar : add dma
2025-06-10 21:06:54,384 [INFO] IPUIPlugin:80 - create IPUIPlugin
2025-06-10 21:06:54,384 [INFO] PluginManager:220 - loadIPPluginJar : add dma3
2025-06-10 21:06:54,388 [INFO] IPUIPlugin:80 - create IPUIPlugin
2025-06-10 21:06:54,388 [INFO] PluginManager:220 - loadIPPluginJar : add extmemmanager
2025-06-10 21:06:54,390 [INFO] IPUIPlugin:80 - create IPUIPlugin
2025-06-10 21:06:54,390 [INFO] PluginManager:220 - loadIPPluginJar : add fatfs
2025-06-10 21:06:54,395 [INFO] IPUIPlugin:80 - create IPUIPlugin
2025-06-10 21:06:54,396 [INFO] PluginManager:220 - loadIPPluginJar : add fmc
2025-06-10 21:06:54,404 [INFO] IPUIPlugin:80 - create IPUIPlugin
2025-06-10 21:06:54,404 [INFO] PluginManager:220 - loadIPPluginJar : add freertos
2025-06-10 21:06:54,406 [INFO] IPUIPlugin:80 - create IPUIPlugin
2025-06-10 21:06:54,407 [INFO] PluginManager:220 - loadIPPluginJar : add genericplugin
2025-06-10 21:06:54,409 [INFO] IPUIPlugin:80 - create IPUIPlugin
2025-06-10 21:06:54,409 [INFO] PluginManager:220 - loadIPPluginJar : add gfxmmu
2025-06-10 21:06:54,417 [INFO] IPUIPlugin:80 - create IPUIPlugin
2025-06-10 21:06:54,417 [INFO] PluginManager:220 - loadIPPluginJar : add gic
2025-06-10 21:06:54,424 [INFO] IPUIPlugin:80 - create IPUIPlugin
2025-06-10 21:06:54,424 [INFO] PluginManager:220 - loadIPPluginJar : add gpio
2025-06-10 21:06:54,428 [INFO] IPUIPlugin:80 - create IPUIPlugin
2025-06-10 21:06:54,429 [INFO] PluginManager:220 - loadIPPluginJar : add gtzc
2025-06-10 21:06:54,434 [INFO] IPUIPlugin:80 - create IPUIPlugin
2025-06-10 21:06:54,434 [INFO] PluginManager:220 - loadIPPluginJar : add hash
2025-06-10 21:06:54,440 [INFO] IPUIPlugin:80 - create IPUIPlugin
2025-06-10 21:06:54,440 [INFO] PluginManager:220 - loadIPPluginJar : add i2c
2025-06-10 21:06:54,445 [INFO] IPUIPlugin:80 - create IPUIPlugin
2025-06-10 21:06:54,446 [INFO] PluginManager:220 - loadIPPluginJar : add i2s
2025-06-10 21:06:54,450 [INFO] IPUIPlugin:80 - create IPUIPlugin
2025-06-10 21:06:54,451 [INFO] PluginManager:220 - loadIPPluginJar : add i3c
2025-06-10 21:06:54,457 [INFO] IPUIPlugin:80 - create IPUIPlugin
2025-06-10 21:06:54,458 [INFO] PluginManager:220 - loadIPPluginJar : add ipddr
2025-06-10 21:06:54,469 [INFO] IPUIPlugin:80 - create IPUIPlugin
2025-06-10 21:06:54,470 [INFO] PluginManager:220 - loadIPPluginJar : add linkedlist
2025-06-10 21:06:54,475 [INFO] IPUIPlugin:80 - create IPUIPlugin
2025-06-10 21:06:54,476 [INFO] PluginManager:220 - loadIPPluginJar : add lorawan
2025-06-10 21:06:54,479 [INFO] IPUIPlugin:80 - create IPUIPlugin
2025-06-10 21:06:54,479 [INFO] PluginManager:220 - loadIPPluginJar : add ltdc
2025-06-10 21:06:54,489 [INFO] IPUIPlugin:80 - create IPUIPlugin
2025-06-10 21:06:54,489 [INFO] PluginManager:220 - loadIPPluginJar : add mdma
2025-06-10 21:06:54,494 [INFO] IPUIPlugin:80 - create IPUIPlugin
2025-06-10 21:06:54,495 [INFO] PluginManager:220 - loadIPPluginJar : add nvic
2025-06-10 21:06:54,500 [INFO] IPUIPlugin:80 - create IPUIPlugin
2025-06-10 21:06:54,501 [INFO] PluginManager:220 - loadIPPluginJar : add opamp
2025-06-10 21:06:54,507 [INFO] IPUIPlugin:80 - create IPUIPlugin
2025-06-10 21:06:54,507 [INFO] PluginManager:220 - loadIPPluginJar : add openamp
2025-06-10 21:06:54,512 [INFO] IPUIPlugin:80 - create IPUIPlugin
2025-06-10 21:06:54,514 [INFO] PluginManager:220 - loadIPPluginJar : add pdm2pcm
2025-06-10 21:06:54,523 [INFO] IPUIPlugin:80 - create IPUIPlugin
2025-06-10 21:06:54,527 [INFO] PluginManager:220 - loadIPPluginJar : add plateformsettings
2025-06-10 21:06:54,533 [INFO] IPUIPlugin:80 - create IPUIPlugin
2025-06-10 21:06:54,533 [INFO] PluginManager:220 - loadIPPluginJar : add quadspi
2025-06-10 21:06:54,537 [INFO] IPUIPlugin:80 - create IPUIPlugin
2025-06-10 21:06:54,538 [INFO] PluginManager:220 - loadIPPluginJar : add radio
2025-06-10 21:06:54,546 [INFO] IPUIPlugin:80 - create IPUIPlugin
2025-06-10 21:06:54,546 [INFO] PluginManager:220 - loadIPPluginJar : add resmgrutility
2025-06-10 21:06:54,552 [INFO] IPUIPlugin:80 - create IPUIPlugin
2025-06-10 21:06:54,552 [INFO] PluginManager:220 - loadIPPluginJar : add sai
2025-06-10 21:06:54,560 [INFO] IPUIPlugin:80 - create IPUIPlugin
2025-06-10 21:06:54,560 [INFO] PluginManager:220 - loadIPPluginJar : add spi
2025-06-10 21:06:54,572 [INFO] IPUIPlugin:80 - create IPUIPlugin
2025-06-10 21:06:54,572 [INFO] PluginManager:220 - loadIPPluginJar : add stm32_wpan
2025-06-10 21:06:54,575 [INFO] IPUIPlugin:80 - create IPUIPlugin
2025-06-10 21:06:54,575 [INFO] PluginManager:220 - loadIPPluginJar : add tim
2025-06-10 21:06:54,581 [INFO] IPUIPlugin:80 - create IPUIPlugin
2025-06-10 21:06:54,582 [INFO] PluginManager:220 - loadIPPluginJar : add touchsensing
2025-06-10 21:06:54,586 [INFO] IPUIPlugin:80 - create IPUIPlugin
2025-06-10 21:06:54,587 [INFO] PluginManager:220 - loadIPPluginJar : add tracer_emb
2025-06-10 21:06:54,590 [INFO] IPUIPlugin:80 - create IPUIPlugin
2025-06-10 21:06:54,590 [INFO] PluginManager:220 - loadIPPluginJar : add ts
2025-06-10 21:06:54,592 [INFO] IPUIPlugin:80 - create IPUIPlugin
2025-06-10 21:06:54,593 [INFO] PluginManager:220 - loadIPPluginJar : add tsc
2025-06-10 21:06:54,596 [INFO] IPUIPlugin:80 - create IPUIPlugin
2025-06-10 21:06:54,596 [INFO] PluginManager:220 - loadIPPluginJar : add ucpd
2025-06-10 21:06:54,601 [INFO] IPUIPlugin:80 - create IPUIPlugin
2025-06-10 21:06:54,602 [INFO] PluginManager:220 - loadIPPluginJar : add usart
2025-06-10 21:06:54,607 [INFO] IPUIPlugin:80 - create IPUIPlugin
2025-06-10 21:06:54,607 [INFO] PluginManager:220 - loadIPPluginJar : add usbx
2025-06-10 21:06:54,754 [FATAL] Updater:351 - Updater called before beeing initialized
2025-06-10 21:06:54,789 [INFO] RulesReader:64 - Compatibility file has been processed (302 Rules)
2025-06-10 21:06:54,803 [INFO] RulesReader:64 - Compatibility file has been processed (302 Rules)
2025-06-10 21:06:54,811 [INFO] CADModel:165 - CPN selected for project level
2025-06-10 21:06:54,811 [INFO] CADModel:114 - Register for checkConnection events
2025-06-10 21:06:54,811 [FATAL] Updater:351 - Updater called before beeing initialized
2025-06-10 21:06:54,811 [ERROR] CADModel:125 - Updater not yet initialized, retry later 
2025-06-10 21:06:54,986 [FATAL] Updater:351 - Updater called before beeing initialized
2025-06-10 21:06:54,988 [INFO] CADModel:165 - CPN selected for project level
2025-06-10 21:06:54,988 [INFO] CADModel:114 - Register for checkConnection events
2025-06-10 21:06:54,988 [FATAL] Updater:351 - Updater called before beeing initialized
2025-06-10 21:06:54,988 [ERROR] CADModel:125 - Updater not yet initialized, retry later 
2025-06-10 21:06:54,992 [FATAL] Updater:351 - Updater called before beeing initialized
2025-06-10 21:06:55,099 [FATAL] Updater:351 - Updater called before beeing initialized
2025-06-10 21:06:55,104 [INFO] DbMcusAds:53 - JSON generation date=Wed May 07 14:37:55 IST 2025 (1746608875484)
2025-06-10 21:06:55,104 [FATAL] Updater:351 - Updater called before beeing initialized
2025-06-10 21:06:55,149 [WARN] DetailPanel:346 - Failed to get advertising image, set to default
2025-06-10 21:06:55,378 [FATAL] Updater:351 - Updater called before beeing initialized
2025-06-10 21:06:55,380 [FATAL] Updater:351 - Updater called before beeing initialized
2025-06-10 21:06:55,380 [FATAL] Updater:351 - Updater called before beeing initialized
2025-06-10 21:06:55,380 [WARN] DetailPanel:346 - Failed to get advertising image, set to default
2025-06-10 21:06:55,381 [FATAL] Updater:351 - Updater called before beeing initialized
2025-06-10 21:06:55,434 [ERROR] Updater:1198 - MainUpdater not yet initialized. External WinMGr cannot be set.
2025-06-10 21:06:55,436 [INFO] Updater:1134 - Updater Version found : 6.14.1
2025-06-10 21:06:55,460 [INFO] ApplicationProperties:184 - Using Application install path: C:\ST\STM32CubeIDE_1.18.1\STM32CubeIDE\plugins\com.st.stm32cube.common.mx_6.14.1.202504091515
2025-06-10 21:06:56,670 [INFO] ThirdPartyUpdaterWithRetryManager:70 - Updater plugin not ready yet. [2/15]
2025-06-10 21:06:57,032 [ERROR] LogOutputStream:75 - [STDERR_REDIRECT] Jun 10, 2025 9:06:57 PM java.util.prefs.WindowsPreferences <init>
2025-06-10 21:06:57,034 [ERROR] LogOutputStream:75 - [STDERR_REDIRECT] WARNING: Could not open/create prefs root node Software\JavaSoft\Prefs at root 0xffffffff80000002. Windows RegCreateKeyEx(...) returned error code 5.
2025-06-10 21:06:57,034 [ERROR] LogOutputStream:75 - [STDERR_REDIRECT] 
2025-06-10 21:06:57,374 [INFO] MainUpdater:2872 - connection check result : 10
2025-06-10 21:06:57,375 [INFO] MainUpdater:289 - Updater Check For Update Now.
2025-06-10 21:06:57,375 [INFO] MicroXplorer:498 - Change Database Version : DB.6.0.141
2025-06-10 21:06:57,382 [INFO] McuFinderGlobals:63 - Set McuFinder mode to 2 (CubeIDE integrated)
2025-06-10 21:06:57,383 [INFO] UserAuth:484 - Internet connection configuration mode: 1
2025-06-10 21:06:57,406 [INFO] JxBrowserEngine:152 - Initiate JxBrowser Engine with user profile folder
2025-06-10 21:06:57,545 [INFO] CheckServerUpdateThread:120 - End of CheckServer Thread
2025-06-10 21:06:58,630 [INFO] WebApp:169 - Instantiating new browser for Auth
2025-06-10 21:06:59,547 [INFO] WebApp:463 - Apply proxy settings
2025-06-10 21:06:59,547 [INFO] WebApp:548 - Chromium requires no authentication
2025-06-10 21:06:59,561 [INFO] WebApp:491 - Direct internet connection detected
2025-06-10 21:06:59,592 [INFO] WebApp:894 - Register for checkConnection events
2025-06-10 21:06:59,592 [INFO] WebApp:463 - Apply proxy settings
2025-06-10 21:06:59,592 [INFO] WebApp:548 - Chromium requires no authentication
2025-06-10 21:06:59,592 [INFO] WebApp:491 - Direct internet connection detected
2025-06-10 21:06:59,853 [INFO] WebApp:225 - Starting web application
2025-06-10 21:06:59,853 [INFO] WebApp:593 - Web application path used C:\ST\STM32CubeIDE_1.18.1\STM32CubeIDE\plugins\com.st.stm32cube.common.mx_6.14.1.202504091515\db\plugins\mcufinder\reactClient1\index.html
2025-06-10 21:06:59,962 [WARN] PackLoader:240 - Cannot read IP mode file for STMicroelectronics.FP-SNS-MOTENVWB1.1.4.0
2025-06-10 21:06:59,978 [WARN] PackLoader:240 - Cannot read IP mode file for STMicroelectronics.FP-ATR-ASTRA1.2.0.2
2025-06-10 21:06:59,985 [INFO] UserAuth:484 - Internet connection configuration mode: 1
2025-06-10 21:06:59,994 [WARN] PackLoader:240 - Cannot read IP mode file for STMicroelectronics.X-CUBE-SMBUS.2.1.0
2025-06-10 21:07:00,002 [WARN] PackLoader:240 - Cannot read IP mode file for STMicroelectronics.X-CUBE-ST60.1.0.0
2025-06-10 21:07:00,049 [WARN] PackLoader:240 - Cannot read IP mode file for STMicroelectronics.X-CUBE-AZRTOS-F7.1.1.0
2025-06-10 21:07:00,086 [WARN] PackLoader:240 - Cannot read IP mode file for Infineon.AIROC-Wi-Fi-Bluetooth-STM32.1.7.0
2025-06-10 21:07:00,105 [WARN] PackLoader:240 - Cannot read IP mode file for STMicroelectronics.X-CUBE-DISPLAY.3.0.0
2025-06-10 21:07:00,120 [WARN] PackLoader:240 - Cannot read IP mode file for STMicroelectronics.X-CUBE-NFC10.1.0.0
2025-06-10 21:07:00,159 [WARN] PackLoader:240 - Cannot read IP mode file for STMicroelectronics.X-CUBE-BLEMGR.4.0.0
2025-06-10 21:07:00,178 [WARN] PackLoader:240 - Cannot read IP mode file for emotas.I-CUBE-CANOPEN.1.3.0
2025-06-10 21:07:00,187 [WARN] ConditionMgr:438 - getConditionDescription Invalid condition id : Cortex-A Device cause : null
2025-06-10 21:07:00,210 [WARN] ConditionMgr:1044 - genDependencies : Invalid condition id : Cortex-A Device cause : null
2025-06-10 21:07:00,210 [WARN] ConditionMgr:1044 - genDependencies : Invalid condition id : Cortex-A Device cause : null
2025-06-10 21:07:00,210 [WARN] ConditionMgr:1044 - genDependencies : Invalid condition id : Cortex-A Device cause : null
2025-06-10 21:07:00,250 [WARN] PackLoader:240 - Cannot read IP mode file for STMicroelectronics.FP-SNS-SMARTAG2.1.2.0
2025-06-10 21:07:00,269 [WARN] PackLoader:240 - Cannot read IP mode file for STMicroelectronics.FP-SNS-FLIGHT1.5.1.0
2025-06-10 21:07:00,303 [INFO] LogOutputStream:77 - [STDOUT_REDIRECT] 1 : Invalid condition id : UX_CORESTACK_Condition cause : null
2025-06-10 21:07:00,304 [INFO] LogOutputStream:77 - [STDOUT_REDIRECT] 1 : Invalid condition id : UX_CORESTACK_Condition cause : null
2025-06-10 21:07:00,305 [INFO] LogOutputStream:77 - [STDOUT_REDIRECT] 1 : Invalid condition id : UX_CORESTACK_Condition cause : null
2025-06-10 21:07:00,306 [INFO] LogOutputStream:77 - [STDOUT_REDIRECT] 1 : Invalid condition id : UX_CORESTACK_Condition cause : null
2025-06-10 21:07:00,308 [INFO] LogOutputStream:77 - [STDOUT_REDIRECT] 1 : Invalid condition id : UX_CORESTACK_Condition cause : null
2025-06-10 21:07:00,312 [WARN] PackLoader:240 - Cannot read IP mode file for STMicroelectronics.X-CUBE-AZRTOS-WL.2.0.0
2025-06-10 21:07:00,323 [WARN] PackLoader:240 - Cannot read IP mode file for STMicroelectronics.FP-SNS-MOTENV1.5.0.0
2025-06-10 21:07:00,338 [WARN] PackLoader:240 - Cannot read IP mode file for WES.I-CUBE-Cesium.1.3.0
2025-06-10 21:07:00,353 [WARN] PackLoader:240 - Cannot read IP mode file for STMicroelectronics.X-CUBE-BLE2.3.3.0
2025-06-10 21:07:00,368 [WARN] PackLoader:240 - Cannot read IP mode file for STMicroelectronics.X-CUBE-NFC9.1.0.0
2025-06-10 21:07:00,381 [WARN] PackLoader:240 - Cannot read IP mode file for wolfSSL.I-CUBE-wolfSSL.5.8.0
2025-06-10 21:07:00,396 [WARN] PackLoader:240 - Cannot read IP mode file for STMicroelectronics.X-CUBE-BLE1.7.1.0
2025-06-10 21:07:00,406 [WARN] PackLoader:240 - Cannot read IP mode file for wolfSSL.I-CUBE-wolfMQTT.1.19.2
2025-06-10 21:07:00,413 [WARN] PackLoader:240 - Cannot read IP mode file for STMicroelectronics.X-CUBE-AI.10.1.0
2025-06-10 21:07:00,437 [WARN] PackLoader:240 - Cannot read IP mode file for STMicroelectronics.X-CUBE-AZRTOS-G0.1.1.0
2025-06-10 21:07:00,447 [WARN] PackLoader:240 - Cannot read IP mode file for STMicroelectronics.X-CUBE-SAFEA1.1.2.2
2025-06-10 21:07:00,458 [WARN] PackLoader:240 - Cannot read IP mode file for STMicroelectronics.X-CUBE-NFC4.3.0.0
2025-06-10 21:07:00,472 [WARN] PackLoader:240 - Cannot read IP mode file for EmbeddedOffice.I-CUBE-FS-RTOS.1.0.1
2025-06-10 21:07:00,482 [WARN] PackLoader:240 - Cannot read IP mode file for STMicroelectronics.X-CUBE-WB05N.2.0.0
2025-06-10 21:07:00,492 [WARN] PackLoader:240 - Cannot read IP mode file for wolfSSL.I-CUBE-wolfTPM.3.8.0
2025-06-10 21:07:00,501 [WARN] PackLoader:240 - Cannot read IP mode file for STMicroelectronics.X-CUBE-TCPP.4.2.0
2025-06-10 21:07:00,513 [WARN] PackLoader:240 - Cannot read IP mode file for RealThread.X-CUBE-RT-Thread_Nano.4.1.1
2025-06-10 21:07:00,520 [WARN] PackLoader:240 - Cannot read IP mode file for STMicroelectronics.FP-ATR-SIGFOX1.3.2.0
2025-06-10 21:07:00,529 [WARN] PackLoader:240 - Cannot read IP mode file for STMicroelectronics.X-CUBE-EEPRMA1.5.1.0
2025-06-10 21:07:00,537 [WARN] PackLoader:240 - Cannot read IP mode file for ITTIA_DB.I-CUBE-ITTIADB.8.9.0
2025-06-10 21:07:00,546 [WARN] PackLoader:240 - Cannot read IP mode file for STMicroelectronics.X-CUBE-ST67W61.1.0.0
2025-06-10 21:07:00,576 [WARN] PackLoader:240 - Cannot read IP mode file for SEGGER.I-CUBE-embOS.1.3.1
2025-06-10 21:07:00,638 [WARN] PackLoader:240 - Cannot read IP mode file for STMicroelectronics.X-CUBE-ALGOBUILD.1.4.0
2025-06-10 21:07:00,688 [WARN] PackLoader:240 - Cannot read IP mode file for STMicroelectronics.X-CUBE-MEMS1.11.3.0
2025-06-10 21:07:00,871 [WARN] PackLoader:240 - Cannot read IP mode file for STMicroelectronics.X-CUBE-AZRTOS-F4.1.1.0
2025-06-10 21:07:00,880 [WARN] PackLoader:240 - Cannot read IP mode file for Avnet-IotConnect.X-CUBE-IoTC-DA16k-PMOD.1.0.0
2025-06-10 21:07:00,888 [WARN] PackLoader:240 - Cannot read IP mode file for STMicroelectronics.X-CUBE-ISPU.2.1.0
2025-06-10 21:07:00,907 [WARN] PackLoader:240 - Cannot read IP mode file for STMicroelectronics.X-CUBE-AZRTOS-L5.2.0.0
2025-06-10 21:07:00,916 [WARN] PackLoader:240 - Cannot read IP mode file for STMicroelectronics.X-CUBE-NFC6.3.1.0
2025-06-10 21:07:00,924 [WARN] PackLoader:240 - Cannot read IP mode file for STMicroelectronics.X-CUBE-FREERTOS.1.3.1
2025-06-10 21:07:00,933 [WARN] PackLoader:240 - Cannot read IP mode file for STMicroelectronics.X-CUBE-DPower.1.3.0
2025-06-10 21:07:00,959 [WARN] ConditionMgr:438 - getConditionDescription Invalid condition id : LAN8742 Phy interface Condition cause : null
2025-06-10 21:07:00,960 [WARN] PackLoader:240 - Cannot read IP mode file for STMicroelectronics.X-CUBE-AZRTOS-L4.2.0.0
2025-06-10 21:07:00,962 [WARN] ConditionMgr:1044 - genDependencies : Invalid condition id : LAN8742 Phy interface Condition cause : null
2025-06-10 21:07:00,963 [WARN] ConditionMgr:1044 - genDependencies : Invalid condition id : LAN8742 Phy interface Condition cause : null
2025-06-10 21:07:00,964 [WARN] ConditionMgr:1044 - genDependencies : Invalid condition id : LAN8742 Phy interface Condition cause : null
2025-06-10 21:07:00,982 [WARN] PackLoader:240 - Cannot read IP mode file for STMicroelectronics.X-CUBE-SFXS2LP1.4.0.0
2025-06-10 21:07:01,014 [WARN] PackLoader:240 - Cannot read IP mode file for STMicroelectronics.X-CUBE-AZRTOS-H7.3.3.0
2025-06-10 21:07:01,050 [WARN] ConditionMgr:438 - getConditionDescription Invalid condition id : UX DEVICE CLASS RTOS Condition cause : null
2025-06-10 21:07:01,051 [WARN] ConditionMgr:438 - getConditionDescription Invalid condition id : UX DEVICE CLASS RTOS Condition cause : null
2025-06-10 21:07:01,055 [WARN] PackLoader:240 - Cannot read IP mode file for STMicroelectronics.X-CUBE-AZRTOS-WB.2.0.0
2025-06-10 21:07:01,056 [WARN] ConditionMgr:1044 - genDependencies : Invalid condition id : UX DEVICE CLASS RTOS Condition cause : null
2025-06-10 21:07:01,057 [WARN] ConditionMgr:1044 - genDependencies : Invalid condition id : UX DEVICE CLASS RTOS Condition cause : null
2025-06-10 21:07:01,057 [WARN] ConditionMgr:1044 - genDependencies : Invalid condition id : UX DEVICE CLASS RTOS Condition cause : null
2025-06-10 21:07:01,058 [WARN] ConditionMgr:1044 - genDependencies : Invalid condition id : UX DEVICE CLASS RTOS Condition cause : null
2025-06-10 21:07:01,058 [WARN] ConditionMgr:1044 - genDependencies : Invalid condition id : UX DEVICE CLASS RTOS Condition cause : null
2025-06-10 21:07:01,076 [WARN] PackLoader:240 - Cannot read IP mode file for STMicroelectronics.X-CUBE-GNSS1.7.0.1
2025-06-10 21:07:01,084 [WARN] PackLoader:240 - Cannot read IP mode file for STMicroelectronics.X-CUBE-TOUCHGFX.4.25.0
2025-06-10 21:07:01,096 [WARN] PackLoader:240 - Cannot read IP mode file for STMicroelectronics.FP-SNS-STBOX1.2.0.0
2025-06-10 21:07:01,118 [WARN] PackLoader:240 - Cannot read IP mode file for STMicroelectronics.X-CUBE-SUBG2.5.0.0
2025-06-10 21:07:01,195 [WARN] PackLoader:240 - Cannot read IP mode file for STMicroelectronics.X-CUBE-AZRTOS-H7RS.1.1.0
2025-06-10 21:07:01,222 [WARN] PackLoader:240 - Cannot read IP mode file for Cesanta.I-CUBE-Mongoose.7.13.0
2025-06-10 21:07:01,256 [WARN] PackLoader:240 - Cannot read IP mode file for STMicroelectronics.X-CUBE-AZRTOS-G4.2.0.0
2025-06-10 21:07:01,273 [WARN] PackLoader:240 - Cannot read IP mode file for wolfSSL.I-CUBE-wolfSSH.1.4.20
2025-06-10 21:07:01,275 [INFO] WebApp:191 - Connection restablished
2025-06-10 21:07:01,282 [WARN] PackLoader:240 - Cannot read IP mode file for STMicroelectronics.X-CUBE-NFC7.2.0.0
2025-06-10 21:07:01,311 [WARN] PackLoader:240 - Cannot read IP mode file for STMicroelectronics.X-CUBE-IPS.3.1.0
2025-06-10 21:07:01,330 [WARN] PackLoader:240 - Cannot read IP mode file for STMicroelectronics.X-CUBE-ALS.1.0.2
2025-06-10 21:07:01,341 [WARN] PackLoader:240 - Cannot read IP mode file for portGmbH.I-Cube-SoM-uGOAL.1.1.0
2025-06-10 21:07:01,368 [WARN] PackLoader:240 - Cannot read IP mode file for STMicroelectronics.X-CUBE-TOF1.3.4.3
2025-06-10 21:07:01,393 [INFO] ThirdParty:978 - Integrity check success = true
2025-06-10 21:07:01,393 [INFO] IntegrityCheckThread:100 - exiting critical section [integrity check]
2025-06-10 21:07:01,393 [INFO] IntegrityCheckThread:103 - End integrity checks thread
2025-06-10 22:40:18,108 [INFO] WebApp:194 - Connection lost
2025-06-10 22:40:18,882 [INFO] WebApp:191 - Connection restablished
2025-06-10 22:54:01,347 [ERROR] LogOutputStream:75 - [STDERR_REDIRECT] 
2025-06-10 22:54:01,355 [ERROR] LogOutputStream:75 - [STDERR_REDIRECT] 
